id,recipeName,rating,totalTimeInSeconds,course,cuisine,ingredients
Spicy-Cuban-Flank-Steak-1373998,Spicy Cuban Flank Steak,3,33600.0,[Main Dishes],[Cuban],"[onions, ground cumin, ground black pepper, granulated garlic, onion powder, dried oregano, crushed red pepper, salt, flank steak, low sodium beef broth, lime juice, french rolls, relish]"
Cuban-Rice-and-Beans-1374567,Cuban Rice and Beans,4,3000.0,[Side Dishes],[Cuban],"[garlic, table salt, bacon, olive oil, onions, green pepper, chicken-flavored soup powder, bay leaf, ground cumin, dried oregano, long grain white rice, canned black beans, water, red wine vinegar, chopped cilantro]"
Cuban-Mojo-Pork-Tenderloin-1359835,Cuban Mojo Pork Tenderloin,4,5100.0,[Main Dishes],[Cuban],"[fresh orange juice, fresh lime juice, garlic, oregano, cumin, salt, bay leaf, ground black pepper, pork tenderloin]"
Lechon-Asado----Roast-Pork-Cuban-Style-1350883,Lechón Asado -- Roast Pork Cuban-Style,4,18900.0,[],[Cuban],"[fresh ham, garlic, salt, black peppercorns, sour orange juice, onions, oregano, olive oil]"
Cuban-Plantain-Boats-1364033,Cuban Plantain Boats,4,900.0,[],[Cuban],"[cooking spray, diced tomatoes and green chilies, chopped cilantro fresh, Pure Wesson Canola Oil, jerk seasoning, plantains, vegetarian refried beans, rice, lime, queso fresco]"
Cuban-Pork-Chops-_-Green-Mojo-Salad-1364924,Cuban Pork Chops & Green Mojo Salad,3,87600.0,"[Salads, Main Dishes]",[Cuban],"[orange juice, lime, yellow mustard, deli mustard, crushed red pepper flakes, oregano, dill seed, pork chops, stock, orange, garlic powder, worcestershire sauce, red wine vinegar, romaine lettuce, cucumber, green onions, salt, ground black pepper, vegetable oil]"
Cuban-Black-Beans-Arnaz-1355729,Cuban Black Beans Arnaz,4,4200.0,,[Cuban],"[dried black beans, chopped onion, garlic cloves, honey, green bell pepper, smoked ham hocks, chicken broth]"
Boliche-_Cuban-Stuffed-Roast_-1367288,Boliche (Cuban Stuffed Roast),4,9000.0,[Main Dishes],[Cuban],"[spanish chorizo, garlic cloves, pimento stuffed green olives, eye of round roast, salt, pepper, olive oil, onions, dry red wine, orange, lemon, lime, diced tomatoes, low sodium beef broth, bay leaves, corn starch]"
Cuban-Sandwich-1364440,Cuban Sandwich,4,660.0,[Lunch and Snacks],[Cuban],"[butter, hawaiian bread, ham, pork, havarti cheese, pickle slices, mayonnaise, dijon mustard, coarse ground mustard, honey]"
Lechon-Asado----Roast-Pork-Cuban-Style-1253942,Lechón Asado -- Roast Pork Cuban-Style,4,18900.0,[],[Cuban],"[fresh ham, garlic, salt, black peppercorns, sour orange juice, onions, oregano, olive oil]"
AKA-Anthony_s-Cuban-Black-Bean-Soup-and-Marinated-Rice-1373754,AKA Anthony's Cuban Black Bean Soup and Marinated Rice,4,4800.0,[Soups],[Cuban],"[long-grain rice, diced onions, green onions, tomatoes, extra-virgin olive oil, wine, basil, salt, freshly ground black pepper, onions, bell pepper, large garlic cloves, ground cumin, dried oregano, vegetable stock, black beans, sherry wine vinegar]"
Cuban-Sandwich-_Cubano_-1253945,Cuban Sandwich (Cubano),4,600.0,[Lunch and Snacks],[Cuban],"[bread, butter, ham, pork, swiss cheese, dill pickles]"
The-Ultimate-Mojito-Jo-Cooks-46054,The Ultimate Mojito,5,,"[Beverages, Cocktails]",[Cuban],"[mint leaves, sugar, lime juice, lime, ice, rum, club soda]"
Cuban-mojito-352008,Cuban Mojito,5,120.0,[Beverages],[Cuban],"[BACARDI® Rum, spearmint, lime, Sprite Zero, splenda]"
Cuban-style-black-beans-351999,Cuban Style Black Beans,5,2700.0,[Side Dishes],[Cuban],"[olive oil, onions, garlic, scallions, red bell pepper, cilantro, black beans, water, bay leaf, cumin, oregano, red wine vinegar, salt, black pepper]"
Cuban-flank-steak-309919,Cuban Flank Steak,5,2400.0,[Main Dishes],[Cuban],"[flank steak, fresh lime juice, olive oil, ground cumin, dried oregano, onion powder, garlic powder, soy sauce, chipotle chile powder, lime zest]"
Carne-Con-Papas-Allrecipes,Carne Con Papas,5,4500.0,[Main Dishes],[Cuban],"[green bell pepper, white onion, garlic, ground cumin, salt, olive oil, achiote powder, tomato sauce, beef stew meat, potatoes, white wine, water, beef bouillon]"
Cuban-Shredded-Beef-and-Peppers-1359972,Cuban Shredded Beef and Peppers,4,18000.0,[Main Dishes],[Cuban],"[coconut oil, chuck roast, onions, carrots, celery ribs, peeled tomatoes, bay leaf, garlic cloves, beef broth, ground cumin, cayenne, green pepper, oregano, salt, pepper]"
The-Blushing-Cuban---A-Passionfruit-_-Raspberry-Cocktail-1339864,The Blushing Cuban - A Passionfruit & Raspberry Cocktail,4,600.0,[Beverages],[Cuban],"[passion fruit, raspberries, rum, raspberry liqueur, fresh raspberries]"
Simple-Syrup-Martha-Stewart,Simple Syrup,4,1800.0,"[Condiments and Sauces, Beverages]","[American, Cuban]","[sugar, water]"
Mojito-458641,Mojito,5,,"[Beverages, Cocktails]",[Cuban],"[mint leaves, simple syrup, fresh lime juice, crushed ice, light rum, club soda, lime wedges]"
Cuban-Empanadas-1299337,Cuban Empanadas,4,2400.0,[],[Cuban],"[olive oil, ground beef, yellow onion, green pepper, red pepper, tomato sauce, cumin, ground cayenne pepper, garlic, dried oregano, salt and ground black pepper, empanada wrappers, eggs]"
Cuban-black-beans-333935,Cuban Black Beans,5,6300.0,[Side Dishes],[Cuban],"[dried black beans, green bell pepper, olive oil, garlic, onions, dried oregano, ground cumin, bay leaves, red wine vinegar, pepper, salt]"
Cuban_style-Yucca-Allrecipes,Cuban-Style Yucca,5,1800.0,,[Cuban],"[yucca, salt, olive oil, onions, garlic, fresh lemon juice]"
Sofrito-Martha-Stewart-241030,Sofrito,4,3300.0,,"[Spanish, Cuban]","[plum tomatoes, red bell pepper, yellow onion, garlic cloves, cilantro, extra-virgin olive oil]"
Cuban-Spiced-Pork-Chops-1178813,Cuban Spiced Pork Chops,4,2700.0,[Main Dishes],[Cuban],"[boneless chop pork, lime, ground cumin, garlic cloves, onion powder, ground pepper, olive oil]"
Cuban-Chicken-457687,Cuban Chicken,5,1800.0,[Main Dishes],[Cuban],"[chicken, salt, freshly ground pepper, olive oil, garlic cloves, fresh orange juice, fresh lime juice, bay leaf, yellow onion, flat leaf parsley, lime]"
Cuban-Pork-Tenderloin-1302448,Cuban Pork Tenderloin,3,3600.0,[Main Dishes],[Barbecue],"[pork tenderloin, orange juice, grapefruit juice, cilantro, cumin, dried oregano, garlic, kosher salt, red pepper flakes]"
Cuban-white-rice-344400,Cuban White Rice,3,2400.0,,[Cuban],"[rice, water, lime, salt, vegetable oil]"
Boliche-_Cuban-Stuffed-Roast_-1367903,Boliche (Cuban Stuffed Roast),4,9000.0,[Main Dishes],[Cuban],"[spanish chorizo, garlic cloves, pimento stuffed green olives, eye of round roast, salt, pepper, olive oil, onions, dry red wine, orange, lemon, lime, diced tomatoes, low sodium beef broth, bay leaves, corn starch]"
Cuban-burgers-296672,Cuban Burgers,4,1920.0,"[Lunch and Snacks, Main Dishes]",[Cuban],"[hamburger, hellmann' or best food real mayonnais, dijon mustard, cooked ham, swiss cheese, bread ciabatta, dill pickles]"
Cranberry-Mojitos-472648,Cranberry Mojitos,5,1500.0,"[Beverages, Cocktails]",[Cuban],"[cranberry juice cocktail, light rum, lime juice, fresh mint, white sugar, carbonated water]"
Mojo-Sauce-533072,Mojo Sauce,5,1200.0,[Condiments and Sauces],[Cuban],"[garlic, fresh lime juice, sour orange juice, olive oil, dried oregano, cumin, kosher salt, ground black pepper]"
Easy-Slow-Cooker-Cuban-Ropa-Vieja-1256606,Easy Slow Cooker Cuban Ropa Vieja,4,3600.0,[Main Dishes],[Cuban],"[chuck roast, bell pepper, onions, chopped tomatoes, garlic, bay leaves, dried oregano, cumin, sea salt, black pepper]"
Cuban-Pork-Tenderloin-603852,Cuban Pork Tenderloin,3,3480.0,[Main Dishes],"[Cuban, Barbecue]","[pork tenderloin, orange juice, grapefruit juice, cilantro, cumin, dried oregano, garlic, kosher salt, red pepper flakes]"
Cuban-roast-pork-_lechon-asado_-351717,Cuban Roast Pork (Lechon Asado),5,,,[Cuban],"[bone in, garlic, onions, seville orange juice, oregano, cumin, salt, black peppercorns]"
Vegetarian-Cuban-Style-Black-Beans-_-Rice-1362066,Vegetarian Cuban-Style Black Beans & Rice,4,3300.0,[Main Dishes],[Cuban],"[black beans, olive oil, white onion, garlic, carrots, red bell pepper, cumin, oregano, cilantro, vinegar, apples, medium tomatoes, salt, pepper, brown rice]"
Cuban-black-beans-and-rice-_moros-y-cristianos_-351732,Cuban Black Beans and Rice (Moros y Cristianos),5,1800.0,[],[Cuban],"[oil, onions, bell pepper, garlic, cumin, oregano, black beans, water, salt, pepper, cider vinegar, cilantro, cooked rice]"
Simple-Syrup-Allrecipes,Simple Syrup,5,1800.0,"[Condiments and Sauces, Beverages]","[American, Cuban]","[white sugar, water]"
Cuban-picadillo-352157,Cuban Picadillo,5,,[Main Dishes],[Cuban],"[onions, garlic, tomatoes, pepper, cilantro, lean ground beef, tomato sauce, kosher salt, ground pepper, ground cumin, bay leaf, capers]"
Turkey-cuban-sandwich-352567,Turkey Cuban Sandwich,5,,"[Lunch and Snacks, Main Dishes]",[Cuban],"[french bread, turkey breast, ham, swiss cheese, pickles, mustard, Pam Cooking Spray]"
Churrasco-Skirt-Steak----Cuban-Style-972476,Churrasco Skirt Steak -- Cuban-Style,4,1680.0,[Main Dishes],[Cuban],"[skirt steak, garlic, salt, black peppercorns, sour orange juice, onions, oregano, olive oil]"
Ropa-vieja-300079,Ropa Vieja,4,5100.0,[Main Dishes],"[Cuban, Mexican]","[boneless flank steak, vegetable oil, green bell pepper, chunky pasta sauce, chicken broth, chop green chilies, undrain, crushed red pepper flakes]"
Cuban-Sandwiches-Martha-Stewart-196177,Cuban Sandwiches,5,2100.0,[Lunch and Snacks],[Cuban],"[baguette, pork roast, mustard, mayonnaise, ham, swiss cheese, pickle spears]"
Minty-Lime-Frozen-Mojito-MyRecipes-265088,Minty Lime Frozen Mojito,4,1200.0,[Beverages],"[American, Cuban]","[frozen limeade concentrate, key lime, fresh mint, lime slices, mint sprigs]"
Havana-Daiquiri-514344,Havana Daiquiri,5,900.0,"[Beverages, Cocktails]",[Cuban],"[rum, lime juice, simple syrup]"
A-Cuban-Inspired-Mojo-Roasted-Chicken-768320,A Cuban-Inspired Mojo Roasted Chicken,3,3900.0,[Main Dishes],[Cuban],"[garlic cloves, kosher salt, cracked black pepper, orange juice, lemon juice, lime juice, minced onion, oregano leaves, olive oil, fryer chickens, orange]"
Cuban-Ropa-Vieja-Allrecipes,Cuban Ropa Vieja,4,15300.0,[Main Dishes],"[Southern & Soul Food, Cuban]","[vegetable oil, flank steak, beef broth, tomato sauce, onions, green bell pepper, garlic, tomato paste, ground cumin, chopped cilantro fresh, olive oil, white vinegar]"
Cuban-Black-Beans-and-Rice-1178815,Cuban Black Beans and Rice,4,3000.0,[],[Cuban],"[black beans, cooked white rice, sofrito, salt, pepper, cumin, oregano, garlic cloves, beer, tomato sauce]"
Cuban-Sofrito-1178794,Cuban Sofrito,4,3000.0,[],[Cuban],"[vegetable oil, onions, green bell pepper, garlic, salt, pepper, ground cumin, dried oregano, bay leaves, tomatoes, tomato sauce]"
Mojito-Closet-Cooking-54920,Mojito,5,1200.0,"[Beverages, Cocktails]",[Cuban],"[mint leaves, ice, lime juice, white rum, simple syrup, club soda, rhubarb syrup]"
Ropa-vieja-Cubana-_Cuban-Shredded-beef_-1119287,Ropa vieja Cubana (Cuban Shredded beef),4,4200.0,[Main Dishes],[Cuban],"[olive oil, skirt steak, bay leaves, green bell pepper, slice, red bell pepper, onions, garlic cloves, cooking wine, tomato purée, black pepper, thyme leaves, salt, ground pepper]"
Cuban-coffee-affogato-296662,Cuban Coffee Affogato,4,300.0,[Beverages],[Cuban],"[sugar, breyers smooth & dreamy 1/2 the fat creamy vanilla ice cream, coffee]"
Cuban-Marinated-Steak-970533,Cuban Marinated Steak,4,3900.0,[Main Dishes],"[Barbecue, Cuban]","[cumin seed, orange juice, vegetable oil, steak seasoning, lime juice, dried oregano, rib eye steaks]"
Cuban-grilled-corn-348002,Cuban Grilled Corn,5,900.0,[Side Dishes],[Cuban],"[corn husks, melted butter, grated cotija, paprika, salt, lime wedges]"
Cuban-Pot-Roast-Recipe-Low-Carb-and-Gluten-Free-483056,Cuban Pot Roast Recipe – Low Carb and Gluten Free,4,2700.0,[Main Dishes],[Cuban],"[boneless chuck roast, salsa verde, green chilies, diced tomatoes, onion flakes, garlic powder, yellow peppers, salt, ground cumin, ground coriander, dried oregano, chili powder, black pepper, apple cider vinegar]"
Abuelita_s-ropa-vieja-303233,Slow Cooker Shredded Beef Burritos,4,15300.0,[Main Dishes],[Cuban],"[beef brisket, vegetable oil, green bell pepper, flour tortillas, ragu old world style pasta sauc, Knorr® Beef flavored Bouillon Cube, garlic]"
Crockpot-Cuban-Pork-1226272,Crockpot Cuban Pork,4,1500.0,[Main Dishes],[Cuban],"[pork shoulder, orange, lemon, dried oregano, garlic, onions, fresh cilantro, salt, ground black pepper]"
Blackberry-mojito-ice-pop-345910,Blackberry Mojito Ice Pop,5,16200.0,,[Cuban],"[blackberries, fresh lime juice, rum, water, simple syrup, bitters, mint leaves]"
The-Cuban-Sandwich_-Mixito-_-Cubano-1077827,"The Cuban Sandwich, Mixito , Cubano",4,1500.0,[Lunch and Snacks],[Cuban],"[bread, butter, ham, pork, swiss cheese, dill pickles]"
Boliche----Cuban-Pot-Roast-1257320,Boliche -- Cuban Pot Roast,4,15300.0,[Main Dishes],[Cuban],"[chuck roast, spanish chorizo, garlic cloves, salt, pepper, diced tomatoes, oregano, olive oil, onions, medium potatoes, green olives, red wine, water]"
Grilled-Cuban-Sandwiches-My-Recipes_1,Grilled Cuban Sandwiches,3,1500.0,[Lunch and Snacks],[Cuban],"[dijon mustard, french bread, reduced fat swiss cheese, sliced ham, sandwiches, cooking spray]"
Cuban-Pork-Tenderloin-1070552,Cuban Pork Tenderloin,4,16500.0,[Main Dishes],[Cuban],"[lime juice, lemon juice, orange juice, oil, garlic cloves, cilantro, salt, pepper, seasoning]"
Arroz-congri-_cuban-rice-and-black-beans_-351910,Arroz Congri (Cuban Rice and Black Beans),5,,"[Main Dishes, Side Dishes]",[Cuban],"[olive oil, green bell pepper, red bell pepper, onions, garlic, long-grain rice, black beans, water, cumin, bay leaf, oregano, pepper, salt]"
Simple-Syrup-459949,Simple Syrup,0,,"[Beverages, Condiments and Sauces]","[American, Cuban]","[water, sugar]"
Cuban-Pork-_-Black-Bean-Rice-Bowls-1280760,Cuban Pork & Black Bean Rice Bowls,4,19200.0,[Main Dishes],[Cuban],"[pork shoulder, ground cumin, chili powder, dried oregano, coarse salt, ground black pepper, onions, garlic cloves, orange, canola oil, yellow onion, red bell pepper, garlic, black beans, smoked paprika, salt and ground black pepper, jasmine rice, low sodium chicken broth, lime, cilantro, plantains]"
Cuban-picadillo-302215,Cuban Picadillo,5,3600.0,[Main Dishes],[Cuban],"[olive oil, white onion, red bell pepper, tomato paste, garlic, ground cumin, dried oregano, ground black pepper, kosher salt, bay leaves, dry white wine, ground beef, canned tomatoes, worcestershire sauce, raisins, pimentos, capers, waxy potatoes]"
Authentic-Cuban-Picadillo-755182,Authentic Cuban Picadillo,4,4500.0,[Main Dishes],[Cuban],"[mild olive oil, green pepper, onions, garlic, ground beef, salt, dried oregano, cumin, black pepper, bay leaves, dry white wine, diced tomatoes, tomato sauce, pimentos, capers, seasoning, cayenne]"
Steak-with-Cuban-Style-Marinade-574686,Steak with Cuban-Style Marinade,3,2400.0,[Main Dishes],[Cuban],"[orange juice, fresh lime, vegetable oil, montreal steak seasoning, oregano, cumin, boneless rib eye steaks]"
Cuban-Mojo-Marinated-Pork-1068505,Cuban Mojo Marinated Pork,4,6300.0,[Main Dishes],[Cuban],"[extra-virgin olive oil, orange zest, fresh orange juice, fresh lime juice, cilantro, mint leaves, garlic cloves, oregano, ground cumin, kosher salt, pepper, boneless pork shoulder]"
Cuban-Black-Beans-and-Rice-1220661,Cuban Black Beans and Rice,4,36000.0,[Main Dishes],[Cuban],"[black beans, garlic cloves, bay leaves, olive oil, onions, red pepper, salt, cumin, dried oregano, pepper, cayenne, long grain white rice, low sodium chicken broth, lime wedges, cilantro]"
Cuban-Style-Black-Bean-Soup-682513,Cuban-Style Black Bean Soup,4,1200.0,[Soups],[Cuban],"[black beans, fresh cilantro, scallions, purple onion, red bell pepper, jalapeno chilies, olive oil, garlic, ground cumin, ground coriander, dried oregano, ground black pepper, salt, low sodium chicken broth, lime]"
Lime-Simple-Syrup-MyRecipes-264458,Lime Simple Syrup,3,4200.0,,"[American, Cuban]","[sugar, lime zest, fresh lime juice]"
Cuban-Black-Bean-Stew-1326375,Cuban Black Bean Stew,4,2400.0,[Main Dishes],[Cuban],"[quinoa, olive oil, purple onion, pepper, black beans, low sodium vegetable broth, cider vinegar, oregano, lime, water]"
Arroz-con-pollo-309135,Arroz con Pollo,5,6300.0,[Main Dishes],"[Cuban, Spanish]","[dry white wine, saffron threads, chicken thighs, salt, pepper, olive oil, onions, garlic, diced tomatoes, bay leaf, ground black pepper, chicken broth, white rice, olives]"
Spicy-mexican-_cuban_-sandwiches-304210,Spicy Mexican ''cuban'' Sandwiches,4,1260.0,[Lunch and Snacks],[Cuban],"[chipotles in adobo, Italian bread, swiss cheese, cooked ham, dill pickles, hellmann' or best food light mayonnais, garlic, chopped cilantro fresh]"
Vaca-Frita-__Fried-Cow_---Cuban-Flank-Steak_-601872,"Vaca Frita (""Fried Cow"" - Cuban Flank Steak)",3,6300.0,[Main Dishes],[Cuban],"[flank steak, garlic, salt, black pepper, olive oil, yellow onion, lime, bay leaves]"
Cuban-rice-_-beans-with-crispy-fried-plantains-303774,Cuban Rice & Beans With Crispy Fried Plantains,4,2700.0,,[Cuban],"[vegetable oil, plantain sweet, black beans, red bell pepper, sliced, water, Knorr Chicken Flavor Bouillon, finely chopped fresh parsley, spanish onion]"
Red-Beans-And-Rice-Epicurious_2,Red Beans and Rice,4,3600.0,[Main Dishes],"[American, Cuban]","[bacon slices, chopped onion, red bell pepper, garlic cloves, long grain white rice, bay leaves, tomato paste, ground cumin, smoked paprika, salt, water, kidney beans]"
Plantain-Chips-My-Recipes,Plantain Chips,4,900.0,"[Lunch and Snacks, Appetizers, Side Dishes]",[Cuban],"[olive oil, plantains, salt, ground red pepper]"
Mojito-My-Recipes,Mojito,5,1800.0,"[Beverages, Cocktails]",[Cuban],"[fresh mint, superfine sugar, light rum, fresh lime juice, soda water]"
Mojito-Chicken-1298757,Mojito Chicken,4,3000.0,[Main Dishes],[Barbecue],"[boneless skinless chicken breasts, lime juice, rum, vegetable oil, mint leaves, honey, lime zest, garlic, ground cumin, smoked paprika, onion powder, cayenne pepper, kosher salt, cracked black pepper]"
Cuban-Style-Roast-Pork-625226,Cuban-Style Roast Pork,3,3600.0,[Main Dishes],[Cuban],"[olive oil, oregano, ground cumin, cinnamon, paprika, brown sugar, garlic cloves, serrano chile, orange, lemon, freshly ground pepper, salt, pork loin, salsa]"
Cuban-spiced-corn-on-the-cob-347912,Cuban-Spiced Corn on the Cob,0,1800.0,,[Cuban],"[corn husks, mayonnaise, adobo sauce, cheese, lime wedges]"
Fried-Calamari-with-Spicy-Mayonnaise-471929,Fried Calamari with Spicy Mayonnaise,5,4800.0,[Appetizers],"[American, Cuban]","[mayonnaise low fat, Sriracha, calamari, low-fat buttermilk, all-purpose flour, salt, ground black pepper, paprika, vegetable oil]"
National-Bean-Day-_-Cuban-Black-Beans-1133861,National Bean Day | Cuban Black Beans,4,11400.0,,[Cuban],"[black beans, bay leaves, onions, garlic, green pepper, jalapeno chilies, olive oil, oregano, white vinegar, ground cumin]"
Cuban-Chicken-Fricassee-1178816,Cuban Chicken Fricassee,4,5100.0,[Main Dishes],[Cuban],"[chicken pieces, canola oil, garlic, onions, green bell pepper, tomato sauce, sour orange juice, dry white wine, potatoes, salt, Spanish olives, capers, oregano, cumin, bay leaves]"
Tropical-bananas-foster-298949,Tropical Bananas Foster,4,1620.0,[Desserts],"[American, Cuban]","[I Can't Believe It's Not Butter!® Spread, orange juice, firmly packed brown sugar, ground cinnamon, chopped walnuts, flaked coconut, bananas, Breyers® Natural Vanilla Ice Cream]"
Cuban-Pork-Roast-Ii-Allrecipes,Cuban Pork Roast II,4,6300.0,[Main Dishes],[Cuban],"[loin pork roast, crushed garlic, dried rosemary, dried dillweed, dried oregano, dry red wine, garlic]"
Cuban-Sandwich-548984,Cuban Sandwich,4,1200.0,[Lunch and Snacks],[Cuban],"[pork meat, turkey breast, cheddar cheese, pickles, mayonnaise, mustard, french baguette]"
Cuban-Black-Beans-487521,Cuban Black Beans,4,6300.0,[Side Dishes],[Cuban],"[black beans, vegetable oil, yellow onion, garlic, salt, cilantro, water]"
Cherry-Mojitos-Martha-Stewart-193553,Cherry Mojitos,5,4800.0,[Beverages],[Cuban],"[sugar, fresh lime juice, cherries, carbonated water]"
Cuban-Style-Beef-983581,Cuban-Style Beef,3,37800.0,[Main Dishes],[Cuban],"[boneless beef chuck roast, dried oregano, ground cumin, salt, pepper, vegetable oil, onions, green pepper, red pepper, garlic, water, crushed tomatoes, pimento stuffed green olives]"
Cuban-Cola-967290,Cuban Cola,4,300.0,[Beverages],[Cuban],"[BACARDI® Gold, kahlua, espresso, chocolate syrup, ice, coffee beans]"
Mojo-Roast-Chicken-_Pollo-Asado_-AllRecipes,Mojo Roast Chicken (Pollo Asado),5,18600.0,[Main Dishes],[Cuban],"[extra-virgin olive oil, ground cumin, kosher salt, dried oregano, minced garlic, lime juice, orange juice, chicken]"
Cuban-Sandwich-458302,Cuban Sandwich,0,,[Lunch and Snacks],[Cuban],"[kaiser, unsalted butter, mayonnaise, dijon mustard, swiss cheese, pork loin, ham, dill pickles]"
Cuban-Chicken-and-Black-Bean-Quinoa-Bowls-with-Fried-Chili-Spiced-Bananas-_-Spicy-Mangos_-980744,Cuban Chicken and Black Bean Quinoa Bowls with Fried Chili Spiced Bananas + Spicy Mangos.,4,1800.0,[Main Dishes],[Cuban],"[cumin, garlic, red chili peppers, pepper, orange juice, lime, honey, soy sauce, boneless chicken breast, butter, olive oil, onions, red pepper, quinoa, black beans, salt, bananas, coconut oil, mango, fresh cilantro]"
Turkey-picadillo-352288,Turkey Picadillo,5,,[Main Dishes],"[Cuban, Mexican, Spanish]","[ground turkey, tomato sauce, kosher salt, ground pepper, ground cumin, bay leaves, capers, onions, minced garlic, tomatoes, bell pepper, cilantro]"
Cuban-Chicken-with-Chili-Roasted-Yams-1257362,Cuban Chicken with Chili Roasted Yams,4,9900.0,[Main Dishes],[Cuban],"[chicken, orange zest, lime zest, garlic cloves, salt, pepper, cumin seed, oil, olive oil, onions, bell pepper, white wine, bay leaves, lime, cilantro, yams, chili powder, allspice, lime wedges]"
Cuban-Beans-And-Rice-Allrecipes,Cuban Beans and Rice,4,3600.0,"[Side Dishes, Main Dishes]","[American, Cuban]","[olive oil, chopped onion, green bell pepper, garlic, salt, tomato paste, kidney beans, white rice]"
Cuban-Black-Bean-Stew-898679,Cuban Black Bean Stew,3,4200.0,"[Soups, Main Dishes]",[Cuban],"[pork hocks, extra-virgin olive oil, clove, onions, sweet pepper, kosher salt, broth, large garlic cloves, bay leaves, ground cumin, dried oregano, ground black pepper, tomato paste, black beans, lime, fresh coriander, hot sauce]"
Cuban-Peach-1181827,Cuban Peach,4,300.0,[Beverages],[Cuban],"[light rum, peach schnapps, lime juice, simple syrup, wheels, mint sprigs]"
Cuban-Sandwich-on-a-Stick-Appetizer-1219419,Cuban Sandwich on a Stick Appetizer,4,600.0,"[Lunch and Snacks, Appetizers]",[Cuban],"[pork loin, cooked ham, swiss cheese, pickles]"
Simple-Syrup-Martha-Stewart_9,Simple Syrup,4,1800.0,"[Condiments and Sauces, Beverages]","[American, Cuban]","[sugar, water]"
Pork-carnitas-365551,Pork Carnitas,5,780.0,[Main Dishes],"[Cuban, Mexican]","[pork shoulder butt, salt, pepper, ground cumin, onions, bay leaves, chili pepper flakes, dried oregano, fresh lime juice, water, orange]"
Cuban-toasties-349775,Cuban Toasties,5,,[Appetizers],[Cuban],"[deli ham, shredded swiss cheese, mayonnaise, onions, chili sauce, yellow mustard, baguette, dill pickles]"
Cuban-Shredded-Beef-894519,Cuban Shredded Beef,4,5400.0,[Main Dishes],[Cuban],"[boneless beef chuck eye roast, kosher salt, pepper, garlic cloves, vegetable oil, ground cumin, orange juice, lime zest, onions, dry sherry]"
Cuban-Meat-Sauce-1324256,Cuban Meat Sauce,4,3600.0,[Main Dishes],[Cuban],"[olive oil, onions, green bell pepper, garlic cloves, extra lean ground beef, tomato sauce, black pepper, ground cumin, oregano, green olives, capers, raisins, wine, salt]"
Mojito-Italian-Ices-Martha-Stewart-197170,Mojito Italian Ices,4,19200.0,,[Cuban],"[fresh lime juice, lime zest, water, sugar, chopped fresh mint, light rum, mint sprigs]"
Potaje-de-Garbanzo-_-Cuban-Chickpea-and-Chorizo-Stew-1330167,Potaje de Garbanzo / Cuban Chickpea and Chorizo Stew,4,5100.0,[Main Dishes],"[Spanish, Cuban]","[olive oil, vidalia onion, garlic cloves, bell pepper, spanish chorizo, smoked sweet Spanish paprika, garlic powder, bay leaf, tomato sauce, chicken stock, dry white wine, garbanzo beans, pork shanks, ham steak, squash, red potato, salt]"
Crockpot-Cuban-Chicken-Rice-Bowls-1270912,Crockpot Cuban Chicken Rice Bowls,4,3300.0,[Main Dishes],[Cuban],"[boneless skinless chicken, chili powder, cumin, dried oregano, black pepper, orange juice, garlic, butter, black beans, cilantro, quinoa, mango, jalapeno chilies, shallots, lime juice]"
Elena-Ruz-_Cuban-Turkey-Tea-Sandwich_-899115,Elena Ruz (Cuban Turkey Tea Sandwich),3,900.0,[Lunch and Snacks],[Cuban],"[buns, cream cheese, strawberry jam, turkey breast, unsalted butter]"
Pork-picadillo-empanadas-303446,Pork Picadillo Empanadas,4,2100.0,"[Appetizers, Main Dishes]","[Cuban, Mexican, Spanish]","[ground beef, onions, pimento stuffed olives, raisins, disco empanada frozen, Knorr Chicken Flavor Bouillon, water, vegetable oil, knorr garlic minicub, eggs]"
Peach-Mojitos-My-Recipes,Peach Mojitos,5,1800.0,"[Beverages, Cocktails]",[Cuban],"[peaches, lime rind, fresh lime juice, sugar, mint leaves, white rum, club soda, crushed ice, mint sprigs]"
Crockpot-Cuban-Pork-with-Beans-and-Fresh-Tomato-Salsa-1343202,Crockpot Cuban Pork with Beans and Fresh Tomato Salsa,4,31500.0,[Main Dishes],[Cuban],"[chicken stock, orange juice, chopped cilantro, orange, salt, ground black pepper, bacon, pork shoulder, dried black beans, chopped onion, garlic cloves, oregano leaves, paprika, ground cumin, crushed red pepper, bay leaf, tomatoes, jalapeno chilies, purple onion, chopped cilantro fresh, extra-virgin olive oil, lime juice, pepper]"
Grilled-Cuban-Pork-Chops-Mojo-379529,Grilled Cuban Pork Chops Mojo,5,2100.0,[Main Dishes],[Cuban],"[pork top loin chops, lime, orange juice, lime juice, vegetable oil, garlic puree, dried oregano, ground cumin, fresh onion, seasoning, bay leaves]"
Cuban-Style-Pork-Roast-1003385,Cuban-Style Pork Roast,3,13200.0,[Main Dishes],[Cuban],"[paprika, dried oregano, ground cumin, garlic powder, boneless pork shoulder roast, fresh orange juice, fresh lime juice]"
Cuban-Black-Beans-and-Rice-1124258,Cuban Black Beans and Rice,4,3300.0,[Main Dishes],[Cuban],"[chicken broth, brown rice, onions, jalapeno chilies, garlic, ground cumin, salt, black beans, fresh lime juice]"
Cuban-Pork-Tenderloin-1197099,Cuban Pork Tenderloin,4,3300.0,[Main Dishes],[Cuban],"[lime juice, lime, olive oil, garlic, salt, cumin, chili powder, ground ginger, black pepper, pork tenderloin]"
Cuban-Mango-Mousse-Allrecipes,Cuban Mango Mousse,4,1200.0,[Desserts],[Cuban],"[mango, honey, fresh lime juice, heavy cream, egg whites]"
Arroz-a-la-Cubana-_Cuban-Style-Rice_-1105939,Arroz a la Cubana (Cuban Style Rice),4,3000.0,[Main Dishes],[Cuban],"[oil, garlic cloves, onions, plum tomatoes, ground beef, ground pork, light soy sauce, ground black pepper, red bell pepper, carrots, raisins, peas]"
Cuban-Mojo-Pork-Tenderloin-1166778,Cuban Mojo Pork Tenderloin,4,3000.0,[Main Dishes],[Cuban],"[extra-virgin olive oil, beer, orange zest, zest, mint leaves, cilantro, dried oregano, garlic, cumin, salt, ground black pepper, pork tenderloin, onions, lime slices]"
Mojito-Martha-Stewart,Mojito,5,1200.0,"[Beverages, Cocktails]",[Cuban],"[fresh lime juice, superfine sugar, fresh mint, seltzer, white rum]"
Batido-De-Mango-_mango-Smoothie_-My-Recipes,Batido de Mango (Mango Smoothie),4,900.0,[Beverages],[Cuban],"[mango, fat free milk, fresh lime juice, brown sugar]"
Cuban-Mojo-Marinade-For-Chicken-1197697,Cuban Mojo Marinade For Chicken,4,1500.0,[Main Dishes],[Cuban],"[extra-virgin olive oil, fresh orange juice, fresh lime juice, cilantro, mint leaves, garlic cloves, dried oregano, ground cumin, kosher salt, pepper, boneless chicken skinless thigh]"
Tostones-Allrecipes,Tostones,5,1320.0,,[Cuban],"[vegetable oil, green plantains, garlic powder, salt]"
Cuban-Banana-Casserole-Allrecipes,Cuban Banana Casserole,4,2700.0,,[Cuban],"[bananas, light brown sugar, unsalted butter, chopped pecans, raisins, brandy]"
Cuban-Shredded-BeefRecipe-1209348,Cuban Shredded Beef Recipe,3,3000.0,,[Cuban],"[boneless beef chuck, garlic cloves, onions, ground cumin, fresh orange juice, lime zest, lime juice, beef stock, sea salt, ground black pepper, cooking fat, lime wedges]"
Bul-My-Recipes,Bul,4,900.0,"[Beverages, Cocktails]",[Cuban],"[fresh lime juice, beer, ginger ale, lime slices]"
Cuban-Style-Steak-and-Corn-Salad-1071594,Cuban Style Steak and Corn Salad,4,1500.0,[],[Cuban],"[steak, orange juice, lemon juice, lime juice, purple onion, oregano, minced garlic, ground cumin, canned black beans, frozen sweet corn, red bell pepper, diced red onions, jalapeno chilies, avocado, honey, cider vinegar, chili powder, dried oregano]"
Cuban-Vaca-Frita-1011257,Cuban Vaca Frita,4,7200.0,[Main Dishes],[Cuban],"[flank steak, bay leaves, cilantro, peppercorns, garlic cloves, extra-virgin olive oil, onions, lime, salt, oregano, cumin, black pepper]"
Lechon-Asado-con-Mojo-_Cuban-Grilled-Pork-with-Mojo_-1175516,Lechon Asado con Mojo (Cuban Grilled Pork with Mojo),3,3900.0,[Main Dishes],"[Barbecue, Cuban]","[garlic cloves, kosher salt, cracked black pepper, dried oregano, fresh orange juice, fresh lemon juice, fresh lime juice, pork shoulder, purple onion, olive oil, lemon, sea salt flakes]"
Mojito-Shrimp-My-Recipes,Mojito Shrimp,4,1800.0,[Appetizers],"[American, Cuban]","[deveined shrimp, mojito marinade, fresh lime juice, mint sprigs]"
Pollo-Rancho-Luna-_rancho-Luna-Chicken_-My-Recipes,Pollo Rancho Luna (Rancho Luna Chicken),4,,[Main Dishes],[Cuban],"[boneless skinless chicken breast halves, mojo marinade, finely chopped onion, finely chopped fresh parsley, vegetable oil, fresh lime juice, lime wedges]"
Ropa-Vieja-Allrecipes,Ropa Vieja,4,12000.0,[Main Dishes],[Cuban],"[chuck roast, onion soup mix, onions, red wine, water, vegetable oil, salsa]"
Cuban-Pork-AllRecipes,Cuban Pork,4,1800.0,[Main Dishes],[Cuban],"[pork tenderloin, lime, olive oil, ground cumin, salt, crushed red pepper flakes, garlic]"
Cuban-Salad-1178809,Cuban Salad,4,1500.0,[Salads],[Cuban],"[iceberg lettuce, tomatoes, onions, radishes, garlic cloves, vinegar, olive oil, lime juice, salt, pepper]"
Mojito-Marinade-My-Recipes,Mojito Marinade,4,1200.0,[Condiments and Sauces],[Cuban],"[fresh mint, sugar, shallots, light rum, fresh lime juice, vegetable oil, lime zest, kosher salt]"
Ropa-vieja-297025,Ropa Vieja,4,14400.0,[Main Dishes],[Cuban],"[beef brisket, vegetable oil, green bell pepper, slice, garlic, ragu old world style tradit pasta sauc, dri oregano leaves, crush, paprika, dry white wine, water, onions, brown rice]"
Cuban_style-Yellow-Rice-Allrecipes,Cuban-Style Yellow Rice,3,1800.0,[Side Dishes],[Cuban],"[long-grain rice, water, onions, salt, annatto powder, paprika, black pepper, frozen peas, pimentos]"
Sauteed-Sweet-Plantains-_tajaditas-Dulces-De-Platano_-Allrecipes,Sauteed Sweet Plantains (Tajaditas Dulces de Platano),5,900.0,[Desserts],[Cuban],"[peanut oil, butter, plantains, brown sugar, salt]"
The-ultimate-mojitoa_-the-sequel-a_-the-cherry-mojito-365612,The Ultimate Mojitoâ€¦ The Sequel â€“ The Cherry Mojito,5,,"[Beverages, Cocktails]",[Cuban],"[cherries, mint leaves, sugar, lime juice, lime, ice, rum, club soda]"
Cuban-Inspired-Flank-Steak-Salad-1230315,Cuban Inspired Flank Steak Salad,4,1800.0,[Salads],[Cuban],"[lime, orange, olive oil, garlic, purple onion, dried oregano, ground cumin, salt, ground black pepper, flat iron steaks, avocado, salad greens]"
Cuban-Red-Beans-and-Rice-Martha-Stewart-191852,Cuban Red Beans and Rice,4,2100.0,[Main Dishes],[Cuban],"[extra-virgin olive oil, white onion, green bell pepper, garlic cloves, coarse salt, ground pepper, ground cumin, fresh oregano leaves, long grain white rice, red kidnei beans, rins and drain, low sodium chicken broth]"
Cuban-Black-Beans-_Vegan_-Gluten-Free_-1329144,"Cuban Black Beans [Vegan, Gluten-Free]",3,,,[Cuban],"[dried black beans, vegetable oil, yellow onion, garlic, fresh cilantro, bay leaves, ground cumin, oregano, fine sea salt, cooked brown rice, plantains, avocado, cilantro]"
Grilled-Cuban-Pork-Chops-1044325,Grilled Cuban Pork Chops,4,4500.0,[Main Dishes],[Cuban],"[bone-in pork chops, orange juice, fresh lime juice, red wine vinegar, onions, garlic cloves, fresh cilantro, black pepper, salt, oregano, onion powder, cumin, granulated garlic]"
Cuban-Panini-Martha-Stewart-192135,Cuban Panini,4,1800.0,[Lunch and Snacks],"[American, Cuban]","[loaves, mayonnaise, dijon mustard, provolone cheese, pork, peperoncini, black forest ham, bread and butter pickles]"
Grilled-Cuban-Sandwich-776568,Grilled Cuban Sandwich,3,2700.0,[Lunch and Snacks],[Barbecue],"[bread, unsalted butter, yellow mustard, boiled ham, pork, swiss cheese, chips]"
Mojito-Allrecipes_1,Mojito,4,1200.0,"[Beverages, Cocktails]",[Cuban],"[spiced rum, mint, sugar, lime juice, soda water]"
Guiso-de-Maiz----Cuban-Corn-Stew-1257412,Guiso de Maíz -- Cuban Corn Stew,4,4800.0,,[Cuban],"[tasajo, salt pork, sweet corn, wheels, sweet corn kernels, salt, potatoes, masa harina, chopped onion, chopped green bell pepper, olive oil, garlic, tomato sauce, white wine, vinegar, ham, spanish chorizo, black pepper, cumin, chicken stock, calabaza]"
Simple-Syrup-Martha-Stewart-190855,Simple Syrup,3,1500.0,"[Condiments and Sauces, Beverages]","[American, Cuban]","[sugar, ice water]"
Cuban-Chicken-Sandwiches-999463,Cuban Chicken Sandwiches,4,3600.0,"[Lunch and Snacks, Main Dishes]",[Cuban],"[purple onion, fresh lime juice, cilantro, table salt, olive oil, hot pepper sauce, ground cumin, dried oregano, minced garlic, boneless skinless chicken breasts, cooking spray, sandwich bread]"
Enchilado-De-Camerones-_deviled-Shrimp_-My-Recipes,Enchilado de Camerones (Deviled Shrimp),4,2100.0,[Main Dishes],[Cuban],"[olive oil, chopped onion, red bell pepper, chopped green bell pepper, crushed red pepper, salt, garlic cloves, diced tomatoes, medium shrimp, light coconut milk, chopped cilantro fresh]"
Cuban-Sandwich-Bites-Recipe-Filled-with-Velveeta_-1073195,Cuban Sandwich Bites Recipe – Filled with Velveeta!,3,2700.0,[Lunch and Snacks],[Cuban],"[biscuits, Velveeta, pork, sliced ham, pickles, eggs]"
Cuban-Style-Sandwich-Pockets-1182016,Cuban-Style Sandwich Pockets,3,3600.0,[Lunch and Snacks],[Cuban],"[mustard, ground cumin, Pillsbury™ Crescent Recipe Creations® refrigerated seamless dough sheet, ground pork, cooked ham, swiss cheese, chips]"
Mojitos-473108,Mojitos,5,,"[Beverages, Cocktails]",[Cuban],"[light rum, lime juice, club soda, white sugar, mint leaves]"
Cuban-Style-Pork-Taco-Bowl-1066581,Cuban Style Pork Taco Bowl,4,1500.0,[Main Dishes],[Cuban],"[pork roast, orange juice, lemon juice, ground cumin, oregano, garlic powder, onions, cooked rice, black beans, garlic salt, diced tomatoes, diced onions, shredded cheddar cheese]"
Crock-Pot-Mojo-Pork-with-Cuban-Style-Black-Beans-1178332,Crock Pot Mojo Pork with Cuban-Style Black Beans,4,4200.0,[Main Dishes],[Cuban],"[pork butt, chicken broth, orange juice, lime juice, lemon juice, onions, jalapeno chilies, garlic cloves, salt, dried oregano, pepper, cumin, smoked paprika, bay leaves, extra-virgin olive oil, green pepper, garlic, black beans, red wine vinegar]"
Crockpot-Cuban-Pork-1083251,Crockpot Cuban Pork,4,2400.0,[Main Dishes],[Cuban],"[lime juice, water, grapefruit juice, orange juice, garlic, oregano, salt, cumin, black pepper, bay leaves, pork roast, onions]"
Cuban-Braised-Beef-and-Peppers-991253,Cuban Braised Beef and Peppers,4,30600.0,[Main Dishes],[Cuban],"[diced tomatoes, red bell pepper, onions, dried oregano, ground cumin, black pepper, kosher salt, flank steak, long grain white rice, avocado, cilantro leaves]"
Cuban_style-Black-Beans-Allrecipes,Cuban-Style Black Beans,3,2400.0,[Side Dishes],[Cuban],"[olive oil, minced garlic, black beans, green bell pepper, sweet onion, light beer, chopped cilantro]"
Cuban-style-Pork-Shoulder-752236,Cuban-style Pork Shoulder,4,4200.0,[Main Dishes],[Cuban],"[garlic, salt, dried oregano, ground cumin, black pepper, chile pepper, bay leaves, grated orange, vinegar, fresh orange juice, lime juice, pork shoulder, onions, vegetable broth, tortillas, rice, cilantro, avocado, black beans]"
Cuban-Mojito-Allrecipes,Cuban Mojito,5,600.0,"[Beverages, Cocktails]",[Cuban],"[white sugar, lime, fresh mint, white rum, club soda, crushed ice]"
Southern-style-cuban-sandwiches-336570,Southern-Style Cuban Sandwiches,3,1500.0,[Lunch and Snacks],[Cuban],"[french bread, chipotle, barbecued pork, cheese slices, pickles]"
Cuban-Roast-Sandwiches-1022636,Cuban Roast Sandwiches,4,5100.0,"[Lunch and Snacks, Main Dishes]","[Barbecue, Cuban]","[pork shoulder, garlic, kosher salt, ground black pepper, orange juice, lime juice, dark brown sugar, fresh oregano, extra-virgin olive oil, diced onions, bay leaves, minced garlic, garlic salt, mayonnaise, sweet relish, lemon juice, yellow onion, baguette, cilantro, pickled jalapenos, romaine lettuce leaves]"
Crock-Pot-Cuban-Pulled-Pork-1100915,Crock Pot Cuban Pulled Pork,4,44100.0,[Main Dishes],[Cuban],"[pork shoulder roast, lime, sour orange juice, garlic cloves, fresh oregano leaves, dried oregano, apple cider vinegar, cumin, black pepper, salt, fire roasted diced tomatoes, pepper]"
Black-Label-Mojito-Allrecipes,Black Label Mojito,4,300.0,"[Beverages, Cocktails]",[Cuban],"[johnnie walker black label, fresh lime juice, ginger ale, simple syrup, sour mix, lime]"
Cuban-Sandwiches-My-Recipes,Cuban Sandwiches,3,2100.0,"[Lunch and Snacks, Main Dishes]",[Cuban],"[swiss cheese, deli ham, dill pickles, pork cutlets, baguette, salad]"
Cuban-Black-Bean-Salad-1243698,Cuban Black Bean Salad,4,1500.0,[Salads],[Cuban],"[canned black beans, jicama, purple onion, cherry tomatoes, mango, green bell pepper, red bell pepper, corn kernels, avocado, flat leaf parsley, fresh cilantro, long-grain rice, dijon mustard, fresh lime juice, garlic, ground cumin, chipotles in adobo, liquid honey, kosher salt, ground black pepper, extra-virgin olive oil]"
Pork-and-Plantain-Cuban-Breakfast-Hash-478495,Pork and Plantain Cuban Breakfast Hash,5,900.0,[Breakfast and Brunch],[Cuban],"[plantains, pork, jalapeno chilies, yellow onion, garlic cloves, cumin, lime, salt, pepper, eggs, coconut oil]"
Cuban-Recipe-911-from-Martas-Cuban-American-Kitchen-1280772,Cuban Recipe 911 from Marta’s Cuban American Kitchen,4,1800.0,[Main Dishes],[Cuban],"[tilapia fillets, olive oil, fresh lemon, orange marinade, adobo, oregano, cumin, crushed garlic, sea salt, black pepper]"
Cuban-Black-Beans-in-a-Crockpot-577732,Cuban Black Beans in a Crockpot,4,4200.0,[],[Cuban],"[dried black beans, extra-virgin olive oil, white onion, bell pepper, garlic cloves, bay leaf, cumin, oregano, black pepper, water, sherry vinegar, dry white wine, salt, red bell pepper, chopped onion, scallions]"
Crock-Pot-Cuban-Shredded-Pork-1065890,Crock Pot Cuban Shredded Pork,4,29700.0,[Main Dishes],[Cuban],"[pork tenderloin, onions, minced garlic, orange juice, white wine vinegar, lemon juice, ground cumin, montreal steak seasoning, seasoning salt, red pepper flakes, lemon pepper seasoning, bay leaves]"
Cuban-Green-Soup-Allrecipes,Cuban Green Soup,5,1860.0,[Soups],"[Southern & Soul Food, Cuban]","[salt pork, onions, navy beans, turnip greens]"
Cuban-Black-Beans-from-Scratch-1187110,Cuban Black Beans from Scratch,4,2850.0,[Main Dishes],[Cuban],"[dried black beans, green pepper, olive oil, onions, garlic, oregano, salt, cumin, sazon seasoning, bay leaves, rotelle, vinegar]"
Plantain-Chips-Epicurious,Plantain Chips,5,1800.0,"[Lunch and Snacks, Appetizers, Side Dishes]",[Cuban],"[lime zest, salt, cayenne, vegetable oil, green plantains]"
Rotisserie-Baby-Back-Ribs_-Cuban-Style-1236721,"Rotisserie Baby Back Ribs, Cuban Style",4,7200.0,[Main Dishes],[Barbecue],"[baby back ribs, cold water, table salt, brown sugar, garlic, orange, lemon, lime, cumin seed, coriander seeds, oregano, pepper, apple cider vinegar, garlic cloves]"
Cuban-Ropa-Vieja-922002,Cuban Ropa Vieja,3,30000.0,[Main Dishes],[Cuban],"[flank steak, yellow onion, garlic, diced tomatoes, red bell pepper, green bell pepper, jalapeno chilies, dried oregano, ground cumin, bay leaf, green olives, water, salt, pepper, capers, cilantro]"
Cuban-Fish-Tacos-with-Citrus-Mango-Slaw-_-Chipotle-Lime-Crema_-998423,Cuban Fish Tacos with Citrus Mango Slaw + Chipotle Lime Crema.,4,1500.0,[Main Dishes],[Mexican],"[mahi mahi, olive oil, lime, orange juice, garlic, green onions, paprika, salt, corn tortillas, grapefruit, orange, mango, jalapeno chilies, cilantro, red cabbage, cream cheese, crema, chipotle chile, buttermilk, pepper]"
Pressed-Cuban-Sandwiches-My-Recipes,Pressed Cuban Sandwiches,4,,[Main Dishes],[Cuban],"[portuguese rolls, prepared mustard, dill pickles, roast turkey, ham, provolone cheese, butter]"
Rum-Punch-My-Recipes,Rum Punch,4,2400.0,"[Beverages, Cocktails]",[Cuban],"[sugar, water, mango juice, pineapple juice, dark rum, fresh lime juice, grenadine, club soda]"
Slow-Cooker-Cuban-Beef-977775,Slow Cooker Cuban Beef,4,22200.0,[Main Dishes],[Cuban],"[london broil, bell pepper, onions, cumin, oregano, parsley paste, diced tomatoes, pimento stuffed olives, beef broth]"
Cuban-Shredded-Pork-Allrecipes,Cuban Shredded Pork,4,6300.0,[Main Dishes],"[Cuban, Southern & Soul Food]","[boneless chop pork, water, lime, fresh thyme, black peppercorns, garlic powder, onion powder, salt, olive oil, onions, garlic, chopped cilantro fresh]"
Cuban-Black-Beans-I-Allrecipes,Cuban Black Beans I,4,49800.0,,[Cuban],"[black beans, onions, red bell pepper, green bell pepper, bay leaves, paprika, ground cumin, dried oregano, chile pepper, garlic, balsamic vinegar, salt, ground black pepper]"
Cuban-Style-Bubble-Pizza-1054501,Cuban Style Bubble Pizza,4,1500.0,[Main Dishes],[Cuban],"[buttermilk biscuits, pizza sauce, stone ground mustard, ground pork, cubed ham, pickles, monterey jack, swiss cheese]"
Chicken-Fried-Steak-Cuban-Style-Allrecipes,Chicken Fried Steak Cuban Style,4,2700.0,[Main Dishes],[Cuban],"[steak, eggs, dry bread crumbs, dried oregano, ground cumin, salt, pepper, lemon, vegetable oil]"
Arroz-Con-Pollo-_Cuban-Chicken-with-Rice_-1072557,Arroz Con Pollo (Cuban Chicken with Rice),4,5400.0,[Main Dishes],[Cuban],"[large garlic cloves, white vinegar, dried oregano, chicken breast halves, chicken drumsticks, chicken thighs, spanish chorizo, olive oil, onions, green bell pepper, ground cumin, paprika, Turkish bay leaves, tomatoes, beer, reduced sodium chicken broth, long grain white rice, pimentos]"
Cuban_style-Shredded-Pork-My-Recipes,Cuban-Style Shredded Pork,3,1500.0,[Main Dishes],[Cuban],"[au jus, chopped onion, olive oil, sauce, black beans, dill pickles, cilantro sprigs]"
Cuban-Grilled-Pork-with-Lime-Marinated-Onions-1107819,Cuban Grilled Pork with Lime-Marinated Onions,3,1800.0,[Main Dishes],"[Barbecue, Cuban]","[purple onion, fresh lime juice, cilantro, table salt, olive oil, minced garlic, dried oregano, ground cumin, black pepper, cooking spray, boneless chop pork]"
Picadillo-My-Recipes,Picadillo,4,2700.0,"[Appetizers, Main Dishes]","[Spanish, American, Cuban]","[olive oil, finely chopped onion, ground turkey, garlic cloves, beef broth, raisins, pimento stuffed olives, capers, tomato paste, ground black pepper, cooked rice, parsley sprigs]"
Frijoles-Negros-_Cuban-Style-Black-Beans_-902323,Frijoles Negros (Cuban-Style Black Beans),3,4500.0,[Side Dishes],[Cuban],"[dried black beans, bay leaf, fresh oregano, olive oil, ground cumin, scallions, garlic, green bell pepper, ground black pepper, salt]"
Grilled-shrimp-and-cuban-corn-347664,Grilled Shrimp and Cuban Corn,3,1500.0,,[Barbecue],"[corn husks, extra-virgin olive oil, salt, black pepper, garlic, paprika, cayenne pepper, large shrimp, mayonnaise, grated parmesan cheese, lime]"
Pork-Picadillo-AllRecipes,Pork Picadillo,4,2100.0,[Main Dishes],[Cuban],"[olive oil, onions, garlic, ground pork, pepper, salt, yellow bell pepper, green bell pepper, red bell pepper, raisins, spinach]"
Cuban-Black-Beans-And-Rice-With-Pulled-Beef-1142242,Cuban Black Beans And Rice With Pulled Beef,3,14400.0,[Main Dishes],[Cuban],"[dried black beans, olive oil, spanish onion, garlic cloves, long grain white rice, chicken stock, coriander, lime, extra-virgin olive oil, jalapeno chilies, flank steak, green chilies, ground cumin, crushed tomatoes, chillies, beef stock, orange, fresh bay leaves, sherry vinegar]"
Cuban-Black-Bean-Stew-with-Rice-559887,Cuban Black Bean Stew with Rice,4,2700.0,[Main Dishes],[Cuban],"[brown rice, olive oil, purple onion, red bell pepper, green pepper, garlic, black beans, vegetable broth, apple cider vinegar, bay leaf, dried oregano, ground cumin, frozen corn kernels, cilantro, salt, pepper]"
Pressed-Cuban-Sandwiches-MyRecipes-214532,Pressed Cuban Sandwiches,4,2400.0,[Main Dishes],[Cuban],"[bread, yellow mustard, loin pork roast, baked ham, provolone cheese, chips, butter]"
Slow-Cooker-Cuban-Beef-497702,Slow Cooker Cuban Beef,4,4500.0,[Main Dishes],[Cuban],"[boneless chuck roast, salt, pepper, beef broth, minced garlic, canola oil, ground cumin, fresh orange juice, lime zest, fresh lime juice, onions, water]"
Cuban-style-roast-turkey-breast-343045,Cuban Style Roast Turkey Breast,4,5400.0,[Main Dishes],[Cuban],"[Hellmann's® Mayonnaise Dressing with Olive Oil, lime juice, ground cumin, dri oregano leaves, crush, garlic, boneless skinless turkey breasts]"
Cuban-Pork-Chops-1062226,Cuban Pork Chops,4,3000.0,[Main Dishes],[Cuban],"[orange juice, lime juice, vinegar, bone-in pork chops, black pepper, adobo seasoning, ground cumin, garlic powder, onion powder, dried oregano, vegetable oil, onions, minced garlic, white wine]"
Cuban-Spicy-Oxtail-Stew-_Rabo-Encendido_-978341,Cuban Spicy Oxtail Stew (Rabo Encendido),4,5400.0,[Main Dishes],[Cuban],"[oxtails, salt, pepper, Equal Sweetener, olive oil, onions, green pepper, garlic, oregano, ground cumin, black pepper, cayenne pepper, bay leaf, tomato sauce, Tabasco Pepper Sauce, dry red wine, beef broth, chorizo, potatoes]"
Cuban-Style-Braised-Steak-and-Peppers-1157034,Cuban-Style Braised Steak and Peppers,3,30000.0,[Main Dishes],[Cuban],"[dry white wine, ground cumin, dried oregano, kosher salt, pepper, diced tomatoes, onions, red pepper, garlic, capers, flank steak, long grain white rice, pimento stuffed olives, olive brine, chopped cilantro fresh]"
Cuban-Mojito-Shortbread-Bars-760883,Cuban Mojito Shortbread Bars,4,3300.0,[Desserts],[Cuban],"[butter, sugar, flour, almond meal, kosher salt, large egg yolks, sweetened condensed milk, lime juice, rum extract, mint leaves, powdered sugar]"
Mojito-Allrecipes,Mojito,4,120.0,"[Beverages, Cocktails]",[Cuban],"[confectioners sugar, lime, fresh mint, crushed ice, white rum, carbonated water]"
The-Mojito-from-The-Hawthorne-Serious-Eats-200550,The Mojito from The Hawthorne,4,1200.0,"[Beverages, Cocktails]",[Cuban],"[rum, simple syrup, fresh lime juice, Angostura bitters, mint leaves, soda water, crushed ice]"
Cuban-Red-Beans-and-Rice-_Congri-Oriente_-1278116,Cuban Red Beans and Rice (Congri Oriente),3,10800.0,"[Side Dishes, Main Dishes]",[Cuban],"[red beans, water, hot water, Mazola® Sobrecitos™ Chicken Flavor Bouillon Packets, Mazola® Chicken Flavor Bouillon Powder, Spice Islands Bay Leaves, meat bones, Mazola Corn Oil, salt pork, long-grain rice, diced onions, green pepper, tomato paste, Spice Islands® Minced Garlic, oregano, Spice Islands Ground Cumin Seed, Spice Islands Medium Grind Black Pepper, fresh parsley]"
Cuban-Glazed-Pork-Loin-1095076,Cuban Glazed Pork Loin,3,5700.0,[Main Dishes],[Cuban],"[boneless pork loin, lime, frozen orange juice concentrate, garlic, olive oil, ground cumin, salt, black pepper, sweet potatoes, purple onion]"
Cuban-Style-Riced-Cauliflower-1266637,Cuban Style Riced Cauliflower,3,1500.0,[Side Dishes],[Cuban],"[cauliflower, olive oil, purple onion, mango, ground cumin, oregano, minced garlic, black beans, chopped cilantro fresh, green onions, plantains, lime juice, lime zest, sea salt, black pepper]"
Watermelon-Mojitos-472821,Watermelon Mojitos,5,,"[Beverages, Cocktails]",[Cuban],"[fresh mint, white rum, watermelon, carbonated water, frozen limeade concentrate]"
Pork-carnitas-337116,Pork Carnitas,4,3600.0,[Main Dishes],[Mexican],"[pork shoulder boston butt, garlic cloves, ground cumin, dried oregano, salt, ground black pepper, orange juice, fresh lime juice, chipotle chile, flour tortillas, chopped onion, salsa, chopped cilantro fresh, lime wedges]"
Cuban-Style-Pork-with-Pineapple-Salsa-1178585,Cuban-Style Pork with Pineapple Salsa,3,17700.0,[Main Dishes],[Cuban],"[fresh orange juice, fresh lime juice, large garlic cloves, dried oregano, ground cumin, pork shoulder, kosher salt, chicken stock, rice, black beans, purple onion, pineapple, pepper, chopped cilantro]"
Cuban-Picadillo-Allrecipes,Cuban Picadillo,5,3000.0,[Main Dishes],[Cuban],"[ground beef, onions, garlic, red bell pepper, green bell pepper, raisins, green olives, tomato paste, water, cilantro]"
Cuban-Style-Chicken-Stew-1062418,Cuban-Style Chicken Stew,4,2700.0,[Main Dishes],[Cuban],"[olive oil, yellow onion, garlic cloves, chicken, russet potatoes, red pepper, red bell pepper, capers, Spanish olives, raisins, frozen peas, fresh lime juice, fresh orange juice, dry red wine, diced tomatoes, ground black pepper, sea salt]"
Cuban_style-Beef-And-Peppers-My-Recipes,Cuban-Style Beef and Peppers,3,3600.0,[Main Dishes],[Cuban],"[raisins, white rum, flank steak, olive oil, onions, yellow bell pepper, jalapeno chilies, garlic cloves, capers, dried thyme, ground cumin, pimentos, plum tomatoes, long-grain rice]"
Tuna-Avocado-Cuban-984913,Tuna Avocado Cuban,4,600.0,[],[Cuban],"[tuna, dill pickles, avocado, tomatoes, purple onion, swiss cheese, bread]"
Cuban-Black-Beans-on-Rice-1045252,Cuban Black Beans on Rice,4,2400.0,,[Cuban],"[black beans, onions, bell pepper, garlic cloves, oregano, ground cumin, bay leaf, white wine, vinegar, sugar, salt, olive oil, cilantro]"
Stuffed-Cuban-Pork-Tenderloin-MyRecipes-262301,Stuffed Cuban Pork Tenderloin,4,2220.0,[Main Dishes],[Cuban],"[pork tenderloin, whole grain dijon mustard, chopped cilantro fresh, swiss cheese, bread and butter pickles, salt, ground black pepper, cooking spray]"
Mexican-Inspired-Vegetable-Soup-1022850,Mexican-Inspired Vegetable Soup,3,3000.0,[Soups],[Mexican],"[snap beans, garlic cloves, zucchini, diced tomatoes, spanish onion, green pepper, tomatillos, jalapeno chilies, poblano chiles, fresh oregano, ground cumin, reduced sodium vegetable broth, roasted red peppers, chipotles in adobo, cilantro, fresh lime juice, table salt]"
Mexican-Picadillo-497743,Mexican Picadillo,4,1800.0,[Main Dishes],[Cuban],"[olive oil, onions, garlic, ground beef, tomatoes, tomato purée, chicken broth, salt, peas, carrots, almonds, cactus, raisins, bay leaves, herbs]"
Slow-Cooker-Cuban-Beef-1169722,Slow Cooker Cuban Beef,4,3600.0,[Main Dishes],[Cuban],"[boneless chuck roast, water, salt, pepper, garlic, canola oil, ground cumin, fresh orange juice, lime zest, fresh lime juice, onions]"
Frijoles-Colorados-_red-Beans-With-Squash_-My-Recipes,Frijoles Colorados (Red Beans with Squash),3,1500.0,[Side Dishes],"[American, Cuban]","[calabaza, sofrito, small red beans, onions]"
Slow-Cooker-Cuban-Braised-Beef-_-Peppers-1241659,Slow-Cooker Cuban Braised Beef & Peppers,4,2700.0,[Main Dishes],[Cuban],"[diced tomatoes, red bell pepper, onions, dried oregano, ground cumin, kosher salt, ground black pepper, flank steak, long-grain rice, avocado, chopped cilantro]"
Cuban-Water-Bread-Allrecipes,Cuban Water Bread,4,4500.0,[Breads],"[Southern & Soul Food, Cuban]","[active dry yeast, warm water, white sugar, salt, all-purpose flour, cornmeal, sesame seeds, cold water]"
Mojito-My-Recipes_4,Mojito,3,1200.0,"[Beverages, Cocktails]",[Cuban],"[sugar, mint leaves, white rum, fresh lime juice, club soda, mint]"
Cuban-Beans-And-Rice-Salad-My-Recipes_1,Cuban Beans and Rice Salad,4,1500.0,[Salads],[Cuban],"[avocado, balsamic vinegar, olive oil, ground cumin, salt, black pepper, cooked white rice, plum tomatoes, fresh parsley, black beans, fresh cilantro]"
Cuban-Empanadas-1296507,Cuban Empanadas,4,1800.0,[],[Cuban],"[all-purpose flour, salt, shortening, warm water, olive oil, onions, green bell pepper, garlic cloves, ground beef, pimento stuffed green olives, tomato sauce, dry sherry, worcestershire sauce, Tabasco Pepper Sauce, ground cumin, dried oregano, oil]"
Margie_s-Cuban-Sofrito-_sauce_-Allrecipes,Margie's Cuban Sofrito (Sauce),4,2700.0,[Condiments and Sauces],"[Southern & Soul Food, American, Cuban]","[vegetable oil, onions, green bell pepper, garlic, salt, pepper, ground cumin, dried oregano, bay leaves, tomatoes, tomato sauce]"
Mojito--Marinated-Chicken-Breasts-471814,Mojito- Marinated Chicken Breasts,5,,[Main Dishes],[Cuban],"[fresh lime juice, light rum, mint leaves, mint syrup, vegetable oil, chicken breast halves, lime, fresh mint]"
Jenny_s-Cuban_style-Slow_cooker-Chicken-Fricassee-Allrecipes,Jenny's Cuban-Style Slow-Cooker Chicken Fricassee,4,29700.0,[Main Dishes],"[Southern & Soul Food, American, Cuban]","[onions, garlic, green bell pepper, potatoes, tomato sauce, dry white wine, cumin, fresh sage, pepper, salt, chicken leg quarters]"
Cubanos-346349,Cubanos,0,4800.0,,[Cuban],"[cornmeal, extra-virgin olive oil, onions, pork roast, pizza doughs, ham, mustard, pickle relish, swiss cheese, milk, large egg yolks]"
Cuban-Goulash-Allrecipes,Cuban Goulash,4,3600.0,[Main Dishes],"[Southern & Soul Food, Cuban]","[vegetable oil, pork roast, onions, bananas, tomatoes with juice, cayenne pepper, salt and ground black pepper]"
Cuban-Shredded-Beef_-Ropa-Vieja-1099936,"Cuban Shredded Beef, Ropa Vieja",4,4800.0,[Main Dishes],[Cuban],"[flank steak, canola oil, onions, tomato paste, garlic, water, soy sauce, bay leaves, allspice berries, ground black pepper, kosher salt, diced tomatoes, red bell pepper, green bell pepper, salt, garlic cloves, dried oregano, ground cumin, ground allspice, red wine, capers, fresh parsley, red wine vinegar]"
Cubanos-Frijoles-Allrecipes,Cubanos Frijoles,5,3300.0,,"[American, Cuban]","[brown rice, water, ground beef, cajun seasoning, onions, black beans, black olives, red wine vinegar, fresh cilantro, chipotle peppers]"
Cuban-black-beans-and-rice-337838,Cuban Black Beans and Rice,4,2400.0,[Main Dishes],[Cuban],"[instant rice, olive oil, chorizo, onions, green bell pepper, red bell pepper, garlic, cumin, paprika, tumeric, dried oregano, black beans, diced tomatoes, low sodium chicken broth, pepper, salt]"
Mojo-Chicken-My-Recipes,Mojo Chicken,4,,[Main Dishes],[Cuban],"[sour orange juice, olive oil, fresh lime juice, garlic cloves, paprika, dried oregano, salt, crushed red pepper flakes, bone-in chicken breast halves, cooking spray]"
Ropa-Vieja-_Cuban-Meat-Stew_-AllRecipes-37695,Ropa Vieja (Cuban Meat Stew),5,10800.0,[Main Dishes],[Cuban],"[Goya Extra Virgin Olive Oil, flank steak, adobo, yellow onion, green bell pepper, sofrito, minced garlic, tomato sauce, sazon goya with coriander and annatto, beef bouillon, ground black pepper, olives, Goya Capers, chopped cilantro fresh, long-grain rice]"
Red-Beans-And-Rice-Allrecipes,Red Beans and Rice,4,2400.0,[Main Dishes],"[Cajun & Creole, American, Cuban]","[long grain white rice, water, butter, onions, green bell pepper, smoked sausage, kidney beans, diced tomatoes]"
Cuban-Munyeta-1178798,Cuban Munyeta,4,3000.0,[Main Dishes],[Cuban],"[dried navy beans, olive oil, salt, ground black pepper, ham, garlic cloves, slab bacon, water, tomato sauce, chorizo sausage, onions, fresh parsley leaves]"
Slow-Cooker-Cuban-Black-Beans-1175685,Slow Cooker Cuban Black Beans,4,3600.0,,[Cuban],"[bacon, onions, red bell pepper, cumin, salt, garlic cloves, fresh oregano, water, dried black beans, bay leaves, red pepper flakes, baking soda, chorizo sausage, fresh cilantro, pepper]"
Mojito_marinated-Chicken-Breasts-Epicurious,Mojito-Marinated Chicken Breasts,4,,[Main Dishes],"[American, Cuban]","[fresh lime juice, light rum, chopped fresh mint, mint syrup, vegetable oil, kosher salt, chicken breast halves, lime, mint sprigs]"
Arroz-Con-Pollo-My-Recipes,Arroz con Pollo,4,3300.0,[Main Dishes],"[Spanish, Cuban]","[chicken drumsticks, chicken thighs, salt, ground black pepper, dried oregano, vegetable oil, fresh lime juice, chopped onion, chopped green bell pepper, garlic cloves, ground turmeric, ground cumin, arborio rice, ham, fat free less sodium chicken broth, diced tomatoes, green peas, pimento stuffed green olives]"
Maduros-_Sauteed-Sweet-Plantains_-548314,Maduros (Sautéed Sweet Plantains),4,900.0,[Side Dishes],[Cuban],"[plantains, sugar, salt, butter]"
Quick-Sauteed-Cuban-Beef-1158458,Quick Sautéed Cuban Beef,3,1500.0,[Main Dishes],[Cuban],"[long grain white rice, olive oil, garlic, lean ground beef, red wine vinegar, diced tomatoes in juice, raisins, pimento stuffed green olives, dried oregano, ground cumin, kosher salt, pepper, chopped cilantro]"
Cuban-Chicken-with-Mojo-Marinade-and-Chile-Roasted-Yams-1261054,Cuban Chicken with Mojo Marinade and Chile Roasted Yams,4,,[Main Dishes],[Cuban],"[chicken, orange zest, lime zest, garlic cloves, salt, pepper, cumin seed, oil, olive oil, onions, bell pepper, white wine, bay leaves, lime, cilantro, yams, chili powder, allspice, lime wedges]"
Slow-Cooker-Cuban-Sliders-1090806,Slow Cooker Cuban Sliders,4,2700.0,[],[Cuban],"[pork shoulder, cumin, dried oregano, kosher salt, extra-virgin olive oil, garlic, white onion, lime, orange juice, chicken stock, ham, swiss cheese, dijon mustard, pickles, slider rolls]"
Arroz-Con-Leche-Allrecipes,Arroz con Leche,4,3000.0,[Desserts],"[Spanish, Cuban]","[water, short-grain rice, lime peel, cinnamon sticks, anise seed, evaporated milk, condensed milk, vanilla extract, salt, raisins]"
Mojo-Bass-My-Recipes,Mojo Bass,3,1200.0,[Main Dishes],"[American, Cuban]","[fresh orange juice, fresh lime juice, ground coriander, minced garlic, olive oil, ground cumin, bass fillets, cooking spray, chopped fresh mint]"
Cuban-Black-Bean-Soup-1019064,Cuban Black Bean Soup,3,900.0,[Soups],[Cuban],"[onions, chili powder, ground cumin, black beans, vegetable broth, prepar salsa, lime juice, fresh cilantro, green onions, corn chips, hot sauce, pepper]"
Simple-Syrup-My-Recipes_3,Simple Syrup,3,1500.0,"[Condiments and Sauces, Beverages]","[American, Cuban]","[water, sugar]"
Spiced-Cuban-Classic-The-No-Problemo-Mojito-_letsCocktail-1224388,Spiced Cuban Classic – The “No Problemo” Mojito #letsCocktail,4,900.0,[Beverages],[Cuban],"[gold rum, lime juice, caster sugar, mint leaves, mint sprigs, carbonated water, ice cubes, hand]"
Lobster-And-Stone-Crab-Enchilado-Epicurious,Lobster and Stone Crab Enchilado,5,4200.0,[Main Dishes],[Cuban],"[lobster, fresh lime juice, olive oil, chopped onion, chopped green bell pepper, garlic cloves, fresh parsley, paprika, plum tomatoes, canned tomatoes, bottled clam juice, sherry wine, bay leaf, cayenne pepper, crab claws]"
Cuban-Black-Bean-and-Rice-Mojo-Burgers-with-Slaw-_-Garlic-Tostones_-1045669,Cuban Black Bean and Rice Mojo Burgers with Slaw + Garlic Tostones.,4,1800.0,[],[Cuban],"[rice vinegar, lime juice, orange juice, fish sauce, fresh cilantro, mango, red pepper, salt, pepper, cilantro leaves, olive oil, garlic, brown rice, black beans, large eggs, cumin, provolone cheese, pepper jack, burger buns, plantains, canola oil, water, sea salt]"
Grilled-Tri_tip-With-Cuban-Mojo-Sauce-My-Recipes,Grilled Tri-tip with Cuban Mojo Sauce,4,4800.0,[Main Dishes],"[American, Cuban]","[tri tip, olive oil, cumin seed, dried oregano, salt, ground black pepper, fresh lime juice, sour orange juice, fresh orange juice, fresh oregano, minced garlic]"
Avocado_lime-Shrimp-Salad-_ensalada-De-Camarones-Con-Aguacate-Y-Limon_-Allrecipes,Avocado-Lime Shrimp Salad (Ensalada de Camarones con Aguacate y Limon),5,1500.0,"[Main Dishes, Salads]",[Cuban],"[shrimp, avocado, onion tops, tomatoes, yellow tomato, bell pepper, cilantro, fresh lime juice, salt and ground black pepper]"
Argentine-Meat-Empanadas-Allrecipes,Argentine Meat Empanadas,4,3900.0,,[Cuban],"[shortening, onions, lean ground beef, hungarian sweet paprika, paprika, crushed red pepper flakes, ground cumin, white vinegar, raisins, green olives, eggs, salt, frozen pastry puff sheets]"
Cuban-Lentil-soup-_Potaje-De-Lentejas_-1178814,Cuban Lentil soup (Potaje De Lentejas),4,5100.0,[Soups],[Cuban],"[lentils, vinegar, onions, water, beef, celery, tomatoes, potatoes, basil leaves, oregano, bay leaf, salt, cumin, pepper, green bell pepper, garlic, spanish chorizo, shanks, sazon goya]"
Picadillo-_cuban-Beef-Hash_-Allrecipes,Picadillo (Cuban Beef Hash),4,4200.0,[Main Dishes],"[Cuban, Kid-Friendly]","[ground beef, garlic, tomato sauce, green olives, brine, garlic salt, garlic powder, adobo seasoning, black pepper]"
Turkey-Picadillo-My-Recipes_1,Turkey Picadillo,4,1500.0,[Main Dishes],"[Spanish, American, Cuban]","[rice, salt, ground turkey breast, golden raisins, dried oregano, ground cumin, water, cider vinegar, capers, olive oil, sofrito, flat leaf parsley, parsley sprigs]"
Blended-Golden-Mojito-520570,Blended Golden Mojito,3,1800.0,"[Beverages, Cocktails]",[Cuban],"[sugar, lime wedges, dark rum, fresh lime juice, ice cubes, mint leaves]"
Cuban-Spiced-Chicken-Thighs-with-Chorizo-and-Rice-1187155,Cuban-Spiced Chicken Thighs with Chorizo and Rice,3,4500.0,[Main Dishes],[Cuban],"[fresh lime juice, cilantro stems, olive oil, grate lime peel, chopped fresh thyme, chiles, hungarian sweet paprika, ground black pepper, ground cumin, salt, ground allspice, chicken thighs, sausage links, spanish chorizo, finely chopped onion, red bell pepper, garlic cloves, white rice, arborio rice, low salt chicken broth, medium tomatoes, saffron threads, pimentos, chopped cilantro fresh, lime wedges]"
Tres-Leches-Cake-MyRecipes-252082,Tres Leches Cake,4,4200.0,[Desserts],[Cuban],"[cooking spray, all-purpose flour, salt, large egg whites, sugar, vanilla extract, large eggs, half & half, sweetened condensed milk, nonfat evaporated milk, water, lemon rind]"
Cuban-Black-Beans-Ii-Allrecipes,Cuban Black Beans II,4,35100.0,,[Cuban],"[black beans, olive oil, onions, green bell pepper, garlic, water, tomato paste, diced pimentos, vinegar, salt, white sugar, black pepper]"
Slow-Cooker-Cuban-Black-Bean-and-Rice-Bowls-630489,Slow Cooker Cuban Black Bean and Rice Bowls,3,11400.0,[Main Dishes],[Cuban],"[dried black beans, bay leaf, dried oregano, olive oil, ground cumin, onions, green bell pepper, garlic, kosher salt, ground black pepper, cilantro leaves, cooked rice, avocado, sour cream, hot sauce, shredded cheese, diced tomatoes, tortilla chips]"
Bongo_s-Picadillo-MyRecipes-265943,Bongo's Picadillo,3,2700.0,[Main Dishes],[Cuban],"[vegetable oil, onions, green bell pepper, garlic, extra lean ground beef, tomato sauce, green olives, raisins, capers, cooking sherry, salt, ground black pepper]"
Mojito-Strip-Steaks-with-Pico-de-Gallo-MyRecipes-246518,Mojito Strip Steaks with Pico de Gallo,3,3300.0,[Main Dishes],[Cuban],"[lime, chopped fresh mint, light rum, steak, pico de gallo, salt, ground black pepper, cooking spray]"
Slow-Cooker-Cuban-Pineapple-Pork-Roast-1054237,Slow Cooker Cuban Pineapple Pork Roast,4,240.0,[Main Dishes],[Cuban],"[pork loin, pineapple juice, fresh pineapple, lime juice, garlic, oregano, cumin, allspice, dry mustard, cayenne pepper, bay leaves, canola oil]"
Cuban-Black-Bean-Soup-1122797,Cuban Black Bean Soup,4,1800.0,[Soups],[Cuban],"[olive oil, onions, garlic cloves, salt, pepper, chili powder, garlic powder, cumin, seasoned black beans, water, stock, Sriracha, worcestershire sauce]"
Daisy-Fuentes_-Mojito-My-Recipes,Daisy Fuentes' Mojito,3,1200.0,"[Beverages, Cocktails]",[Cuban],"[lime, lime juice, mint leaves, honey, rum, club soda, fresh mint, lime wedges]"
Cuban-Pork-Adobo-Salad-1326740,Cuban Pork Adobo Salad,3,1200.0,[Salads],[Cuban],"[loin pork chops, lime juice, garlic, ground cumin, salt, black pepper, fresh pineapple, arugula, black beans, purple onion, olive oil, honey]"
Pasteles-De-Coco-_coconut-Pastries_-Allrecipes,Pasteles De Coco (Coconut Pastries),4,3000.0,[Desserts],[Cuban],"[frozen pastry puff sheets, grated coconut, syrup]"
Cuban-Halibut-with-Black-Bean-_-Orange-Quinoa-490279,Cuban Halibut with Black Bean & Orange Quinoa,3,2100.0,[Main Dishes],[Cuban],"[halibut fillets, marinade, orange zest, lime zest, lime, sea salt, ground black pepper, peanut oil, diced red onions, ground cumin, dried oregano, garlic, spinach, quinoa, black beans, orange, chopped cilantro fresh]"
Grilled-Mahimahi-with-Mango-Salsa-MyRecipes-211741,Grilled Mahimahi with Mango Salsa,4,2100.0,[Main Dishes],[Cuban],"[light coconut milk, fresh lime juice, mahimahi, mango, english cucumber, red bell pepper, purple onion, chopped cilantro fresh, peeled fresh ginger, serrano chile, kosher salt, ground black pepper, cooking spray, lime slices, cilantro sprigs]"
Cuban-Inspired-Lentils-Over-Toast-_glutenfree-_vegan-1171891,Cuban Inspired Lentils Over Toast – #glutenfree #vegan,4,2700.0,[Main Dishes],[Cuban],"[olive oil, onions, diced red onions, quinoa, broth, garbanzo beans, red enchilada sauce, salsa, rotelle, green lentil, chopped cilantro fresh, cumin, cinnamon, bread, avocado]"
The-Cuban-Burger-_frita_-Allrecipes,The Cuban Burger 'FRITA',3,12240.0,[Main Dishes],[Cuban],"[ground beef, ground pork, dry bread crumbs, milk, eggs, minced onion, ketchup, salt, pimenton de la vera, worcestershire sauce, ground black pepper, vegetable oil]"
