id,recipeName,rating,totalTimeInSeconds,course,cuisine,ingredients
Easy-German-Pork-Schnitzel-1358621,Easy German Pork Schnitzel,4,900.0,[Main Dishes],[German],"[pork loin, flour, bread crumbs, eggs, salt, pepper, canola oil, lemon slices]"
Hot-German-Potato-Salad-1369682,Hot German Potato Salad,3,3900.0,[],[German],"[potatoes, bacon, onions, Gold Medal All Purpose Flour, sugar, salt, celery seed, pepper, water, cider vinegar]"
German-Schnitzel_-Slow-Cooker-Style-1360027,"German Schnitzel, Slow Cooker Style",4,2700.0,[Main Dishes],[German],"[pork chops, egg whites, low-fat buttermilk, crumbs, black pepper, sea salt, garlic powder, hungarian paprika]"
German-Rouladen-1331949,German Rouladen,4,6600.0,[],[German],"[top round steak, thick-cut bacon, onions, bread and butter pickle slices, vegetable oil, beef broth, flour, water, salt, pepper]"
Homemade-German-Sauerkraut-1314407,Homemade German Sauerkraut,4,1800.0,,[German],"[cabbage, kosher salt, caraway seeds]"
Spaetzle-With-Kielbasa-and-Caramelized-Onions-1376281,Spaetzle With Kielbasa and Caramelized Onions,3,6300.0,[Main Dishes],[German],"[smoked kielbasa, unsalted butter, purple onion, thyme sprig, kosher salt, all-purpose flour, grated nutmeg, large eggs, whole milk, Emmenthal, black pepper]"
Bierocks-_German-Stuffed-Rolls_-1329196,Bierocks (German Stuffed Rolls),4,10200.0,[],[German],"[milk, butter, white sugar, active dry yeast, flour, eggs, salt, lean ground beef, onions, shredded cabbage, black pepper]"
Pfeffernusse-_Spice-Cookies_-1365587,Pfeffernusse (Spice Cookies),4,9660.0,[Desserts],[German],"[molasses, honey, coconut oil, eggs, anise extract, all-purpose flour, granulated sugar, brown sugar, baking soda, ground cinnamon, ground nutmeg, ground cloves, ground ginger, ground white pepper, salt, confectioners sugar]"
Bratkartoffeln-_German-Fried-Potatoes_-1309836,Bratkartoffeln (German Fried Potatoes),4,3900.0,[Side Dishes],[German],"[potatoes, salt, bacon, minced onion, bacon drippings, pepper]"
Rotkohl-_German-Red-Cabbage_-1316826,Rotkohl (German Red Cabbage),4,2700.0,[Side Dishes],[German],"[red cabbage, apples, apple cider vinegar, water, sugar, black pepper, clove, fresh lemon juice, butter]"
Linsen-Suppe-Mit-Wurst-_German-Lentil-Soup-With-Sausage_-1369232,Linsen Suppe Mit Wurst (German Lentil Soup With Sausage),4,5100.0,[Soups],[German],"[dried lentils, ham hock, butter, potatoes, chicken stock, bay leaf, worcestershire sauce, garlic, ground nutmeg, celery salt, ground black pepper, finely chopped onion, vegetable oil, flour, smoked sausage]"
Sauerbraten-1340986,Sauerbraten,3,10800.0,[Main Dishes],[German],"[apple cider vinegar, water, salt, whole cloves, bay leaves, onions, peppercorns, bottom round roast, oil, all-purpose flour]"
German-Potato-Salad-441570,German Potato Salad,5,3000.0,"[Side Dishes, Salads]",[German],"[waxy potatoes, salt, bacon, yellow onion, white wine vinegar, ground black pepper, fresh parsley leaves]"
Traditional-German-Schnitzel-1314408,Traditional German Schnitzel,4,1800.0,[Main Dishes],[German],"[pork chops, salt, pepper, flour, eggs, unseasoned breadcrumbs, butter, peanut oil, fresh parsley, lemon slices]"
German-potato-pancakes-_for-Oktoberfest_-1309211,German potato pancakes (for Oktoberfest),4,300.0,[],[German],"[potatoes, onions, plain flour, eggs, salt, nutmeg, vegetable oil]"
PANAKUCHEN-_-DUTCH-APPLE-PANCAKE-_-GERMAN-APPLE-PANCAKE-_1-10-inch-pancake_-1376504,PANAKUCHEN / DUTCH APPLE PANCAKE / GERMAN APPLE PANCAKE (1 10-inch pancake),4,3900.0,[Breakfast and Brunch],[German],"[eggs, milk, all-purpose flour, salt, butter, apples, sugar, ground cinnamon, nutmeg, lemon juice, grated lemon zest]"
German-American-Bock-Beer-Beef-Roast-1356332,German-American Bock Beer Beef Roast,4,4200.0,[Main Dishes],[German],"[bock beer, olive oil, whole grain mustard, white vinegar, worcestershire sauce, clove, peppercorns, onions, garlic, brown sugar, kosher salt, beef roast, beef stock, potatoes, unsalted butter, all-purpose flour, pan drippings]"
German-Tree-Cake-_-Baumtorte-_-Baumkuchen-1341761,German Tree Cake | Baumtorte / Baumkuchen,4,6300.0,[Desserts],[German],"[almond paste, half & half, butter, sugar, eggs, vanilla extract, cake flour, corn starch, apricot jam, slivered almonds, rum, light corn syrup, semisweet chocolate]"
Spinach-Spaetzle-With-Bacon-and-Sage-1348792,Spinach Spaetzle With Bacon and Sage,3,2100.0,,[German],"[baby spinach leaves, eggs, egg yolks, salt, grated nutmeg, black pepper, all-purpose flour, bacon, butter, sage leaves, grated parmesan cheese]"
Grandmother_s-German-Pancakes---Grain-Free-519386,Grandmother's German Pancakes - Grain Free,4,2100.0,[Breakfast and Brunch],[German],"[eggs, sea salt, milk, almond flour, butter, cinnamon]"
Amaretti-Morbidi-_Soft-Amaretti-Cookies_-489339,Amaretti Morbidi (Soft Amaretti Cookies),4,3600.0,[Desserts],[German],"[almond flour, granulated sugar, all-purpose flour, large egg whites, salt, almond extract, confectioners sugar]"
Zwiebelkuchen-_German-Autumn-Onion-Cake_-1346870,Zwiebelkuchen (German Autumn Onion Cake),4,6300.0,,[German],"[pie crust, all-purpose flour, salt, butter, milk, yeast, yellow onion, thick-cut bacon, full fat sour cream, large eggs, caraway seeds, ground black pepper]"
Authentic-German-Bread-_bauernbrot_-Allrecipes,Authentic German Bread (Bauernbrot),5,18000.0,[Breads],[German],"[fresh yeast, warm water, white sugar, all-purpose flour, rye flour, salt]"
Versunken-Apfelkuchen-_German-Apple-Cake_-1316277,Versunken Apfelkuchen (German Apple Cake),4,3300.0,[Desserts],[German],"[apples, lemon juice, butter, sugar, eggs, all purpose unbleached flour, baking powder, salt, milk]"
Papa-Drexler_s-Bavarian-Pretzels-Allrecipes,Papa Drexler's Bavarian Pretzels,5,2100.0,[Breads],[German],"[all-purpose flour, active dry yeast, white sugar, butter, water, salt, baking soda, sea salt]"
German-Beer-Brats-1340985,German Beer Brats,3,4500.0,[Main Dishes],[German],"[celery seed, caraway seeds, lager beer, light brown sugar, mustard powder, onion powder, ground black pepper, dried dillweed, sausages, sauerkraut]"
German-Potato-Salad-1115215,German Potato Salad,4,2400.0,[],[German],"[yukon gold potatoes, bacon, yellow onion, apple cider vinegar, salt, cracked black pepper, fresh parsley leaves]"
German-Pan-Fried-Potatoes-_Bratkartoffeln_-990703,German Pan Fried Potatoes (Bratkartoffeln),4,3300.0,[Side Dishes],[German],"[potatoes, onions, bacon, olive oil, salt, pepper, paprika]"
German-Soft-Pretzels-_Laugenbrezel_-1310428,German Soft Pretzels (Laugenbrezel),4,10200.0,,[German],"[warm water, rapid rise yeast, barley malt syrup, bread flour, coarse salt, butter, water, baking soda, dark brown sugar, beer, pretzel salt]"
Potato-Dumplings-Ii-Allrecipes,Potato Dumplings II,4,1800.0,[Side Dishes],[German],"[potato flakes, hot water, salt, eggs, all-purpose flour]"
German-Pancake-My-Recipes,German Pancake,4,2100.0,[Breakfast and Brunch],[German],"[large eggs, all-purpose flour, milk, kosher salt, vanilla extract, unsalted butter, fresh lemon juice, jam, confectioners sugar]"
German-Fried-Potatoes-683910,German Fried Potatoes,4,1800.0,[Side Dishes],[German],"[red potato, bacon, green onions, balsamic vinegar, white pepper]"
German-Vanilla-Cookies-631922,German Vanilla Cookies,4,4500.0,[Desserts],[German],"[flour, egg yolks, superfine sugar, almonds, butter, vanilla extract, salt, granulated sugar]"
German-Schnitzel-1307206,German Schnitzel,3,2400.0,[Main Dishes],[German],"[veal cutlets, pork, lemon juice, salt, flour, water, eggs, bread crumbs, butter, peanut oil, lemon, bacon, onions, mushrooms, tomato paste, white wine, paprika, thyme, pepper, parsley, sour cream]"
German-Spitzbuben-Cookies-631945,German Spitzbuben Cookies,4,5400.0,[Desserts],[German],"[butter, powdered sugar, egg whites, lemon juice, salt, white flour, strawberry jam, apricot jam]"
Potato-latkes-303488,Potato Latkes,4,2400.0,"[Appetizers, Breakfast and Brunch, Side Dishes]",[German],"[Lipton® Recipe Secrets® Onion Soup Mix, potatoes, all-purpose flour, eggs, vegetable oil]"
Bavarian-Style-Meatballs-Allrecipes,Bavarian Style Meatballs,5,14700.0,[Main Dishes],[German],"[tomatoes, cranberry sauce, sauerkraut, water, brown sugar, meatballs]"
Peach-Kuchen_-German-Peach-Cake-with-Canned-Peaches-1294179,"Peach Kuchen, German Peach Cake with Canned Peaches",4,4500.0,[Desserts],[German],"[all-purpose flour, sugar, baking powder, salt, mace, butter, whole milk, eggs, peach halves, heavy cream, flour, vanilla extract]"
Semmelknodel---German-Bread-Dumplings-1308066,Semmelknödel - German Bread Dumplings,3,3300.0,,[German],"[baguette, eggs, onions, milk, flour, nutmeg, pepper, salt, parsley]"
Grandma-Jeanette_s-Amazing-German-Red-Cabbage-Allrecipes,Grandma Jeanette's Amazing German Red Cabbage,5,6600.0,[Side Dishes],[German],"[butter, red cabbage, green apples, apple cider vinegar, water, white sugar, salt, black pepper, ground cloves]"
German_style-Green-Beans-TasteOfHome,German-Style Green Beans,5,1800.0,[Side Dishes],[German],"[fresh green bean, bacon, onions, salt, pepper]"
German-Butter-Cookies-441572,German Butter Cookies,5,4200.0,[Desserts],[German],"[flour, ground cinnamon, salt, butter, sugar, eggs, white wine]"
Cole-Slaw-Dressing-Allrecipes,Cole Slaw Dressing,4,900.0,[Salads],[German],"[egg yolks, white sugar, prepared mustard, butter, white vinegar, half & half]"
German-Pancakes-Ii-Allrecipes,German Pancakes II,5,3300.0,[Breakfast and Brunch],[German],"[butter, all-purpose flour, milk, eggs, salt]"
Lebkuchen-Christmas-cookie-1362319,Lebkuchen Christmas cookie,4,4200.0,[Desserts],[German],"[raw almond, sugar, eggs, all-purpose flour, hazelnut flour, ground cinnamon, ground cloves, ground ginger, ground allspice, salt, candied orange peel, grated lemon zest, sliced almonds]"
German-Style-Cabbage-and-Beans-1362245,German-Style Cabbage and Beans,3,1800.0,[Side Dishes],[German],"[fresh green bean, bacon slices, cider vinegar, sugar, chopped onion, salt, pepper, red cabbage]"
Sauteed-German-Sausages-with-Bacon-and-Apple-Sauerkraut-1350960,Sautéed German Sausages with Bacon and Apple Sauerkraut,3,5400.0,[Main Dishes],[German],"[vegetable oil, thick-cut bacon, onions, dry white wine, apples, juniper berries, bay leaves, sugar, freshly ground pepper, kosher salt, water, sauerkraut, sausages, whole grain mustard]"
Almond-Macaroons-Martha-Stewart,Almond Macaroons,5,3300.0,"[Lunch and Snacks, Desserts]",[German],"[almond paste, confectioners sugar, coarse salt, large egg whites, pure vanilla extract, sliced almonds]"
German-Chocolate-Brownie-Bites-Eat-at-Home-198308,German Chocolate Brownie Bites,5,1800.0,[Desserts],[Kid-Friendly],"[brownie mix, brownies, frosting]"
Baked-Apples-My-Recipes,Baked Apples,4,2100.0,"[Lunch and Snacks, Desserts]","[German, American]","[dried cranberries, chopped walnuts, brown sugar, water, ground cinnamon, gala apples]"
Sauerbraten-_German-Pot-Roast_-441050,Sauerbraten (German Pot Roast),5,6300.0,[Main Dishes],[German],"[beef, kosher salt, red wine, red wine vinegar, onions, carrots, bouquet garni, unsalted butter, bacon, flour, sugar, golden raisins, gingersnap, lemon, chopped parsley]"
German-Style-Kielbasa-Allrecipes,German Style Kielbasa,4,1800.0,,[German],"[apples, sauerkraut, brown sugar, sausages]"
German-Scones-Recipe-with-Cinnamon-Honey-Butter-966642,German Scones Recipe with Cinnamon Honey Butter,4,2400.0,[Breads],[German],"[dry yeast, warm water, boiling water, granulated sugar, butter, salt, eggs, flour, oil, honey, cinnamon]"
Cinnamon-stars-304279,Cinnamon Stars,3,5400.0,[Desserts],[German],"[all-purpose flour, Country Crock® Spread, sugar, large eggs, vanilla extract, ground cinnamon]"
Knodel-_-German-home-made-dumplings-750334,Knödel / German home-made dumplings,4,3000.0,,[German],"[potatoes, flour, nutmeg, small eggs, plums, sugar, butter, bread crumbs, regular sugar, cinnamon]"
Hazelnut-Cookies-Martha-Stewart-190878,Hazelnut Cookies,2,2100.0,[Desserts],"[German, American]","[unsalted butter, sugar, all-purpose flour, hazelnut meal, coarse salt]"
German-Sauerkraut-1044270,German Sauerkraut,3,2700.0,[Side Dishes],[German],"[cabbage, sea salt, caraway seeds]"
Vanille-Kipferl-I-Allrecipes,Vanille Kipferl I,5,2400.0,[Desserts],[German],"[all-purpose flour, white sugar, ground almonds, unsalted butter, vanilla sugar, confectioners sugar]"
Hazelnut-Meringues-Martha-Stewart-193387,Hazelnut Meringues,4,3300.0,[Desserts],"[German, French]","[blanched hazelnuts, large egg whites, confectioners sugar, coarse salt]"
Small-Batch-Sauerkraut-1358508,Small-Batch Sauerkraut,4,4200.0,,[German],"[cabbage, sea salt, caraway seeds, sauerkraut, grated carrot, red cabbage, peanut oil, granulated sugar, freshly ground black pepper, bacon, onions, carrots, garlic cloves, new potatoes, salt, pepper]"
Spritz-Cookies-496820,Spritz Cookies,0,3300.0,[Desserts],[German],"[unsalted butter, egg yolks, powdered sugar, salt, all-purpose flour, corn starch, milk, vanilla extract, sprinkles]"
Sweet-And-Tangy-Green-Beans-Allrecipes,Sweet and Tangy Green Beans,4,1800.0,[Side Dishes],[German],"[bacon, green beans, onions, white sugar, white vinegar]"
German-Potato-Salad-970207,German Potato Salad,4,3600.0,"[Salads, Side Dishes]",[German],"[red potato, salt, bacon, apple cider vinegar, sugar, dijon mustard, ground black pepper, garlic, fresh parsley]"
German-Potato-Pancakes-Allrecipes,German Potato Pancakes,5,2700.0,[Breakfast and Brunch],[German],"[eggs, all-purpose flour, baking powder, salt, pepper, potatoes, finely chopped onion, vegetable oil]"
Lebkuchen-1352750,Lebkuchen,4,2700.0,[Desserts],[German],"[eggs, sugar, flour, unsweetened cocoa powder, cinnamon, cardamon, ground cloves, nutmeg, almond meal, candied orange peel, semi-sweet chocolate morsels, white chocolate chips]"
German-Puff-Pancakes-AllRecipes,German Puff Pancakes,4,1800.0,[Breakfast and Brunch],[German],"[eggs, all-purpose flour, milk, salt, vanilla extract, ground cinnamon, salted butter]"
German-Rouladen-Allrecipes,German Rouladen,5,5400.0,,[German],"[flank steak, stone ground mustard, thick-cut bacon, onions, dill pickle slices, butter, water, beef bouillon]"
Pfeffernusse-_German-Spice-Cookies_-1214703,Pfeffernusse (German Spice Cookies),4,33120.0,[Desserts],[German],"[butter, dark brown sugar, eggs, molasses, baking soda, hot water, all-purpose flour, salt, anise seed, ground cloves, ground black pepper, cardamom, nutmeg, sugar, granulated sugar, water, powdered sugar]"
Traditional-noodle-kugel-297086,Traditional Noodle Kugel,4,5400.0,[Side Dishes],[German],"[Country Crock® Spread, apricot preserves, sugar, sour cream, cottage cheese, large eggs, egg noodles, ground cinnamon]"
Spritz-Cookies-TasteOfHome,Spritz Cookies,5,2400.0,[Desserts],"[American, German]","[butter, sugar, eggs, vanilla extract, all-purpose flour, baking powder]"
Making-Sauerkraut-in-a-Mason-Jar-1114614,Making Sauerkraut in a Mason Jar,4,1500.0,,[German],"[green cabbage, sea salt, peppercorns, carrots, apples, caraway seeds]"
German-Potato-Salad-1059406,German Potato Salad,4,2700.0,"[Salads, Side Dishes]",[German],"[red potato, bacon slices, onions, sugar, water, vinegar, flour, salt, pepper]"
German-Apple-Cake-Martha-Stewart-195573,German Apple Cake,5,4500.0,[Desserts],[German],"[all-purpose flour, baking powder, coarse salt, unsalted butter, sugar, large eggs, pure vanilla extract, ground cinnamon, lemon, tart apples]"
Old-German-Honey-Cookies-Allrecipes,Old German Honey Cookies,4,2100.0,[Desserts],[German],"[white sugar, shortening, honey, eggs, vanilla extract, baking soda, all-purpose flour, ground ginger]"
Great-Grandma_s-Pork-And-Sauerkraut-Allrecipes,Great Grandma's Pork and Sauerkraut,4,3900.0,[Main Dishes],[German],"[vegetable oil, boneless pork loin, sauerkraut, apples]"
Szegediner-Gulasch-_German-Sauerkraut-Beef-Goulash_-1333053,Szegediner Gulasch (German Sauerkraut Beef Goulash),4,7500.0,[Main Dishes],[German],"[beef shoulder roast, hungarian sweet paprika, hungarian hot paprika, vegetable oil, lard, onions, kosher salt, cracked black pepper, garlic, tomato paste, low sodium beef broth, dry red wine, water, sauerkraut, corn starch, sour cream]"
Dutch-Apple-Pancake-457571,Dutch Apple Pancake,5,,[Breakfast and Brunch],[German],"[unsalted butter, golden delicious apples, ground cinnamon, granulated sugar, eggs, milk, all-purpose flour, salt, confectioners sugar]"
German-Fried-Egg-Cake-_Spiegeleierkuchen_-1339007,German Fried Egg Cake (Spiegeleierkuchen),4,3300.0,[Desserts],[German],"[cake flour, caster sugar, baking powder, fine sea salt, unsalted butter, large eggs, vanilla yogurt, vanilla extract, lemon extract, apricot halves, whole milk, corn starch, powdered gelatin, cold water]"
Slow-Cooker-Kielbasa-And-Beer-Allrecipes,Slow Cooker Kielbasa and Beer,4,22200.0,,[German],"[sausages, beer, sauerkraut]"
German-Sauerbraten-Roast-1275283,German Sauerbraten Roast,4,4200.0,[Main Dishes],[German],"[beef roast, red wine vinegar, red wine, water, onions, bay leaves, clove, peppercorns, beef stock]"
Five-Hour-Sauerbraten-1280557,Five Hour Sauerbraten,4,4200.0,[Main Dishes],[German],"[beef stew meat, apple cider vinegar, red wine vinegar, brown sugar, water, ground pepper, salt, onions, whole cloves, bay leaf, baby carrots, cookies]"
Soft-Pretzels-MyRecipes-237209,Soft Pretzels,4,5400.0,"[Lunch and Snacks, Breads]",[German],"[active dry yeast, sugar, salt, whole wheat flour, all-purpose flour, baking soda, coarse salt]"
How-To-Make-Authentic-German-Bratwurst-From-Scratch-961245,How To Make Authentic German Bratwurst From Scratch,4,2700.0,,[German],"[fresh sage, garlic, kosher salt, black pepper, eggs, skim milk, water, mustard powder, caraway seeds]"
Sweet-And-Sour-Slaw-My-Recipes_1,Sweet and Sour Slaw,4,1500.0,"[Side Dishes, Salads]","[German, American, Asian]","[sugar, cider vinegar, vegetable oil, salt, cabbage, green onions]"
Rotkohl-German-Red-Cabbage-1312768,Rotkohl – German Red Cabbage,4,3900.0,[Side Dishes],[German],"[red cabbage, onions, bacon, cooking apples, red currant jelly, bay leaf, salt, pepper, butter, red wine vinegar, sweet red wine, apple cider]"
German-Apple-Cake-I-Allrecipes,German Apple Cake I,5,5100.0,[Desserts],[German],"[eggs, vegetable oil, white sugar, ground cinnamon, salt, vanilla extract, all-purpose flour, baking soda, apples]"
German-Wurst-Salat-_Bologna-Salad_-1270238,German Wurst Salat (Bologna Salad),3,900.0,[Salads],[German],"[bologna, purple onion, cheddar cheese, pepper, dill pickles, sea salt, garlic powder, extra-virgin olive oil, red wine vinegar]"
German-Pork-Burger-Simply-Recipes-45831,German Pork Burger,5,1800.0,[Main Dishes],[German],"[ground pork, kosher salt, juniper berries, caraway seeds, black pepper, chopped parsley, sour cream, vegetable oil, sauerkraut, whole grain mustard, burger buns]"
Cinnamon-Stars-Allrecipes,Cinnamon Stars,4,3900.0,[Desserts],[German],"[ground almonds, ground cinnamon, lemon zest, egg whites, salt, confectioners sugar, lemon juice]"
German-Pork-Schnitzel-1046680,German Pork Schnitzel,4,3900.0,,[German],"[schnitzel, flour, scallopini, corn flakes, eggs, sauce, Maggi, oil, cucumber salad, dill, potatoes, onions]"
Authentic-German-Weiner-Schnitzel-1198799,Authentic German Weiner Schnitzel,4,900.0,[Main Dishes],[German],"[pork loin chops, eggs, almond flour, tapioca flour, dried oregano, cayenne pepper, salt, olive oil]"
Marzipan-Ii-Allrecipes,Marzipan II,2,3000.0,[Desserts],[German],"[almond paste, egg whites, confectioners sugar, vanilla]"
Coconut-Macaroons-German-Style-Allrecipes,Coconut Macaroons German Style,4,1200.0,[Desserts],[German],"[flaked coconut, egg whites, white sugar, ground cinnamon, almond extract]"
Wiener-Schnitzel-Allrecipes,Wiener Schnitzel,5,2100.0,"[Lunch and Snacks, Main Dishes]",[German],"[veal, all-purpose flour, eggs, vegetable oil, pepper, salt, bread crumbs, oil]"
Hot-German-Potato-Salad-Iii-Allrecipes,Hot German Potato Salad III,5,3600.0,,[German],"[potatoes, bacon, onions, all-purpose flour, white sugar, salt, celery seed, ground black pepper, water, white vinegar]"
Anna_s-German-Dumplings-Allrecipes,Anna's German Dumplings,4,5700.0,,[German],"[milk, salt, all-purpose flour, cold water, eggs]"
Williams-Sonoma-Dresden-Stollen-with-Cranberries-1323602,Williams Sonoma Dresden Stollen with Cranberries,4,4500.0,[],[German],"[dried cranberries, currant, citron, candied orange peel, brandy, warm water, active dry yeast, milk, unsalted butter, granulated sugar, salt, eggs, almond extract, almonds, plain flour, marzipan, confectioners sugar]"
Bierrocks-Iii-Allrecipes,Bierrocks III,4,7500.0,[Main Dishes],[German],"[dough, lean ground beef, pork sausages, shredded cabbage, chopped onion, salt, butter]"
German-Pancakes-with-Apples-488629,German Pancakes with Apples,4,2400.0,[Breakfast and Brunch],[German],"[milk, flour, eggs, salt, butter, apples, sugar, ground cinnamon, fresh lemon juice, brown sugar]"
Traditional-German-Rotkohl-_Sweet_Sour-Red-Cabbage_-1289966,Traditional German Rotkohl (Sweet/Sour Red Cabbage),4,8700.0,,[German],"[red cabbage, yellow onion, granny smith apples, butter, jam, red wine vinegar, vegetable broth, bay leaf, clove, juniper berries, sugar, salt, gluten free all purpose flour, water]"
German-Potato-Salad-1006378,German Potato Salad,3,2400.0,[],[German],"[onions, bacon, cider vinegar, all-purpose flour, sugar, water, pepper, salt, potatoes]"
German-Apple-Strudel-938874,German Apple Strudel,3,4200.0,[Desserts],[German],"[apples, bread crumb fresh, unsalted butter, granulated sugar, cinnamon, raisins, lemon, phyllo]"
German_style-Pickled-Eggs-TasteOfHome,German-Style Pickled Eggs,5,1200.0,,[German],"[cider vinegar, sugar, water, prepared mustard, salt, celery seed, mustard seeds, clove, onions, eggs]"
Sweet-and-Sour-Red-Cabbage-_German-Style_-Adapted-from-Cooks_com-535066,Sweet and Sour Red Cabbage (German Style) Adapted from Cooks.com,4,5100.0,[Side Dishes],[German],"[butter, apples, purple onion, red cabbage, red wine, clove, brown sugar, bay leaves, vinegar, lemon]"
Marzipan-Martha-Stewart-194848,Marzipan,4,1500.0,[Desserts],[German],"[corn syrup, confectioners sugar, orange, almond paste]"
Bierock-Casserole-Allrecipes,Bierock Casserole,4,2700.0,[Main Dishes],"[German, Kid-Friendly]","[chopped onion, lean ground beef, sauerkraut, refrigerated crescent rolls, shredded cheddar cheese]"
Sauerkraut-and-Apples-1165895,Sauerkraut and Apples,3,3300.0,,[German],"[butter, bacon, onions, tart apples, sauerkraut, beer, black pepper, caraway seeds]"
Dutch-Baby-Pancake-Martha-Stewart-193760,Dutch Baby Pancake,4,2700.0,[Breakfast and Brunch],[German],"[unsalted butter, granny smith apples, honey, ground cardamom, large eggs, milk, all-purpose flour, salt, confectioners sugar]"
German-Lemon-Cake-Allrecipes,German Lemon Cake,4,5700.0,[Desserts],[German],"[butter, white sugar, eggs, rum, all-purpose flour, corn starch, lemon juice, confectioners sugar]"
Soft-Pretzels-TasteOfHome,Soft Pretzels,4,3900.0,"[Breads, Lunch and Snacks]","[American, German]","[active dry yeast, warm water, sugar, salt, butter, eggs, all-purpose flour, egg yolks, water, coarse salt]"
German-apple-pancakes-369859,German Apple Pancakes,5,2100.0,[Breakfast and Brunch],[German],"[butter, apples, eggs, flour, milk, salt, cinnamon, brown sugar]"
Mixed-Berry-Dutch-Baby-MyRecipes-213118,Mixed-Berry Dutch Baby,4,2100.0,"[Desserts, Breakfast and Brunch]","[German, American]","[large eggs, grated lemon zest, sugar, salt, all-purpose flour, milk, raspberries, blackberries, unsalted butter, confectioners sugar]"
Wiener-Schnitzel-with-Pork-526876,Wiener Schnitzel with Pork,3,2100.0,[Main Dishes],[German],"[all-purpose flour, coarse salt, freshly ground pepper, large eggs, bread crumbs, cutlet, canola oil, unsalted butter, flat leaf parsley, lemon wedge]"
Stollen-964672,Stollen,3,7200.0,[],[German],"[strong white bread flour, caster sugar, instant yeast, salt, unsalted butter, whole milk, ground nutmeg, ground cloves, vanilla extract, almond extract, blanched almonds, raisins, currant, mixed peel, butter, marzipan, powdered sugar]"
Black-and-white-cookies-307177,Black and White Cookies,5,4800.0,[Desserts],[German],"[granulated sugar, unsalted butter, large eggs, milk, vanilla extract, lemon extract, cake flour, all-purpose flour, baking powder, salt, confectioners sugar, water, unsweetened chocolate, light corn syrup, unsweetened cocoa powder]"
Pfeffernusse-1034797,Pfeffernüsse,5,3300.0,[Desserts],[German],"[ground cinnamon, ground cloves, ground nutmeg, ground black pepper, ground ginger, ground cardamom, baking soda, white flour, whole wheat flour, eggs, dark brown sugar, walnuts, powdered sugar]"
Sour-Cherry-Strudels-Epicurious,Sour Cherry Strudels,4,18000.0,"[Desserts, Breakfast and Brunch]",[German],"[sour cherries, granulated sugar, corn starch, phyllo, unsalted butter, confectioners sugar]"
German-Potato-Salad-1306400,German Potato Salad,3,3300.0,[Salads],[German],"[kosher salt, small red potato, bacon slices, olive oil, yellow onion, celery ribs, white wine vinegar, fresh marjoram, freshly ground pepper, dry mustard, beef stock]"
Cinnamon-Stars-Allrecipes_1,Cinnamon Stars,3,1800.0,[Desserts],[German],"[butter, sugar, eggs, all-purpose flour, ground cinnamon]"
Beer-Simmered-Bratwurst-1216658,Beer-Simmered Bratwurst,4,3000.0,[Main Dishes],[German],"[beer, ground caraway, chopped fresh sage, brats, all-purpose flour, sea salt, freshly ground pepper, coconut oil, whole grain mustard]"
German-Onion-and-Bacon-Pie-_Zwiebelkuchen_-1126088,German Onion and Bacon Pie (Zwiebelkuchen),3,4800.0,[],[German],"[refrigerated piecrusts, butter, yellow onion, thick-cut bacon, full fat sour cream, large eggs, all purpose unbleached flour, salt, caraway seeds]"
Linzer-Cookies-Serious-Eats-200816,Linzer Cookies,4,6300.0,[Desserts],[German],"[unsalted butter, confectioners sugar, sugar, baking powder, vanilla extract, ground cinnamon, salt, hazelnut flour, all-purpose flour, eggs, raspberry jam]"
Sausage-and-Sauerkraut-AllRecipes-39913,Sausage and Sauerkraut,5,12900.0,[Main Dishes],[German],"[sauerkraut, caraway seeds, brown sugar, apples, bacon, onions, sausages]"
Linzer-cookies-303967,Linzer Cookies,4,4140.0,"[Afternoon Tea, Desserts]",[German],"[all-purpose flour, almonds, baking powder, salt, granulated sugar, eggs, raspberry jam, confectioners sugar, I Can't Believe It's Not Butter!® All Purpose Sticks, vanilla extract]"
Linzer-cookies-349690,Linzer Cookies,5,3600.0,[Desserts],[German],"[unsalted butter, granulated sugar, flour, blanched almonds, ground cinnamon, ground nutmeg, seedless raspberry jam, confectioners sugar]"
Dutch-Baby-Apple-Pancake-MyRecipes-241454,Dutch Baby Apple Pancake,4,3300.0,[Breakfast and Brunch],"[German, American]","[half & half, large eggs, vanilla extract, unsalted butter, all-purpose flour, salt, cinnamon, light brown sugar, lemon juice, granny smith apples, chopped walnuts, confectioners sugar]"
German-Apple-Pancake-Allrecipes,German Apple Pancake,4,2700.0,[Breakfast and Brunch],[German],"[eggs, all purpose unbleached flour, baking powder, sugar, salt, milk, vanilla extract, unsalted butter, ground nutmeg, white sugar, ground cinnamon, tart apples]"
German_russian_dakota-Knefla-Allrecipes,German-Russian-Dakota Knefla,4,3900.0,,[German],"[all-purpose flour, baking powder, salt, black pepper, eggs, milk, vegetable oil, potatoes]"
Black-Forest-Cheesecake-Parfaits-My-Recipes,Black Forest Cheesecake Parfaits,4,3000.0,[Desserts],[German],"[cherries, cherry preserves, sugar, fresh lemon juice, cream cheese, chocolate wafer crumbs, grated lemon zest]"
Haselnussmakronen-Allrecipes,Haselnussmakronen,5,6300.0,[Desserts],[German],"[butter, egg whites, white sugar, hazelnuts, unsweetened cocoa powder, lemon zest, salt, vanilla extract]"
German-Potato-Salad-_Crock-Pot_-1145735,German Potato Salad {Crock Pot},4,15900.0,[Side Dishes],[German],"[potatoes, drippings, bacon, onions, cream of chicken soup, water, cider vinegar, sugar, dried parsley, pepper, fresh parsley]"
Chicken-In-Riesling-Epicurious,Chicken in Riesling,5,3600.0,[Main Dishes],"[German, French]","[chicken, vegetable oil, unsalted butter, leeks, shallots, carrots, dry white wine, red potato, flat leaf parsley, crème fraîche, fresh lemon juice]"
Braised-Red-Cabbage-Martha-Stewart,Braised Red Cabbage,4,4500.0,[Side Dishes],[German],"[red wine, honey, extra-virgin olive oil, fennel seeds, red cabbage, coarse salt, ground black pepper]"
Braised-bratwurst-with-bacon_-apples-and-_kraut-348219,"Braised Bratwurst with Bacon, Apples and 'Kraut",4,2100.0,,[German],"[beer, chicken broth, sausages, bacon, onions, sauerkraut, carrots, granny smith apples]"
German-Pancake-TasteOfHome,German Pancake,5,1800.0,[Breakfast and Brunch],[German],"[eggs, milk, all-purpose flour, salt, butter, sugar, buttermilk, corn syrup, baking soda, vanilla extract, confectioners sugar]"
Stollen-Loaf-1304895,Stollen Loaf,4,6300.0,[Breads],[German],"[all-purpose flour, unsalted butter, milk, powdered sugar, sugar, raisins, almonds, crystallized ginger, orange liqueur, large eggs, active dry yeast, orange zest, vanilla extract, ground cardamom, kosher salt, nutmeg, vegetable oil]"
Sacher-Torte-MyRecipes-240589,Sacher Torte,3,,[Desserts],[German],"[butter, powdered sugar, dark chocolate, eggs, white sugar, all-purpose flour, baking powder, cocoa, milk, apricot jam]"
Pfeffernusse-_-German-Pepper-Nut-Cookies-484815,Pfeffernusse ~ German Pepper Nut Cookies,4,,[Desserts],[German],"[butter, light brown sugar, molasses, eggs, all-purpose flour, baking soda, kosher salt, cinnamon, anise seed, ground black pepper, ground nutmeg, ground allspice, ground cardamom, ground cloves, powdered sugar]"
German-Cinnamon-Stars-1052385,German Cinnamon Stars,4,3300.0,[Desserts],[German],"[powdered sugar, ground almonds, cinnamon, egg whites]"
Hungarian-Poppy-Seed-Filling-AllRecipes,Hungarian Poppy Seed Filling,5,3600.0,[Desserts],"[German, Hungarian]","[poppy seeds, milk, margarine, white sugar, salt, eggs]"
Colander-Spaetzle-Epicurious-53820,Colander Spaetzle,3,1500.0,,[German],"[ricotta cheese, eggs, salt, white pepper, grated nutmeg, all-purpose flour]"
German-Currywurst-Allrecipes,German Currywurst,4,1800.0,[],[German],"[tomato sauce, kielbasa, chili sauce, onion salt, white sugar, ground black pepper, paprika, curry powder]"
Linzer-Tarts-Allrecipes,Linzer Tarts,4,7200.0,[Desserts],[German],"[unsalted butter, white sugar, all-purpose flour, ground almonds, ground cinnamon, raspberry jam, confectioners sugar]"
Plum-kuchen-305516,Plum Kuchen,5,,[Breakfast and Brunch],[German],"[active dry yeast, warm water, all-purpose flour, sugar, salt, plain whole-milk yogurt, large eggs, grated lemon zest, pure vanilla extract, unsalted butter, plums]"
German-Style-Chicken-Schnitzel-963959,German-Style Chicken Schnitzel,3,1800.0,[Main Dishes],[German],"[boneless skinless chicken breasts, freshly ground pepper, kosher salt, vegetable oil, all-purpose flour, large eggs, whole grain mustard, panko breadcrumbs, flat leaf parsley, lemon wedge]"
Potato-dumplings-349835,Potato Dumplings,5,,"[Lunch and Snacks, Side Dishes]",[German],"[boiling potatoes, white bread, butter, salt, large eggs, flour, pepper, nutmeg]"
Giant-bavarian-pretzels-346618,Giant Bavarian Pretzels,5,3600.0,[Breads],[German],"[water, active dry yeast, flour, light brown sugar, table salt, large eggs, unsalted butter, baking soda, coarse salt]"
German-Apple-Pancakes-1313778,German Apple Pancakes,4,2400.0,[Breakfast and Brunch],[German],"[eggs, all-purpose flour, milk, salt, butter, apples, sugar, ground nutmeg, ground cinnamon, almonds, raisins, ground cloves, pears, brown butter, ice cream]"
Panforte-458719,Panforte,0,,,[German],"[almonds, hazelnuts, candied citrus peel, all-purpose flour, ground cinnamon, ground cloves, ground coriander, grated nutmeg, ground allspice, ground white pepper, honey, granulated sugar, confectioners sugar]"
Spare-Ribs_-Cabbage_-and-Sauerkraut-Simply-Recipes-42873,"Spare Ribs, Cabbage, and Sauerkraut",5,6300.0,[Main Dishes],[German],"[pork spare ribs, garlic, caraway seeds, cracked black pepper, freshly ground pepper, kosher salt, sauerkraut, shredded cabbage, yellow onion, brown sugar, water, chicken stock, beer]"
Hot-German-Potato-Salad-1230841,Hot German Potato Salad,4,3000.0,[Salads],[German],"[yukon gold potatoes, bacon, finely chopped onion, flour, sugar, white wine vinegar, water, salt, ground black pepper, chopped parsley]"
German-Style-Potato-Salad-682519,German-Style Potato Salad,4,2400.0,"[Side Dishes, Salads]",[German],"[waxy potatoes, bacon, vegetable oil, purple onion, whole grain mustard, apple cider vinegar, ground black pepper, salt, fresh chives]"
Butterkuchen-Allrecipes,Butterkuchen,4,7200.0,[Breads],"[German, Kid-Friendly]","[dry yeast, water, milk, white sugar, salt, butter, all-purpose flour, eggs, ground cinnamon]"
Springerle-Iv-Allrecipes,Springerle IV,3,6780.0,[Desserts],[German],"[eggs, white sugar, lemon zest, anise oil, all-purpose flour, bakers ammonia, anise seed]"
German-Style-Beef-Roast-623094,German-Style Beef Roast,3,1500.0,[Main Dishes],[German],"[boneless beef chuck pot roast, vegetable oil, carrots, onions, celery, dill pickles, dry red wine, mustard, cracked black pepper, ground cloves, bay leaves, flour, spaetzle, fresh parsley]"
German-Christmas-Stollen-574447,German Christmas Stollen,4,6300.0,[Breads],[German],"[slivered almonds, raisins, dried currants, dried apricot, dried cherry, dark rum, all-purpose flour, active dry yeast, sugar, kosher salt, milk, water, butter, grated lemon zest, eggs, almond extract, dough, grapeseed oil, unsalted butter, powdered sugar]"
Mini-Dutch-Apple-Pancakes-458531,Mini Dutch Apple Pancakes,5,,[Breakfast and Brunch],[German],"[unsalted butter, granny smith apples, granulated sugar, ground cinnamon, eggs, all-purpose flour, milk, sour cream, salt, grated lemon zest, confectioners sugar]"
German-Spice-Cookies-_Pfeffernusse_-898882,German Spice Cookies (Pfeffernüsse),5,3300.0,[Desserts],[German],"[honey, molasses, butter, eggs, whole wheat pastry flour, candied lemon peel, almonds, ground cinnamon, ground black pepper, ground cloves, ground cardamom, baking powder, vegetable oil, confectioners sugar, light rum]"
Sand-Tarts-My-Recipes,Sand Tarts,4,5100.0,"[Lunch and Snacks, Desserts]","[German, American]","[butter, almonds, sugar, large egg whites, vanilla, almond extract, all-purpose flour]"
Venison-Sauerbraten-Simply-Recipes-42472,Venison Sauerbraten,5,18000.0,[Main Dishes],[German],"[roast, red wine, red wine vinegar, water, black peppercorns, juniper berries, mustard seeds, clove, bay leaves, dried thyme, celery ribs, carrots, onions, melted butter, cookies, butter, flour, salt]"
Cheesy-Brat-Stew-For-The-Slow-Cooker-Allrecipes,Cheesy Brat Stew for the Slow Cooker,4,11700.0,[Main Dishes],[German],"[brats, potatoes, dried minced onion, green beans, red bell pepper, shredded cheddar cheese, cream of mushroom soup, water]"
German-Potato-Salad-with-Dill-604598,German Potato Salad with Dill,3,2100.0,"[Salads, Side Dishes]",[German],"[waxy potatoes, olive oil, onions, ground black pepper, kosher salt, apple cider vinegar, scallions, fresh dill, caraway seeds]"
German-Cut_out-Cookies-Allrecipes,German Cut-Out Cookies,4,2700.0,"[Desserts, Afternoon Tea]",[German],"[butter, brown sugar, eggs, vanilla extract, all-purpose flour, baking soda, baking powder, salt]"
German-Sausage-Chowder-Allrecipes,German Sausage Chowder,4,3600.0,[Soups],[German],"[chicken bouillon, potatoes, sausages, onions, cabbage, evaporated milk, swiss cheese, salt]"
German-Apple-Pancake-589727,German Apple Pancake,4,3600.0,[Breakfast and Brunch],[German],"[granny smith apples, butter, brown sugar, cinnamon, nutmeg, allspice, granulated sugar, all-purpose flour, eggs, whole milk, baking powder, vanilla, salt]"
Bakewell-tart-305459,Bakewell Tart,5,,[Desserts],"[German, Irish]","[tart shells, chopped almonds, all-purpose flour, sugar, unsalted butter, large eggs, large egg whites, almond extract, orange zest, raspberry jam, sliced almonds]"
Bierocks-Roll-Up-1024000,Bierocks Roll Up,4,4500.0,[Main Dishes],[German],"[dough, hamburger, white onion, garlic, cabbage, caraway seeds, parsley, salt, pepper, sharp cheddar cheese, water]"
Pfeffernusse-933252,Pfeffernusse,4,4200.0,"[Desserts, Afternoon Tea]",[German],"[all-purpose flour, baking powder, baking soda, salt, ground cinnamon, ground ginger, ground cloves, ground cardamom, ground white pepper, unsalted butter, granulated sugar, molasses, eggs, powdered sugar, cookies]"
Dobos-Torte-Allrecipes,Dobos Torte,5,10800.0,[Desserts],[German],"[egg whites, egg yolks, white sugar, milk, lemon zest, salt, vanilla extract, all-purpose flour, shortening, chocolate]"
German-Sauerbraten-750355,German Sauerbraten,4,5100.0,[Main Dishes],[German],"[lean beef, salt, bacon, canola oil, rosemary, marinade, bread, apples, garlic, celery, carrots, onions, butter, sugar, flour, water, bay leaves, juniper berries, vinegar]"
Linzer-Cookies-457814,Linzer Cookies,5,,"[Afternoon Tea, Desserts]",[German],"[slivered almonds, unsalted butter, granulated sugar, egg yolks, lemon zest, vanilla extract, almond extract, all-purpose flour, ground cinnamon, salt, seedless raspberry jam, confectioners sugar]"
German-Apple-Pancake-1021762,German Apple Pancake,4,2400.0,[Breakfast and Brunch],[German],"[butter, eggs, all-purpose flour, milk, vanilla extract, vegetable oil, salt, apples, brown sugar, cinnamon]"
German-Plum-_or-Apple_-Cake-1167982,German Plum (or Apple) Cake,3,4500.0,[Desserts],[German],"[butter, sugar, self raising flour, eggs, cooking apples, raw sugar, nutmeg, sultana, cinnamon, lemon]"
Apple-Kuchen-My-Recipes,Apple Kuchen,4,3900.0,[Desserts],[German],"[unsalted butter, sugar, large eggs, all-purpose flour, baking powder, mcintosh apples, cinnamon, apricot jam, lemon juice]"
German-Apple-Pancakes-Martha-Stewart,German Apple Pancakes,4,3000.0,[Breakfast and Brunch],[German],"[unsalted butter, granulated sugar, granny smith apples, light brown sugar, lemon juice, ground cinnamon, all-purpose flour, salt, large eggs, milk, confectioners sugar]"
Schaum-Torte-Allrecipes,Schaum Torte,4,9300.0,[Desserts],[German],"[egg whites, vinegar, vanilla extract, white sugar, vanilla ice cream, frozen strawberries]"
German-Zwiebelkuchen-_onion-Pie_-Allrecipes,German Zwiebelkuchen (Onion Pie),4,7200.0,[Main Dishes],[German],"[onions, bacon, sour cream, eggs, all-purpose flour, salt, caraway seeds, single crust pie, pastry]"
German-Wurst-Salad-Allrecipes,German Wurst Salad,4,8400.0,[Salads],[German],"[bologna, chives, fresh parsley, minced garlic, finely chopped onion, tomatoes, dill pickles, white vinegar, vegetable oil]"
Cream-Of-Beer-Soup-Allrecipes,Cream of Beer Soup,2,5400.0,[Soups],[German],"[beer, white sugar, ground white pepper, ground cinnamon, salt, ground nutmeg, heavy cream, egg yolks, egg whites]"
Pickled-Red-Cabbage-and-Spaetzle-1320274,Pickled Red Cabbage and Spaetzle,4,4800.0,[Side Dishes],[German],"[red cabbage, olive oil, apple cider vinegar, orange juice, orange, salt, eggs, milk, flour, butter]"
Spritz-Cookies-Iii-Allrecipes,Spritz Cookies III,3,2700.0,[Desserts],[German],"[butter, confectioners sugar, eggs, egg yolks, almond extract, all-purpose flour, candied cherries]"
Chocolate-Baklava-MyRecipes-211777,Chocolate Baklava,4,4860.0,[Desserts],"[Mediterranean, German, Greek]","[honey, water, cinnamon sticks, chocolate spread, roasted hazelnuts, roasted pistachios, toasted almonds, toasted walnuts, ground cinnamon, salt, cooking spray, phyllo dough, butter]"
Granny_s-Smothered-Chicken-Allrecipes,Granny's Smothered Chicken,4,3000.0,[Main Dishes],"[Southern & Soul Food, German, American]","[vegetable oil, chicken, pepper, salt, all-purpose flour, red potato, clove]"
German-Tomato-Soup-Allrecipes,German Tomato Soup,4,9000.0,[Soups],[German],"[ground beef, condensed tomato soup, milk, water, potatoes, cabbage, carrots, onions]"
Zwiebelkuchen-_Onion-Cake_-996316,Zwiebelkuchen (Onion Cake),4,8400.0,,[German],"[active dry yeast, melted butter, milk, sugar, salt, all-purpose flour, sour cream, eggs, pepper, vegetable oil, onions, chopped bacon]"
German-Sauerbraten-TasteOfHome,German Sauerbraten,5,1200.0,[Main Dishes],[German],"[salt, ground ginger, top round roast, water, cider vinegar, sugar, onions, pickling spices, whole peppercorn, clove, bay leaves, vegetable oil, gingersnap]"
Wiener-Schnitzel-MyRecipes-246941,Wiener Schnitzel,3,2100.0,"[Lunch and Snacks, Main Dishes]",[German],"[all-purpose flour, large eggs, panko, medaillons of pork, pepper, salt, vegetable oil, unsalted butter]"
German-Plum-Cake-_Pflaumenkuchen_-1169769,German Plum Cake (Pflaumenkuchen),4,4800.0,[],[German],"[butter, milk, plain flour, dry yeast, large eggs, salt, vanilla beans, sugar, plums]"
German-Beef-Rouladen-Allrecipes,German Beef Rouladen,4,3300.0,[Main Dishes],[German],"[dijon mustard, round steaks, minced onion, paprika, salt, ground black pepper, bacon, canola oil, beef broth, water, corn starch, warm water, sour cream]"
Red-Cabbage-Allrecipes,Red Cabbage,5,4200.0,[Side Dishes],[German],"[water, red cabbage, apples, brown sugar, white vinegar, ground cinnamon, ground allspice, ground cloves, butter]"
Pork-Schnitzel-with-Sweet-and-Sour-Red-Cabbage-__15-Paypal-Giveaway_-1116227,Pork Schnitzel with Sweet and Sour Red Cabbage {$15 Paypal Giveaway},4,1080.0,[Main Dishes],[German],"[pork steaks, salt, pepper, flour, eggs, Italian seasoned breadcrumbs, oil, red cabbage]"
German-Rouladen-_-Beef-Roll-Ups-750338,German Rouladen / Beef Roll-Ups,4,6300.0,[Main Dishes],[German],"[steak, pepper, salt, bacon, butter oil, onions, flour, tomato paste, beef broth, carrots, celery, pickles, chopped parsley, mustard]"
Flammkuchen-1324304,Flammkuchen,4,3300.0,[Main Dishes],[German],"[all purpose unbleached flour, salt, water, olive oil, crème fraîche, nutmeg, bacon, onions, black pepper, cornmeal]"
Kartoffel-Kloesse-_potato-Dumplings_-Allrecipes,Kartoffel Kloesse (Potato Dumplings),4,1800.0,[Side Dishes],"[German, American]","[potatoes, salt, eggs, all-purpose flour, bread crumbs, ground nutmeg, butter, finely chopped onion, dry bread crumbs]"
Hazelnut-Gateau-Breton-558409,Hazelnut Gâteau Breton,5,6300.0,[Desserts],"[German, French]","[vanilla sugar, hazelnuts, large egg yolks, salted butter, all purpose unbleached flour, strawberries]"
German-Spaetzle-With-Sauerkraut-Allrecipes,German Spaetzle with Sauerkraut,4,1500.0,,[German],"[vegetable oil, all-purpose flour, salt, large eggs, water, sauerkraut, butter, plain breadcrumbs]"
Rouladen-_German-Braised-Beef-Rolls_-568221,Rouladen (German Braised Beef Rolls),3,6300.0,[],[German],"[boneless beef chuck, kosher salt, ground black pepper, whole grain mustard, bacon, dill pickles, yellow onion, unsalted butter, garlic, carrots, celery, dry red wine, beef stock, bay leaf, flour, chopped parsley, sauerkraut, boiling potatoes]"
Quark-German-Style-Cheesecake-1102414,Quark German Style Cheesecake,4,5400.0,[Desserts],[German],"[crust, graham cracker crumbs, sugar, melted butter, cake, eggs, vanilla extract, cream quark, milk, flour, lemon juice]"
German-Applesauce-1299137,German Applesauce,4,2700.0,,[German],"[apples, lemon]"
Sacher-torte-356983,Sacher Torte,0,7200.0,[Desserts],"[American, German]","[large eggs, all-purpose flour, almond flour, salt, unsalted butter, sugar, bittersweet chocolate, apricot preserves, light corn syrup, rum, whipped cream]"
Traditional-Stollen-Bread-1233942,Traditional Stollen Bread,4,6900.0,[Breads],[German],"[active dry yeast, warm water, 2% reduced-fat milk, butter, sugar, eggs, grated lemon peel, salt, all-purpose flour, raisins, candied fruit, chopped almonds, glaze, confectioners sugar]"
Hot-German-Potato-Salad-Ii-Allrecipes,Hot German Potato Salad II,3,2400.0,"[Side Dishes, Salads]",[German],"[potatoes, bacon, onions, white sugar, white wine vinegar]"
German-Onion-Tart-973571,German Onion Tart,4,6300.0,,[German],"[flour, yeast, sugar, eggs, milk, butter, salt, onions, oil, smoked bacon, sour cream, caraway seeds, ground paprika, ground pepper]"
Bratwurst-and-Potato-Pizza-with-Beer-Crust-1322164,Bratwurst and Potato Pizza with Beer Crust,4,3600.0,[Main Dishes],[German],"[beer, active dry yeast, granulated sugar, all-purpose flour, salt, brats, bacon, hash brown, mozzarella cheese, mild cheddar cheese, pizza sauce, green onions]"
Slow-Cooker-German-Red-Cabbage-and-Pork-Ribs-747480,Slow-Cooker German Red Cabbage and Pork Ribs,3,19800.0,[Main Dishes],[German],"[bacon, pork country-style ribs, salt, pepper, red cabbage, granny smith apples, onions, cider vinegar, apple juice, sugar]"
German-Apple-Cake-TasteOfHome,German Apple Cake,5,5100.0,[Desserts],[German],"[all-purpose flour, baking powder, salt, eggs, sugar, canola oil, orange juice, vanilla extract, apples, ground cinnamon, confectioners sugar]"
German-Peach-Pie-with-Brown-Butter-_-Walnuts-676800,German Peach Pie with Brown Butter & Walnuts,4,5100.0,[Desserts],[German],"[pie shell, butter, peaches, sugar, eggs, vanilla bean paste, kosher salt, chopped walnuts, all-purpose flour, table salt, unsalted butter, ice water]"
Bierocks-Volga-German-Meat-Pastries--Wolgadeutsche-Fleischpasteten-968766,Bierocks – Volga-German Meat Pastries -Wolgadeutsche Fleischpasteten,4,4800.0,[],[German],"[milk, warm water, sugar, active dry yeast, butter, salt, flour, ground beef, onions, garlic cloves, cabbage head, mustard, pepper]"
Streusel-Topping-525382,Streusel Topping,3,2400.0,[Condiments and Sauces],[German],"[chopped pecans, all-purpose flour, firmly packed light brown sugar, butter, granulated sugar, pumpkin pie spice, table salt]"
Spritz-Cookies-600402,Spritz Cookies,4,2700.0,[Desserts],"[German, American]","[unsalted butter, confectioners sugar, large eggs, pure vanilla extract, flour, salt]"
Jagerschnitzel-Allrecipes,Jagerschnitzel,5,2400.0,[Main Dishes],[German],"[bread crumbs, all-purpose flour, salt, pepper, vegetable oil, pork steaks, eggs, onions, sliced mushrooms, water, beef bouillon, corn starch, sour cream]"
Polish-Sauerkraut-Mushroom-Pierogi_-Nalesniki-and-Uszka-Filling-1044110,"Polish Sauerkraut-Mushroom Pierogi, Naleśniki and Uszka Filling",3,3000.0,,[German],"[mushrooms, sauerkraut, butter, finely chopped onion, button mushrooms, salt, black pepper, cook egg hard, sour cream, dough]"
Judy_s-Sauerkraut-AllRecipes-38645,Judy's Sauerkraut,5,29700.0,,[German],"[sauerkraut, bacon drippings, onions, beef broth, clove, bay leaf, juniper berries, caraway seeds, salt, white sugar]"
Pfeffernusse-_German-Spice-Cookies_-967645,Pfeffernüsse (German Spice Cookies),4,2400.0,[Desserts],[German],"[brown sugar, molasses, butter, orange zest, eggs, whole wheat flour, cinnamon, ground black pepper, anise, baking soda, powdered sugar]"
German-Potato-Salad-441571,German Potato Salad,5,3900.0,[Side Dishes],[German],"[waxy potatoes, kosher salt, bacon, yellow onion, all-purpose flour, chicken broth, white wine, dijon mustard, sugar, Italian parsley leaves, ground black pepper]"
Christmas-Stollen-Sweet-Bread-903019,Christmas Stollen Sweet Bread,4,6300.0,[Breads],[German],"[all-purpose flour, unsalted butter, milk, powdered sugar, sugar, raisins, almonds, crystallized ginger, orange liqueur, large eggs, active dry yeast, orange zest, vanilla extract, ground cardamom, kosher salt, nutmeg, vegetable oil]"
Vienna-Schnitzel-Allrecipes,Vienna Schnitzel,5,2100.0,[Main Dishes],[German],"[oil, pork sirloin, cake flour, dry bread crumbs, eggs, milk, pepper, salt]"
Drunk-German-Allrecipes,Drunk German,5,60.0,"[Beverages, Cocktails]",[German],"[Jagermeister Liqueur, root beer]"
Sauerkraut-793568,Sauerkraut,3,1800.0,[Main Dishes],[German],"[potatoes, sauerkraut, salt, pepper, bock beer, butter, onions, bay leaves, clove, smoked sausage]"
Christmas-stollen-333985,Christmas Stollen,5,,"[Breads, Breakfast and Brunch]",[German],"[all-purpose flour, sugar, salt, nutmeg, cinnamon, milk, unsalted butter, active dry yeast, eggs, raisins, dried cranberries, applejack, crystallized ginger, orange, confectioners sugar]"
Oma-Kiener_s-Hazelnut-Christmas-Cookies-Allrecipes,Oma Kiener's Hazelnut Christmas Cookies,4,30420.0,[Desserts],[German],"[butter, white sugar, eggs, salt, all-purpose flour, baking soda, ground hazelnuts, candy sprinkles]"
Black-and-White-Cookies-Martha-Stewart,Black and White Cookies,4,6300.0,[Desserts],[German],"[all-purpose flour, cake flour, baking powder, salt, large eggs, granulated sugar, milk, unsalted butter, pure vanilla extract, lemon extract, confectioners sugar, light corn syrup, bittersweet chocolate]"
German-Semolina-Pudding-Allrecipes,German Semolina Pudding,5,1320.0,[Desserts],[German],"[milk, white sugar, semolina]"
Authentic-German-Potato-Salad-579058,Authentic German Potato Salad,5,3000.0,[Side Dishes],[German],"[potatoes, bacon, onions, white vinegar, water, white sugar, salt, ground black pepper, fresh parsley]"
How-to-make-homemade-sauerkraut-373418,How To Make Homemade Sauerkraut,5,,,[German],"[green cabbage, kosher salt, caraway seeds]"
German-Potato-Dumplings-685549,German Potato Dumplings,3,3000.0,[Side Dishes],[German],"[potatoes, all-purpose flour, eggs, dry bread crumbs, salt, ground nutmeg, water, sauce, butter, chopped onion]"
Hazelnut-Cream-Tuiles-Martha-Stewart-197206,Hazelnut Cream Tuiles,4,3000.0,[Desserts],[German],"[unsalted butter, confectioners sugar, large egg whites, pure vanilla extract, vanilla beans, all-purpose flour, salt, hazelnuts, heavy cream]"
Apple-Strudel-My-Recipes,Apple Strudel,4,4500.0,"[Desserts, Breakfast and Brunch]","[German, American]","[french bread, butter, mcintosh apples, sugar, golden raisins, ground cinnamon, phyllo dough, cooking spray]"
German-Potato-Casserole-TasteOfHome,German Potato Casserole,4,4500.0,[Side Dishes],[German],"[red potato, bacon, eggs, onions, salt, pepper, mayonnaise, cider vinegar, worcestershire sauce, processed cheese]"
Sugared-Pretzel-Cookies-480892,Sugared Pretzel Cookies,5,4800.0,[Desserts],[German],"[large eggs, unsalted butter, granulated sugar, table salt, vanilla extract, all purpose unbleached flour, rye flour, large egg whites, turbinado]"
German-Apple-Dapple-Cake-Allrecipes,German Apple Dapple Cake,5,3900.0,[Desserts],[German],"[vegetable oil, eggs, brown sugar, vanilla extract, baking soda, salt, all-purpose flour, chopped walnuts, apples, butter, heavy whipping cream]"
Traditional-Pfefferneusse-Allrecipes,Traditional Pfefferneusse,5,1620.0,,[German],"[shortening, brown sugar, molasses, anise oil, eggs, baking soda, hot water, all-purpose flour, salt, ground cinnamon, ground ginger, white pepper]"
Linzer-Cookies-489721,Linzer Cookies,4,,[Desserts],[German],"[unsalted butter, confectioners sugar, orange extract, cake flour, raspberry jam]"
German-Apple-Puff-Pancake-1268215,German Apple Puff Pancake,4,2100.0,[Breakfast and Brunch],[German],"[fuji, butter, granulated sugar, cinnamon, apple pie spice, large eggs, buttermilk, all-purpose flour, sea salt]"
Swabian-Meatballs-_fleischkuechle_-Allrecipes,Swabian Meatballs (Fleischkuechle),5,2520.0,[Main Dishes],[German],"[milk, hard rolls, ground beef, ground pork, eggs, onions, fresh parsley, marjoram, minced garlic, salt and ground black pepper, butter]"
Vanilla-Half_moons-Allrecipes,Vanilla Half-Moons,5,720.0,[Desserts],[German],"[butter, white sugar, egg yolks, vanilla beans, all-purpose flour, ground almonds, confectioners sugar]"
Plum-Pudding-I-Allrecipes,Plum Pudding I,5,4200.0,[Desserts],[German],"[butter, white sugar, eggs, citron, prunes, raisins, chopped pecans, all-purpose flour, dry bread crumbs, ground cinnamon, ground nutmeg, ground allspice]"
Apple-Marzipan-Galette-My-Recipes,Apple Marzipan Galette,4,3900.0,[Desserts],"[German, American]","[pie dough, cooking spray, marzipan, granny smith apples, sugar, all-purpose flour, almond extract, lemon juice, salt]"
Warm-German-Potato-Salad-Martha-Stewart,Warm German Potato Salad,4,2700.0,"[Side Dishes, Salads]",[German],"[ground pepper, salt, small new potatoes, bacon, purple onion, white wine vinegar, whole grain dijon mustard]"
Fruit-Kuchen-Allrecipes_1,Fruit Kuchen,4,4200.0,[Desserts],[German],"[all-purpose flour, salt, sugar, butter, beaten eggs, milk, fruit, cream, vanilla extract]"
Kaes_spaetzle-Allrecipes,Kaes-Spaetzle,4,3600.0,,[German],"[eggs, all-purpose flour, salt, vegetable oil, water, onions, shredded swiss cheese, vinegar, fresh parsley]"
Bratwurst-and-Cabbage-in-Beer-1216543,Bratwurst and Cabbage in Beer,4,2100.0,[Main Dishes],[German],"[brats, cabbage, onions, beer, cracked black pepper, juniper berries, caraway seeds, sausages]"
Lebkuchen-Vi-Allrecipes,Lebkuchen VI,4,36000.0,"[Afternoon Tea, Desserts]",[German],"[honey, molasses, brown sugar, eggs, lemon juice, lemon zest, all-purpose flour, baking soda, ground cinnamon, ground cloves, ground allspice, ground nutmeg, diced candied citron, chopped hazelnuts, white sugar, water, confectioners sugar]"
Goose-And-Kraut-Allrecipes,Goose and Kraut,4,19800.0,[Main Dishes],[German],"[goose, potatoes, sauerkraut, applesauce, brown sugar]"
German-Purple-Cabbage-634446,German Purple Cabbage,3,900.0,,[German],"[canola oil, onions, granny smith apples, red cabbage, red wine vinegar, sugar, salt, bay leaf, pickling spices, water, dry red wine, black currant jelly]"
German-Apple-Pancake-1041831,German Apple Pancake,4,1080.0,[Breakfast and Brunch],[German],"[all purpose unbleached flour, granulated sugar, table salt, large eggs, half & half, vanilla extract, unsalted butter, granny smith apples, dark brown sugar, ground cinnamon, lemon juice, confectioners sugar]"
German-Bratwurst-hot-dog-with-red-cabbage-sauerkraut-605038,German Bratwurst hot dog with red cabbage sauerkraut,3,2700.0,[],[German],"[sausages, olive oil, caraway seeds, purple onion, red cabbage, apple cider vinegar, parsley leaves, English mustard]"
Vegan-German-Cheese-Spaetzle-1278782,Vegan German Cheese Spaetzle,4,2100.0,[Main Dishes],[German],"[wheat flour, semolina flour, soya flour, carbonated water, curcuma, salt, black pepper, unsalted cashews, almond milk, white wine vinegar, mustard, garlic powder, leeks, tofu, fresh parsley]"
Apple-Bavarian-Torte-Allrecipes,Apple Bavarian Torte,5,5400.0,[Desserts],[German],"[butter, white sugar, vanilla extract, all-purpose flour, cream cheese, eggs, apples, ground cinnamon, sliced almonds]"
Sweet-And-Sour-Drumettes-Allrecipes,Sweet and Sour Drumettes,5,4200.0,,"[Asian, German]","[chicken, beaten eggs, all-purpose flour, sauce, soy sauce, water, white sugar, vinegar]"
Bavarian-Sausage-Supper-TasteOfHome,Bavarian Sausage Supper,4,1200.0,[Main Dishes],[German],"[slaw mix, carrots, butter, water, polish sausage, sour cream, caraway seeds]"
Herbed-Spaetzle-Martha-Stewart-192041,Herbed Spaetzle,3,900.0,[Side Dishes],[German],"[whole milk, fresh thyme, thyme leaves, flat leaf parsley, large eggs, all-purpose flour, freshly ground pepper, coarse salt, unsalted butter]"
Donauwellen-Allrecipes,Donauwellen,5,3600.0,[Desserts],"[German, Kid-Friendly]","[butter, white sugar, eggs, vanilla extract, all-purpose flour, salt, baking soda, unsweetened cocoa powder, milk, sour cherries, corn starch, semi-sweet chocolate morsels, vegetable oil]"
Bratwurst-Braids-AllRecipes-202376,Bratwurst Braids,4,2100.0,[Main Dishes],[German],"[refrigerated crescent rolls, spicy brown mustard, sauerkraut, smoked bratwurst, eggs, caraway seeds]"
Sauerkraut-Rye-Bread-Allrecipes,Sauerkraut Rye Bread,5,10800.0,[Breads],[German],"[sauerkraut, warm water, molasses, butter, brown sugar, caraway seeds, salt, rye flour, bread flour, active dry yeast]"
German-Potato-Pancakes-441408,German Potato Pancakes,5,3000.0,"[Breakfast and Brunch, Lunch and Snacks, Side Dishes]",[German],"[russet potatoes, flour, sour cream, baking powder, eggs, yellow onion, salt, clarified butter]"
Knockwurst-and-red-cabbage-stoup-349538,Knockwurst and Red Cabbage Stoup,3,600.0,[],[German],"[olive oil, knockwurst, caraway seeds, red cabbage, purple onion, bay leaf, apple cider vinegar, dark brown sugar, chicken broth, tomato sauce, salt, freshly ground pepper, apples, lemon juice, flat leaf parsley, butter, dark bread]"
German_style-Red-Cabbage-My-Recipes,German-Style Red Cabbage,4,3300.0,[Side Dishes],[German],"[butter, granny smith apples, onions, red cabbage, white vinegar, firmly packed brown sugar, all-purpose flour, salt, pepper, dry red wine]"
Sand-Tarts-Martha-Stewart-194641,Sand Tarts,3,6300.0,"[Afternoon Tea, Desserts, Lunch and Snacks]",[German],"[unsalted butter, granulated sugar, eggs, egg yolks, pure vanilla extract, grated lemon zest, all-purpose flour, table salt, egg whites, water, sliced almonds, cinnamon sugar]"
Sauerbraten-I-Allrecipes,Sauerbraten I,5,8100.0,[Main Dishes],[German],"[cider vinegar, water, brown sugar, ground cloves, ground allspice, salt, ground black pepper, black peppercorns, bay leaf, onions, carrots, celery, rump roast, vegetable oil, sour cream]"
German-Pork-Chops-and-Sauerkraut-AllRecipes-40040,German Pork Chops and Sauerkraut,5,4200.0,[Main Dishes],[German],"[center cut pork chops, sauerkraut, red apples, onions, brown sugar, caraway seeds]"
Slow-Cooker-Brat-and-Sauerkraut-Soup-939242,Slow-Cooker Brat and Sauerkraut Soup,3,1800.0,[Soups],[German],"[brats, red potato, onions, celery, garlic, bay leaves, sauerkraut, lower sodium beef broth, spicy brown mustard, cider vinegar, paprika, fennel seeds, caraway seeds, sour cream]"
Noodle-Kugel-Martha-Stewart-196027,Noodle Kugel,3,4800.0,[Side Dishes],[German],"[unsalted butter, coarse salt, egg noodles, large eggs, sour cream, sugar, cream cheese, ground cinnamon, ground nutmeg, granny smith apples]"
Soft-Pretzels-Ii-Allrecipes,Soft Pretzels II,4,6600.0,[Breads],"[German, Kid-Friendly]","[white sugar, warm water, active dry yeast, all-purpose flour, salt, eggs, water, kosher salt, sesame seeds]"
German-Style-Beef-Short-Ribs-1099227,German Style Beef Short Ribs,4,11340.0,[Main Dishes],[German],"[bacon, beef rib short, onions, carrots, garlic, dill pickles, red wine, beef broth, bay leaf, salt, pepper, sauce, corn starch, parsley]"
Baumkuchen-Allrecipes,BaumKuchen,5,5400.0,[Desserts],[German],"[unsalted butter, confectioners sugar, corn starch, almond paste, vanilla extract, salt, egg yolks, egg whites, white sugar, all-purpose flour, semisweet chocolate, vegetable oil]"
Hot-German-Potato-Salad-I-Allrecipes,Hot German Potato Salad I,4,3600.0,"[Side Dishes, Salads]",[German],"[potatoes, large eggs, bacon, escarole, apple cider vinegar]"
Knefla-Soup-Ii-Allrecipes,Knefla Soup II,4,3600.0,[Soups],[German],"[all-purpose flour, eggs, water, salt, potatoes, onions, bacon, milk, heavy cream, pepper]"
Plum-Kuchen-MyRecipes-263445,Plum Kuchen,4,4200.0,"[Desserts, Breakfast and Brunch]",[German],"[all-purpose flour, granulated sugar, brown sugar, baking powder, salt, ground cardamom, butter, fat free milk, vanilla extract, large eggs, cooking spray, plums, grated lemon zest, ground allspice]"
Campbell_s-Apple-Strudel-Allrecipes,Campbell's Apple Strudel,4,8100.0,[Desserts],[German],"[pepperidge farm puff pastry, eggs, water, granulated sugar, all-purpose flour, ground cinnamon, granny smith apples, raisins, confectioners sugar]"
Old_fashioned-German-Coffee-Cake-TasteOfHome,Old-Fashioned German Coffee Cake,4,3000.0,[Breads],"[American, German]","[cake yeast, sugar, warm water, shortening, beaten eggs, all-purpose flour, milk, brown sugar, vanilla extract, salt, peaches]"
Katja-Rowells-German-Red-Cabbage-1003562,Katja Rowell’s German Red Cabbage,3,3600.0,[Side Dishes],[German],"[bacon, onions, red cabbage, apples, apple cider, clove, bay leaf, salt, pepper, apple cider vinegar, honey]"
Reuben-Pizza-Allrecipes,Reuben Pizza,5,3600.0,"[Lunch and Snacks, Appetizers, Main Dishes]","[German, American, Kid-Friendly]","[whole wheat bread dough, thousand island dressing, shredded swiss cheese, corned beef, sauerkraut, caraway seeds, dill pickles]"
German-Potato-Salad-1207470,German Potato Salad,4,2700.0,,[German],"[potatoes, bacon, all-purpose flour, white sugar, water, white wine vinegar, green onions, salt, pepper]"
Sweet-And-Sour-Braised-Cabbage-_rotkohl_-My-Recipes,Sweet and Sour Braised Cabbage (Rotkohl),4,5100.0,[Side Dishes],[German],"[applewood smoked bacon, onions, granny smith apples, red cabbage, apple cider, red wine vinegar, sugar, kosher salt, clove, bay leaf]"
Quick-Black-Forest-Cake-Allrecipes,Quick Black Forest Cake,5,4500.0,[Desserts],[German],"[pudding, eggs, almond extract, cherry pie filling, semi-sweet chocolate morsels, butter, milk, confectioners sugar]"
Black-Forest-Cake-488995,Black Forest Cake,4,,[Desserts],[German],"[sweet cherries, kirsch, cake flour, unsweetened cocoa powder, eggs, sugar, heavy cream, vanilla extract, chocolate curls]"
Old-Fashioned-Stollen-Allrecipes,Old Fashioned Stollen,4,15600.0,[Breads],[German],"[milk, sugar, salt, lemon zest, butter, active dry yeast, white sugar, warm water, eggs, egg yolks, all-purpose flour, raisins, chopped nuts]"
German-Potato-Salad-1037264,German Potato Salad,4,2400.0,[Side Dishes],[German],"[red potato, salt, white wine vinegar, dijon mustard, black pepper, bacon drippings, thick-cut bacon, chives]"
Sirloin-Stroganoff-MyRecipes-249593,Sirloin Stroganoff,3,1800.0,[Main Dishes],"[German, American]","[boneless sirloin steak, cooking spray, purple onion, sliced mushrooms, all-purpose flour, salt, paprika, pepper, vegetable oil, beef broth, non-fat sour cream, fresh parsley, medium egg noodles]"
Black-Forest-Cake-AllRecipes,Black Forest Cake,4,5400.0,[Desserts],[German],"[chocolate cake mix, JELL-O Chocolate Instant Pudding, cherry pie filling, kirsch, cool whip, semisweet baking chocolate]"
Bierocks-_german-Meat-Turnovers_-Allrecipes,Bierocks (German Meat Turnovers),5,3600.0,[Main Dishes],[German],"[frozen bread dough, ground beef, onions, garlic, salt, lemon pepper, cabbage, worcestershire sauce, caraway seeds, melted butter]"
German-Apple-Pancakes-1102417,German Apple Pancakes,4,2100.0,[Breakfast and Brunch],[German],"[apples, softened butter, brown sugar, cinnamon, all-purpose flour, eggs, milk, vanilla, sugar, powdered sugar]"
Sauerbraten-Klopse-_sauerbraten-Meatballs_-Allrecipes,Sauerbraten Klopse (Sauerbraten Meatballs),4,3600.0,[Main Dishes],[German],"[lean ground beef, milk, dry bread crumbs, ground cloves, ground allspice, salt, ground black pepper, vegetable oil, water, white vinegar, brown sugar, ground ginger, bay leaf, all-purpose flour]"
Lazy-Sauerkraut-Pierogi-Casserole-with-Apple-1300399,Lazy Sauerkraut Pierogi Casserole with Apple,4,1200.0,[Main Dishes],[German],"[egg noodles, butter, button mushrooms, green cabbage, onions, fresh lemon juice, apple cider vinegar, pure maple syrup, water, bay leaf, fresh thyme leaves, salt, marjoram, ground black pepper, ground cloves, sauerkraut, tart apples, sour cream, fresh parsley]"
German-Lebkuchen-Allrecipes,German Lebkuchen,5,30000.0,[Desserts],[German],"[eggs, brown sugar, honey, dark molasses, all-purpose flour, baking soda, ground nutmeg, ground cinnamon, ground cloves, ground allspice, slivered almonds, fruit, egg whites, lemon juice, lemon zest, confectioners sugar]"
German_style-Weck-Rolls-Allrecipes,German-Style Weck Rolls,5,12300.0,[Breads],[German],"[active dry yeast, white sugar, warm water, shortening, salt, bread flour, egg whites, cold milk, ice cubes]"
German-Cabbage-Rolls-1172062,German Cabbage Rolls,3,5400.0,[Main Dishes],[German],"[green cabbage, lean beef, ground pork, eggs, onions, bread crumbs, salt, montreal steak spice, pepper, oil, butter, beef broth, corn starch]"
Oatmeal-With-Apples_-Hazelnuts_-And-Flaxseed-My-Recipes,"Oatmeal with Apples, Hazelnuts, and Flaxseed",4,2400.0,[Breakfast and Brunch],"[German, American]","[hazelnuts, fat free milk, oats, granny smith apples, ground flaxseed, ground cinnamon, salt, vanilla extract, brown sugar, slivered almonds]"
Polish-Cabbage-and-Sauerkraut-Soup-Recipe---Kapusniak-968246,Polish Cabbage and Sauerkraut Soup Recipe - Kapusniak,3,9000.0,[Soups],[German],"[chopped bacon, chopped onion, celery ribs, carrots, potatoes, minced garlic, shredded cabbage, pork spareribs, meat bones, sauerkraut, tomato sauce, beef stock, hungarian paprika, bay leaf, sugar, flat leaf parsley, sour cream]"
German-holiday-cinnamon-star-cookies-316772,German Holiday Cinnamon Star Cookies,4,4200.0,[Desserts],[German],"[blanched almonds, powdered sugar, egg whites, flour, vanilla extract, lemon, ground cinnamon, salt, sliced almonds]"
