id,recipeName,rating,totalTimeInSeconds,course,cuisine,ingredients
Classic-Hawaiian-Pizza-1372848,Classic Hawaiian Pizza,3,1620.0,[Main Dishes],[Hawaiian],"[prepared pizza crust, pineapple, baked ham, shredded mozzarella cheese, shredded Monterey Jack cheese]"
Hawaiian-Beef-Teriyaki-1364621,Hawaiian Beef Teriyaki,4,2100.0,[Main Dishes],[Hawaiian],"[pineapple chunks, soy sauce, brown sugar, garlic, minced ginger, skirt steak]"
Crock-Pot-Hawaiian-Chicken-1366727,Crock-Pot Hawaiian Chicken,4,15000.0,[Main Dishes],[Hawaiian],"[chicken drumsticks, crushed pineapple, low sodium soy sauce, ground ginger, minced garlic, corn starch]"
Hawaiian-Crockpot-Ham-Sandwiches-1361651,Hawaiian Crockpot Ham Sandwiches,4,15000.0,[Lunch and Snacks],[Hawaiian],"[cooked ham, sweet onion, crushed pineapple, pineapple, brown sugar, dijon mustard, buns, mozzarella cheese, cheese]"
Hawaiian-Chicken-Skewers-1374514,Hawaiian Chicken Skewers,4,2100.0,[Main Dishes],[Hawaiian],"[low sodium soy sauce, pineapple juice, light coconut milk, honey, garlic cloves, ginger, sesame oil, scallions, fresh pineapple, boneless skinless chicken breasts, water]"
Hawaiian-Pork-Bowls-with-Campbells-1363035,Hawaiian Pork Bowls with Campbell’s,4,2700.0,[Main Dishes],[Hawaiian],"[pork shoulder, pork, cooked rice, red pepper, pineapple chunks]"
Slow-Cooker-Hawaiian-Chili-1357424,Slow Cooker Hawaiian Chili,4,2400.0,[Main Dishes],[Hawaiian],"[ground beef, onions, celery ribs, garlic cloves, chili powder, ginger, chili beans, medium salsa, pineapple chunks]"
Hawaiian-Pineapple-Bites-1357086,Hawaiian Pineapple Bites,4,900.0,[Appetizers],[Hawaiian],"[sliced ham, cream cheese, green onions, dried cranberries, pineapple chunks]"
Crockpot-Hawaiian-Chicken-1347852,Crockpot Hawaiian Chicken,4,28860.0,[Main Dishes],[Hawaiian],"[chicken legs, barbecue sauce, pineapple]"
Hawaiian-Chicken-1321386,Hawaiian Chicken,4,2400.0,[Main Dishes],[Hawaiian],"[soy sauce, brown sugar, pineapple, lemon juice, ginger, olive oil, corn starch, water, boneless skinless chicken breasts]"
Slow-Cooker-Hawaiian-Sticky-Chicken-1336194,Slow Cooker Hawaiian Sticky Chicken,4,18900.0,[Main Dishes],[Hawaiian],"[boneless skinless chicken breasts, chicken broth, pineapple juice, crushed pineapple, garlic, salt, apricot jam, soy sauce, teriyaki sauce, hoisin sauce, crushed red pepper flakes, wondra flour, cooked rice, scallions, sesame seeds]"
Sweet-Hawaiian-Crockpot-Chicken-1331762,Sweet Hawaiian Crockpot Chicken,4,2100.0,[Main Dishes],[Hawaiian],"[chicken breasts, maple syrup, coconut aminos, pineapple juice]"
Slow-Cooker-Hawaiian-Chicken-for-the-Freezer-1320673,Slow Cooker Hawaiian Chicken for the Freezer,4,2100.0,[Main Dishes],[Hawaiian],"[boneless skinless chicken breasts, fresh pineapple, light brown sugar, low sodium soy sauce]"
Hawaiian-Pork-Chops-633736,Hawaiian Pork Chops,3,1500.0,[Main Dishes],[Hawaiian],"[pork chops, 1 inch thick, pineapple slices, soy sauce, vegetable oil, onions, garlic, brown sugar]"
Crockpot-Hawaiian-Chicken-1231958,Crockpot Hawaiian Chicken,4,25500.0,[Main Dishes],[Hawaiian],"[pineapple juice, light brown sugar, light soy sauce, chicken breast tenderloins, pineapple chunks]"
Hawaiian-Style-Pineapple-Ham-1316671,Hawaiian-Style Pineapple Ham,3,300.0,[Main Dishes],[Hawaiian],"[ham, brown sugar, pineapple]"
Hawaiian-Overnight-Oats-1295146,Hawaiian Overnight Oats,4,300.0,[],[Hawaiian],"[Quaker Old-Fashioned Oats, low-fat milk, sweetened coconut flakes, brown sugar, dried cherry, fresh pineapple, macadamia nuts]"
Crock-Pot-Hawaiian-Chicken-568602,Crock Pot Hawaiian Chicken,4,3000.0,[Main Dishes],[Hawaiian],"[juice, pineapple chunks, soy sauce, brown sugar, chicken breast tenderloins, corn starch]"
Hawaiian-Sticky-Chicken-with-Pineapple-1208317,Hawaiian Sticky Chicken with Pineapple,4,1800.0,[Main Dishes],[Hawaiian],"[chicken breasts, corn flour, salt, oil, onions, red pepper, pineapple, garlic, ginger, brown sugar, soy sauce, tomato purée, coriander, rice]"
Hawaiian-Pulled-Pork-Sliders-1346887,Hawaiian Pulled Pork Sliders,4,29100.0,[Main Dishes],[Hawaiian],"[pork shoulder, sauce, teriyaki sauce, pineapple rings, sliced ham, cabbage, dinner rolls]"
Roasted-sweet-potato-salad-296566,Roasted Sweet Potato Salad,4,3000.0,"[Salads, Side Dishes]","[American, Hawaiian]","[sweet potatoes or yams, Best Foods Mayonnaise Dressing with Extra Virgin Olive Oil, granny smith apples, dried cranberries]"
Easy-Haupia-Allrecipes,Easy Haupia,4,8100.0,,[Hawaiian],"[corn starch, white sugar, salt, coconut milk]"
Crock-Pot-Hawaiian-Pork-Tacos-1203263,Crock Pot Hawaiian Pork Tacos,4,18300.0,[Main Dishes],[Hawaiian],"[pork loin, sauce, pineapple, green onions, red pepper, crumbled goat cheese, corn tortillas]"
Slow-Cooker-Hawaiian-Meatballs-1031211,Slow Cooker Hawaiian Meatballs,4,2400.0,,[Hawaiian],"[frozen meatballs, pineapple chunks, brown sugar, corn starch, white vinegar, soy sauce, cayenne]"
Paleo-Hawaiian-Crockpot-Chicken-1256605,Paleo Hawaiian Crockpot Chicken,4,2400.0,[Main Dishes],[Hawaiian],"[chicken breasts, coconut aminos, coconut sugar, pineapple rings, green bell pepper]"
Hawaiian-BBQ-Chicken-518912,Hawaiian BBQ Chicken,4,3000.0,[Main Dishes],[Barbecue],"[chicken breasts, brown sugar, soy sauce, garlic cloves, fresh ginger, onions, melted butter, green onions]"
Malasadas-Allrecipes,Malasadas,4,3000.0,[Lunch and Snacks],"[Hawaiian, Portuguese, Kid-Friendly]","[active dry yeast, white sugar, warm water, eggs, all-purpose flour, butter, evaporated milk, water, salt, vegetable oil]"
Hawaiian-Baby-Back-Ribs-1185787,Hawaiian Baby Back Ribs,3,2400.0,[],[Hawaiian],"[boneless beef short ribs, reduced sodium soy sauce, hoisin sauce, pineapple juice, minced ginger, sesame oil, sesame]"
Crock-Pot-Hawaiian-Chicken-1071801,Crock Pot Hawaiian Chicken,4,16200.0,[Main Dishes],[Hawaiian],"[boneless chicken breast, pineapple slices, mandarin oranges, corn starch, brown sugar, soy sauce, lemon juice, ground ginger, salt]"
Hawaiian-Pineapple-Sweet-_-Sour-Smoked-Sausage-1062529,Hawaiian Pineapple Sweet & Sour Smoked Sausage,3,1800.0,[Main Dishes],[Hawaiian],"[smoked sausage, red bell pepper, garlic chili sauce, fresh pineapple, cooked rice]"
Hawaiian-Veggie-Burgers-1202694,Hawaiian Veggie Burgers,4,1200.0,[],[Barbecue],"[veggie patties, lettuce leaves, purple onion, fresh pineapple, bbq sauce, sesame seeds buns]"
Hawaiian-Plantation-Iced-Tea-Allrecipes,Hawaiian Plantation Iced Tea,4,6000.0,[Beverages],[Hawaiian],"[hot water, tea bags, cold water, pineapple juice, simple syrup, fresh pineapple]"
Hawaiian-Shrimp-Allrecipes,Hawaiian Shrimp,4,2280.0,[Main Dishes],"[Barbecue, Hawaiian, American]","[medium shrimp, pineapple chunks, bacon slices, red bell pepper, fresh mushrooms, cherry tomatoes, sweet and sour sauce]"
Hawaiian-Chicken-1233616,Hawaiian Chicken,4,2100.0,[Main Dishes],[Hawaiian],"[diced chicken, pineapple, brown sugar, tomato sauce, soy sauce, corn flour, sauce, eggs]"
Sweet-Hawaiian-Crock-Pot-Bar-b-que-Sandwiches-1036230,Sweet Hawaiian Crock Pot Bar-b-que Sandwiches,4,29100.0,[Main Dishes],[Hawaiian],"[pork roast, bbq sauce, ketchup, mustard, soy sauce, light brown sugar, pineapple juice]"
Hawaiian-Chicken-Kebabs-1239760,Hawaiian Chicken Kebabs,4,3600.0,[Main Dishes],[Barbecue],"[ketchup, dark brown sugar, low sodium soy sauce, pineapple juice, olive oil, rice vinegar, garlic cloves, minced ginger, sesame oil, ground black pepper, salt, boneless skinless chicken breasts, pineapple, green pepper, purple onion]"
Hawaiian-Lemonade-for-Kids-626272,Hawaiian Lemonade for Kids,3,900.0,[Beverages],[Kid-Friendly],"[frozen lemonade concentrate, water, apricot nectar, unsweetened pineapple juice, ice cubes, ginger ale]"
Slow-Cooker-Hawaiian-BBQ-Chicken-Sandwiches-an-easy-twist-on-an-old-favorite_-604682,Slow Cooker Hawaiian BBQ Chicken Sandwiches – an easy twist on an old favorite!,3,1500.0,"[Main Dishes, Lunch and Snacks]","[Hawaiian, Kid-Friendly]","[boneless chicken breast, barbecue sauce, hoagie buns, pineapple slices, cheese slices]"
Ham-and-Pineapple-Pops-MyRecipes-236132,Ham and Pineapple Pops,4,2400.0,,[Hawaiian],"[cooking spray, pineapple, spiral-sliced ham, maple syrup, yellow mustard, chile sauce]"
Kalua-Pig-In-A-Slow-Cooker-Allrecipes,Kalua Pig in a Slow Cooker,5,72600.0,,"[Hawaiian, American]","[pork butt roast, Hawaiian salt, flavoring]"
Kalua-Pork-Allrecipes,Kalua Pork,4,12000.0,[Main Dishes],"[Hawaiian, American]","[pork butt roast, water, flavoring, Hawaiian salt]"
Hawaiian-Millionaire-Pie-Allrecipes,Hawaiian Millionaire Pie,5,4500.0,[Desserts],[Hawaiian],"[pie crust, crushed pineapple, lemon juice, frozen whipped topping, cocktail cherries, sweetened condensed milk, chopped walnuts]"
Hawaiian-Haupia-487173,Hawaiian Haupia,4,,[Desserts],[Hawaiian],"[coconut milk, sugar, arrowroot powder, water, vanilla extract, toasted coconut]"
Hawaiian-Cream-Popsicles-1052407,Hawaiian Cream Popsicles,4,1200.0,[Desserts],[Hawaiian],"[coconut milk, fresh pineapple, mango, bananas, sugar]"
Hawaiian-barbecue-pulled-chicken-sandwiches-368820,Hawaiian Barbecue Pulled Chicken Sandwiches,5,3900.0,"[Lunch and Snacks, Main Dishes]",[Hawaiian],"[boneless chicken breast, onions, pineapple chunks, bbq sauce, hamburger buns]"
Slow-Cooker-Hawaiian-Chicken-for-the-Freezer-1045639,Slow Cooker Hawaiian Chicken for the Freezer,4,2100.0,[Main Dishes],[Hawaiian],"[boneless skinless chicken breasts, fresh pineapple, light brown sugar, low sodium soy sauce]"
Hawaiian-pork-burger-300536,Hawaiian Pork Burger,5,2400.0,"[Lunch and Snacks, Main Dishes]",[Barbecue],"[ground pork, green onions, ground ginger, ground allspice, salt, black pepper, pineapple rings, barbecue sauce, burger buns, lettuce leaves, sliced ham]"
Hawaiian-Slaw-1219343,Hawaiian Slaw,4,900.0,[Salads],[Hawaiian],"[green cabbage, red cabbage, carrots, fresh pineapple, green onions, ginger root, rice vinegar, soy sauce, honey, sesame oil, lime, black sesame seeds, red pepper flakes, salt]"
Cool-Blue-Hawaiian-793762,Cool Blue Hawaiian,3,300.0,[Beverages],[Hawaiian],"[ice cubes, pineapple juice, curaçao, light rum, cream of coconut, pineapple, cocktail cherries]"
Crock-Pot-Hawaiian-BBQ-Chicken-Just-3-Ingredients-1016905,Crock Pot Hawaiian BBQ Chicken – Just 3-Ingredients,3,2400.0,[Main Dishes],[Hawaiian],"[boneless chicken breast, pineapple chunks]"
Hawaiian-Cheeseball-955298,Hawaiian Cheeseball,3,3600.0,[],[Hawaiian],"[cream cheese, sour cream, pineapple, monterey jack, ham, coconut, rice crackers]"
Crock-Pot-Hawaiian-Barbecue-Chicken-1275322,Crock Pot Hawaiian Barbecue Chicken,3,1200.0,[Main Dishes],[Hawaiian],"[boneless chicken breast, barbecue sauce, pineapple chunks]"
Hawaiian-Turkey-Burgers-495153,Hawaiian Turkey Burgers,4,1800.0,[],[Barbecue],"[lean ground turkey, steak sauce, purple onion, cilantro, salt, pepper, worcestershire sauce, burger buns, pineapple rings]"
Slow-Cooker-Tangy-Hawaiian-Meatballs-1243017,Slow Cooker Tangy Hawaiian Meatballs,4,2700.0,[Appetizers],[Hawaiian],"[frozen meatballs, pineapple chunks, brown sugar, corn starch, white vinegar, soy sauce, cayenne pepper]"
Hawaiian-Spareribs-Allrecipes,Hawaiian Spareribs,4,8100.0,[Main Dishes],"[Hawaiian, American]","[vinegar, ketchup, soy sauce, crushed pineapple, brown sugar, corn starch, salt, fresh ginger, pork spareribs]"
Hawaiian-Chicken-MyRecipes-265306,Hawaiian Chicken,4,15780.0,[Main Dishes],"[Hawaiian, American]","[pineapple juice, ketchup, lower sodium soy sauce, ginger, garlic cloves, boneless skinless chicken breast halves, cooking spray, salt, black pepper, long grain white rice, chopped cilantro fresh]"
Pineapple-Chicken-Allrecipes_1,Pineapple Chicken,4,2400.0,"[Lunch and Snacks, Main Dishes]",[Hawaiian],"[boneless skinless chicken breast halves, onion soup mix, water, pineapple, orange, vegetable oil]"
Grilled-Hawaiian-Chicken-Thighs-1252513,Grilled Hawaiian Chicken Thighs,4,600.0,[Main Dishes],[Barbecue],"[boneless chicken skinless thigh, light brown sugar, soy sauce, pineapple juice, garlic, fresh ginger, onions, butter, scallions]"
Hawaiian-Grilled-Chicken-_-Pineapple-1121563,Hawaiian Grilled Chicken & Pineapple,3,3600.0,[Main Dishes],[Barbecue],"[soy sauce, brown sugar, rice vinegar, sesame oil, ground ginger, garlic powder, boneless skinless chicken breast halves, fresh pineapple]"
Hawaiian-Chicken-I-Allrecipes,Hawaiian Chicken I,5,30600.0,[Main Dishes],[Hawaiian],"[boneless skinless chicken breast halves, teriyaki sauce, pineapple, butter, brown sugar, soy sauce, pineapple juice, worcestershire sauce]"
Easy-Recipe-for-Slow-Cooker-Hawaiian-Chicken-568627,Easy Recipe for Slow Cooker Hawaiian Chicken,4,18000.0,[Main Dishes],[Hawaiian],"[boneless chicken skinless thigh, flour, pineapple rings, soy sauce, worcestershire sauce, brown sugar, lemon juice, garlic powder, quick-cooking tapioca, apple cider vinegar, green bell pepper]"
Lomi-Lomi-Allrecipes,Lomi Lomi,4,600.0,[Appetizers],"[Hawaiian, American]","[salmon, tomatoes, white onion, green onions, sea salt, cayenne pepper]"
Hawaiian-Pizza-TasteOfHome,Hawaiian Pizza,4,2400.0,[Main Dishes],[Hawaiian],"[active dry yeast, warm water, all-purpose flour, sugar, salt, pizza sauce, shredded mozzarella cheese, fully cooked ham, pineapple]"
Slow-Cooker-Tangy-Hawaiian-Meatballs-1012095,Slow Cooker Tangy Hawaiian Meatballs,4,2700.0,[Appetizers],[Hawaiian],"[frozen meatballs, pineapple chunks, brown sugar, corn starch, white vinegar, soy sauce, cayenne pepper]"
Royal-Hawaiian-Pie-Allrecipes,Royal Hawaiian Pie,4,3600.0,[Desserts],"[Hawaiian, American]","[pie shell, bananas, pineapple juice, white sugar, ground cinnamon, butter]"
Hawaiian-Banana-Nut-Bread-485220,Hawaiian Banana Nut Bread,5,5400.0,"[Breads, Breakfast and Brunch]","[American, Hawaiian]","[flour, granulated sugar, baking soda, salt, large eggs, vanilla extract, vegetable oil, bananas, crushed pineapple, chopped walnuts]"
Hawaiian-Cake-TasteOfHome_1,Hawaiian Cake,5,2700.0,[Desserts],[Hawaiian],"[cake mix, milk, vanilla instant pudding, crushed pineapple, topping mix, cream cheese, sugar, vanilla extract, flaked coconut]"
Hawaiian-Rice-Pudding-_aka-Rice-Hawaiian_-1159443,Hawaiian Rice Pudding {aka Rice Hawaiian},4,1500.0,[Desserts],[Hawaiian],"[cooked rice, brown sugar, crushed pineapples in juice, shredded coconut, whipped topping]"
Crock-Pot-Hawaiian-BBQ-Chicken-1030467,Crock-Pot Hawaiian BBQ Chicken,4,1200.0,[Main Dishes],[Hawaiian],"[boneless chicken breast, bbq sauce, pineapple chunks]"
Hawaiian-Burger-1165547,Hawaiian Burger ,3,900.0,[],[Barbecue],"[pineapple rings, hamburger patties, seasoning, swiss cheese, buns, mayonnaise, lettuce, white onion, tomatoes, teriyaki sauce]"
Mango-Bread-MyRecipes-227758,Mango Bread,4,4200.0,"[Lunch and Snacks, Breads]",[Hawaiian],"[all-purpose flour, sugar, baking soda, ground cinnamon, salt, large eggs, vegetable oil, vanilla extract, mango, raisins, sweetened coconut flakes, chopped walnuts]"
Hawaiian-Pizza-MyRecipes-212327,Hawaiian Pizza,4,3000.0,"[Appetizers, Main Dishes]","[Hawaiian, American]","[tomato sauce, prebaked pizza crusts, ham, fresh pineapple, green bell pepper, part-skim mozzarella cheese]"
Hawaiian-Teriyaki-Chicken-Kabobs-1289666,Hawaiian Teriyaki Chicken Kabobs,4,3900.0,[Main Dishes],[Barbecue],"[teriyaki sauce, honey, garlic salt, green bell pepper, onions, fresh mushrooms, boneless skinless chicken breast halves, shredded coconut]"
Slow-Cooker-Hawaiian-Luau-Meatballs-483554,Slow Cooker Hawaiian Luau Meatballs,4,1500.0,,[Hawaiian],"[frozen meatballs, sauce, pineapple chunks]"
Hawaiian-Bread-Iii-Allrecipes,Hawaiian Bread III,5,4500.0,[Breads],[Hawaiian],"[margarine, white sugar, eggs, mashed banana, crushed pineapples in juice, all-purpose flour, baking soda, baking powder, salt, flaked coconut, chopped walnuts]"
Hawaiian-Bread-I-Allrecipes,Hawaiian Bread I,5,11400.0,[Breads],[Hawaiian],"[mashed banana, crushed pineapples in juice, eggs, milk, margarine, coconut extract, salt, white sugar, instant potato flakes, bread flour, active dry yeast]"
Mango-Chutney-Martha-Stewart-194767,Mango Chutney,4,5100.0,[Condiments and Sauces],"[Hawaiian, Indian, Asian]","[mango, fresh ginger, onions, garlic, red pepper, raisins, sugar, salt, white vinegar, water]"
Crock-Pot-Hawaiian-Chicken-1234850,Crock Pot Hawaiian Chicken,4,1800.0,[Main Dishes],[Hawaiian],"[boneless skinless chicken breasts, pineapple slices, green bell pepper, soy sauce, brown sugar, lemon, ground ginger, corn starch, salt, pepper]"
Macaroni-Salad-Allrecipes_1,Macaroni Salad,4,1200.0,"[Lunch and Snacks, Side Dishes, Salads]",[Hawaiian],"[macaroni, mayonnaise, eggs, white vinegar, green onions, dill pickles]"
Spam-musubi-346824,Spam Musubi,4,2400.0,"[Appetizers, Lunch and Snacks, Main Dishes]","[American, Hawaiian]","[cooked white rice, rice vinegar, vegetable oil, large eggs, salt, spam, sugar, oyster sauce, soy sauce, toasted nori]"
Hawaiian-Punch-Slush-For-Adults-Allrecipes,Hawaiian Punch Slush for Adults,5,900.0,[Beverages],[Hawaiian],"[cream of coconut, frozen lemonade concentrate, pineapple juice, vodka, lemon-lime soda]"
Hot-hawaiian-burgers-_spam_-pineapple_-swiss_-and-sriracha-mayo_-302195,"Hot Hawaiian Burgers (Spam, Pineapple, Swiss, and Sriracha Mayo)",5,2400.0,[Main Dishes],[Barbecue],"[ground chuck, ground black pepper, kosher salt, mayonnaise, Sriracha, spam, fresh pineapple, swiss cheese, English muffins]"
Crockpot-Hawaiian-Baked-Beans-1043188,Crockpot Hawaiian Baked Beans,4,2100.0,[Side Dishes],[Hawaiian],"[crushed pineapple, bbq sauce, baked beans, brown rice, shredded coconut, slivered almonds, pineapple, pinto beans]"
Hawaiian-Grilled-Hot-Dogs-_-Mai-Tai-Mocktails-1220773,Hawaiian Grilled Hot Dogs & Mai Tai Mocktails,4,300.0,[Beverages],[Hawaiian],"[orange juice, pineapple juice, coconut water, grenadine]"
A-Number-One-Egg-Bread-Allrecipes,A Number One Egg Bread,5,12000.0,[Breads],"[Hawaiian, American]","[active dry yeast, warm water, egg yolks, eggs, vegetable oil, white sugar, salt, all-purpose flour]"
Pineapple-Fried-Rice-497001,Pineapple Fried Rice,0,1800.0,[Side Dishes],[Hawaiian],"[rice, garlic, fresh pineapple, shrimp, cashew nuts, shrimp paste, fish sauce, pineapple juice, dark soy sauce, fresh red chili, oil, cilantro leaves]"
Huli-huli-chicken-369122,Huli Huli Chicken,5,,[Main Dishes],[Hawaiian],"[pineapple juice, ketchup, soy sauce, brown sugar, honey, ginger, rice vinegar, sesame oil, garlic, worcestershire sauce, red pepper flakes, fresh lemon juice, chicken breasts, pineapple, purple onion]"
Hawaiian-Coleslaw-Allrecipes,Hawaiian Coleslaw,4,2400.0,"[Side Dishes, Salads]","[Hawaiian, American]","[shredded cabbage, mandarin oranges, salt, ground ginger, ground nutmeg, white pepper, crushed pineapple, mayonnaise]"
Hawaiian-BBQ-Tacos-1224558,Hawaiian BBQ Tacos,4,600.0,[Main Dishes],[Hawaiian],"[corn tortillas, tempeh, tamari soy sauce, barbecue sauce, shredded lettuce, fresh pineapple, cilantro leaves]"
My-Grilled-Hawaiian-Turkey-Burger-with-Pineapple-1279913,My Grilled Hawaiian Turkey Burger with Pineapple,3,2100.0,[Main Dishes],[Barbecue],"[ground chuck, ground turkey, teriyaki sauce, pineapple slices, onion rings, spinach, swiss cheese, bacon, mayonnaise, celery seed, pineapple juice, ketchup, jalapeno chilies]"
Slow-Cooker-Hawaiian-Chicken-1006834,Slow Cooker Hawaiian Chicken,4,2400.0,[Main Dishes],[Hawaiian],"[boneless chicken breast, crushed pineapples in juice, lime, honey, soy sauce, garlic cloves, red pepper flakes, whole wheat buns, pineapple rings, chopped cilantro, diced red onions]"
Hawaiian-Fluff-Topping-1070114,Hawaiian Fluff Topping,4,600.0,[Desserts],[Hawaiian],"[heavy whipping cream, powdered sugar, pineapple, coconut, cocktail cherries, blanched almonds]"
Spicy-Hawaiian-Burgers-1121613,Spicy Hawaiian Burgers,4,2100.0,[Main Dishes],[Barbecue],"[ground chicken, pineapple rings, pepper jack, whole wheat hamburger buns, low sodium soy sauce, smoked paprika, chili powder, seasoning salt, ground cumin, garlic]"
Hawaiian-Chicken-Salad-Allrecipes,Hawaiian Chicken Salad,4,600.0,[Salads],[Hawaiian],"[cream cheese, salad dressing, Kraft Miracle Whip Dressing, pineapple, chicken, slivered almonds, grapes]"
Skinny-Hawaiian-Slaw-1012265,Skinny Hawaiian Slaw,4,1800.0,[Salads],[Hawaiian],"[slaw mix, carrots, pineapple, scallions, ginger root, rice vinegar, sesame oil, reduced sodium soy sauce, lime, sesame seeds, red pepper flakes]"
Tropical-Salad-With-Pineapple-Vinaigrette-Allrecipes,Tropical Salad with Pineapple Vinaigrette,5,1800.0,[Salads],"[Hawaiian, American]","[bacon, pineapple juice, red wine vinegar, olive oil, ground black pepper, salt, romaine lettuce, fresh pineapple, macadamia nuts, green onions, flaked coconut]"
Ginger-Pineapple-Fried-Rice-Epicurious,Ginger Pineapple Fried Rice,4,19800.0,,"[Hawaiian, Chinese, Asian]","[long grain white rice, water, peanut oil, peeled fresh ginger, scallions, kosher salt, fresh pineapple, sesame oil]"
Hawaiian-Hot-Dog-Surprise-Allrecipes,Hawaiian Hot Dog Surprise,4,2100.0,,"[Hawaiian, Kid-Friendly]","[hot dogs, pineapple chunks, brown sugar, white sugar, baked beans]"
Evies-Slow-Cooker-Hawaiian-Chicken-568623,Evie’s Slow Cooker Hawaiian Chicken,4,3300.0,[Main Dishes],[Hawaiian],"[boneless skinless chicken breasts, sweet onion, crushed pineapple, brown sugar, low sodium soy sauce, water, bell pepper, cooked rice]"
A-Hawaiian-Inspired-Burger-1178499,A Hawaiian Inspired Burger,4,1500.0,[Main Dishes],[Hawaiian],"[hamburger patties, hamburger buns, fresh pineapple, pickles, lettuce, cheese, teriyaki sauce]"
Hawaiian-baby-back-ribs-339478,Hawaiian Baby Back Ribs,3,3900.0,[Main Dishes],[Hawaiian],"[baby back ribs, soy sauce, brown sugar, cider, large garlic cloves, pineapple, corn starch]"
Hawaiian-Chicken-Breasts-with-Sweet-Bell-Peppers-and-Pineapple-683072,Hawaiian Chicken Breasts with Sweet Bell Peppers and Pineapple,4,2400.0,[Main Dishes],[Hawaiian],"[chicken breasts, grapeseed oil, red bell pepper, green bell pepper, garlic, rosemary, pineapple chunks, ketchup, low sodium soy sauce, corn starch, water]"
Barbecue-Chicken-497612,Barbecue Chicken,4,3000.0,"[Lunch and Snacks, Main Dishes]",[Hawaiian],"[tomato sauce, apple cider vinegar, honey, paprika, worcestershire sauce, mustard, salt, onion powder, boneless, skinless chicken breast, chile pepper, jalapeno chilies]"
no-bean-Hawaiian-chili-969873,no bean Hawaiian chili,3,11700.0,[Main Dishes],[Hawaiian],"[ground pork, coconut oil, tomato sauce, red pepper, green pepper, sweet onion, garlic cloves, chili powder, cumin, pineapple, salt, pepper]"
Hawaiian-Meatballs-993458,Hawaiian Meatballs,4,1200.0,[],[Hawaiian],"[green pepper, onions, pineapple chunks, white sugar, apple cider vinegar, salt, sprinkles, black pepper, soy sauce, brown sugar, corn starch, cold water, cooked meatballs]"
Hawaiian-Beach-Shrimp-Allrecipes,Hawaiian Beach Shrimp,4,4800.0,,"[Barbecue, Hawaiian, American]","[white sugar, lemon pepper seasoning, fresh parsley, minced garlic, oyster sauce, mayonnaise, extra large shrimp]"
Tropical-tilapia-with-pineapple-salsa-and-coconut-rice---easy-_-special_-365136,Tropical Tilapia with Pineapple Salsa and Coconut Rice – Easy & Special!,4,1500.0,[Main Dishes],[Hawaiian],"[coconut milk, liquid, water, white rice, pineapple, purple onion, red bell pepper, pepper, cilantro, salt, tilapia fillets, olive oil, garlic cloves, brown sugar, soy sauce, lime juice, ginger]"
Hawaiian-Chicken-_-Coconut-Rice-629986,Hawaiian Chicken & Coconut Rice,3,2700.0,[Main Dishes],[Asian],"[boneless skinless chicken breasts, soy sauce, pineapple juice, water, brown sugar, scallions, garlic, fresh ginger, sesame oil, butter, long grain white rice, coconut milk]"
Mango-Chutney-My-Recipes_1,Mango Chutney,3,2400.0,[Condiments and Sauces],[Hawaiian],"[canola oil, shallots, onions, mango, cider vinegar, firmly packed brown sugar, salt, ground black pepper, ground cardamom]"
Hawaiian-BBQ-Chicken-Sandwiches-_in-the-crock-pot_-1001274,Hawaiian BBQ Chicken Sandwiches {in the crock pot},4,3600.0,[Main Dishes],[Hawaiian],"[boneless skinless chicken breast halves, ketchup, pineapple juice, low sodium soy sauce, honey, molasses, coconut extract, ground ginger, onion powder, garlic powder, ground black pepper, cold water, corn starch, tomato paste, pineapple rings, green onions]"
Hawaiian-IPA-Pulled-Pork-Sliders-969807,Hawaiian IPA Pulled Pork Sliders,4,2700.0,[Main Dishes],[Hawaiian],"[garlic, low sodium soy sauce, worcestershire sauce, tomato paste, Sriracha, brown sugar, pineapple, pork shoulder, salt, pepper, India Pale Ale, hawaiian rolls]"
Island_Style-Fried-Rice-AllRecipes,Island-Style Fried Rice,5,3600.0,,"[Hawaiian, Asian]","[jasmine rice, water, canola oil, fully cooked luncheon meat, pork sausages, eggs, pineapple chunks, oyster sauce, green onions]"
Hawaiian-Grilled-Chicken-Sandwiches-592531,Hawaiian Grilled Chicken Sandwiches,4,2400.0,"[Lunch and Snacks, Main Dishes]",[Barbecue],"[chicken breasts, soy sauce, Tabasco Pepper Sauce, brown sugar, dijon mustard, pineapple rings, provolone cheese, hamburger buns, mayonnaise]"
Hawaiian-Coconut-Grilled-Chicken-with-Pineapple-Salsa-1184520,Hawaiian Coconut Grilled Chicken with Pineapple Salsa,4,3000.0,[Main Dishes],[Barbecue],"[boneless chicken skinless thigh, low sodium soy sauce, water, light brown sugar, minced garlic, sesame oil, light coconut milk, pineapple, red bell pepper, purple onion, lime, cilantro leaves, salt, white rice, kosher salt, brown sugar]"
Hawaiian-Banana-Nut-Bread-Allrecipes,Hawaiian Banana Nut Bread,5,4800.0,[Breads],[Hawaiian],"[all-purpose flour, salt, baking soda, white sugar, ground cinnamon, chopped walnuts, eggs, vegetable oil, bananas, crushed pineapple, vanilla extract, flaked coconut, cocktail cherries]"
Pupu-Balls-Allrecipes,Pupu Balls,4,2400.0,[Appetizers],[Hawaiian],"[ground beef, onions, seasoned bread crumbs, water, soy sauce, garlic, whiskey]"
Hawaiian-Fried-Rice-1012086,Hawaiian Fried Rice,4,1800.0,[Side Dishes],[Hawaiian],"[soy sauce, oil, hot sauce, vegetable oil, diced ham, red bell pepper, green onions, garlic cloves, cooked rice, large eggs, pineapple]"
Hawaiian-Rice-1188148,Hawaiian Rice,4,2100.0,[Side Dishes],[Hawaiian],"[rice, olive oil, green pepper, onions, roma tomatoes, pineapple, garlic, soy sauce, pineapple juice, sweetened coconut flakes]"
Hawaiian-Waffles-With-Pineapple-And-Coconut-Allrecipes,Hawaiian Waffles with Pineapple and Coconut,4,2100.0,[Breakfast and Brunch],[Hawaiian],"[all-purpose flour, white sugar, baking powder, baking soda, salt, egg yolks, sour cream, coconut milk, fresh pineapple, unsalted butter, large egg whites]"
Hawaiian-Hot-Dogs-with-Grilled-Pineapple-and-Teriyaki-Mayo-1221484,Hawaiian Hot Dogs with Grilled Pineapple and Teriyaki Mayo,4,1500.0,[],[Barbecue],"[pineapple, grapeseed oil, pepper, hot dogs, hot dog bun, vegan mayonnaise, mayonnaise, teriyaki sauce, lime juice, sea salt, jalapeno chilies, cilantro, purple onion]"
The-Hawaiian-Dog-Hot-Dog-Topper-580416,The Hawaiian Dog Hot Dog Topper,3,1200.0,,[Hawaiian],"[fresh pineapple, purple onion, red bell pepper, macadamia nuts, chopped cilantro fresh, fresh lime juice]"
Slow-Cooker-Hawaiian-Chicken-1173579,Slow Cooker Hawaiian Chicken,4,14700.0,[Main Dishes],[Hawaiian],"[chicken breasts, barbecue sauce, pineapple, soy sauce]"
Tropical-Muesli-Martha-Stewart,Tropical Muesli,4,5400.0,"[Lunch and Snacks, Breakfast and Brunch]",[Hawaiian],"[rolled oats, low-fat plain yogurt, honey, dried pineapple, golden raisins, almonds, fresh lemon juice, yoghurt, chopped almonds]"
Hawaiian-Ham-Sandwiches_-1014974,Hawaiian Ham Sandwiches!,4,2400.0,[Lunch and Snacks],[Barbecue],"[olive oil, onions, sugar, kosher salt, water, ham, pineapple rings, fontina cheese, sandwich rolls]"
Easy-Hawaiian-Chicken-Packets-Allrecipes,Easy Hawaiian Chicken Packets,4,3000.0,[Main Dishes],"[Barbecue, Hawaiian]","[boneless skinless chicken breast halves, teriyaki sauce, green bell pepper, red bell pepper, onions, pineapple chunks]"
Crock-Pot-Hawaiian-BBQ-Ribs-1002307,Crock Pot Hawaiian BBQ Ribs,4,86400.0,[Main Dishes],[Hawaiian],"[rib, bbq sauce, pineapple, pork rub, brown sugar, yellow mustard, smoked paprika, liquid smoke, garlic powder, salt, pepper]"
Crock-Pot-Hawaiian-Sandwiches-1003042,Crock Pot Hawaiian Sandwiches,4,300.0,[Lunch and Snacks],[Hawaiian],"[cooked ham, onions, ketchup, water, vinegar, mustard, brown sugar, worcestershire sauce, buns, pineapple slices]"
Crock-Pot-Hawaiian-BBQ-Ribs-1183309,Crock Pot Hawaiian BBQ Ribs,4,86400.0,[Main Dishes],[Hawaiian],"[rib, bbq sauce, pineapple, pork rub, brown sugar, yellow mustard, smoked paprika, liquid smoke, garlic powder, salt, pepper]"
Poi-My-Recipes,Poi,4,3300.0,[Side Dishes],"[Hawaiian, American]","[water, taro]"
Mango-Chutney-Martha-Stewart,Mango Chutney,3,2400.0,[Condiments and Sauces],"[Hawaiian, Southwestern, American, Indian]","[olive oil, finely chopped onion, mango, raisins, granulated sugar, honey, cider vinegar, black mustard seeds, cumin seed, coarse salt]"
Sweet-_-Spicy-BBQ-Bacon-Hawaiian-Turkey-Burgers-1257581,Sweet & Spicy BBQ Bacon Hawaiian Turkey Burgers,4,1800.0,[Main Dishes],[Barbecue],"[turkey bacon, ground turkey breast, bbq sauce, white onion, garlic cloves, cayenne pepper, crushed red pepper flakes, salt, pepper, pineapple slices, pepper jack, whole grain hamburger buns, onions]"
Spicy-Hawaiian-Chicken-Burgers-566127,Spicy Hawaiian Chicken Burgers,4,,[Main Dishes],[Barbecue],"[pineapple, pepper jack, hamburger buns, ground chicken, low sodium soy sauce, smoked paprika, chili powder, seasoning salt, ground cumin, garlic, mayonnaise, purple onion]"
Hawaiian-Chicken-Burgers-607714,Hawaiian Chicken Burgers,3,2100.0,[Main Dishes],"[Barbecue, Kid-Friendly]","[ground chicken, barbecue sauce, provolone cheese, Italian seasoned breadcrumbs, cilantro, garlic, pineapple juice, pepper, salt, swiss cheese, pineapple, lettuce, hawaiian sweet rolls]"
Luau-Hawaiian-Fruit-Salad-1195315,Luau Hawaiian Fruit Salad,4,1200.0,[Salads],[Hawaiian],"[pineapple, lemon, grapes, mandarin oranges, bananas, strawberries, kiwi, raspberries, blueberries, pineapple chunks, dressing, juice, pineapple juice, ground ginger]"
Maui-Onion-Dressing-Allrecipes,Maui Onion Dressing,4,600.0,[Salads],"[Hawaiian, American]","[maui onion, garlic, seeds, white sugar, dry mustard, lemon juice, apple cider vinegar, mayonnaise, vegetable oil]"
Smoky-Hawaiian-BBQ-Pulled-Chicken-Sandwiches-on-Toasted-Hawaiian-Buns_-with-Grilled-Pineapple-and-Maui-Onions-781361,"Smoky Hawaiian-BBQ “Pulled” Chicken Sandwiches on Toasted Hawaiian Buns, with Grilled Pineapple and Maui Onions",4,3900.0,"[Lunch and Snacks, Main Dishes]",[Barbecue],"[chicken breasts, olive oil, salt, black pepper, onion powder, maui, garlic, tomato paste, pineapple juice, chicken base, ketchup, bbq sauce, honey, fresh pineapple, sandwich buns, mayonnaise]"
Hawaiian-Wedding-Cake-I-Allrecipes,Hawaiian Wedding Cake I,5,,[Desserts],[Hawaiian],"[white sugar, baking soda, all-purpose flour, eggs, crushed pineapples in juice, chopped walnuts, flaked coconut]"
Hawaiian-Tarts-Allrecipes,Hawaiian Tarts,5,4200.0,[Desserts],[Hawaiian],"[all-purpose flour, confectioners sugar, corn starch, butter, vanilla extract, pineapple preserves, white sugar, eggs, flaked coconut]"
Hawaiian-Fried-Rice-1015781,Hawaiian Fried Rice,4,2100.0,[],[Hawaiian],"[canola oil, diced ham, red bell pepper, minced garlic, ginger, cooked rice, eggs, soy sauce, sesame oil, pineapple, green onions]"
Grilled-Hawaiian-Chicken-Kabobs-1166290,Grilled Hawaiian Chicken Kabobs,4,2700.0,[Main Dishes],[Barbecue],"[boneless skinless chicken breasts, pineapple, red bell pepper, green bell pepper, purple onion, cilantro, soy sauce, apple cider vinegar, minced garlic, pineapple juice, ground ginger, chopped cilantro, Sriracha]"
Hawaiian-Bread-Ii-Allrecipes,Hawaiian Bread II,4,9300.0,[Breads],[Hawaiian],"[active dry yeast, warm water, eggs, pineapple juice, water, white sugar, ground ginger, vanilla extract, butter, all-purpose flour]"
Cheesy-Hawaiian-BBQ-Beef-Taquitos-with-Pineapple-Salsa-941425,Cheesy Hawaiian BBQ Beef Taquitos with Pineapple Salsa,4,2700.0,[Main Dishes],[Southwestern],"[flour tortillas, pineapple salsa, fresh pineapple, purple onion, green bell pepper, ground ginger, adobo sauce, chipotles in adobo, cilantro, flank steak, olive oil, garlic, salt, pepper, barbecue sauce, chili powder, smoked paprika, ginger, ground cumin, chipotle peppers, shredded cheddar cheese, ground meat]"
Pineapple-Flan-Allrecipes,Pineapple Flan,4,3600.0,[Desserts],[Hawaiian],"[milk, all-purpose flour, egg yolks, white sugar, vanilla extract, apricot jam, pie shell, pineapple]"
Hawaiian-Islands-Grilled-Pork-Chop-1127833,Hawaiian Islands Grilled Pork Chop,4,1500.0,[Main Dishes],[Hawaiian],"[pork chops, honey, pineapple, soy sauce, spicy brown mustard, hot sauce, brown sugar, orange, garlic]"
Hawaiian-Kabobs-1112725,Hawaiian Kabobs,3,2100.0,[Main Dishes],[Barbecue],"[mango, pineapple, purple onion, beef, green bell pepper, worcestershire sauce, white vinegar, garlic cloves, pepper, cumin, seasoning, salt]"
Diana_s-Hawaiian-Bread-Rolls-Allrecipes,Diana's Hawaiian Bread Rolls,4,10800.0,[Breads],[Hawaiian],"[warm water, eggs, salt, vanilla extract, lemon extract, molasses, honey, white sugar, dry milk powder, butter flavor shortening, bread flour, active dry yeast]"
Crock-Pot-Hawaiian-BBQ-Chicken-Tacos-with-Pineapple-Slaw-1099061,Crock Pot Hawaiian BBQ Chicken Tacos with Pineapple Slaw,4,30000.0,[Main Dishes],[Hawaiian],"[boneless skinless chicken breasts, unsweetened pineapple juice, bbq sauce, soy sauce, rice vinegar, brown sugar, garlic, minced ginger, Sriracha, flour tortillas, sharp cheddar cheese, red cabbage, green cabbage, fresh pineapple, purple onion, cilantro, unsweetened coconut milk, fresh lime juice, salt, crushed red pepper]"
Hawaiian-Bulgogi-Burger-1200797,Hawaiian Bulgogi Burger,3,3300.0,[Main Dishes],[Hawaiian],"[yellow onion, garlic, white sugar, fresh ginger root, soy sauce, vinegar, sesame oil, beef, mayonnaise, Sriracha, shichimi togarashi, onion slices, jack cheese, cheese, fresh pineapple, napa cabbage, green leaf lettuce, sliced tomatoes]"
Hawaiian-BBQ-Dog-with-Mango_-Chili_-Pineapple-and-Lime-Relish_-1207281,"Hawaiian BBQ Dog with Mango, Chili, Pineapple and Lime Relish.",4,900.0,,[Barbecue],"[bbq sauce, pineapple juice, lime juice, fresh cilantro, cayenne, salt, mango, fresh pineapple, fresh basil, juice, olive oil, chipotle chile, jalapeno chilies, pepper, spicy bratwurst, hot dog bun, swiss cheese]"
Hawaiian-Sweet-Bread-Allrecipes,Hawaiian Sweet Bread,4,6300.0,[Breads],[Hawaiian],"[warm water, white sugar, all-purpose flour, salt, dry milk powder, potato flakes, active dry yeast, vanilla extract, lemon extract, eggs, margarine]"
Polynesian-Chicken-MyRecipes-243481,Polynesian Chicken,3,6300.0,[Main Dishes],[Hawaiian],"[chicken, soy sauce, ground ginger, pepper, dried minced onion, brown sugar, juice, pineapple chunks, orange juice, corn starch, water, mandarin oranges, cooked rice]"
Hawaiian-Pork-Hash-Allrecipes,Hawaiian Pork Hash,5,3000.0,[Main Dishes],[Hawaiian],"[ground pork, shrimp, egg whites, water chestnuts, green onions, corn starch, soy sauce, white sugar, minced garlic, oyster sauce, salt, ground black pepper, sesame oil, dumpling skins]"
Kikuchan_s-Potato_crab-Salad-Allrecipes,Kikuchan's Potato-Crab Salad,4,6600.0,[Salads],[Hawaiian],"[russet potatoes, eggs, lump crab meat, sliced black olives, carrots, mayonnaise, white sugar, pepper, salt]"
Crock-Pot-Hawaiian-Chicken-1003724,Crock Pot Hawaiian Chicken,4,1800.0,[Main Dishes],[Hawaiian],"[boneless skinless chicken breasts, pineapple slices, green bell pepper, soy sauce, brown sugar, lemon, ground ginger, corn starch, salt, pepper]"
Chicken-Long-Rice-Soup-Allrecipes,Chicken Long Rice Soup,5,5400.0,[Soups],"[Hawaiian, American]","[chicken leg quarters, low sodium chicken broth, Hawaiian salt, fresh ginger root, sweet onion, bean threads, green onions, bok choy]"
Grilled-Hawaiian-Burger-517579,Grilled Hawaiian Burger,4,2400.0,[Main Dishes],[Barbecue],"[Gold's Horseradish, light mayonnaise, purple onion, ketchup, chicken, hot dogs, min, burgers, fat, onion slices, kosher salt, olive oil, romaine lettuce, ground black pepper, pineapple, meat, whole wheat hamburger buns]"
Cheesy-Hawaiian-Barbecue-Pasta-Bake-625286,Cheesy Hawaiian Barbecue Pasta Bake,3,3000.0,[Main Dishes],[Kid-Friendly],"[noodles, olive oil, chopped onion, green pepper, minced garlic, cubed ham, crushed pineapple, evaporated milk, barbecue sauce, shredded mozzarella cheese, shredded cheddar cheese, pepper, salt, oregano]"
Hawaiian_style-Meatballs-Allrecipes,Hawaiian-Style Meatballs,5,2100.0,,[Hawaiian],"[lean ground beef, water chestnuts, soy sauce, brown sugar, onion powder, garlic powder, apricot preserves, apple cider vinegar]"
Hawaiian-Sweet-_-Sour-Smoked-Sausage-1045176,Hawaiian Sweet & Sour Smoked Sausage,4,900.0,[Main Dishes],[Hawaiian],"[smoked sausage, red bell pepper, garlic chili sauce, fresh pineapple, cooked rice]"
Luscious-Lilikoi-Chiffon-Pie-Allrecipes,Luscious Lilikoi Chiffon Pie,4,14400.0,[Desserts],[Hawaiian],"[egg yolks, white sugar, salt, passion fruit juice, unflavored gelatin, cold water, grated lemon zest, egg whites, graham cracker crusts]"
Grilled-Hawaiian-Chicken-And-Pineapple-Sandwiches-Allrecipes,Grilled Hawaiian Chicken and Pineapple Sandwiches,5,5160.0,"[Lunch and Snacks, Main Dishes]","[Barbecue, Hawaiian, American]","[boneless skinless chicken breast halves, hawaiian style marinade, pineapple, provolone cheese, rolls, salad dressing, romaine lettuce, tomatoes]"
Hawaiian-Chicken-Skewers-with-Cilantro-Coconut-Rice-1213353,Hawaiian Chicken Skewers with Cilantro Coconut Rice,4,17100.0,[Main Dishes],"[Barbecue, Hawaiian]","[boneless skinless chicken breasts, pineapple juice, low sodium soy sauce, ketchup, fresh ginger, honey, garlic, orange bell pepper, purple onion, fresh pineapple, brown rice, light coconut milk, water, kosher salt, cilantro]"
Almond-and-Coconut-Crusted-Tilapia-AllRecipes,Almond and Coconut Crusted Tilapia,3,3600.0,[Main Dishes],"[Hawaiian, American]","[eggs, toasted almonds, flaked coconut, sesame seeds, brown sugar, nutmeg, crushed pineapple, chopped onion, tilapia]"
Hawaiian-Sweet-Bread-Allrecipes_1,Hawaiian Sweet Bread,4,2400.0,[Breads],[Hawaiian],"[all-purpose flour, potato flakes, sugar, active dry yeast, salt, ground ginger, milk, water, softened butter, pineapple juice, eggs, vanilla extract]"
Grilled-Hawaiian-Turkey-Sliders-1049327,Grilled Hawaiian Turkey Sliders,4,2400.0,,[Barbecue],"[pineapple juice, lean ground turkey, plain breadcrumbs, green onions, red bell pepper, garlic cloves, ginger root, kosher salt, chinese five-spice powder, reduced sodium soy sauce, hawaiian rolls]"
Hawaiian-Chicken-_Paleo-Crock-Pot_-568610,Hawaiian Chicken {Paleo Crock-Pot},4,2400.0,[Main Dishes],[Kid-Friendly],"[pineapple juice, organic soy sauce, maple syrup, teriyaki sauce, onion flakes, garlic powder, pineapple chunks, skinless chicken breasts, bell pepper]"
Hawaii-Chicken-Allrecipes,Hawaii Chicken,4,5400.0,[Main Dishes],"[Hawaiian, American]","[chicken, all-purpose flour, salt, ground white pepper, vegetable oil, onions, green bell pepper, crushed pineapples in juice, soy sauce, brown sugar, corn starch, chicken stock]"
Hawaiian-Grilled-Chicken-1020427,Hawaiian Grilled Chicken,3,2400.0,[Main Dishes],[Asian],"[boneless chicken skinless thigh, soy sauce, coconut milk, water, brown sugar, green onions, minced garlic, fresh ginger, sesame oil, pepper, salt, jasmine, canola oil, sugar, sweetened coconut]"
Spam-and-Napa-Cabbage-546814,Spam™ and Napa Cabbage,4,1800.0,,[Hawaiian],"[fully cooked luncheon meat, napa cabbage, water, soy sauce, tomatoes, pepper, salt]"
Hawaiian-Sweet-Potato-Casserole-AllRecipes,Hawaiian Sweet Potato Casserole,4,4500.0,[Side Dishes],"[Hawaiian, American]","[light brown sugar, ground cinnamon, sweet potatoes, butter, salt, bananas, crushed pineapple, pineapple juice, lemon juice, honey]"
Hawaiian-Nut-Loaf-Allrecipes,Hawaiian Nut Loaf,5,4200.0,"[Desserts, Breads]",[Hawaiian],"[eggs, butter, white sugar, all-purpose flour, baking soda, salt, crushed pineapple, chopped walnuts]"
Tropical-Carrot-Cake-475590,Tropical Carrot Cake,0,4500.0,[Desserts],[Hawaiian],"[all-purpose flour, sugar, baking soda, salt, ground cinnamon, ground nutmeg, large eggs, vanilla extract, canola oil, cream of coconut, shredded carrots, pineapple, sweetened coconut flakes, macadamia nuts, cream cheese, powdered sugar, heavy cream]"
Hawaiian-Chicken-Wings-Allrecipes,Hawaiian Chicken Wings,4,5700.0,[Appetizers],[Hawaiian],"[canola oil, chicken wings, garlic salt, corn starch, eggs, cider vinegar, pineapple juice, ketchup, honey, soy sauce, toasted sesame seeds, green onions]"
Easy-Grilled-Hawaiian-Teriyaki-Chicken-Bowls-with-Pineapple-Sriracha-Crema-1118262,Easy Grilled Hawaiian Teriyaki Chicken Bowls with Pineapple Sriracha Crema,4,1800.0,[Main Dishes],[Barbecue],"[sauce, chicken, boneless skinless chicken breasts, pineapple, zucchini, red bell pepper, olive oil, salt, pepper, rice, crema, sour cream, mayonnaise, marmalade, Sriracha, lime, cilantro]"
Homestyle-Kalua-Pork-with-Cabbage-in-a-Slow-Cooker-554368,Homestyle Kalua Pork with Cabbage in a Slow Cooker,3,38400.0,[Main Dishes],"[Hawaiian, American]","[kosher salt, ground black pepper, ground ginger, pork shoulder roast, soy sauce, worcestershire sauce, flavoring, cabbage]"
Hawaiian-Smoked-Sausage-AllRecipes,Hawaiian Smoked Sausage,4,900.0,[Main Dishes],[Hawaiian],"[Crisco Pure Canola Oil, green pepper, yellow onion, tomatoes, smoked sausage, corn starch, ground ginger, vinegar, soy sauce, apricot preserves, pineapple chunks]"
Grilled-Hawaiian-Chicken-Teriyaki-Bowls-1179012,Grilled Hawaiian Chicken Teriyaki Bowls,4,4200.0,[Main Dishes],[Hawaiian],"[chicken fingers, zucchini, bell pepper, pineapple, purple onion, sweetened coconut flakes, water, unsweetened coconut milk, light brown sugar, salt, jasmine rice, soy sauce, rice vinegar, sesame oil, brown sugar, honey, ground ginger, garlic, corn starch, crushed red pepper]"
Hawaiian-Fruit-Crumble-Allrecipes_1,Hawaiian Fruit Crumble,5,2700.0,[Desserts],"[Hawaiian, American]","[sliced apples, lemon juice, crushed pineapple, cranberry sauce, quick-cooking oats, brown sugar, all-purpose flour, ground cinnamon, salt, butter]"
Pineapple-Fried-Rice-Allrecipes,Pineapple Fried Rice,4,3300.0,[Side Dishes],"[Hawaiian, American, Asian]","[crushed pineapples in juice, water, white rice, peanut oil, eggs, sesame oil, tofu, mushrooms, soy sauce, green onions, carrots]"
Hawaiian-Macadamia_coconut-Squares-Allrecipes,Hawaiian Macadamia-Coconut Squares,4,6300.0,[Desserts],"[Hawaiian, American]","[butter, brown sugar, instant coffee, ground cinnamon, salt, all-purpose flour, eggs, vanilla extract, flaked coconut, macadamia nuts]"
Hawaiian-Cake-Allrecipes,Hawaiian Cake,4,6300.0,[Desserts],[Hawaiian],"[butter, white sugar, eggs, salt, baking soda, crushed pineapple, pineapple juice, flaked coconut, chopped walnuts, vanilla extract, graham crackers]"
Hawaiian-Fried-Won-Tons-Allrecipes,Hawaiian Fried Won Tons,5,2700.0,[Appetizers],[Hawaiian],"[fully cooked luncheon meat, water chestnuts, drained and chopped, green onions, fresh parsley, eggs, pepper, oyster sauce, wonton wrappers, vegetable oil]"
Spam-Musubi-622159,Spam Musubi,5,19500.0,"[Lunch and Snacks, Appetizers]","[Hawaiian, American, Asian]","[white rice, water, rice vinegar, soy sauce, oyster sauce, white sugar, fully cooked luncheon meat, sushi nori, vegetable oil]"
Chicken-Liver-Hawaiian-1206699,Chicken Liver Hawaiian,4,5100.0,"[Appetizers, Main Dishes]",[Hawaiian],"[chicken wings, chicken livers, carrots, green bell pepper, soy sauce, pineapple chunks, brown sugar, canola oil, onions, garlic, corn starch, salt, pepper]"
Lomi-Lomi-Salmon-My-Recipes,Lomi Lomi Salmon,4,,"[Appetizers, Side Dishes, Main Dishes]","[Hawaiian, American]","[sea salt, salmon fillets, white onion, green onions, diced tomatoes, lettuce leaves]"
Macadamia-Nut-Crusted-Mahi-Mahi-Allrecipes,Macadamia Nut Crusted Mahi Mahi,5,4800.0,[Main Dishes],[Hawaiian],"[macadamia nuts, plain breadcrumbs, mahi mahi fillets, butter, shallots, chicken stock, pineapple, papaya, mango, shredded coconut, pepper, salt, white sugar]"
Island-Chicken-With-Fruit-Salsa-Allrecipes,Island Chicken with Fruit Salsa,4,13500.0,[Main Dishes],[Hawaiian],"[pineapple, mango, chile pepper, chopped cilantro fresh, lime juice, fresh orange juice, dark rum, garlic, boneless skinless chicken breasts]"
Kalua-Pork-Sliders-with-Pineapple-Mango-Slaw-374760,Kalua Pork Sliders with Pineapple-Mango Slaw,5,,,[Hawaiian],"[cabbage, red bell pepper, celery, sliced green onions, chopped cilantro, mango, pineapple, mayonnaise, cider vinegar, fresh orange juice, dijon mustard, celery seed, sugar, orange zest, kosher salt, black pepper, onion powder, hawaiian rolls, pork roast, bbq sauce]"
Sesame-Crusted-Mahi-Mahi-With-Soy-Shiso-Ginger-Butter-Sauce-Allrecipes,Sesame Crusted Mahi Mahi with Soy Shiso Ginger Butter Sauce,5,2100.0,[Main Dishes],"[Hawaiian, Japanese, American]","[shallots, fresh ginger root, lemon, dry white wine, heavy cream, unsalted butter, soy sauce, shiso, kosher salt, ground white pepper, canola oil, mahi mahi fillets, sesame seeds, black sesame seeds]"
_Fried_-Hawaiian-Rice-1266066,"""Fried"" Hawaiian Rice",4,1200.0,[Main Dishes],"[Hawaiian, Asian]","[onions, garlic cloves, ginger root, scallions, red bell pepper, ham steak, cooked brown rice, pineapple, low sodium soy sauce, sesame oil, peanuts, canola oil, red pepper, green pepper, celery, fresh ginger, garlic, red pepper flakes, kosher salt, shrimp, corn starch, water, orange, rice vinegar, toasted peanuts]"
Hawaiian-Chicken-Kabobs-579430,Hawaiian Chicken Kabobs,5,9000.0,[Main Dishes],"[Barbecue, Hawaiian]","[soy sauce, brown sugar, sherry, sesame oil, ground ginger, garlic powder, boneless skinless chicken breast halves, pineapple chunks]"
Hawaiian-Beef-Casserole-AllRecipes,Hawaiian Beef Casserole,4,3900.0,[Main Dishes],"[Hawaiian, American]","[cooking oil, onions, ground beef, kidney beans, pineapple chunks, ketchup, brown sugar, corn starch, ground mustard, salt]"
Pineapple-Fried-Rice-524768,Pineapple Fried Rice,3,1800.0,[Side Dishes],"[American, Hawaiian]","[butter, fresh pineapple, sweet onion, garlic chili sauce, basmati rice, red bell pepper, chopped cilantro fresh, lime zest, cilantro leaves, salt]"
Mimi_s-Curried-Hawaiian-Chicken-Salad-Allrecipes,Mimi's Curried Hawaiian Chicken Salad,4,2700.0,[Salads],[Hawaiian],"[boneless skinless chicken breasts, mayonnaise, curry powder, lemon juice, soy sauce, slivered almonds, seedless green grape, chopped celery, water chestnuts, pineapple chunks, paprika]"
Hawaiian-Ham-Bake-TasteOfHome,Hawaiian Ham Bake,5,2700.0,[Main Dishes],[Hawaiian],"[fully cooked ham, onions, green pepper, raisins, pineapple, brown sugar, corn starch, ground mustard, salt, pineapple juice, cider vinegar, reduced sodium soy sauce, cooked rice]"
Hawaiian-Fruit-Crumble-Allrecipes,Hawaiian Fruit Crumble,4,2700.0,[Desserts],"[Hawaiian, American]","[sliced apples, lemon juice, crushed pineapple, cranberry sauce, quick-cooking oats, brown sugar, all-purpose flour, ground cinnamon, salt, butter]"
Hawaiian-Bruddah-Potato-Mac-_Macaroni_-Salad-AllRecipes,Hawaiian Bruddah Potato Mac (Macaroni) Salad,4,31800.0,"[Side Dishes, Salads]","[Hawaiian, American]","[eggs, potatoes, elbow macaroni, mayonnaise, sherry vinegar, curry powder, celery seed, salt, black pepper, carrots, green peas, sweet onion]"
Tangy-Hawaiian-Chicken-Allrecipes,Tangy Hawaiian Chicken,4,6000.0,[Main Dishes],"[Barbecue, Hawaiian]","[pineapple, soy sauce, onion powder, white sugar, lemon juice, barbecue sauce, curry powder, boneless skinless chicken breast halves, salt, pepper, finely chopped onion, chopped celery, white rice, water]"
Hawaiian-Pulled-Pork-Tacos-with-Pineapple-Slaw-1074317,Hawaiian Pulled Pork Tacos with Pineapple Slaw,4,3300.0,[Main Dishes],[Hawaiian],"[pork tenderloin, olive oil, ginger, garlic, brown sugar, tomato ketchup, soy sauce, salt, pepper, cumin, pineapple juice, Dole Pineapple Tidbits, shredded cabbage, shredded carrots, cilantro, Kewpie Mayonnaise, Sriracha, red bell pepper, whole wheat tortillas, lime wedges]"
Tropical-Sorbet-Terrine-475436,Tropical Sorbet Terrine,0,,[Desserts],[Hawaiian],"[coconut milk, shredded coconut, sugar, salt, water, fresh raspberries, mango, lime juice, dark rum]"
Macaroni-salad-373370,Macaroni Salad,4,1800.0,"[Lunch and Snacks, Salads, Side Dishes]","[American, Hawaiian]","[ditalini pasta, olive oil, salt, pepper, mayonnaise, mustard, relish, red pepper, black olives]"
Apple-_n_-Pork-Burgers-MyRecipes-242874,Apple 'n' Pork Burgers,4,,"[Lunch and Snacks, Main Dishes]",[Hawaiian],"[apples, finely chopped onion, crushed pineapple, dry bread crumbs, reduced sodium soy sauce, garlic cloves, ground pork, swiss cheese, hamburger buns, mayonnaise, avocado, mustard, lettuce leaves, tomatoes]"
Grilled-swordfish-kabobs-with-hawaiian-citrus-_-honey-mustard-sauce-319659,Grilled Swordfish Kabobs with Hawaiian Citrus & Honey-Mustard Sauce,3,6300.0,[Main Dishes],[Barbecue],"[water, swordfish fillets, sea salt, ground black pepper, red pepper, sweet onion, pineapple, lime, crimini mushrooms, dark sesame oil, sesame oil, crushed garlic, ginger, pineapple juice, orange juice, lemon, juice, unsweetened coconut milk, dijon mustard, hoisin sauce, reduced sodium soy sauce, orange blossom honey, cilantro leaves, chili]"
Hawaiian-Bubble-Bread-My-Recipes,Hawaiian Bubble Bread,4,,[Breads],"[Hawaiian, American]","[sugar, yeast, warm water, bananas, juice concentrate, honey, butter, bread flour, salt, cooking spray, cream of coconut, powdered sugar]"
Crock-Pot-Hawaiian-Chicken-Recipezaar_1,Crock Pot Hawaiian Chicken,3,21900.0,[Main Dishes],[Hawaiian],"[sprite, barbecue sauce, boneless skinless chicken breasts, pineapple chunks, cooked white rice]"
Hawaiian-Chicken-Salad-Recipezaar_5,Hawaiian Chicken Salad,4,900.0,"[Lunch and Snacks, Salads]","[Hawaiian, American]","[cooked chicken, coconut, chopped nuts, crushed pineapple, mayonnaise]"
Hawaiian_style-Kalbi-Ribs-Recipezaar,Hawaiian-Style Kalbi Ribs,4,15000.0,[Main Dishes],"[Barbecue, Hawaiian]","[beef ribs, soy sauce, sugar, water, fresh ginger, garlic cloves, sesame oil]"
Spam-Musubi-Food_com-173673,Spam Musubi,4,2700.0,"[Lunch and Snacks, Appetizers]","[Hawaiian, Asian]","[spam, sweet rice, water, rice vinegar, seaweed, soy sauce, honey, vinegar]"
Pineapple-Daiquiri-Recipezaar,Pineapple Daiquiri,4,300.0,"[Beverages, Cocktails]",[Hawaiian],"[light rum, triple sec, lime juice, pineapple juice, sugar, pineapple, crushed ice]"
Hawaiian-Kielbasa-Recipezaar,Hawaiian Kielbasa,4,2400.0,[Main Dishes],"[Hawaiian, American]","[polish sausage, pineapple chunks, baked beans, brown sugar]"
Maui-Sipper-Recipezaar,Maui Sipper,4,300.0,"[Beverages, Cocktails]",[Hawaiian],"[ice, melon liqueur, coconut rum, cointreau liqueur, pineapple juice, pineapple, orange]"
Barbecue-Chicken-Recipezaar_1,Barbecue Chicken,4,2700.0,"[Lunch and Snacks, Main Dishes]","[Barbecue, Hawaiian, American]","[soy sauce, brown sugar, oyster sauce, fresh ginger, sesame oil, garlic cloves, chicken thighs]"
Hawaiian-Lemonade-Recipezaar,Hawaiian Lemonade,4,300.0,[Beverages],[Hawaiian],"[frozen lemonade concentrate, water, apricot nectar, pineapple juice, ice, ginger ale, lemon slices]"
Shoyu-Chicken-Recipezaar_4,Shoyu Chicken,2,2700.0,[Main Dishes],"[Barbecue, Hawaiian, American, Asian]","[water, soy sauce, sugar, ginger, broiler-fryer chicken]"
Mahi-Mahi-With-Brown_sugar-Soy-Glaze-Recipezaar,Mahi Mahi With Brown-Sugar Soy Glaze,4,1200.0,[Main Dishes],"[Hawaiian, American]","[scallions, brown sugar, soy sauce, fresh lemon juice, skinless mahi mahi fillets, salt, vegetable oil]"
Hawaiian-Tropical-Delight-Recipezaar,Hawaiian Tropical Delight,4,7500.0,[],[Hawaiian],"[mandarin oranges, pineapple chunks, bananas, coconut, mini marshmallows, whipped cream]"
Kalua-Pork-Recipezaar,Kalua Pork,4,37500.0,[Main Dishes],"[Hawaiian, American]","[pork butt, rock salt, liquid smoke, garlic, pepper, onions, bananas]"
Hawaiian-B_b_q_-Sauce-Recipezaar,Hawaiian B.B.Q. Sauce,4,600.0,[Condiments and Sauces],[Hawaiian],"[pineapple juice, peanut oil, soy sauce, molasses, ground ginger]"
Hawaiian-Chicken-Food_com-66815,Hawaiian Chicken,3,3900.0,[Main Dishes],"[Barbecue, Hawaiian, American]","[skinless chicken breasts, onion soup mix, jam, french dressing, flour]"
Pineapple-Chicken-Recipezaar_12,Pineapple Chicken,3,4200.0,"[Lunch and Snacks, Main Dishes]",[Hawaiian],"[dark brown sugar, butter, boneless skinless chicken breasts, pineapple chunks]"
Hawaiian-Teriyaki-Marinade-Recipezaar,Hawaiian Teriyaki Marinade,4,22200.0,,"[Hawaiian, Asian]","[brown sugar, vegetable oil, soy sauce, dry sherry, dry mustard, ground ginger, minced garlic, molasses]"
Kahlua-Pork-Recipezaar_2,Kalua Pork,4,30600.0,[Main Dishes],"[Hawaiian, American]","[pork shoulder, banana leaves, liquid smoke, Hawaiian salt, pepper, seasoning]"
Pineapple-Chicken-Recipezaar_4,Pineapple Chicken,3,3300.0,"[Lunch and Snacks, Main Dishes]","[Hawaiian, American]","[skinless chicken breasts, catsup, cider vinegar, brown sugar, pineapple chunks, green bell pepper, sweet onion]"
Pineapple-Foster-Recipezaar,Pineapple Foster,4,1560.0,[Desserts],[Hawaiian],"[brown sugar, maple-flavored syrup, vanilla, cinnamon, nutmeg, fresh pineapple, butter]"
Mom_s-Hawaiian-Wedding-Cake-Food_com-185768,Mom's Hawaiian Wedding Cake,3,1800.0,[Desserts],[Hawaiian],"[crushed pineapple, angel food cake, vanilla instant pudding, shredded coconut, cool whip, cocktail cherries]"
Hawaiian-Chicken-Recipezaar_1,Hawaiian Chicken,3,22200.0,[Main Dishes],"[Barbecue, Hawaiian, American, Kid-Friendly]","[sprite, barbecue sauce, chicken breasts, pineapple chunks, brown sugar]"
Pineapple-Wasabi-Aioli-Recipezaar,Pineapple Wasabi Aioli,4,1800.0,,[Hawaiian],"[pineapple juice, mayonnaise, sour cream, soy sauce, wasabi]"
Haupia-_coconut-Pudding_-Recipezaar,Haupia (Coconut Pudding),4,9000.0,[Desserts],[Hawaiian],"[coconut milk, whole milk, sugar, corn starch]"
Macaroni-Salad-Recipezaar_39,Macaroni Salad,4,3600.0,"[Lunch and Snacks, Side Dishes, Salads]","[Hawaiian, American, Kid-Friendly]","[macaroni, mayonnaise, white sugar, salt, black pepper, sweet pepper]"
