id,recipeName,rating,totalTimeInSeconds,course,cuisine,ingredients
Greek-Quesadillas-with-Lemony-Tzatziki-1374144,Greek Quesadillas with Lemony Tzatziki,4,600.0,"[Lunch and Snacks, Appetizers]",[Greek],"[large flour tortillas, black beans, sun-dried tomatoes in oil, dried oregano, feta cheese, tzatziki sauce, plain greek yogurt, english cucumber, fresh dill, garlic cloves, lemon juice, salt]"
Mediterranean-Hummus-1371477,Mediterranean Hummus,4,600.0,[Appetizers],[Mediterranean],"[chickpeas, sun-dried tomatoes in oil, kalamata, garlic cloves, extra-virgin olive oil, fresh basil, lemon, freshly ground black pepper]"
Greek-Tortellini-Salad-1369260,Greek Tortellini Salad,4,1800.0,[Salads],[Greek],"[cheese tortellini, grape tomatoes, cucumber, kalamata, purple onion, feta cheese crumbles, extra-virgin olive oil, red wine vinegar, garlic, dried oregano, salt, pepper]"
Mediterranean-Quinoa-Salad-1061229,Mediterranean Quinoa Salad,3,1800.0,[Salads],[Mediterranean],"[quinoa, salt, cucumber, diced tomatoes, ripe olives, feta cheese crumbles, purple onion]"
Mediterranean-Chickpea-Salad-1331067,Mediterranean Chickpea Salad,3,2400.0,[Salads],[Mediterranean],"[chickpeas, cucumber, roasted red peppers, purple onion, salt, lemon juice, extra-virgin olive oil, plum tomatoes, garlic]"
Mediterranean-Roasted-Cauliflower-and-Garbanzo-Pasta-Bake-1376140,Mediterranean Roasted Cauliflower and Garbanzo Pasta Bake,4,5400.0,[Main Dishes],[Mediterranean],"[cauliflower, garbanzo beans, red bell pepper, yellow onion, kalamata, olive oil, salt, pepper, marinara sauce, pasta, feta cheese crumbles]"
Greek-Cooking-And-Greek-1375850,Greek Cooking And Greek,4,2700.0,,"[Mediterranean, Greek]","[fresh spinach, feta cheese, 1% low-fat cottage cheese, grated parmesan cheese, olive oil, green onions, dried dill, fresh lemon juice, salt, black pepper, large egg whites, phyllo dough]"
Easy-Tzatziki-Sauce-511981,Easy Tzatziki Sauce,5,3300.0,[Condiments and Sauces],"[Greek, Mediterranean]","[greek yogurt, cucumber, garlic, olive oil, lemon, fresh dill, salt]"
Greek-Spinach-_-Feta-Meatloaf-1373835,Greek Spinach & Feta Meatloaf,4,3900.0,[Main Dishes],[Greek],"[olive oil, minced garlic, baby spinach, ground beef, feta cheese crumbles, roasted red peppers, yellow onion, seasoned bread crumbs, eggs, dried oregano, dried parsley, dried thyme, salt, black pepper, worcestershire sauce, ketchup, pinenuts]"
Greek-Salad-1349467,Greek Salad,4,2400.0,[Salads],[Greek],"[extra-virgin olive oil, fresh lemon juice, red wine vinegar, dried oregano, dried basil, garlic, salt, ground black pepper, sugar, romaine lettuce, roma tomatoes, cucumber, purple onion, green bell pepper, feta cheese crumbles, kalamata]"
Greek-Style-Chickpea-Salad-1342954,Greek-Style Chickpea Salad,4,1500.0,[Salads],[Greek],"[chickpeas, olive oil, lemon juice, dried oregano, ground cumin, garlic cloves, english cucumber, diced red onions, red bell pepper, cherry tomatoes, ground black pepper, salt, salad greens, feta cheese]"
Lamb-Chops-with-Winter-Greek-Salad-1359708,Lamb Chops with Winter Greek Salad,3,2100.0,[Main Dishes],[Greek],"[lamb loin chops, pepper, salt, mint leaves, Italian parsley leaves, garlic, olive oil, cauliflower florets, apples, green onions, black olives, flat leaf parsley, lemon, feta cheese]"
Mason-Jar-Greek-Salad-with-Chickpeas-1366996,Mason Jar Greek Salad with Chickpeas,4,600.0,[Salads],[Greek],"[vinaigrette, chickpeas, cherry tomatoes, cucumber, diced red onions, pitted black olives, feta cheese crumbles, fresh parsley, lemon juice, salt, freshly ground black pepper, olive oil]"
Mediterranean-Couscous-1355754,Mediterranean Couscous,4,1200.0,[],[Mediterranean],"[couscous, arugula, olive oil, chicken tenderloin, kalamata, sun-dried tomatoes]"
Mediterranean-Grilled-Chicken-Breasts-1346163,Mediterranean Grilled Chicken Breasts,4,2100.0,[Main Dishes],[Mediterranean],"[boneless skinless chicken breast halves, lemon juice, olive oil, fresh parsley, garlic cloves, paprika, dried oregano, salt, pepper]"
Greek-Spinach-_-Feta-Meatloaf-1373669,Greek Spinach & Feta Meatloaf,4,3900.0,[Main Dishes],[Greek],"[olive oil, minced garlic, baby spinach, ground beef, feta cheese crumbles, roasted red peppers, yellow onion, seasoned bread crumbs, eggs, dried oregano, dried parsley, dried thyme, salt, black pepper, worcestershire sauce, ketchup, pinenuts]"
Olive-Tapenade-Jo-Cooks-46060,Olive Tapenade,5,300.0,[Appetizers],"[French, Mediterranean]","[kalamata, garlic, chopped parsley, olive oil, lemon, capers, pepper]"
Greek-style-Lamb-Meatballs-1373240,Greek-style Lamb Meatballs,3,2400.0,[Main Dishes],[Greek],"[ground lamb, garlic, lemon, dried oregano, garlic powder, sea salt, black pepper, fresh lemon, extra-virgin olive oil]"
Greek-Cucumber-Salad-Jo-Cooks-46081,Greek Cucumber Salad,4,300.0,"[Salads, Side Dishes]","[Greek, Mediterranean]","[english cucumber, greek yogurt, feta cheese, fresh dill, pepper, salt]"
Mediterranean-mozzarella-salad-297076,Mediterranean Mozzarella Salad,4,2700.0,[Salads],[Mediterranean],"[shredded mozzarella cheese, tomatoes, red bell pepper, sliced, wish bone balsam vinaigrett dress, loosely packed fresh basil leaves]"
Mediterranean-Chicken-Casserole-1333377,Mediterranean Chicken Casserole,3,11400.0,[Main Dishes],[Mediterranean],"[chicken stock, garlic, quinoa, cooked chicken, purple onion, black olives, feta cheese, paprika, cumin, olive oil, balsamic vinegar, tomatoes]"
Greek-Pasta-Salad-441626,Greek Pasta Salad,5,900.0,"[Salads, Side Dishes]","[Greek, Mediterranean]","[rotini, tomatoes, cucumber, onions, feta cheese, fresh oregano, fresh parsley, red wine vinegar, olive oil, cracked black pepper, salt]"
Tzatziki-The-Shiksa-Blog-48852,Tzatziki,5,,"[Lunch and Snacks, Appetizers, Side Dishes, Condiments and Sauces]","[Mediterranean, Greek]","[plain low fat greek yogurt, english cucumber, extra-virgin olive oil, mint, garlic, fresh lemon juice, salt, fresh mint]"
Mediterranean-Quinoa-Salad-1364395,Mediterranean Quinoa Salad,4,2100.0,[Salads],[Mediterranean],"[quinoa, lemon juice, olive oil, garlic, fresh oregano, pepper, salt, cucumber, grape tomatoes, feta cheese, chickpeas, artichoke hearts, capers, kalamata]"
Mediterranean-chicken-salad-368552,Mediterranean Chicken Salad,5,3300.0,[Salads],[Mediterranean],"[chicken breasts, olive oil, oregano, lemon, capers, cherry tomatoes, green beans, feta cheese crumbles, salt, freshly ground pepper]"
Garlic-penne-alfredo-with-sun-dried-tomatoes-299172,Garlic Penne Alfredo With Sun-dried Tomatoes,4,1800.0,[Main Dishes],"[Italian, Mediterranean]","[penne pasta, asparagus, Bertolli® Classico Olive Oil, onions, sun-dried tomatoes, dry white wine, Bertolli Garlic Alfredo Sauce]"
Mediterranean-Lemon-Butter-Chicken-1345424,Mediterranean Lemon Butter Chicken,4,1800.0,[Main Dishes],[Mediterranean],"[boneless chicken breast, minced garlic, olive oil, chicken stock, dry white wine, kalamata, capers, black pepper, lemon, fresh oregano, chopped fresh chives, butter, feta cheese crumbles]"
Greek-Salad-with-Butter-Beans-1369779,Greek Salad with Butter Beans,4,1500.0,[Salads],[Greek],"[cherry tomatoes, persian cucumber, butter beans, green onions, purple onion, garlic cloves, kalamata, green olives, feta cheese, flat leaf parsley, fresh mint, lemon juice, extra-virgin olive oil, freshly ground black pepper]"
Mediterranean-feta-dip-344706,Mediterranean Feta Dip,5,1500.0,[Appetizers],[Mediterranean],"[pitted kalamata olives, roma tomatoes, artichokes, garlic, sea salt, feta cheese, olive oil]"
Crazy-Greek-Feta_-Sun-Dried-Tomato-and-Pistachio-Truffles-1357251,"Crazy Greek Feta, Sun-Dried Tomato and Pistachio Truffles",4,1200.0,[Appetizers],"[Mediterranean, Greek]","[roasted garlic, cream cheese, greek yogurt, fresh basil, fresh oregano, feta cheese, sun-dried tomatoes in oil, kalamata, pepper, crushed red pepper, roasted pistachios, pita chips]"
Mediterranean-Zucchini-Noodles-1247693,Mediterranean Zucchini Noodles,4,1200.0,[Side Dishes],[Mediterranean],"[zucchini, olive oil, garlic cloves, tomatoes, capers, ripe olives, dried oregano, sun-dried tomatoes, red pepper flakes, fresh lemon juice, salt, basil leaves, feta cheese]"
Greek-Style-Lima-Beans-1351862,Greek-Style Lima Beans,4,2100.0,[Side Dishes],[Greek],"[baby lima beans, water, olive oil, flat leaf parsley, fresh mint, garlic, lemon, feta cheese, ground black pepper, salt]"
Greek-Egg-Salad-1352915,Greek Egg Salad,3,1200.0,[],[Greek],"[2% lowfat greek yogurt, red wine vinegar, garlic powder, hard-boiled egg, tomatoes, cucumber, feta cheese, kalamata, black pepper, arugula, whole wheat pita]"
Garlic-shrimp-352388,Garlic Shrimp,5,,"[Appetizers, Main Dishes]","[Mediterranean, Spanish]","[shrimp, garlic, olive oil, crushed red pepper flakes, paprika, salt, herbs, lime]"
Mediterranean-Cucumber-Cups-484603,Mediterranean Cucumber Cups,4,2400.0,[Appetizers],[Mediterranean],"[cucumber, purple onion, red bell pepper, tomatoes, black olives, dried oregano, feta cheese, parsley, lemon, extra-virgin olive oil, salt and ground black pepper]"
Lamb-Chops-with-Garlic-Rosemary-Sauce-484407,Lamb Chops with Garlic-Rosemary Sauce,4,1800.0,[Main Dishes],[Mediterranean],"[lamb loin chops, freshly ground pepper, olive oil, garlic cloves, rosemary, fresh lemon juice, chicken stock, butter]"
Mediterranean-Garbanzo-Bean-Salad-with-Quinoa-and-Avocado-1338179,Mediterranean Garbanzo Bean Salad with Quinoa and Avocado,4,2100.0,[Salads],[Mediterranean],"[garbanzo beans, chives, green bell pepper, capers, kalamata, quinoa, cilantro, avocado, low-fat feta, red wine vinegar]"
Greek-Chicken-Salad-1353004,Greek Chicken Salad,4,900.0,[Salads],[Greek],"[salad leaves, plum tomatoes, cucumber, purple onion, black olives, feta cheese, cooked chicken breasts, olive oil]"
Greek-Salad-Bites-1098926,Greek Salad Bites,3,1200.0,[Appetizers],[Greek],"[english cucumber, ground black pepper, kosher salt, feta cheese, pitted kalamata olives, grape tomatoes, extra-virgin olive oil]"
Greek-Stuffed-Peppers-with-Feta-Cheese-1337218,Greek Stuffed Peppers with Feta Cheese,4,3900.0,[Main Dishes],[Greek],"[extra lean ground beef, salt, ground pepper, olive oil, yellow onion, garlic, ground oregano, red pepper flakes, crushed tomatoes, cooked brown rice, sliced kalamata olives, flat leaf parsley, red bell pepper, seeds, feta cheese crumbles]"
Mediterranean-Hummus-Canape-1342959,Mediterranean Hummus Canapé,4,600.0,[],[Mediterranean],"[pita bread, garlic, olives, sun-dried tomatoes, feta cheese, basil]"
Mediterranean-Quinoa-Salad-1359435,Mediterranean Quinoa Salad,4,1500.0,[Salads],[Mediterranean],"[quinoa, grape tomatoes, feta cheese, parsley, garlic, olive oil, red wine vinegar, salt, pepper]"
Chicken-breasts-with-mediterranean-marinade-298873,Chicken Breasts With Mediterranean Marinade,4,13200.0,[Main Dishes],[Mediterranean],"[roast red peppers, drain, pitted olives, Wish-Bone Italian Dressing, dri oregano leaves, crush, boneless skinless chicken breast halves]"
Greek-Turkey-Burgers-1370976,Greek Turkey Burgers,4,1800.0,[Main Dishes],"[Barbecue, Kid-Friendly, Greek]","[ground turkey, dried dill, fresh mint, dried oregano, garlic, kosher salt, freshly ground black pepper, pita bread, greek yogurt, english cucumber, lemon juice, extra-virgin olive oil]"
Greek-Nachos-474766,Greek Nachos,4,1500.0,"[Appetizers, Lunch and Snacks]",[Mediterranean],"[flour tortillas, hummus, feta cheese, kalamata, tomatoes, purple onion, greek-style vinaigrette, fresh parsley]"
Roasted-red-pepper-hummus-361216,Roasted Red Pepper Hummus,5,6300.0,"[Appetizers, Lunch and Snacks]","[Greek, Mediterranean]","[red bell pepper, chickpeas, tahini paste, extra-virgin olive oil, fresh lemon juice, garlic, paprika, salt, cayenne pepper, warm water]"
Mediterranean-Grill-Cheese-751127,Mediterranean Grill Cheese,3,1200.0,[Lunch and Snacks],[Mediterranean],"[bread, olive oil, gouda, tomatoes, kalamata, feta cheese]"
Mediterranean-Zucchini-Sticks-1204031,Mediterranean Zucchini Sticks,4,2400.0,,[Mediterranean],"[zucchini, red bell pepper, tomatoes, kalamata, garlic, oregano, black pepper, feta cheese, parsley]"
Hummus-Serious-Eats-200474,Hummus,5,1200.0,"[Lunch and Snacks, Appetizers]","[Mediterranean, Greek]","[chickpeas, garlic, tahini, lemon juice, olive oil, kosher salt, finely chopped fresh parsley]"
Tzatziki-Sauce-474255,Tzatziki Sauce,5,600.0,"[Appetizers, Condiments and Sauces]","[Greek, Mediterranean]","[plain greek yogurt, seedless cucumber, fresh lemon juice, garlic cloves, fresh dill, salt]"
Mediterranean-chicken-kebab-salad-352579,Mediterranean Chicken Kebab Salad,5,2100.0,[Salads],[Mediterranean],"[boneless skinless chicken breasts, lemon juice, dried oregano, garlic, kosher salt, ground black pepper, cucumber, diced tomatoes, diced bell pepper, purple onion, black olives, vinegar, fresh lemon juice, olive oil, dillweed, fresh parsley, salt, black pepper, shredded lettuce, feta cheese, lemon wedge]"
Mediterranean-olive-hummus-345955,Mediterranean Olive Hummus,5,600.0,[Appetizers],[Mediterranean],"[garbanzo beans, tahini, olive oil, lemon juice, pitted olives, salt, ground pepper]"
Mediterranean-Stuffed-Chicken-Breasts-MyRecipes-245700,Mediterranean Stuffed Chicken Breasts,5,3900.0,[Main Dishes],[Mediterranean],"[red bell pepper, feta cheese crumbles, pitted kalamata olives, fresh basil, boneless skinless chicken breasts]"
Greek-pizza-333514,Greek Pizza,5,3300.0,[Main Dishes],[Greek],"[pizza doughs, feta cheese, garlic cloves, olive oil, fresh dill, mozzarella cheese, artichoke hearts, kalamata, purple onion, tomatoes, roasted red peppers]"
Greek-Goddess-Dip-1336445,Greek Goddess Dip,3,600.0,[Appetizers],"[Mediterranean, Greek]","[fresh dill, fresh mint, fresh parsley, fresh basil, garlic cloves, scallions, lemon juice, kosher salt, extra-virgin olive oil, feta cheese crumbles, greek yogurt, mayonnaise, vegetables]"
Mediterranean-Quinoa-Salad-1337623,Mediterranean Quinoa Salad,4,2100.0,[Salads],[Mediterranean],"[quinoa, water, purple onion, lemon, kalamata, extra-virgin olive oil, cucumber, cherry tomatoes, feta cheese crumbles, salt, pepper]"
Mediterranean-Tostada-with-Hummus_-Feta_-and-Kalamata-Olives-1340801,"Mediterranean Tostada with Hummus, Feta, and Kalamata Olives",4,600.0,,[Mediterranean],"[whole wheat tortillas, olive oil, lettuce, feta cheese crumbles, kalamata, hummus, sumac]"
Greek-Bison-Burger-1361978,Greek Bison Burger,3,1800.0,[Main Dishes],[Greek],"[ground bison, feta cheese, ground pepper, dried dillweed, salt, hamburger buns, spinach, purple onion, cucumber, plain greek yogurt, olive oil, lime juice, minced garlic, pepper, feta cheese crumbles]"
Mediterranean-chopped-ratatouille-salad-298528,Mediterranean Chopped Ratatouille Salad,4,3300.0,"[Main Dishes, Salads, Side Dishes]",[Mediterranean],"[wish-bone mediterranean italian vinaigrette dressing, eggplant, zucchini, purple onion, red bell pepper, baby spinach leaves, mozzarella cheese]"
Mediterranean-Spaghetti-My-Recipes,Mediterranean Spaghetti,4,4800.0,[Main Dishes],[Mediterranean],"[lean ground beef, chopped onion, dried oregano, garlic cloves, dry red wine, water, ground cinnamon, salt, ground nutmeg, pepper, stewed tomatoes, all-purpose flour, 1% low-fat milk, feta cheese crumbles, grated parmesan cheese, large eggs, dry bread crumbs, cooking spray, spaghetti, fresh oregano]"
Mediterranean-Greek-Salad-Allrecipes,Mediterranean Greek Salad,5,600.0,[Salads],"[Mediterranean, Greek]","[cucumber, feta cheese crumbles, black olives, roma tomatoes, sun-dried tomatoes in oil, purple onion]"
Greek-Green-Beans-in-Tomato-Sauce-with-Feta-_Fasolakia_-Closet-Cooking-54905,Greek Green Beans in Tomato Sauce with Feta (Fasolakia),5,3600.0,[Side Dishes],[Greek],"[olive oil, onions, garlic, red pepper flakes, diced tomatoes, green beans, oregano, salt, pepper, parsley, dill, feta cheese]"
Mediterranean-Quinoa-Casserole-1362589,Mediterranean Quinoa Casserole,4,3900.0,[Main Dishes],[Mediterranean],"[quinoa, brown lentils, yellow onion, garlic cloves, olive oil, frozen chopped spinach, grape tomatoes, eggs, nonfat greek yogurt, feta cheese crumbles, dried dill, salt, black pepper]"
Greek-Vinaigrette-My-Recipes,Greek Vinaigrette,4,1200.0,[Salads],"[Mediterranean, Greek]","[red wine vinegar, garlic cloves, basil, oregano, marjoram, lemon juice, olive oil, salt, freshly ground pepper]"
Homemade-Pita-Bread-1331804,Homemade Pita Bread,4,5100.0,[Breads],[Greek],"[water, active dry yeast, all-purpose flour, salt, olive oil, boneless skinless chicken breasts, greek yogurt, garlic, red wine vinegar, lemon juice, oregano, kalamata, green olives, tzatziki sauce, pitas, purple onion, feta cheese]"
Greek-Lemon-Chicken-Skewers-with-Tzatziki-Sauce-1189750,Greek Lemon Chicken Skewers with Tzatziki Sauce,4,4860.0,[Main Dishes],"[Barbecue, Greek]","[chicken breasts, fresh lemon juice, red wine vinegar, extra-virgin olive oil, garlic, dried oregano, dried parsley, coriander, kosher salt, black pepper, english cucumber, nonfat greek yogurt, lemon, fresh dill]"
Creamy-Greek-Zucchini-Patties-_Low-Carb-_-Gluten-Free_-601880,Creamy Greek Zucchini Patties (Low Carb & Gluten-Free),3,3300.0,[],[Greek],"[zucchini, eggs, fresh herbs, almond meal, feta cheese crumbles, ground cumin, fine sea salt, ground black pepper, olive oil]"
Mediterranean-tuna-299395,Mediterranean Tuna,4,900.0,"[Lunch and Snacks, Main Dishes]",[Mediterranean],"[tuna, drain and flake, Best Foods Mayonnaise Dressing with Extra Virgin Olive Oil, pitted olives, roast red peppers, drain, sliced green onions, small capers, rins and drain, whole wheat bread]"
Mediterranean-Chicken-with-Olives-Capers-and-Tomatoes-1350929,Mediterranean Chicken with Olives Capers and Tomatoes,4,1500.0,[Main Dishes],[Mediterranean],"[boneless chicken skinless thigh, salt, pepper, olive oil, onions, garlic, dried thyme, dried rosemary, red wine, kalamata, capers, chopped tomatoes, lemon zest]"
Mediterranean-grilled-steak-297525,Mediterranean Grilled Steak,4,3000.0,[Main Dishes],[Mediterranean],"[wish-bone, garlic, sprig fresh rosemary, torn into piec, steak]"
Mediterranean-Orzo-Salad-1340257,Mediterranean Orzo Salad,3,1200.0,[Salads],[Mediterranean],"[balsamic vinegar, DeLallo Lemon Juice, coarse sea salt, ground black pepper, DeLallo Extra Virgin Olive Oil, pepper, chickpeas, calamata olives, fresh mint, scallions, whole wheat orzo, Greek feta]"
Greek-Salad-The-Pioneer-Woman-Cooks-_-Ree-Drummond-41178,Greek Salad,5,,"[Lunch and Snacks, Salads]","[Mediterranean, Greek]","[romaine lettuce, tomatoes, cucumber, purple onion, pitted kalamata olives, feta cheese crumbles, fresh parsley, olive oil, red wine vinegar, sugar, garlic, kalamata, salt, ground black pepper, lemon]"
Greek-Veggie-Hummus-Wrap-1303622,Greek Veggie Hummus Wrap,4,1500.0,[Lunch and Snacks],[Greek],"[bell pepper, whole wheat tortillas, garlic, baby spinach, cucumber, roasted bell peppers, cherry tomatoes, kalamata, purple onion, feta cheese crumbles]"
Lemon-Aioli-Martha-Stewart_2,Lemon Aioli,4,900.0,[Condiments and Sauces],[Mediterranean],"[mayonnaise, grated lemon zest, fresh lemon juice, dijon mustard, garlic, coarse salt, ground pepper]"
Yogurt-Tahini-Sauce-498706,Yogurt Tahini Sauce,0,300.0,[Condiments and Sauces],[Mediterranean],"[greek yogurt, tahini paste, fresh lemon juice, water, garlic cloves, salt, paprika]"
Mediterranean-Farro-Salad-1174899,Mediterranean Farro Salad,4,1500.0,[Salads],[Mediterranean],"[chicken stock, farro, cucumber, roasted red peppers, sun-dried tomatoes, feta cheese crumbles, purple onion, finely chopped fresh parsley, greek-style vinaigrette, olive oil, lemon juice, red wine vinegar, dried oregano, garlic powder, salt, black pepper]"
Pasta-Salad-with-Tomatoes_-Zucchini_-and-Feta-The-Pioneer-Woman-Cooks-_-Ree-Drummond-41171,"Pasta Salad with Tomatoes, Zucchini, and Feta",5,3900.0,[Salads],[Mediterranean],"[bow-tie pasta, extra-virgin olive oil, lemon, salt, ground black pepper, zucchini, grape tomatoes, fresh parsley, feta cheese crumbles]"
Greek-Quinoa-and-Avocados-1318909,Greek Quinoa and Avocados,3,1800.0,,[Greek],"[quinoa, water, roma tomatoes, fresh spinach, purple onion, lemon juice, olive oil, salt, spinach leaves, avocado, feta cheese crumbles]"
Greek-Style-Spaghetti-Squash-1349207,Greek Style Spaghetti Squash,4,3600.0,,[Greek],"[spaghetti squash, onions, garlic, olive oil, tomatoes, feta cheese crumbles, black olives, parsley, salt, pepper]"
Mediterranean-Potato-Salad-1354027,Mediterranean Potato Salad,4,1800.0,[Salads],[Mediterranean],"[rice vinegar, kosher salt, baby potatoes, artichoke hearts, black olives, chopped fresh mint, fresh lemon juice, dijon mustard, ground black pepper, extra-virgin olive oil, garlic, dried oregano, crushed red pepper flakes]"
Greek-Chicken-Pita-1321541,Greek Chicken Pita,4,1200.0,[Lunch and Snacks],[Greek],"[boneless skinless chicken breasts, purple onion, medium tomatoes, whole wheat pita pockets, lettuce, feta cheese, sauce, cucumber, plain greek yogurt, dill, garlic, table salt]"
Tzatziki-Martha-Stewart,Tzatziki,4,6300.0,"[Lunch and Snacks, Appetizers, Side Dishes, Condiments and Sauces]","[Mediterranean, Greek]","[cucumber, salt, Homemade Yogurt, minced garlic, fresh dill, chopped fresh mint, extra-virgin olive oil, fresh lemon juice]"
Mediterranean-Pasta-Salad-824878,Mediterranean Pasta Salad,4,14400.0,[Salads],[Mediterranean],"[fusilli, cucumber, grape tomatoes, purple onion, kalamata, green olives, feta cheese crumbles, hard salami, olive oil, garlic cloves, balsamic vinegar, granulated sugar, kosher salt, ground black pepper]"
Roasted-Carrots-with-Feta-and-Parsley-Martha-Stewart,Roasted Carrots with Feta and Parsley,4,1800.0,[Side Dishes],[Mediterranean],"[carrots, extra-virgin olive oil, freshly ground pepper, coarse salt, feta cheese crumbles, flat leaf parsley]"
Greek-Polenta-Lasagna-1350771,Greek Polenta Lasagna,4,6600.0,[Main Dishes],[Greek],"[water, salt, polenta, olive oil, milk, feta cheese crumbles, eggs, frozen chopped spinach, roast red peppers, drain, pitted kalamata olives, dried oregano, kosher salt, ground black pepper, pasta sauce, mozzarella cheese]"
Greek-Fish-Florentine-490494,Greek Fish Florentine,3,1320.0,[Main Dishes],"[Mediterranean, Greek]","[fillets, grape tomatoes, garlic, leaf parsley, lemon, shallots, olive oil, baby spinach, feta cheese]"
Hummus-Martha-Stewart-196630,Hummus,3,1200.0,"[Lunch and Snacks, Appetizers]","[Mediterranean, Greek]","[dried chickpeas, garlic, lemon juice, tahini paste, coarse salt, water, olive oil]"
Mediterranean-Chopped-Salad-1043094,Mediterranean Chopped Salad,4,1200.0,[Salads],[Mediterranean],"[cherry tomatoes, cucumber, fresh parsley, feta cheese, olive oil, fresh lemon juice, sherry vinegar, pepper, salt]"
Greek-Tzatziki-_Yogurt-Cucumber-Dip_-1295450,Greek Tzatziki (Yogurt Cucumber Dip),4,420.0,[Appetizers],[Greek],"[plain yogurt, olive oil, english cucumber, garlic, dill, fresh lemon juice, pepper, salt]"
Mediterranean-Flatbread-972632,Mediterranean Flatbread,4,1500.0,,[Mediterranean],"[grape tomatoes, kalamata, artichoke hearts, roasted red peppers, roasted garlic, lime juice, fresh parsley, olive oil, feta cheese, pizza doughs]"
Mediterranean-Stuffed-Tomatoes-My-Recipes,Mediterranean Stuffed Tomatoes,3,1500.0,"[Lunch and Snacks, Appetizers, Side Dishes]",[Mediterranean],"[tomatoes, croutons, goat cheese, pitted kalamata olives, vinaigrette dressing, chopped fresh thyme]"
Greek_style-Penne-With-Fresh-Tomatoes_-Feta_-And-Dill-Epicurious,"Greek-Style Penne with Fresh Tomatoes, Feta, and Dill",5,1800.0,,"[Mediterranean, Greek]","[tomatoes, green onions, feta cheese, fresh parsley, fresh dill, extra-virgin olive oil, penne pasta]"
Greek-7-Layer-Dip-1172434,Greek 7 Layer Dip,4,900.0,[Appetizers],"[Mediterranean, Greek]","[hummus, greek yogurt, garlic, fresh dill, lemon, kosher salt, ground black pepper, purple onion, english cucumber, roma tomatoes, feta cheese crumbles, kalamata]"
Greek-Flatbreads-592996,Greek Flatbreads,4,1020.0,,[Greek],"[pita bread, feta cheese crumbles, artichokes, kalamata, tomatoes, green onions, parsley, ground black pepper]"
Fennel_-prosciutto-and-pomegranate-salad-307208,"Fennel, Prosciutto and Pomegranate Salad",5,2100.0,[Salads],"[American, Mediterranean]","[fennel bulb, extra-virgin olive oil, kosher salt, arugula, sliced green onions, mint leaves, balsamic vinegar, prosciutto, pomegranate seeds]"
Mediterranean-Kale_-Cannellini-and-Farro-Stew-980298,"Mediterranean Kale, Cannellini and Farro Stew",4,3300.0,"[Soups, Main Dishes]",[Mediterranean],"[olive oil, carrots, yellow onion, chopped celery, garlic, low sodium vegetable broth, diced tomatoes, farro, dried oregano, bay leaf, salt, parsley sprigs, kale, cannellini beans, fresh lemon juice, feta cheese]"
Chopped-Greek-Salad-1049186,Chopped Greek Salad,4,1200.0,[Salads],[Greek],"[extra-virgin olive oil, red wine vinegar, fresh parsley, dried oregano, diced tomatoes, cucumber, red bell pepper, black olives, diced red onions, feta cheese crumbles, salt, freshly ground pepper]"
Easy-mediterranean-pasta-salad-299316,Easy Mediterranean Pasta Salad,4,1200.0,"[Salads, Side Dishes]",[Mediterranean],"[Wish-Bone Italian Dressing, finely chopped fresh parsley, ground black pepper, pasta twists, marinated artichoke hearts, roast red peppers, drain, pitted olives, pepperoni]"
Mediterranean-martini-antipasto-salad-299446,Mediterranean Martini Antipasto Salad,4,900.0,[Salads],[Mediterranean],"[torn romain lettuc leav, marinated artichoke hearts, pitted olives, cherry tomatoes, feta cheese, wish bone red wine vinaigrett dress]"
Greek-Pasta-Casserole-1330780,Greek Pasta Casserole,4,3000.0,[Main Dishes],[Greek],"[pasta, butternut squash, spinach, plain greek yogurt, large egg yolks, garlic, kalamata, feta cheese, lemon, kosher salt, pepper, fresh mint]"
Mediterranean-Potato-Salad-1154402,Mediterranean Potato Salad,3,900.0,[Salads],[Mediterranean],"[potatoes, salt, ripe olives, olive oil, balsamic vinegar, feta cheese, fresh basil]"
Mediterranean-Couscous-1054921,Mediterranean Couscous,4,1800.0,,[Mediterranean],"[pearl couscous, marinated artichoke hearts, olives, sun-dried tomatoes, grape tomatoes, extra-virgin olive oil, fresh lemon juice, coarse salt, freshly ground pepper, flat leaf parsley, fresh oregano, chopped fresh mint, toasted pine nuts, pistachios, feta cheese crumbles]"
Greek-Quesadillas-1292083,Greek Quesadillas,4,1860.0,[Appetizers],"[Mediterranean, Greek]","[plain greek yogurt, fresh dill, extra-virgin olive oil, lemon juice, garlic, feta cheese crumbles, shredded mozzarella cheese, cucumber, medium tomatoes, pitted kalamata olives, salt, pepper, flour tortillas]"
Hummus-482028,Hummus,4,2100.0,"[Appetizers, Lunch and Snacks]","[Greek, Mediterranean]","[hummus, red bell pepper, fresh lemon juice, ground black pepper, salt, chickpeas, garlic cloves, olive oil]"
Grilled-Lemon-Oregano-Chicken-Drumsticks-Epicurious-54400,Grilled Lemon-Oregano Chicken Drumsticks,5,4200.0,[Main Dishes],[Mediterranean],"[fresh lemon juice, fresh oregano, garlic cloves, extra-virgin olive oil, kosher salt, grated lemon peel, chicken drumsticks]"
Curried-vegetable-couscous-299976,Curried Vegetable Couscous,4,900.0,[Side Dishes],[Mediterranean],"[water, Knorr® Vegetable recipe mix, raisins, curry powder, olive oil, couscous, almonds]"
Mediterranean-Tuna-Wrap-1095632,Mediterranean Tuna Wrap,4,1200.0,[Lunch and Snacks],[Mediterranean],"[whole wheat tortillas, chunk white tuna, olive oil, purple onion, green pepper, kalamata, sun-dried tomatoes, feta cheese crumbles]"
Avgolemono-_greek-Lemon_egg-Soup_-My-Recipes,Avgolemono (Greek Lemon-Egg Soup),4,1800.0,[Soups],"[Mediterranean, Greek]","[low sodium chicken broth, long-grain rice, chicken breast halves, large eggs, fresh lemon juice, lemon]"
Mediterranean-dip-303631,Mediterranean Dip,4,7500.0,[Appetizers],[Mediterranean],"[lipton recip secret veget soup mix, sour cream, cucumber, feta cheese, purple onion, dri oregano leaves, crush]"
Mediterranean-Couscous-Salad-1229722,Mediterranean Couscous Salad,4,1200.0,[Salads],[Mediterranean],"[olive oil, onions, dried thyme, mint leaves, dried rosemary, fresh dill, lemon juice, chicken broth, couscous, salt, pepper, toasted pine nuts, feta cheese crumbles, medium tomatoes, cucumber]"
Spicy-Sauteed-Fish-With-Olives-And-Cherry-Tomatoes-Epicurious,Spicy Sauteed Fish with Olives and Cherry Tomatoes,5,1500.0,[Main Dishes],[Mediterranean],"[olive oil, tilapia, fresh parsley, crushed red pepper, cherry tomatoes, kalamata, garlic cloves]"
Greek-Saganaki-Allrecipes,Greek Saganaki,4,900.0,,[Greek],"[feta cheese, eggs, fresh oregano, all-purpose flour, olive oil, ground black pepper, tomatoes, lemon]"
Greek-Chicken-with-Olives_-Feta-and-Tomatoes-1019689,"Greek Chicken with Olives, Feta and Tomatoes",5,1500.0,[Main Dishes],"[Barbecue, Greek]","[cherry tomatoes, pitted kalamata olives, feta cheese, fresh mint, extra-virgin olive oil, ground black pepper, coarse salt, chicken cutlets, marinade, olive oil, lemon juice, red wine vinegar, garlic, dried oregano, dried thyme, dijon mustard]"
Spiralized-Cucumber-Greek-Salad-1271474,Spiralized Cucumber Greek Salad,4,1200.0,[Salads],[Greek],"[olive oil, fresh lemon juice, red wine vinegar, fresh oregano, garlic cloves, salt, pepper, cucumber, cherry tomatoes, purple onion, feta cheese crumbles, kalamata]"
Mediterranean-Chicken-rice-bowls-1285769,Mediterranean Chicken rice bowls,4,1200.0,[Main Dishes],[Mediterranean],"[long-grain rice, water, butter, salt, lemon juice, olive oil, fresh parsley, garlic cloves, paprika, dried oregano, pepper, chickpeas, kosher salt, tahini, lemon, romaine lettuce, medium tomatoes, english cucumber, kalamata, purple onion, extra-virgin olive oil, fresh oregano leaves, feta cheese crumbles]"
Mediterranean-hummus-304159,Mediterranean Hummus ,4,300.0,[Appetizers],"[Greek, Mediterranean]","[chickpeas, Lipton® Recipe Secrets® Onion Soup Mix, olive oil, lemon juice, finely chopped fresh parsley, sesame seeds]"
Mediterranean-Couscous-Salad-474122,Mediterranean Couscous Salad,5,1200.0,"[Lunch and Snacks, Salads, Side Dishes]",[Mediterranean],"[couscous, grape tomatoes, artichoke hearts, kalamata, fresh basil, olive oil, lemon, garlic, fresh oregano, salt]"
Easy-Greek-Dip-My-Recipes,Easy Greek Dip,4,5100.0,[Appetizers],"[Mediterranean, Greek]","[low-fat plain yogurt, roasted red peppers, feta cheese crumbles, fresh dill, greek seasoning, garlic cloves]"
Spanakopita-Epicurious_1,Spanakopita,5,5400.0,[Appetizers],"[Mediterranean, Greek]","[unsalted butter, baby spinach, feta cheese, grated nutmeg, phyllo]"
Greek-Salad-1210073,Greek Salad,4,900.0,[Salads],[Greek],"[tomatoes, bell pepper, cucumber, purple onion, kalamata, feta cheese crumbles, garlic, kosher salt, pepper, greek seasoning, extra-virgin olive oil, lemon, fresh basil, chiffonade]"
Gyros-MyRecipes-226964,Gyros,4,2400.0,"[Lunch and Snacks, Main Dishes]","[Mediterranean, Greek]","[onion powder, garlic powder, dried oregano, fresh lemon juice, salt, garlic cloves, ground lamb, ground sirloin, cooking spray, ground red pepper, cucumber, purple onion, chopped fresh mint, black pepper, fat free yogurt, pitas]"
Greek-Cucumber-Salad-1331223,Greek Cucumber Salad,4,1200.0,[Salads],[Greek],"[cucumber, cherry tomatoes, olives, feta cheese, juice, extra-virgin olive oil, ground black pepper, dried oregano, garlic powder, crushed red pepper flakes]"
Mediterranean-pasta-salad-303870,Mediterranean Pasta Salad,4,2400.0,"[Salads, Side Dishes]","[Greek, Mediterranean]","[rotel pasta, cook and drain, Wish-Bone Italian Dressing, Hellmann's Dijonnaise Creamy Dijon Mustard, artichoke hearts, roast red peppers, drain, boneless skinless chicken breast halves, finely chopped fresh parsley, pitted olives]"
Greek-Style-Mahi-Mahi-Savour-the-Senses-58284,Greek-Style Mahi Mahi,5,1800.0,[Main Dishes],[Greek],"[filet, mayonnaise, feta cheese, mint, dill, fresh lemon juice, lemon, olive oil]"
Greek-Salad-960496,Greek Salad,4,1500.0,[Salads],[Greek],"[cherry tomatoes, red bell pepper, yellow bell pepper, purple onion, cucumber, parsley, fresh basil, kalamata, feta cheese crumbles, red wine vinegar, extra-virgin olive oil, water, italian seasoning, sea salt, pepper]"
MEDITERRANEAN-FIORELLI-PASTA-SALAD-1325242,MEDITERRANEAN FIORELLI PASTA SALAD,4,1500.0,[Salads],[Mediterranean],"[pasta, baby kale, red bell pepper, diced red onions, feta cheese, fresh basil, kalamata, minced garlic, olive oil, fresh lemon juice, salt, ground black pepper]"
Greek-Mahimahi-MyRecipes-212582,Greek Mahimahi,4,900.0,[Main Dishes],"[Mediterranean, Greek]","[mahimahi, black pepper, salt, cooking spray, tomatoes, purple onion, pitted kalamata olives, fresh parsley, red wine vinegar, extra-virgin olive oil, fresh oregano]"
Greek-Nachos-with-Feta-1299352,Greek Nachos with Feta,3,1800.0,[Appetizers],[Greek],"[tomatoes, purple onion, garlic cloves, cucumber, kosher salt, pita chips, feta cheese crumbles, greek yogurt]"
Tuscan-salmon-salad-297643,Tuscan Salmon Salad,4,1620.0,"[Lunch and Snacks, Salads]",[Mediterranean],"[wish bone balsam vinaigrett dress, orange, baby spinach leaves, salmon, purple onion, white cannellini beans, almonds]"
Mediterranean-Tomato-Salad-1315833,Mediterranean Tomato Salad,4,1500.0,[Salads],[Mediterranean],"[beefsteak tomatoes, tomatoes, green tomatoes, feta cheese, kalamata, chopped walnuts, mint]"
Seafood-linguine-297394,Seafood Linguine,4,2400.0,[Main Dishes],"[Italian, Mediterranean]","[I Can't Believe It's Not Butter!® Spread, onions, garlic, green peas, scallops, dry white wine, linguine, uncook medium shrimp, peel and devein]"
Greek-Bison-Steak-Salad-1348143,Greek Bison Steak Salad,3,1800.0,[Salads],[Greek],"[rib eye steaks, purple onion, black olives, cucumber, tomatoes, romaine lettuce, feta cheese, olive oil, red wine vinegar, thyme, oregano, salt, pepper]"
Greek-Night_-1364391,Greek Night!,4,3000.0,[Main Dishes],[Greek],"[feta cheese, olive oil, lemon juice, pepperoncini, garlic, fresh oregano, crushed red pepper, cracked black pepper, penne pasta, kalamata, sun-dried tomatoes, fresh basil leaves, fresh mint, roasted red peppers, pepper, lemon, salt, mahi mahi fillets, diced tomatoes, capers]"
Greek-Shrimp-and-Spinach-Pasta-1065162,Greek Shrimp and Spinach Pasta,4,1500.0,[Main Dishes],[Greek],"[shrimp, olive oil, pasta, feta cheese, frozen spinach, greek seasoning, heavy cream, fresh dill, salt, pepper]"
Greek-garlic-oregano-roasted-chicken-dinner-299218,Greek Garlic-oregano Roasted Chicken Dinner,4,2700.0,[Main Dishes],"[Greek, Mediterranean]","[Country Crock® Spread, dri oregano leaves, crush, grated lemon peel, chicken drumsticks, new potatoes, yellow bell pepper, purple onion, lemon, ground black pepper, chopped garlic]"
Greek-Quinoa-and-Avocado-Salad-592779,Greek Quinoa and Avocado Salad,3,900.0,[Salads],[Greek],"[quinoa, water, roma tomatoes, fresh spinach, purple onion, lemon juice, olive oil, salt, spinach leaves, avocado, feta cheese crumbles]"
Greek-Chicken-Salad-Pitas-MyRecipes-246744,Greek Chicken Salad Pitas,4,1500.0,[Lunch and Snacks],"[Mediterranean, Greek]","[romaine lettuce, roast breast of chicken, cucumber, purple onion, feta cheese crumbles, fresh lemon juice, olive oil, salt, ground black pepper, hummus, whole wheat pita]"
Greek-Potatoes-w_-Lemon-Vinaigrette-472797,Greek Potatoes w/ Lemon Vinaigrette,5,,,[Mediterranean],"[fresh oregano, flat leaf parsley, lemon juice, shallots, low sodium chicken broth, garlic, red potato, extra-virgin olive oil]"
Cucumber-Feta-Rolls-489023,Cucumber Feta Rolls,4,2100.0,,[Mediterranean],"[cucumber, feta cheese, greek yogurt, red bell pepper, pitted kalamata olives, dill, lemon juice, pepper]"
Chicken-Souvlaki-with-Tzatziki-MyRecipes-263338,Chicken Souvlaki with Tzatziki,4,1800.0,[Main Dishes],"[Mediterranean, Greek]","[chicken breasts, olive oil, dry white wine, lemon juice, fresh oregano leaves, garlic cloves, kosher salt, pepper, english cucumber, nonfat greek yogurt, white vinegar]"
Creamy-Mediterranean-Zoodles-_RecipeRedux-1231354,Creamy Mediterranean Zoodles #RecipeRedux,4,1500.0,,[Mediterranean],"[fat free yogurt, kalamata, feta cheese crumbles, cherry tomatoes, purple onion, lemon, dried tarragon leaves, salt, pepper]"
Mediterranean-Chicken-Pitas-1314365,Mediterranean Chicken Pitas,4,1200.0,[],[Mediterranean],"[boneless chicken breast, olive oil, kosher salt, ground black pepper, dried oregano, cherry tomatoes, cucumber, purple onion, romaine lettuce, feta cheese crumbles, balsamic vinegar, whole wheat pita pockets]"
Mediterranean-Style-Salmon-1210085,Mediterranean Style Salmon,4,4500.0,[Main Dishes],[Mediterranean],"[salmon, garlic, minced onion, tumeric, paprika, cumin, olive oil, dried basil, lemon, tomatoes, fresh parsley, sea salt, black pepper]"
Mediterranean-Grilled-Cheese-Sandwich-636889,Mediterranean Grilled Cheese Sandwich,3,1200.0,[Lunch and Snacks],[Mediterranean],"[rustic white bread, extra-virgin olive oil, mozzarella cheese, feta cheese, fresh spinach, sliced tomatoes, black olives, purple onion, fresh basil, minced garlic, ground black pepper]"
Mediterranean-Detox-Salad-1050084,Mediterranean Detox Salad,3,1200.0,[Salads],[Mediterranean],"[english cucumber, fresh lemon juice, extra-virgin olive oil, black pepper, watercress, artichoke hearts, celery ribs, purple onion, feta cheese]"
Greek-Quinoa-Salad-1338137,Greek Quinoa Salad,4,1800.0,[Salads],[Greek],"[quinoa, salt, chickpeas, seedless cucumber, roma tomatoes, purple onion, red wine vinegar, extra-virgin olive oil, fresh oregano, feta cheese, romaine lettuce, pitted kalamata olives]"
Mediterranean-Salmon-1280567,Mediterranean Salmon,4,1800.0,[Main Dishes],[Mediterranean],"[boneless salmon fillets, garlic, grape tomatoes, zucchini, green onions, lemon juice, salt, feta cheese, fresh basil, olives, navy beans, chickpeas, red bell pepper, olive oil]"
Greek-Style-Salad-1019812,Greek Style Salad,4,600.0,[Salads],[Greek],"[lettuce, tomatoes, cucumber, purple onion, kalamata, feta cheese, salad dressing, olive oil, lemon juice, oregano, salt, pepper]"
Greek-Chicken-Quinoa-Salad-1294307,Greek Chicken-Quinoa Salad,3,1200.0,[Salads],[Greek],"[white wine vinegar, lemon juice, olive oil, garlic, salt, ground black pepper, cucumber, grape tomatoes, spinach, shallots, fresh dill, cooked quinoa, cooked chicken breasts, feta cheese]"
Greek-Chicken-Stew-1297027,Greek Chicken Stew,4,3000.0,[Main Dishes],[Greek],"[extra-virgin olive oil, boneless chicken thighs, greek seasoning, coarse sea salt, ground black pepper, chopped onion, minced garlic, lemon juice, dried oregano, chicken stock, pitted kalamata olives, roasted red peppers, capers, sun-dried tomatoes, cauliflower florets, pepper, sea salt]"
Baked-Greek-Shrimp-With-Tomatoes-and-Feta-631170,Baked Greek Shrimp With Tomatoes and Feta,3,2700.0,[Main Dishes],[Greek],"[extra-virgin olive oil, shallots, garlic cloves, pepper, salt, tomatoes, crushed red pepper flakes, large shrimp, feta cheese, dried oregano, mint]"
Greek-Marinated-Grilled-Chicken-1212656,Greek Marinated Grilled Chicken,3,1500.0,[Main Dishes],[Greek],"[olive oil, garlic, fresh rosemary, fresh parsley, chopped fresh thyme, dried oregano, salt, pepper, lemon juice, lemon, boneless skinless chicken breasts, feta cheese, sliced kalamata olives, diced tomatoes]"
Mediterranean-Pizza-1126428,Mediterranean Pizza,4,1500.0,[Main Dishes],[Mediterranean],"[pizza doughs, olive oil, garlic salt, shredded mozzarella cheese, chicken breast strips, purple onion, plum tomatoes, pepperocini, artichoke hearts, pitted kalamata olives, feta cheese crumbles]"
Grilled-Greek-Salad-1352396,Grilled Greek Salad,3,1200.0,[Salads],[Greek],"[lemon, garlic, kosher salt, pepper, olive oil, hearts of romaine, cherry tomatoes, pitted kalamata olives, cucumber, feta cheese, dried oregano]"
Mediterranean-Quinoa-Chickpea-Salad-1218300,Mediterranean Quinoa Chickpea Salad,4,900.0,[Salads],[Mediterranean],"[cooked quinoa, chickpeas, cucumber, tomatoes, sweet onion, kosher salt, pomegranate vinegar, extra-virgin olive oil]"
Mediterranean-Veggie-Sandwich-1250653,Mediterranean Veggie Sandwich,4,600.0,[Lunch and Snacks],[Mediterranean],"[black olives, marinated artichoke hearts, cremini mushrooms, sun-dried tomatoes in oil, oil, lemon, ground pepper, kosher salt, baby spinach, basil pesto sauce, pitas]"
Mediterranean-Orzo-Pasta-Salad-755532,Mediterranean Orzo Pasta Salad,3,2400.0,[],[Mediterranean],"[olive oil, fresh lemon juice, salt, pepper, chicken broth, fresh basil, fresh parsley, orzo, grape tomatoes, onions, olives, feta cheese]"
Mediterranean-Sandwich-_vegan_-1233224,Mediterranean Sandwich [vegan],4,900.0,[Lunch and Snacks],[Mediterranean],"[chickpeas, garlic cloves, olive oil, pitted kalamata olives, pepper, fresh basil leaves, lemon juice, salt, bread, salad leaves]"
Marinated-Green-Olives-498675,Marinated Green Olives,0,2100.0,[Appetizers],[Mediterranean],"[brine cured green olives, extra-virgin olive oil, garlic, coriander seeds, black peppercorns, lemon]"
Mediterranean-Marinade-Martha-Stewart-190868,Mediterranean Marinade,4,,,[Mediterranean],"[garlic cloves, rosemary sprigs, salt, pepper, extra-virgin olive oil, red wine vinegar, sugar]"
Spanakopita-_Greek-Spinach-Pie_-1309018,Spanakopita (Greek Spinach Pie),4,3900.0,[],[Greek],"[curly leaf spinach, water, feta cheese, whole milk greek yogurt, scallions, large eggs, fresh mint, fresh dill, garlic cloves, purple onion, lemon zest, lemon juice, ground nutmeg, ground black pepper, salt, cayenne pepper, unsalted butter, phyllo, pecorino romano cheese]"
Roasted-Pork-Tenderloin-with-Fennel-and-Garlic-Martha-Stewart,Roasted Pork Tenderloin with Fennel and Garlic,5,2400.0,[Main Dishes],"[Mediterranean, American]","[garlic cloves, fennel bulb, olive oil, coarse salt, ground pepper, pork tenderloin, dried oregano]"
Greek-Avocado-_-Feta-Cucumber-Cups-1256396,Greek Avocado & Feta Cucumber Cups,4,900.0,,[Greek],"[english cucumber, california avocado, fresh lemon juice, tomatoes, feta cheese crumbles, pitted kalamata olives, salt, cayenne pepper, parsley]"
Fennel-Orange-Salad-Martha-Stewart,Fennel Orange Salad,3,1200.0,[Salads],"[Mediterranean, American]","[fennel bulb, orange, fresh parsley leaves, pitted black olives, olive oil, freshly ground pepper, coarse salt]"
Tzatziki-Sauce-482629,Tzatziki Sauce,4,2400.0,"[Appetizers, Condiments and Sauces]","[Greek, Mediterranean]","[cucumber, kosher salt, plain greek yogurt, garlic, lemon juice, fresh dill]"
Rosemary-Pork-Chops-Epicurious,Rosemary Pork Chops,5,1500.0,[Main Dishes],[Mediterranean],"[garlic cloves, rosemary, olive oil, rib pork chops]"
Classic-Greek-Salad-496315,Classic Greek Salad,5,600.0,[Salads],[Greek],"[tomatoes, english cucumber, purple onion, kalamata, feta cheese crumbles, olive oil, lemon, dried oregano, freshly ground pepper]"
Greek-Chicken-Salad-Sandwiches-1350427,Greek Chicken Salad Sandwiches,4,1200.0,[Lunch and Snacks],[Greek],"[boneless skinless chicken breasts, persian cucumber, grape tomatoes, feta cheese, purple onion, kalamata, sliced almonds, low-fat plain greek yogurt, sour cream, garlic, fresh dill, fresh parsley, lemon juice, ground black pepper, salt]"
Greek-Marinated-Steak-Gyros-1043674,Greek Marinated Steak Gyros,4,2100.0,[],[Greek],"[flank steak, whole milk greek yogurt, greek seasoning, black pepper, dried oregano, lemon, liquid smoke, pitas, black olives, arugula, bell pepper, purple onion, yoghurt, feta cheese, mayonnaise, fresh dill, garlic cloves, onions, salt]"
Greek-Spinach-Pie-1069251,Greek Spinach Pie,4,4800.0,[Main Dishes],[Greek],"[phyllo pastry, unsalted butter, olive oil, onions, frozen chopped spinach, ricotta cheese, feta cheese, jack cheese, large eggs, fresh dill, finely chopped fresh parsley, salt, ground black pepper]"
Greek-Omelet-596504,Greek Omelet,3,1200.0,[Breakfast and Brunch],[Greek],"[spinach, large eggs, feta cheese crumbles, scallions, fresh dill, freshly ground pepper, extra-virgin olive oil]"
Edamame-hummus-351950,Edamame Hummus,5,,[Appetizers],"[Asian, Mediterranean]","[edamame, tahini paste, water, lemon zest, lemon, garlic, kosher salt, pepper, olive oil, black sesame seeds]"
Mediterranean-Salsa-1198591,Mediterranean Salsa,4,600.0,,[Mediterranean],"[grape tomatoes, cucumber, kalamata, purple onion, feta cheese crumbles, red wine vinegar, fresh oregano, pepper, lemon]"
Mediterranean-Pasta-1336013,Mediterranean Pasta,4,1500.0,[Main Dishes],[Mediterranean],"[penne pasta, olive oil, garlic, Mezzetta Sliced Greek Kalamata Olives, dried tomatoes, peperoncini, grated parmesan cheese, feta cheese crumbles]"
Greek-Chicken-Pasta-1349533,Greek Chicken Pasta,4,2100.0,[Main Dishes],[Greek],"[linguine, purple onion, olive oil, garlic, boneless skinless chicken breasts, marinated artichoke hearts, large tomato, feta cheese crumbles, fresh parsley, lemon juice, dried oregano, pepper, salt, lemon]"
Mediterranean-Orzo-Salad-475856,Mediterranean Orzo Salad,4,1500.0,"[Salads, Side Dishes]","[Greek, Mediterranean]","[orzo, grape tomatoes, feta cheese crumbles, pitted kalamata olives, chopped parsley, capers, lemon juice, honey, garlic, salt, extra-virgin olive oil]"
Easy-Greek-Tzatziki-Chicken-Salad-1170458,Easy Greek Tzatziki Chicken Salad,4,900.0,[],[Greek],"[greek yogurt, lemon juice, garlic, cucumber, rotisserie chicken, cherry tomatoes, onions, feta cheese, kalamata, fresh dill, parsley, kosher salt, pitas]"
Greek-Tabbouleh-1046955,Greek Tabbouleh,3,2100.0,[],[Mediterranean],"[boiling water, bulgur, plum tomatoes, fresh spinach, feta cheese crumbles, sliced black olives, purple onion, water, fresh lemon juice, extra-virgin olive oil, salt, ground black pepper]"
Easy-Greek-Chicken-Gryos-1184815,Easy Greek Chicken Gryos,4,1800.0,[Main Dishes],[Greek],"[plain greek yogurt, cucumber, dill weed, seasoning salt, black pepper, boneless skinless chicken breasts, greek seasoning, salt, pepper, flatbread, grape tomatoes, romaine lettuce leaves, purple onion, feta cheese]"
Honey_soaked-Feta-My-Recipes,Honey-Soaked Feta,3,1200.0,,"[Mediterranean, Greek]","[feta cheese, thyme sprigs, kosher salt, ground black pepper, honey, lavender, pecans]"
Mediterranean-Pita-Bites-1224255,Mediterranean Pita Bites,4,900.0,[],[Mediterranean],"[pita pockets, hummus, ripe olives, diced red onions, cucumber, grape tomatoes, feta cheese crumbles, fresh parsley, fresh basil]"
Mediterranean-Tuna-Lettuce-Wraps-1280840,Mediterranean Tuna Lettuce Wraps,4,600.0,[],[Mediterranean],"[albacore tuna in water, kalamata, feta cheese, bell pepper, purple onion, chickpeas, lemon, dijon mustard, extra-virgin olive oil, fresh mint, sea salt, grape tomatoes, iceberg]"
Mediterranean-Chicken-1298233,Mediterranean Chicken,4,2400.0,[Main Dishes],[Mediterranean],"[boneless skinless chicken breasts, garlic cloves, olive oil, diced tomatoes, kalamata, parsley flakes, dried basil, dried oregano, salt, pepper, feta cheese, penne pasta]"
Mediterranean-Stuffed-Zucchini-988572,Mediterranean Stuffed Zucchini,3,1800.0,[Side Dishes],[Mediterranean],"[zucchini, olive oil, onions, kosher salt, black pepper, yellow squash, feta cheese, grape tomatoes, fresh parsley]"
Tabbouleh-style-pasta-salad-297101,Tabbouleh-style Pasta Salad,4,1620.0,"[Salads, Side Dishes]",[Mediterranean],"[broccoli florets, grape tomatoes, Wish-Bone Light Italian Dressing, cucumber, chickpeas, flat leaf parsley, grated lemon peel, whole wheat pasta]"
Greek-Chicken-Pita-1266387,Greek Chicken Pita,3,600.0,[Lunch and Snacks],[Greek],"[whole wheat pita, boneless skinless chicken breasts, medium tomatoes, cucumber, purple onion, dried oregano, fresh lemon juice, romaine lettuce, feta cheese crumbles]"
Greek-Style-Zucchini-Salad-1200040,Greek Style Zucchini Salad,4,1500.0,[Salads],[Greek],"[zucchini, mint, dill, green onions, feta cheese, lemon juice, olive oil, garlic, salt, pepper]"
Greek-Feta-_-Tomato-1255295,Greek Feta & Tomato,3,600.0,[],[Greek],"[thin spaghetti, extra-virgin olive oil, onions, garlic, plum tomatoes, dried oregano, salt, dry white wine, feta cheese, cracked black pepper]"
Greek-Lamb-Chops-My-Recipes,Greek Lamb Chops,4,1500.0,[Main Dishes],"[Mediterranean, Greek]","[dried oregano, lemon juice, minced garlic, salt, black pepper, lamb loin chops, cooking spray]"
Chopped-greek-salad-with-fresh-herbs-302348,Chopped Greek Salad with Fresh Herbs,5,900.0,[Salads],[Greek],"[cucumber, red bell pepper, tomatoes, purple onion, green olives, salt, ground black pepper, dried oregano, juice, extra-virgin olive oil, chopped parsley, dill, feta cheese crumbles]"
Grilled-Mediterranean-Black-Olive-Hummus-Panini-Sandwiches-1224184,Grilled Mediterranean Black Olive Hummus Panini Sandwiches,4,1200.0,[Lunch and Snacks],[Mediterranean],"[chickpeas, olive oil, lemon juice, tahini, red wine vinegar, fresh parsley, ripe olives, capers, black pepper, sandwich bread, baby spinach, roasted red peppers, black olives]"
Greek-Couscous-Bowls-1257252,Greek Couscous Bowls,4,1800.0,,[Greek],"[pearl couscous, olive oil, lemon juice, salt, pepper, fresh dill, sliced tomatoes, sliced cucumber, kalamata, purple onion, feta cheese crumbles, dill tips, lemon wedge, coarse salt]"
Mediterranean-Fish-_-Lemony-Orzo-1349685,Mediterranean Fish & Lemony Orzo,4,1800.0,[Main Dishes],[Mediterranean],"[olive oil, garlic, shallots, crushed red pepper, anchovy paste, anise seed, fresh oregano leaves, capers, olive tapenade, crushed tomatoes, ground pepper, sea salt, sauce, fish fillets, feta cheese, flat leaf parsley, chicken, orzo pasta, lemon]"
Mediterranean-Grain-Salad-Martha-Stewart,Mediterranean Grain Salad,4,2100.0,"[Side Dishes, Salads]",[Mediterranean],"[bulgur, coarse salt, ground pepper, grape tomatoes, fresh parsley, shallots, red wine vinegar, olive oil, fresh chevre]"
Mediterranean-pork-chops-299690,Mediterranean Pork Chops,4,1800.0,[Main Dishes],[Mediterranean],"[vegetable oil, bone in, red bell pepper, sliced, chunky pasta sauce]"
Greek-Tomatoes-TasteOfHome,Greek Tomatoes,4,1800.0,[Side Dishes],"[Greek, Mediterranean]","[tomatoes, purple onion, feta cheese, fresh parsley, salt, ground pepper, canola oil]"
Mediterranean-Stuffed-Chicken-1230610,Mediterranean Stuffed Chicken,4,2100.0,[Main Dishes],[Mediterranean],"[feta cheese, roasted red peppers, fresh basil, fresh parsley, boneless skinless chicken breasts, garlic powder, salt, pepper, olive oil, chicken broth]"
Mediterranean-Roast-Vegetables-with-Tomatoes_-Feta-and-Basil-1199174,"Mediterranean Roast Vegetables with Tomatoes, Feta and Basil",4,1800.0,[Side Dishes],[Mediterranean],"[zucchini, olive oil, salt, pepper, clove, eggplant, bell pepper, cherry tomatoes, feta cheese, fresh basil leaves]"
Braised-Greek-Artichoke-Bottoms-with-Lemon-and-Olive-Oil-770134,Braised Greek Artichoke Bottoms with Lemon and Olive Oil,3,3900.0,[Side Dishes],[Greek],"[artichokes, lemon, extra-virgin olive oil, salt, fresh dill]"
Mediterranean-Breakfast-Sandwiches-962521,Mediterranean Breakfast Sandwiches,3,1500.0,[Breakfast and Brunch],[Mediterranean],"[sandwich thins, olive oil, fresh rosemary, eggs, baby spinach leaves, tomatoes, feta cheese, kosher salt, ground black pepper]"
Skinny-Greek-Dip-1207902,Skinny Greek Dip,4,900.0,[Appetizers],[Greek],"[hummus, greek yogurt, garlic, fresh dill, lemon, kosher salt, ground black pepper, romaine lettuce, marinated artichoke hearts, black beans, roma tomatoes, feta cheese crumbles, kalamata]"
Saffron-Pilaf-Epicurious-54484,Saffron Pilaf,4,3300.0,[Side Dishes],"[American, Greek, Mediterranean]","[butter, long-grain rice, vegetables, salt, saffron threads, parmesan cheese, finely chopped fresh parsley]"
Saffron-Aioli-MyRecipes-265651,Saffron Aioli,3,1200.0,[Condiments and Sauces],"[Mediterranean, American]","[water, saffron threads, garlic cloves, canola mayonnaise, fresh lemon juice]"
Mediterranean-stuffed-tomatoes-with-quinoa-344702,Mediterranean Stuffed Tomatoes with Quinoa,5,2400.0,[Side Dishes],[Mediterranean],"[black quinoa, vine tomatoes, artichokes, feta cheese, kalamata, olive oil, garlic, sea salt]"
Cucumber-Raita-Allrecipes,Cucumber Raita,4,11700.0,"[Appetizers, Side Dishes, Condiments and Sauces, Salads]","[Mediterranean, Indian, Asian, Kid-Friendly]","[cucumber, greek yogurt, lemon juice, chopped fresh mint, white sugar, kosher salt]"
Mediterranean-Grilled-Chicken-_-Dill-Greek-Yogurt-Sauce-1125014,Mediterranean Grilled Chicken + Dill Greek Yogurt Sauce,4,1320.0,[],"[Barbecue, Mediterranean, Greek]","[garlic cloves, fresh dill, greek yogurt, olive oil, lemon, cayenne pepper, salt, paprika, allspice, ground nutmeg, green cardamom, pepper, boneless chicken skinless thigh, purple onion]"
Mediterranean-Couscous-Salad-Jo-Cooks-46041,Mediterranean Couscous Salad,5,1800.0,[Salads],[Mediterranean],"[couscous, olive oil, red wine vinegar, butter, cooked turkey, onions, white mushrooms, cherry tomatoes, olives, feta cheese, salt, pepper, cilantro]"
Mediterranean-turkey-sandwiches-298633,Mediterranean Turkey Sandwiches,4,600.0,[Lunch and Snacks],[Mediterranean],"[hellmann' or best food light mayonnais, balsamic vinegar, italian seasoning, bread, cut into italian loaf, lettuce leaves, tomatoes, purple onion, swiss cheese, turkey]"
Mediterranean-Spaghetti-Bake-1338115,Mediterranean Spaghetti Bake,4,4500.0,[Main Dishes],[Mediterranean],"[lean ground beef, chopped onion, dried oregano, garlic cloves, dry red wine, water, ground cinnamon, salt, ground nutmeg, pepper, stewed tomatoes, all-purpose flour, 1% low-fat milk, feta cheese crumbles, grated parmesan cheese, large eggs, dry bread crumbs, cooking spray, spaghetti, fresh oregano]"
Broken-field-mediterranean-baguette-298957,Broken Field Mediterranean Baguette,4,600.0,[Lunch and Snacks],[Mediterranean],"[mayonnaise, french baguette, arugula, tomatoes, shredded mozzarella cheese, loosely packed fresh basil leaves, prosciutto, italian salad dressing]"
Greek-style-pizza-299830,Greek-style Pizza,4,2820.0,"[Lunch and Snacks, Main Dishes]","[Greek, Mediterranean]","[Best Foods Mayonnaise Dressing with Extra Virgin Olive Oil, garlic, feta cheese, prebaked pizza crusts, cherry tomatoes, dri oregano leaves, crush, baby spinach leaves, purple onion, grated parmesan cheese]"
Mediterranean-Crescent-Ring-761391,Mediterranean Crescent Ring,4,2400.0,,[Mediterranean],"[spinach, marinated artichoke hearts, shredded mozzarella cheese, garlic herb feta, roasted red peppers, calamata olives, pinenuts, cracked black pepper, mayonnaise, garlic, dill, crescent rolls, egg whites, parmigiano reggiano cheese, cooking spray]"
Grilled-Veggie-and-Hummus-Wraps-MyRecipes-265643,Grilled Veggie and Hummus Wraps,4,1200.0,"[Lunch and Snacks, Main Dishes]",[Mediterranean],"[purple onion, red bell pepper, eggplant, olive oil, flat leaf parsley, kosher salt, hummus, flatbread, feta cheese crumbles, salad]"
Greek-Pasta-Salad-_glutenfree-1178468,Greek Pasta Salad – #glutenfree,4,1500.0,[Salads],[Greek],"[gluten-free pasta, cherry tomatoes, black olives, english cucumber, feta cheese, olive oil]"
Mediterranean-Spinach-Pies-My-Recipes,Mediterranean Spinach Pies,4,3300.0,,[Mediterranean],"[olive oil, onions, pepper, baby spinach leaves, feta cheese crumbles, bread dough]"
Tomato-Feta-Salad-and-Greek-Dressing-759820,Tomato Feta Salad and Greek Dressing,4,600.0,[Salads],[Greek],"[cucumber, grape tomatoes, feta cheese, lemon juice, olive oil, sea salt, white pepper, fresh oregano, garlic]"
Mediterranean-salad-with-polenta-300164,Mediterranean Salad With Polenta,4,1080.0,"[Lunch and Snacks, Salads]","[Italian, Mediterranean]","[tomatoes, loosely packed fresh basil leaves, wish bone balsam vinaigrett dress, olive oil, polenta prepar, shredded mozzarella cheese, escarole, salt]"
Mediterranean-Chickpea-Salad-1258682,Mediterranean Chickpea Salad,4,1200.0,[Salads],[Mediterranean],"[olive oil, lemon juice, fresh parsley, dried oregano, salt, pepper, chickpeas, cherry tomatoes, english cucumber, red bell pepper, purple onion, sliced black olives, feta cheese crumbles]"
Greek-Tacos-1087978,Greek Tacos,4,3000.0,[Main Dishes],[Greek],"[pork shoulder, salt, pepper, marjoram, olive oil, lemon juice, water, cucumber, plain greek yogurt, dried dillweed, garlic]"
Mediterranean-Cous-Cous-Salad-1256718,Mediterranean Cous Cous Salad,4,1200.0,[Salads],[Mediterranean],"[white wine vinegar, fresh lemon juice, granulated sugar, salad, couscous, purple onion, cucumber, tomatoes, feta cheese, italian seasoning, fresh basil, garlic powder, salt, pepper, balsamic vinegar]"
Mediterranean-Quinoa-Salad-1012965,Mediterranean Quinoa Salad,4,3900.0,[],[Mediterranean],"[tricolor quinoa, water, olive oil, zucchini, diced onions, dried basil, black olives, green olives, cherry tomatoes, feta cheese crumbles, salt, pepper]"
Authentic-Greek-Tzatziki-643530,Authentic Greek Tzatziki,4,1200.0,[Appetizers],[Greek],"[cucumber, greek yogurt, large garlic cloves, extra-virgin olive oil, white vinegar, salt, fresh dill]"
Greek_style-Pizza-My-Recipes_1,Greek-Style Pizza,4,1500.0,[Main Dishes],"[Mediterranean, Greek]","[olive oil, baby spinach, thin pizza crust, tomato sauce, feta cheese crumbles, freshly ground pepper, black olives]"
Mediterranean-Shrimp-575099,Mediterranean Shrimp,3,900.0,[Main Dishes],[Mediterranean],"[shrimp, sea salt, extra-virgin olive oil, purple onion, garlic, grape tomatoes, fresh basil, kalamata, baby spinach]"
Mediterranean-Chricken-Kebabs-1121881,Mediterranean Chricken Kebabs,4,3300.0,[Main Dishes],[Barbecue],"[filet, red bell pepper, green bell pepper, purple onion, extra-virgin olive oil, lemon, garlic, paprika, thyme, oregano, salt, ground black pepper]"
Greek-chicken-salad-298639,Greek Chicken Salad,4,3300.0,"[Lunch and Snacks, Salads]","[Greek, Mediterranean]","[wish-bone greek vinaigrette dressing, boneless, skinless chicken breast, nonfat yogurt plain, cucumber, chopped garlic, lemon juice, rocket leaves, tomatoes]"
Greek-7-Layer-Dip-1185279,Greek 7 Layer Dip,4,600.0,[Appetizers],[Greek],"[hummus, english cucumber, diced red onions, artichoke hearts, small tomatoes, feta cheese, pitted kalamata olives]"
Greek-pizza-297908,Greek Pizza,4,1320.0,"[Appetizers, Lunch and Snacks, Main Dishes]","[Greek, Mediterranean]","[i can't believ it' not butter! made with olive oil spread, fresh spinach leaves, rins and pat dry, garlic, dri oregano leaves, crush, tomatoes, feta cheese, prebaked pizza crusts, kalamata]"
Mediterranean-Style-Rainbow-Quinoa-Salad-1119945,Mediterranean Style Rainbow Quinoa Salad,4,1500.0,[Salads],[Mediterranean],"[quinoa, grape tomatoes, persian cucumber, yellow bell pepper, purple onion, avocado, feta cheese crumbles, kalamata, chopped parsley, lemon, olive oil, salt, pepper]"
Greek-Pasta-Salad-with-Cucumber-Yogurt-Dressing-1300740,Greek Pasta Salad with Cucumber Yogurt Dressing,4,1200.0,[Salads],[Greek],"[cucumber, nonfat yogurt, light mayonnaise, lemon juice, garlic powder, dill weed, oregano, sea salt, pasta, broccoli florets, heirloom cherry tomatoes, purple onion, pitted kalamata olives, feta cheese crumbles]"
Lemon-Couscous-My-Recipes,Lemon Couscous,4,1500.0,[Side Dishes],[Mediterranean],"[couscous, fat free reduced sodium chicken broth, grated lemon zest, fresh lemon juice, butter, fresh parsley, red bell pepper]"
Garlic-Shrimp-Epicurious_1,Garlic Shrimp,5,4800.0,"[Appetizers, Main Dishes]","[Mediterranean, Spanish]","[olive oil, white onion, large garlic cloves, fine sea salt, ground black pepper, shrimp shells]"
Mediterranean-Cauliflower-Pizza-1001884,Mediterranean Cauliflower Pizza,3,4200.0,[Main Dishes],[Mediterranean],"[cauliflower, extra-virgin olive oil, salt, meyer lemon, sun-dried tomatoes in oil, black olives, large eggs, part-skim mozzarella cheese, dried oregano, freshly ground pepper, fresh basil]"
Fennel-and-Orange-Salad-Martha-Stewart-195329,Fennel and Orange Salad,5,600.0,"[Side Dishes, Salads]","[Mediterranean, American]","[white wine vinegar, olive oil, coarse salt, ground pepper, navel oranges, fennel bulb, fronds]"
Greek-Chicken-Wrap-1175643,Greek Chicken Wrap,4,1200.0,[Lunch and Snacks],[Greek],"[chicken, grape tomatoes, cucumber, kalamata, feta cheese crumbles, fresh lemon juice, fresh oregano, olive oil, red pepper flakes, hummus, whole wheat tortillas]"
Mediterranean-Cous-Cous-Salad-989309,Mediterranean Cous Cous Salad,4,1200.0,[Salads],[Mediterranean],"[white wine vinegar, fresh lemon juice, granulated sugar, salad, couscous, purple onion, cucumber, tomatoes, feta cheese, italian seasoning, fresh basil, garlic powder, salt, pepper, balsamic vinegar]"
Greek-Inspired-Crockpot-Stuffed-Chicken-Breasts-1340700,Greek Inspired Crockpot Stuffed Chicken Breasts,4,1500.0,[Main Dishes],[Greek],"[boneless chicken breast, olive oil, onions, red pepper, pepperoncini, fresh spinach, minced garlic, fresh oregano, salt, pepper, lemon, chicken stock, white wine, feta cheese, fresh mint, fresh parsley]"
Greek-Salad-643648,Greek Salad,4,600.0,[Salads],[Greek],"[cucumber, tomatoes, purple onion, feta cheese, olive oil, fresh oregano, lemon wedge, ground black pepper, sea salt]"
Watermelon-Salad-My-Recipes,Watermelon Salad,4,4500.0,"[Side Dishes, Salads]","[Mediterranean, American]","[purple onion, fresh lime juice, watermelon, pitted kalamata olives, finely chopped fresh parsley, chopped fresh mint, feta cheese]"
Twice-Baked-Sweet-Potatoes-with-Feta-and-Sumac-513225,Twice-Baked Sweet Potatoes with Feta and Sumac,5,4800.0,[Side Dishes],[Mediterranean],"[sweet potatoes, feta cheese crumbles, fennel seeds, ground coriander, minced garlic, crushed red pepper flakes, olive oil, ground sumac]"
Balsamic-couscous-with-figlets-_-cherry-tomatoes-298273,Balsamic Couscous With Figlets & Cherry Tomatoes,4,1500.0,[Side Dishes],[Mediterranean],"[cherry tomatoes, orange, grated orange peel, fresh basil leaves, almonds, wish-bone light balsamic basil vinaigrette dressing, salt, ground black pepper, figs, couscous]"
Greek-Quinoa-_-Hummus-Stuffed-Tomatoes-1122490,Greek Quinoa & Hummus Stuffed Tomatoes,4,2100.0,,[Greek],"[quinoa, water, dried oregano, hummus, english cucumber, red bell pepper, feta cheese crumbles, flat leaf parsley, salt, ground pepper, tomatoes]"
Mediterranean-Layered-Dip-1341107,Mediterranean Layered Dip,4,1200.0,[Appetizers],[Mediterranean],"[garlic, extra-virgin olive oil, toasted pine nuts, fresh cilantro, grated parmesan cheese, kosher salt, ground black pepper, hummus, cilantro pesto, english cucumber, pepperoncini, purple onion, sun-dried tomatoes, feta cheese, pita chips]"
Tsatsiki-My-Recipes,Tsatsiki,3,1200.0,,[Mediterranean],"[cucumber, garlic cloves, plain yogurt]"
Greek-Kale-Salad-with-Lemon-Tahini-Dressing-1331598,Greek Kale Salad with Lemon-Tahini Dressing,4,600.0,[Salads],[Greek],"[kale, feta cheese crumbles, chickpeas, cherry tomatoes, cucumber, lemon juice, tahini, olive oil, apple cider vinegar, garlic, italian seasoning, lemon zest, salt, pepper]"
Greek-Salmon-and-Vegetable-Frittata-with-Creamy-Feta-Sauce-1354999,Greek Salmon and Vegetable Frittata with Creamy Feta Sauce,4,1500.0,[Main Dishes],[Greek],"[sauce, plain yogurt, lemon juice, minced garlic, salt, onion powder, dried dill, black pepper, buttermilk, feta cheese crumbles, eggs, milk, pepper, olive oil, onions, kale, roma tomatoes, kalamata, salmon, chopped parsley]"
Greek-Quinoa-Salad-1195822,Greek Quinoa Salad,4,1500.0,[Salads],[Greek],"[quinoa, extra-virgin olive oil, fresh lemon juice, red wine vinegar, dried oregano, grape tomatoes, cucumber, fresh parsley, diced red onions, black olives, feta cheese, salt, freshly ground pepper]"
Mediterranean-Chicken-Stew-1049645,Mediterranean Chicken Stew,3,2100.0,[Main Dishes],[Mediterranean],"[olive oil, boneless skinless chicken breast halves, coarse salt, ground pepper, garlic cloves, onions, dried oregano, whole peeled tomatoes, escarole, whole wheat couscous]"
Grilled-Halibut-Steaks-Epicurious,Grilled Halibut Steaks,5,4500.0,[Main Dishes],[Mediterranean],"[fennel seeds, large garlic cloves, lemon, coarse salt, olive oil, halibut steak]"
Classic-Tzatziki-My-Recipes,Classic Tzatziki,4,5400.0,[Condiments and Sauces],"[Mediterranean, Greek]","[cucumber, salt, fat free yogurt, chopped fresh mint, fresh dill, fresh lemon juice, garlic cloves]"
Linguine-with-Tapenade_-Tomatoes_-and-Arugula-Martha-Stewart-197817,"Linguine with Tapenade, Tomatoes, and Arugula",5,1500.0,[Main Dishes],[Mediterranean],"[coarse salt, ground pepper, linguine, extra-virgin olive oil, cherry tomatoes, tapenade, baby arugula, fresh parsley, feta cheese]"
Green-Olive-Tapenade-Martha-Stewart,Green Olive Tapenade,4,1200.0,"[Appetizers, Condiments and Sauces]",[Mediterranean],"[green olives, anchovy fillets, capers, garlic cloves, lemon juice]"
Easy-Mediterranean-Grilled-Chicken-1240418,Easy Mediterranean Grilled Chicken,5,10500.0,[Main Dishes],[Barbecue],"[PERDUE® HARVESTLAND® Fresh Whole Chicken With Giblets, olive oil, fresh oregano leaves, chopped garlic, lemon, salt, black pepper]"
Mediterranean-Pasta-Salad-1289591,Mediterranean Pasta Salad,4,780.0,[Salads],[Mediterranean],"[pasta, tomatoes, cucumber, purple onion, chopped parsley, green olives, black olives, feta cheese crumbles, olive oil, garlic cloves, vinegar, lemon juice, dried thyme, salt]"
Curried-Chicken-Salad-With-Greek-Yogurt-512882,Curried Chicken Salad With Greek Yogurt,5,2400.0,[Salads],[Mediterranean],"[low-fat greek yogurt, curry powder, cayenne, cooked chicken, celery, red grape, fresh parsley, salt]"
Mediterranean-Salad-1101681,Mediterranean Salad,4,1200.0,[Salads],[Mediterranean],"[lettuce, cucumber, cherry tomatoes, red capsicum, purple onion, pitted olives, feta cheese, dried thyme, olive oil, balsamic vinegar, cracked black pepper]"
Spiced-Lamb-Kebabs-MyRecipes-264362,Spiced Lamb Kebabs,4,4800.0,[Main Dishes],[Mediterranean],"[greek yogurt, ground cumin, paprika, garlic cloves, leg of lamb]"
Spanakopita-459606,Spanakopita,5,,[Appetizers],"[American, Greek, Mediterranean]","[spinach, feta cheese crumbles, kefalotyri, eggs, chopped fresh mint, ground nutmeg, freshly ground pepper, filo dough, unsalted butter]"
Zucchini-Patties-With-Feta-Epicurious,Zucchini Patties with Feta,5,3900.0,,[Mediterranean],"[zucchini, salt, large eggs, large egg yolks, all-purpose flour, feta cheese crumbles, flat leaf parsley, green onions, fresh dill, olive oil, corn oil, plain greek yogurt]"
Lemon-Aioli-Martha-Stewart,Lemon Aioli,3,1800.0,[Condiments and Sauces],[Mediterranean],"[large eggs, coarse salt, canola oil, extra-virgin olive oil, fresh lemon juice, lemon]"
Lamb-Burgers-My-Recipes_1,Lamb Burgers,3,2400.0,"[Lunch and Snacks, Main Dishes]","[Barbecue, Mediterranean, American]","[ground lamb, shallots, garlic, dried thyme, ground black pepper, kosher salt, olive oil, pita bread, relish]"
Greek-salad-sandwich-352519,Greek Salad Sandwich,5,1200.0,[Lunch and Snacks],[Greek],"[red wine vinegar, extra-virgin olive oil, kalamata, purple onion, ground pepper, coarse salt, feta cheese crumbles, bread ciabatta, romaine lettuce leaves, cucumber, tomatoes]"
Mediterranean-Orzo-Salad-986804,Mediterranean Orzo Salad,4,7200.0,[Salads],[Mediterranean],"[extra-virgin olive oil, lemon, garlic, salt, pepper, orzo pasta, cherry tomatoes, yellow tomato, kalamata, feta cheese crumbles, garbanzo beans, purple onion, fresh parsley]"
Cucumber-Raita-458300,Cucumber Raita,0,,"[Appetizers, Condiments and Sauces, Side Dishes]",[Mediterranean],"[seedless cucumber, plain yogurt, chopped cilantro fresh, minced garlic, cumin seed, freshly ground pepper]"
Lamb-exohiko-_lamb_-spinach-and-cheese-stuffed-phyllo-parcels_-351102,"Lamb Exohiko (Lamb, Spinach and Cheese Stuffed Phyllo Parcels)",5,2400.0,[Main Dishes],[Greek],"[olive oil, fresh spinach, garlic, feta cheese, green onions, dill, pepper, onions, green pepper, phyllo dough, melted butter, lamb, tomatoes, graviera]"
Cucumber-Mint-Yogurt-Sauce-498312,Cucumber Mint Yogurt Sauce,0,600.0,[Condiments and Sauces],[Mediterranean],"[nonfat yogurt, persian cucumber, fresh mint, salt, freshly ground pepper]"
Lebanese-Tabbouleh-Epicurious,Lebanese Tabbouleh,4,2400.0,[Salads],[Mediterranean],"[bulgur, olive oil, hot water, flat leaf parsley, chopped fresh mint, tomatoes, seedless cucumber, fresh lemon juice, salt, black pepper]"
Marinated-Mushrooms-Martha-Stewart,Marinated Mushrooms,4,1800.0,"[Lunch and Snacks, Appetizers, Side Dishes]","[Mediterranean, American]","[cremini mushrooms, fresh lemon juice, white wine vinegar, fresh oregano, extra-virgin olive oil, coarse salt, freshly ground pepper]"
Greek-Omelet-1014337,Greek Omelet,4,1200.0,[Breakfast and Brunch],[Greek],"[spinach, large eggs, feta cheese crumbles, scallions, fresh dill, freshly ground pepper, extra-virgin olive oil]"
Faith_s-Greek-Shrimp-Couscous_-Feta_-Olives-_-Lemon-1051318,"Faith's Greek Shrimp Couscous, Feta, Olives & Lemon",3,1800.0,[Main Dishes],[Greek],"[shrimp, feta cheese, couscous, olive oil, garlic, kalamata, cherry tomatoes]"
Greek-Salad-with-a-Lemon-Garlic-Dressing-1127542,Greek Salad with a Lemon Garlic Dressing,4,900.0,[Salads],[Greek],"[romaine lettuce, kalamata, grape tomatoes, cucumber, feta cheese, cracked black pepper, sea salt, olive oil, lemon, garlic cloves, red wine vinegar, dried oregano]"
Greek-Feta-Dip-490317,Greek Feta Dip,3,600.0,[Appetizers],[Greek],"[garlic, low-fat plain greek yogurt, low-fat feta, english cucumber, fresh lemon juice, fresh dill, sea salt, ground black pepper]"
Dads-Greek-Salad-898366,Dad’s Greek Salad,4,900.0,[Salads],[Greek],"[olive oil, fresh lemon juice, chopped garlic, red wine vinegar, dried oregano, dill weed, ground black pepper, salt, plum tomatoes, cucumber, purple onion, bell pepper, pitted black olives, feta cheese crumbles]"
Mediterranean-Tomato-Topping-498571,Mediterranean Tomato Topping,0,600.0,[Condiments and Sauces],[Mediterranean],"[tomatoes, basil, garlic, olive oil, balsamic vinegar, kosher salt, freshly ground pepper]"
Mediterranean-Chickpea-Salad-1298201,Mediterranean Chickpea Salad,4,1800.0,[Salads],[Mediterranean],"[olive oil, red wine vinegar, fresh lemon juice, garlic, dried oregano, salt, pepper, chickpeas, english cucumber, cherry tomatoes, purple onion, feta cheese crumbles, red bell pepper, fresh dill]"
Bulgur-Wheat-Greek-Salad-1218854,Bulgur Wheat Greek Salad,4,1800.0,[Salads],[Greek],"[bulgur wheat, low sodium chicken broth, cherry tomatoes, cucumber, feta cheese, sliced kalamata olives, scallions, fresh dill, lemon juice, olive oil, salt, pepper]"
Greek-Lamb-Chops-with-Tzatziki-Sauce-1255041,Greek Lamb Chops with Tzatziki Sauce,4,1200.0,[Main Dishes],[Greek],"[lamb chops, lemon juice, olive oil, garlic cloves, kosher salt, pepper, plain greek yogurt, cucumber, fresh dill, salt]"
Mediterranean-Fish-Bake-1287245,Mediterranean Fish Bake,4,3300.0,[Main Dishes],[Mediterranean],"[olive oil, potatoes, sweet pepper, onions, salt, pepper, garlic, whitefish fillets, diced tomatoes in juice, kalamata, parsley, lemon juice, feta cheese]"
Greek-Lentil-Salad-577713,Greek Lentil Salad,3,4200.0,[],[Greek],"[French lentils, onions, bay leaves, shallots, lemon juice, cucumber, tomatoes, chopped fresh mint, olive oil, feta cheese crumbles]"
Greek-Tomato-Bites-1274206,Greek Tomato Bites,4,2100.0,[Appetizers],[Greek],"[cherries, cucumber, olives, feta cheese crumbles, purple onion, fresh basil, olive oil, red wine vinegar, ground black pepper]"
Chilled-Cucumber-Soup-457403,Chilled Cucumber Soup,5,,"[Appetizers, Lunch and Snacks, Soups]","[American, Mediterranean]","[plain yogurt, cucumber, garlic cloves, extra-virgin olive oil, chopped fresh mint, dill tips, fresh dill, milk, fresh lemon juice, freshly ground pepper]"
Tomato-Avocado-Cucumber-Chick-Pea-Salad-with-Feta-and-Greek-Lemon-Dressing-1063447,Tomato Avocado Cucumber Chick Pea Salad with Feta and Greek Lemon Dressing,4,1800.0,[Salads],[Greek],"[cherry tomatoes, chickpeas, cucumber, hass avocado, fresh parsley, feta cheese, olive oil, fresh lemon juice, dijon mustard, garlic, salt, fresh basil, dried oregano]"
Broccoli-With-Red-Pepper-Flakes-And-Toasted-Garlic-My-Recipes,Broccoli with Red Pepper Flakes and Toasted Garlic,4,1200.0,[Side Dishes],"[Mediterranean, American]","[olive oil, broccoli florets, kosher salt, crushed red pepper, garlic cloves, water]"
Greek-Chicken-Pita-1278186,Greek Chicken Pita,4,1200.0,[Lunch and Snacks],[Greek],"[boneless skinless chicken breasts, purple onion, medium tomatoes, whole wheat pita pockets, lettuce, feta cheese, sauce, cucumber, plain greek yogurt, dill, garlic, table salt]"
Tzatziki-Allrecipes,Tzatziki,5,22800.0,"[Lunch and Snacks, Appetizers, Side Dishes, Condiments and Sauces]","[Mediterranean, Greek]","[plain yogurt, english cucumber, garlic, white vinegar, extra-virgin olive oil, salt]"
Grilled-Mediterranean-Platter-1288504,Grilled Mediterranean Platter,4,2100.0,[],[Barbecue],"[garlic cloves, paprika, allspice, ground nutmeg, green cardamom, salt, pepper, olive oil, boneless chicken skinless thigh, purple onion, lemon]"
Mediterranean-Salad-1257438,Mediterranean Salad,4,1200.0,[],[Mediterranean],"[black olives, garlic, kalamata, english cucumber, grape tomatoes, artichoke hearts, Balsamico Bianco, olive oil, pepper, sea salt, feta cheese]"
Mediterranean-Chicken-Allrecipes,Mediterranean Chicken,4,2700.0,[Main Dishes],[Mediterranean],"[olive oil, white wine, boneless skinless chicken breast halves, garlic, diced onions, tomatoes, chopped fresh thyme, fresh basil, kalamata, fresh parsley, salt, pepper]"
Greek-Yogurt-Parfaits-MyRecipes-245297,Greek Yogurt Parfaits,4,3600.0,[Breakfast and Brunch],"[Greek, Mediterranean]","[water, orange blossom honey, kosher salt, greek yogurt, berries]"
Mediterranean-Beef-Skewers-1289800,Mediterranean Beef Skewers,3,2100.0,[],[Barbecue],"[beef sirloin, garlic cloves, lemon zest, fresh parsley, fresh thyme, fresh rosemary, dried oregano, olive oil, fresh lemon juice, ground black pepper, sea salt]"
Greek-Potato-Hash-685235,Greek Potato Hash,4,2100.0,[Side Dishes],[Greek],"[potatoes, olive oil, purple onion, garlic, dried oregano, salt, ground black pepper, feta cheese, lemon, flat leaf parsley]"
American-greek-salad-310001,American Greek Salad,5,1500.0,[Salads],[Greek],"[vinaigrette dressing, extra-virgin olive oil, lemon juice, capers, juice, dried oregano, romaine lettuce, cucumber, tomatoes, green pepper, purple onion, kalamata, feta cheese crumbles]"
Mediterranean-Chickpea-Salad-Ii-Allrecipes,Mediterranean Chickpea Salad II,5,900.0,[Salads],[Mediterranean],"[garbanzo beans, plum tomatoes, green bell pepper, onions, garlic, fresh parsley, olive oil, lemon]"
Orzo-Salad-My-Recipes,Orzo Salad,4,4200.0,"[Lunch and Snacks, Side Dishes, Salads]",[Mediterranean],"[orzo, green peas, feta cheese crumbles, chopped parsley, balsamic vinegar, extra-virgin olive oil, salt, black pepper, garlic cloves]"
Greek-Fish-Tacos-1301303,Greek Fish Tacos,4,1200.0,[Main Dishes],[Greek],"[whitefish, salt, pepper, olive oil, flour tortillas, green cabbage, cherry tomatoes, kalamata, cucumber, feta cheese crumbles, tzatziki sauce]"
Mediterranean_style-Frittata-My-Recipes,Mediterranean-Style Frittata,4,1200.0,[Breakfast and Brunch],[Mediterranean],"[olive oil, baby spinach, green onions, large egg whites, large eggs, feta cheese crumbles, greek seasoning, salt]"
Greek-Salad-1060762,Greek Salad,4,1500.0,[Salads],[Greek],"[tomatoes, bell pepper, cucumber, purple onion, kalamata, feta cheese crumbles, chiffonade, garlic, kosher salt, pepper, greek seasoning, olive oil, lemon, basil, oregano, parsley, chopped fresh herbs]"
Healthy-7-Layer-Greek-Dip-1285460,Healthy 7 Layer Greek Dip,4,900.0,[Appetizers],[Greek],"[avocado, lemon, plain greek yogurt, green onions, garlic, ground cumin, salt, pepper, hummus, yoghurt, cherry tomatoes, cucumber, feta cheese, kalamata, fresh parsley leaves]"
Mediterranean-Pizza-1235711,Mediterranean Pizza,3,1500.0,[Main Dishes],[Mediterranean],"[chicken, pita bread, hummus, cucumber, tomatoes, black olives, feta cheese, fresh parsley]"
Mediterranean-mussels-with-wine-297318,Mediterranean Mussels With Wine,4,1500.0,[Appetizers],[Mediterranean],"[Bertolli® Classico Olive Oil, sweet onion, garlic, bertolli vineyard premium collect marinara with burgundi wine sauc, mussels, finely chopped fresh parsley, crushed red pepper flakes, dry white wine, bread, cut into italian loaf]"
Mediterranean-Chickpea-Salad-590145,Mediterranean Chickpea Salad,4,1200.0,[Salads],[Mediterranean],"[olive oil, lemon juice, fresh parsley, oregano, salt, pepper, chickpeas, cherry tomatoes, english cucumber, red bell pepper, purple onion, sliced black olives, feta cheese crumbles]"
Greek-Style-Cucumber-Salad-1317506,Greek Style Cucumber Salad,4,600.0,[Salads],[Greek],"[cucumber, roma tomatoes, purple onion, olive oil, tarragon vinegar, dried oregano, feta cheese crumbles, salt, pepper, kalamata]"
Yogurt-marinated-lamb-kebabs-305481,Yogurt-Marinated Lamb Kebabs,5,2400.0,[Main Dishes],[Barbecue],"[plain yogurt, olive oil, lemon zest, lemon juice, rosemary leaves, kosher salt, ground black pepper, lamb, purple onion, greek yogurt, hothouse cucumber, sour cream, white wine vinegar, fresh dill, minced garlic]"
Greek-Pasta-Salad-with-Feta-1204635,Greek Pasta Salad with Feta,4,900.0,[Salads],[Greek],"[rotini, purple onion, english cucumber, grape tomatoes, feta cheese crumbles, garbanzo beans, red wine vinegar, extra-virgin olive oil, dried oregano, salt, pepper]"
Fattoush-457484,Fattoush,0,,"[Appetizers, Lunch and Snacks, Side Dishes]",[Mediterranean],"[pita bread rounds, hothouse cucumber, salt, tomatoes, green onions, green bell pepper, chopped fresh mint, flat leaf parsley, chopped cilantro fresh, freshly ground pepper, large garlic cloves, fresh lemon juice, extra-virgin olive oil]"
Cucumber-Raita-Martha-Stewart-197751,Cucumber Raita,3,900.0,"[Appetizers, Condiments and Sauces, Salads, Side Dishes]","[Indian, Mediterranean]","[english cucumber, fresh lemon juice, mustard seeds, low-fat plain yogurt, coarse salt, ground pepper]"
Greek-Tomato-Feta-Quinoa-Salad-686062,Greek Tomato-Feta Quinoa Salad,4,1800.0,[Salads],[Greek],"[quinoa, cherry tomatoes, orange bell pepper, cucumber, feta cheese crumbles, chives, parsley, extra-virgin olive oil, lemon juice, water, honey, dried oregano, ground black pepper, salt]"
Gyro-Burgers-My-Recipes,Gyro Burgers,4,1800.0,"[Lunch and Snacks, Main Dishes]","[Mediterranean, Greek]","[extra lean ground beef, greek seasoning, pita rounds, lettuce leaves, tomatoes, purple onion, sauce, feta cheese]"
Mediterranean-Bruschetta-1080447,Mediterranean Bruschetta,3,900.0,[Appetizers],[Mediterranean],"[artisan bread, garlic cloves, flat leaf parsley, kalamata, black olives, pecorino romano cheese, extra-virgin olive oil]"
Greek-Nachos-with-Feta-MyRecipes-263991,Greek Nachos with Feta,3,1800.0,[Appetizers],"[Mediterranean, Greek]","[tomatoes, purple onion, garlic cloves, cucumber, kosher salt, pita chips, feta cheese crumbles, greek yogurt]"
Turkey-Feta-Burgers-504375,Turkey Feta Burgers,4,2700.0,[Main Dishes],[Barbecue],"[fat free yogurt, extra-virgin olive oil, green onions, fresh mint, lean ground turkey, feta cheese, ground coriander, salt, pepper, whole wheat pita, tomatoes, romaine lettuce]"
Mediterranean-Penne-608363,Mediterranean Penne,3,1200.0,[Main Dishes],[Mediterranean],"[penne pasta, extra-virgin olive oil, garlic cloves, sun-dried tomatoes, black pepper, salt, crushed red pepper flakes, pinenuts, baby spinach, fat free feta cheese]"
Avgolemono-Epicurious-53921,Avgolemono,5,900.0,,"[Mediterranean, Greek]","[chicken broth, orzo, salt, pepper, eggs, lemon juice]"
Greek-Cauliflower-Pasta-Salad-1261703,Greek Cauliflower Pasta Salad,4,1200.0,"[Salads, Side Dishes]",[Greek],"[cauliflower, extra-virgin olive oil, fresh lemon juice, garlic, fresh spinach, cherry tomatoes, basil leaves, fresh oregano leaves, feta cheese crumbles, pitted olives, salt, pepper]"
Mediterranean-Spinach-Salad-Recipe-with-Garbanzos_-Tomatoes_-Radishes_-and-Sumac-Lemon-Vinaigrette-1020446,"Mediterranean Spinach Salad Recipe with Garbanzos, Tomatoes, Radishes, and Sumac-Lemon Vinaigrette",5,1800.0,[Salads],[Mediterranean],"[garbanzo beans, baby spinach, cherry tomatoes, radishes, green onions, feta cheese crumbles, ground black pepper, sumac, minced garlic, salt, lemon juice, extra-virgin olive oil]"
Pearl-couscous-with-olives-and-roasted-tomatoes-307179,Pearl Couscous with Olives and Roasted Tomatoes,5,,,"[Mediterranean, Moroccan]","[red grape, large garlic cloves, extra-virgin olive oil, warm water, fresh lemon juice, salt, black pepper, chicken broth, couscous, olive oil, kalamata, flat leaf parsley, chopped fresh mint, chopped fresh thyme]"
Mediterranean-Salmon-1107015,Mediterranean Salmon,3,1800.0,[Main Dishes],[Mediterranean],"[salt, black pepper, skinless salmon fillets, cooking spray, cherry tomatoes, zucchini, capers, olive oil, ripe olives]"
Greek-Lamb-Sliders-1053310,Greek Lamb Sliders,4,1800.0,[Main Dishes],[Greek],"[ground lamb, hamburger buns, feta cheese crumbles, tzatziki sauce, onions, olive oil]"
Greek-Salad-with-Easy-Greek-Salad-Dressing-1023615,Greek Salad with Easy Greek Salad Dressing,4,1800.0,[Salads],[Greek],"[hothouse cucumber, red bell pepper, cherry tomatoes, purple onion, feta cheese, kalamata, garlic, dried oregano, dijon mustard, red wine vinegar, kosher salt, ground black pepper, olive oil, salad]"
Chopped-Greek-Salad-Martha-Stewart,Chopped Greek Salad,3,600.0,[Salads],"[Mediterranean, Greek]","[fresh lemon juice, extra-virgin olive oil, coarse salt, ground pepper, romaine lettuce, grape tomatoes, cucumber, green bell pepper, purple onion, pitted kalamata olives, feta cheese]"
Mediterranean-Wild-Rice-with-Olives-and-Tomatoes-1164392,Mediterranean Wild Rice with Olives and Tomatoes,4,3600.0,,[Mediterranean],"[wild rice, cold water, sea salt, olive oil, red wine vinegar, sun-dried tomatoes, sliced kalamata olives, chopped parsley]"
Mediterranean-Pasta-Salad-MyRecipes-245656,Mediterranean Pasta Salad,3,2100.0,"[Side Dishes, Salads]",[Mediterranean],"[bow-tie pasta, lemon, olive oil, artichoke hearts, part-skim mozzarella cheese, roasted red peppers, frozen peas, fresh parsley]"
Greek-Chicken-with-Rice-and-Tomato-Salad-1329778,Greek Chicken with Rice and Tomato Salad,4,2400.0,[Main Dishes],[Greek],"[grated lemon zest, fresh lemon juice, chopped fresh thyme, greek seasoning, olive oil, garlic, chicken breasts, dry white wine, rice mix, grape tomatoes, cucumber, scallions, parsley, fresh mint, feta cheese crumbles]"
Mediterranean-Farro-salad-637940,Mediterranean Farro salad,3,1200.0,[Salads],[Mediterranean],"[farro, tomatoes, purple onion, pitted olives, balsamic vinegar, extra-virgin olive oil, salt, pepper]"
Greek-Broccoli-Salad-1030342,Greek Broccoli Salad,4,900.0,[Salads],[Greek],"[broccoli, sun-dried tomatoes, shallots, feta cheese crumbles, sliced almonds, olive oil, lemon juice, honey, garlic, dried oregano, dijon mustard, salt, red pepper flakes]"
Greek-Salad-without-Olives-_South-Beach-Phase-1-Recipe_-1284984,Greek Salad without Olives (South Beach Phase 1 Recipe),4,1500.0,[Salads],[Greek],"[romaine lettuce, tomatoes, purple onion, cucumber, low-fat feta, extra-virgin olive oil, lemon juice, dried oregano, salt, sweetener]"
Greek-Chicken-Pita-1278258,Greek Chicken Pita,4,1200.0,[Lunch and Snacks],[Greek],"[boneless skinless chicken breasts, purple onion, medium tomatoes, whole wheat pita pockets, lettuce, feta cheese, sauce, cucumber, plain greek yogurt, dill, garlic, table salt]"
Mediterranean-Pasta-w_-Roasted-Red-Peppers-and-Artichokes-1009523,Mediterranean Pasta w/ Roasted Red Peppers and Artichokes,4,1500.0,[Main Dishes],[Mediterranean],"[penne pasta, roast red peppers, drain, artichoke hearts, cherry tomatoes, extra-virgin olive oil, garlic cloves, lemon, dried oregano, salt, pepper]"
Sicilian-Fennel-And-Orange-Salad-With-Red-Onion-And-Mint-Epicurious,Sicilian Fennel and Orange Salad with Red Onion and Mint,5,1500.0,[Salads],"[Mediterranean, American]","[navel oranges, fennel bulb, purple onion, fresh mint, extra-virgin olive oil, oil-cured black olives]"
Mediterranean-Grilled-Stuffed-Zucchini-1254895,Mediterranean Grilled Stuffed Zucchini,4,2700.0,,[Mediterranean],"[olive oil, medium zucchini, chopped tomatoes, garlic, basil, kalamata, feta cheese]"
Greek-Style-Spinach-Feta-Pie-1265584,Greek Style Spinach-Feta Pie,4,4500.0,[],[Greek],"[almond flour, butter, eggs, greek seasoning, fresh spinach, olive oil, feta cheese, onions, garlic, dill, grated lemon peel, ground black pepper, half & half]"
Mediterranean-Pan-Roasted-Salmon-960539,Mediterranean Pan-Roasted Salmon,3,1320.0,[Main Dishes],[Mediterranean],"[basil leaves, garlic powder, oregano leaves, rosemary, sea salt, salmon fillets, olive oil, sugar, fennel bulb, cherry tomatoes, lemon wedge]"
Greek-Inspired-Spaghetti-Squash-with-Feta-and-Shrimp-1329147,Greek Inspired Spaghetti Squash with Feta and Shrimp,4,3900.0,[Main Dishes],[Greek],"[spaghetti squash, broccoli, tomatoes, fresh basil, pinenuts, kalamata, grated parmesan cheese, lemon zest, juice, shrimp, garlic, red pepper flakes, olive oil, feta cheese]"
Garlic-Shrimp-My-Recipes_1,Garlic Shrimp,4,900.0,"[Appetizers, Main Dishes]","[Mediterranean, Spanish]","[minced garlic, olive oil, deveined shrimp, dry sherry, chopped parsley, chili flakes, salt]"
Mediterranean-Stuffed-Mushroom-Appetizer-483679,Mediterranean Stuffed Mushroom Appetizer,5,2400.0,[Appetizers],[Mediterranean],"[mushroom caps, artichoke hearts, feta cheese, olive oil, lemon, ground pepper, herbs]"
Artichoke-Tomato-Salad-MyRecipes-243342,Artichoke Tomato Salad,3,,[Salads],[Mediterranean],"[tomatoes, salt, pepper, artichoke hearts, ripe olives, fresh parsley, white wine vinegar, garlic cloves]"
Mediterranean-Pan-Roasted-Salmon-931756,Mediterranean Pan-Roasted Salmon,4,1320.0,[Main Dishes],[Mediterranean],"[dried basil, oregano, rosemary, sea salt, pepper, fillets, olive oil, fennel bulb, grape tomatoes, purple onion, capers, black olives, lemon]"
Greek-Farro-Salad-1302204,Greek Farro Salad,4,2400.0,[Salads],"[Mediterranean, Greek]","[farro, arugula, chickpeas, cucumber, roasted red peppers, kalamata, feta cheese, flat leaf parsley, salt, olive oil, fresh lemon juice, honey, garlic cloves, dried oregano, red pepper flakes, ground black pepper]"
Greek-Feta-And-Olive-Spread-Allrecipes,Greek Feta And Olive Spread,5,600.0,[Appetizers],"[Mediterranean, Greek]","[feta cheese, olive oil, lemon juice, minced garlic, sun-dried tomatoes, dried oregano, black olives]"
Mediterranean-turkey-meatballs-with-herbed-yogurt-sauce-308201,Mediterranean Turkey Meatballs with Herbed Yogurt Sauce,5,3000.0,"[Appetizers, Main Dishes]",[Mediterranean],"[lentils, ground turkey, large eggs, bread crumbs, low-fat ricotta, feta cheese crumbles, purple onion, black olives, capers, garlic, flat leaf parsley, dried oregano, dried dill, kosher salt, ground black pepper, greek yogurt, dried chives, lemon zest, salt, pepper]"
Mediterranean-Flatbread-1257427,Mediterranean Flatbread,4,1500.0,[],[Mediterranean],"[grape tomatoes, kalamata, artichoke hearts, roasted red peppers, roasted garlic, lime juice, fresh parsley, olive oil, feta cheese, pizza doughs]"
One-Pot-Mediterranean-Chicken-with-Black-Olives-and-Orzo-1224191,One Pot Mediterranean Chicken with Black Olives and Orzo,4,3000.0,[Main Dishes],[Mediterranean],"[bone in chicken thighs, olive oil, onions, garlic, pepper, orzo pasta, ripe olives, fresh oregano, chickpeas, chicken broth, black pepper, kosher salt]"
Mediterranean-Tilapia-Allrecipes,Mediterranean Tilapia,4,1500.0,[Main Dishes],[Mediterranean],"[sun-dried tomatoes in oil, capers, tilapia fillets, oil, sun-dried tomatoes, lemon juice, kalamata]"
Tzatziki-_Greek-Yogurt-Cucumber-Dip_-1167677,Tzatziki (Greek Yogurt Cucumber Dip),4,2700.0,[Appetizers],[Greek],"[cucumber, garlic cloves, fresh dill, greek yogurt, white wine vinegar, olive oil, kosher salt, pepper]"
Mediterranean-Spiced-Chicken-Thighs-1095734,Mediterranean-Spiced Chicken Thighs,4,2400.0,[Main Dishes],[Mediterranean],"[olive oil spray, olive oil, bone in chicken thighs, dried oregano, ground thyme, smoked paprika, ground cumin, dried sage, marjoram, ground rosemary, onion powder, garlic powder, kosher salt, bell pepper, sweet onion, balsamic vinegar, pitted Greek olives, feta cheese crumbles]"
Grilled-Tofu-with-a-Mediterranean-Chopped-Salad-1081203,Grilled Tofu with a Mediterranean Chopped Salad,4,2700.0,[],[Barbecue],"[lemon juice, extra-virgin olive oil, garlic, dried oregano, salt, freshly ground pepper, extra firm tofu, salad]"
So-Amazing-Armenian-Lula-Kebabs-MyRecipes-212616,So Amazing Armenian Lula Kebabs,4,3300.0,"[Appetizers, Main Dishes]",[Mediterranean],"[ground lamb, yellow onion, flat leaf parsley, fresh mint, large eggs, ground cumin, paprika, garlic powder, kosher salt, ground black pepper, tomato paste, lemon]"
Mediterranean-Baked-Sweet-Potatoes-1072576,Mediterranean Baked Sweet Potatoes,4,2700.0,[Side Dishes],[Mediterranean],"[chickpeas, olive oil, cumin, salt, sweet potatoes, cherry tomatoes, chopped parsley, lemon juice, tahini, fresh dill, minced garlic, water]"
Greek-Shrimp-with-White-Beans_-Tomato-Sauce_-and-Feta-1356493,"Greek Shrimp with White Beans, Tomato Sauce, and Feta",3,2400.0,[Main Dishes],[Greek],"[olive oil, chopped garlic, fennel bulb, finely chopped onion, fresh oregano, plum tomatoes, unsalted chicken stock, cannellini beans, bay leaf, medium shrimp, finely chopped fresh parsley, freshly ground black pepper, feta cheese crumbles]"
Greek-Tomato-Tart-My-Recipes,Greek Tomato Tart,4,2700.0,"[Appetizers, Main Dishes]","[Mediterranean, Greek]","[plum tomatoes, oil cured olives, feta cheese, olive oil, fresh thyme leaves, freshly ground pepper]"
Mediterranean-Lentil-Salad-487625,Mediterranean Lentil Salad,4,2100.0,[Salads],[Mediterranean],"[brown lentils, water, kalamata, dried oregano, sun-dried tomatoes in oil, feta cheese crumbles, olive oil, balsamic vinegar, honey, salt, pepper]"
Greek-Style-Grilled-Chicken-With-Oregano_-Garlic_-Lemon_-and-Olive-Oil-1187746,"Greek-Style Grilled Chicken With Oregano, Garlic, Lemon, and Olive Oil",3,4500.0,[Main Dishes],[Barbecue],"[lemon, garlic, fresh oregano, extra-virgin olive oil, ground black pepper, kosher salt, chicken]"
Mediterranean-Vegetables-770119,Mediterranean Vegetables,3,2700.0,,[Mediterranean],"[olive oil, minced garlic, onions, fennel bulb, red bell pepper, carrots, white mushrooms, plum tomatoes, oil-cured black olives, basil dried leaves, dried leaves oregano, salt, cinnamon, freshly ground pepper, balsamic vinegar]"
Mediterranean-Cottage-Cheese-Dip-1293705,Mediterranean Cottage Cheese Dip,4,900.0,[Appetizers],[Mediterranean],"[cottage cheese, greek seasoning, feta cheese crumbles, grape tomatoes, pitted kalamata olives, green olives, red pepper, artichokes, chopped parsley, scallions]"
Mediterranean-Stuffed-Bell-Peppers-1216022,Mediterranean Stuffed Bell Peppers,4,4500.0,[],[Mediterranean],"[vegetable broth, cracked freekeh, extra-virgin olive oil, diced red onions, zucchini, minced garlic, dried oregano, salt, ground black pepper, kalamata, cherry tomatoes, toasted pine nuts, feta cheese crumbles, bell pepper]"
Greek-grilled-chicken-salad-333581,Greek Grilled Chicken Salad,5,3000.0,[],"[Mediterranean, Greek]","[boneless skinless chicken breasts, tomatoes, purple onion, cucumber, feta cheese, olive oil, lemon juice, lemon zest, garlic cloves, pepper, salt, plain greek yogurt, fresh dill]"
Mediterranean-Pasta-Salad-1209336,Mediterranean Pasta Salad,4,2100.0,[Salads],[Mediterranean],"[extra-virgin olive oil, white wine vinegar, fresh rosemary, fresh oregano, fresh thyme, garlic, sea salt, pasta, garbanzo beans, artichoke hearts, kalamata, red bell pepper, cucumber, purple onion, capers, sun-dried tomatoes in oil, chees fresh mozzarella, arugula, basil]"
Greek-Lamb_-Chickpea-and-Feta-Tart-1314492,"Greek Lamb, Chickpea and Feta Tart",4,2100.0,[Main Dishes],"[Mediterranean, Greek]","[puff pastry, ground lamb, olive oil, onions, garlic cloves, tomato sauce, tomato paste, water, marjoram, ground cinnamon, cayenne, kosher salt, cracked black pepper, chickpeas, kalamata, feta cheese, parsley]"
Mediterranean-Farro-Salad-1172236,Mediterranean Farro Salad,4,1800.0,[Salads],[Mediterranean],"[arugula, farro, wax beans, cherry tomatoes, feta cheese crumbles, sliced almonds, kalamata, balsamic vinegar, roasted almond oil, salt, pepper]"
10-Minute-Mediterranean-Chickpea-Salad-1072262,10 Minute Mediterranean Chickpea Salad,4,600.0,[Salads],[Mediterranean],"[extra-virgin olive oil, garlic, sea salt, ground black pepper, chickpeas, cherry tomatoes, feta cheese crumbles, dried parsley]"
Greek-Hamburger-1092642,Greek Hamburger,4,2400.0,[Main Dishes],"[Mediterranean, Greek]","[ground lamb, plain greek yogurt, dried oregano, finely chopped onion, garlic, lemon, crushed red pepper flakes, salt, feta cheese crumbles, olive oil, sliced cucumber, sliced tomatoes, mint leaves, pita pockets, cucumber, mint]"
Fennel_-Red-Onion_-and-Parsley-Salad-Martha-Stewart-196291,"Fennel, Red Onion, and Parsley Salad",4,900.0,[Salads],"[Mediterranean, American]","[Italian parsley leaves, fennel bulb, purple onion, fresh lemon juice, extra-virgin olive oil, celery seed, freshly ground pepper, coarse salt]"
Olives-And-Orange-Peel-My-Recipes,Olives and Orange Peel,3,3000.0,[Appetizers],[Mediterranean],"[kalamata, garlic cloves, extra-virgin olive oil, grated orange, crushed red pepper]"
