id,recipeName,rating,totalTimeInSeconds,course,cuisine,ingredients
Delicious-Mexican-Tamales-1364091,Delicious Mexican Tamales,4,4200.0,,[Mexican],"[corn flour, Mazola Corn Oil, chicken broth, jalapeno chilies, mozzarella cheese, baking powder, salt, corn husks]"
Enchilada-Casserole-1356636,Enchilada Casserole,4,3900.0,[Main Dishes],[Mexican],"[hamburger, corn tortillas, chili, tomato sauce, shredded cheese, taco seasoning mix, pepper]"
Mexican-Posole-1370793,Mexican Posole,4,3600.0,[Main Dishes],[Mexican],"[olive oil, hominy, boneless pork loin, boneless chicken skinless thigh, yellow onion, garlic, chili powder, Mexican oregano, ground cumin, chicken broth]"
Creamy-Chicken-and-Kale-Enchiladas-with-Salsa-Verde-1326122,Creamy Chicken and Kale Enchiladas with Salsa Verde,4,3000.0,[Main Dishes],[Mexican],"[olive oil, onions, baby kale, garlic, dried oregano, ground cumin, salt, ground black pepper, cream cheese, milk, salsa verde, rotisserie chicken, sharp white cheddar cheese, flour tortillas, scallions]"
Margarita-Shrimp-Skewers-1376928,Margarita Shrimp Skewers,3,3300.0,[Appetizers],[Barbecue],"[shrimp, fresh lime juice, lime zest, olive oil, tequila, garlic, fresh cilantro, sea salt, cayenne pepper, bamboo shoots]"
Taco-Quesadillas-_-The-Make-Ahead-Lunch-Box-1362473,Taco Quesadillas ~ The Make-Ahead Lunch Box,4,1500.0,[],[Mexican],"[tortillas, shredded cheese, taco meat, salsa]"
Pot-Roast-Enchiladas-1294690,Pot Roast Enchiladas,3,1500.0,[Main Dishes],[Mexican],"[pot roast, red enchilada sauce, Mission® Super Size Yellow Corn Tortillas, non-fat sour cream, Mission Salsa Verde, roma tomatoes, queso fresco]"
Mexican-Style-Tomato-Soup-1371085,Mexican-Style Tomato Soup,4,1200.0,[Soups],[Mexican],"[extra-virgin olive oil, red chili peppers, garlic, onions, fresh cilantro, piquillo peppers, chopped tomatoes, ground cumin, coconut milk, black pepper, sea salt, tortilla chips, lime, veggies]"
Healthy-Mexican-Layer-Dip-_Vegan_-1372208,Healthy Mexican Layer Dip (Vegan),4,1800.0,[Appetizers],[Mexican],"[black beans, salt, ground cumin, chili powder, garlic powder, onion powder, water, mashed potatoes, nutritional yeast, fresh lemon juice, jalapeno chilies, Haas avocados, lemon juice, roma tomatoes, diced red onions, garlic, prepar salsa, green onions]"
Slow-Cooker-Pulled-Pork-Enchiladas-1375369,Slow Cooker Pulled Pork Enchiladas,4,22200.0,[Main Dishes],[Mexican],"[pork picnic shoulder, Mexican cheese blend, enchilada sauce, green bell pepper, slice, yellow onion, tortillas]"
Hot-Cheesy-Mexican-Corn-Dip-1360203,Hot Cheesy Mexican Corn Dip,4,2400.0,[Appetizers],[Mexican],"[whole kernel corn, drain, green chile, shredded cheese, light mayonnaise, light sour cream, cream cheese, tortilla chips, bread slices, corn chips, vegetables, crackers]"
Butternut-Squash-Enchilada-Casserole-1374494,Butternut Squash Enchilada Casserole,4,4800.0,[Main Dishes],[Mexican],"[butternut squash, yellow onion, poblano peppers, jalapeno chilies, oil, ground cumin, pepper, salt, black beans, cilantro, baby spinach leaves, salsa, corn tortillas, Mexican cheese]"
Crunchy-Mexican-Tostadas-with-Shredded-Chicken-1360445,Crunchy Mexican Tostadas with Shredded Chicken,4,4200.0,[Main Dishes],[Mexican],"[water, apple cider vinegar, sugar, kosher salt, purple onion, white onion, roma tomatoes, large garlic cloves, serrano chile, vegetable oil, ground cumin, cracked black pepper, rotisserie chicken, black beans, tostadas, iceberg lettuce, avocado, radishes, chopped cilantro, crema mexican, cotija, lime wedges]"
Mexican-Tortilla-Pie-1372240,Mexican Tortilla Pie,4,3000.0,[Main Dishes],[Mexican],"[ground beef, onions, taco seasoning, tomato sauce, salsa, tortillas, cheddar cheese]"
Easy-Chicken-Enchilada-Casserole-500471,Easy Chicken Enchilada Casserole,4,3900.0,[Main Dishes],[Mexican],"[enchilada sauce, shredded Monterey Jack cheese, corn tortillas, chicken breasts]"
Mexican-Layer-Dip-1315968,Mexican Layer Dip,4,1200.0,[Appetizers],[Mexican],"[refried beans, Tabasco Pepper Sauce, diced green chilies, ground cumin, sharp cheddar cheese, sour cream, guacamole, monterey jack, black olives, pico de gallo]"
Tomatillo-Salsa-Verde-1328414,Tomatillo Salsa Verde,4,600.0,[Condiments and Sauces],[Mexican],"[tomatillos, serrano peppers, garlic cloves, fresh cilantro, white onion, lime juice, salt]"
Chipotle-Kiwi-Tequila-Carne-Asada-1374781,Chipotle-Kiwi-Tequila Carne Asada,3,3600.0,[Main Dishes],[Mexican],"[skirt steak, tequila, lime juice, lemon juice, orange juice, kiwi fruits, chipotles in adobo, spring onions, garlic, kosher salt]"
15-Minute-Mexican-Chicken-Appetizers-1376590,15 Minute Mexican Chicken Appetizers,4,2700.0,[Appetizers],[Mexican],"[cooked chicken, cumin, ground coriander, salsa, fresh cilantro, lime, tortilla chips, sauce]"
Mexican-Rice-Casserole-1370167,Mexican Rice Casserole,4,3600.0,[],[Mexican],"[canola oil, garlic, onions, long-grain rice, tomatoes, diced tomatoes and green chilies, cumin, chili powder, cilantro, salt, pepper, chicken broth, shredded cheddar cheese]"
Avocado-Chicken-Enchilada-Casserole-1356121,Avocado Chicken Enchilada Casserole,4,4200.0,[Main Dishes],[Mexican],"[sour cream, salsa verde, milk, flour tortillas, chicken, avocado, sharp cheddar cheese]"
Taco-Bell-Mexican-Pizza-1368560,Taco Bell Mexican Pizza,3,1500.0,[Main Dishes],[Mexican],"[ground beef, all-purpose flour, chili powder, salt, dried minced onion, paprika, garlic powder, onion powder, water, flour tortillas, crisco shortening, refried beans, salsa, shredded cheddar cheese, shredded Monterey Jack cheese, diced tomatoes, green onions]"
Recipe-For-Great-Tasting-Ground-Beef-Enchiladas-1375600,Recipe For Great Tasting Ground Beef Enchiladas,4,4500.0,[Main Dishes],[Mexican],"[lean ground beef, diced onions, zucchini, corn tortillas, enchilada sauce, shredded cheese, cilantro, sour cream, avocado, shredded lettuce]"
Loaded-Nachos-1346529,Loaded Nachos,4,2700.0,[Appetizers],[Mexican],"[olive oil, yellow onion, ground beef, chili powder, paprika, cumin, crushed red pepper, salt, pepper, pinto beans, hot water, tortilla chips, cheddar cheese, monterey jack, roma tomatoes, jalapeno chilies, cilantro leaves, lime, avocado, sour cream]"
Best-Mexican-Rice-Ever-1354532,Best Mexican Rice Ever,4,3600.0,,[Mexican],"[diced tomatoes, white onion, jalapeno chilies, long grain white rice, canola oil, garlic cloves, chicken broth, tomato paste, salt, fresh cilantro, lime]"
New-Mexican-Pozole-1358321,New Mexican Pozole,3,6300.0,[],[Mexican],"[hominy, chiles, pork belly, pork shoulder, salt, pepper, yellow onion, bay leaf, chopped garlic, cumin seed, white onion, lime wedges, chopped cilantro, Mexican oregano]"
Chicken-Enchiladas-1374516,Chicken Enchiladas,4,4500.0,[Main Dishes],[Mexican],"[canola oil, onions, jalapeno chilies, salt, garlic cloves, chili powder, ground cumin, sugar, tomato sauce, water, beefsteak tomatoes, boneless skinless chicken breasts, shredded reduced fat cheddar cheese, Mexican cheese blend, cilantro, corn tortillas]"
Mexican-Pizza-1374920,Mexican Pizza,4,2700.0,[Main Dishes],[Mexican],"[refried beans, ground beef, taco seasoning mix, vegetable oil, corn tortillas, shredded cheddar cheese, sour cream, plum tomatoes, green onions, diced green chilies, avocado, black olives]"
Beef-_-Bean-Chimichanga-1373473,Beef & Bean Chimichanga,4,2100.0,[Main Dishes],[Mexican],"[ground beef, onions, corn, taco sauce, chili powder, garlic salt, ground cumin, refried beans, flour tortillas, cheese]"
Chipotle-Chicken-Salad-with-Pico-de-Gallo-1361964,Chipotle Chicken Salad with Pico de Gallo,4,2400.0,"[Salads, Main Dishes]",[Mexican],"[chicken breasts, chili powder, avocado, lime, romaine lettuce, purple onion, grape tomatoes, jalapeno chilies, chopped cilantro, cumin, oregano, black beans, olive oil]"
Southwestern-Egg-Rolls-with-Salsa-Dipping-Sauce-1376319,Southwestern Egg Rolls with Salsa Dipping Sauce,4,3900.0,[Appetizers],[Southwestern],"[nonstick spray, Mexican cheese blend, frozen corn, black beans, frozen chopped spinach, diced green chilies, scallions, ground cumin, chili powder, cayenne pepper, kosher salt, egg roll wrappers, eggs, salsa, plum tomatoes, garlic, jalapeno chilies, cilantro leaves, lime]"
Mexican-Chicken-Patties-1373541,Mexican Chicken Patties,4,2400.0,[Main Dishes],[Mexican],"[ground chicken breast, zucchini, taco seasoning, mild salsa, jumbo eggs, fresh cilantro, olive oil, lime wedges, guacamole]"
Easy-Guacamole-1064455,Easy Guacamole,4,900.0,[Appetizers],[Mexican],"[purple onion, jalapeno chilies, salt, lime, avocado, cilantro]"
Taco-Soup-1371013,Taco Soup,4,3600.0,[Soups],[Mexican],"[lean ground beef, yellow onion, garlic, jalapeno chilies, diced tomatoes, low sodium beef broth, tomato sauce, chili powder, ground cumin, ground paprika, dried oregano, ranch dressing, salt, freshly ground black pepper, frozen corn, black beans, pinto beans, tortilla strips, avocado, purple onion, Mexican cheese blend]"
Carne-Guisada-con-Papas-_Mexican-Braised-Beef-with-Potatoes_-1336825,Carne Guisada con Papas (Mexican Braised Beef with Potatoes),4,5100.0,[Main Dishes],[Mexican],"[skirt steak, salt, pepper, garlic powder, cumin, oregano, spices, olive oil, roma tomatoes, white onion, garlic, serrano peppers, cilantro, water, russet potatoes, orange bell pepper, red wine vinegar, tomato paste]"
Chicken-Tostada-with-Roasted-Jalapeno-Salsa-1374759,Chicken Tostada with Roasted Jalapeño Salsa,4,2700.0,[Main Dishes],"[Southwestern, Mexican]","[jalapeno chilies, garlic, cilantro, yellow onion, white wine vinegar, cumin, salt, avocado oil, chicken, chili powder, corn tortillas, shredded lettuce, shredded cheddar cheese, guacamole, sour cream]"
Copycat-Taco-Bell-Mexican-Pizza-1373653,Copycat Taco Bell Mexican Pizza,4,1500.0,[Main Dishes],[Mexican],"[ground beef, taco seasoning mix, water, white corn tortillas, refried beans, enchilada sauce, salsa, shredded cheddar cheese, shredded Monterey Jack cheese, diced tomatoes, sliced green onions, sliced black olives, vegetable oil]"
Pico-de-Gallo-1016915,Pico de Gallo,4,1200.0,,[Mexican],"[tomatoes, white onion, jalapeno chilies, cilantro leaves, fresh lime juice, kosher salt]"
Easy-Mexican-Casserole-Monday_-September-13_-2010-1376454,"Easy Mexican Casserole… Monday, September 13, 2010",4,3600.0,[Main Dishes],[Mexican],"[lean ground beef, Ranch Style Beans, tortilla chips, tomatoes, onions, shredded cheddar cheese, taco seasoning, cream of chicken soup, water, salsa, sour cream]"
Stuffed-Chicken-and-Avocado-Tortillas-1372080,Stuffed Chicken and Avocado Tortillas,4,3300.0,[Main Dishes],[Mexican],"[olive oil, garlic, diced tomatoes, lime, kosher salt, freshly ground black pepper, cooked chicken, avocado, corn tortillas, cilantro leaves, shredded sharp cheddar cheese, shredded Monterey Jack cheese, sour cream, tortilla chips]"
Mexican-Style-Meat-A-Base-for-a-TON-of-Meals_-1371152,Mexican Style Meat – A Base for a TON of Meals!,4,30600.0,[Main Dishes],[Mexican],"[beef, meat, salt, pepper, olive oil, onions, chile pepper, chili powder, ground cumin, garlic powder, hot pepper sauce, water]"
Amazing-Guacamole-1328853,Amazing Guacamole,4,900.0,[Appetizers],[Mexican],"[avocado, lime juice, tomatoes, small yellow onion, garlic, jalapeno chilies, lime, fresh cilantro, sea salt]"
Lazy-Chiles-Rellenos-The-Pioneer-Woman-Cooks-_-Ree-Drummond-41304,Lazy Chiles Rellenos,5,3900.0,,[Mexican],"[green chile, monterey jack, large eggs, whole milk, salt, black pepper, paprika, cayenne pepper]"
Easy-Healthier-Crock-Pot-Chicken-Mole-1367118,Easy Healthier Crock-Pot Chicken Mole,4,1800.0,[Main Dishes],[Mexican],"[chicken breasts, tomatoes, onions, ancho chile pepper, chile pepper, sliced almonds, raisins, dark chocolate, garlic cloves, olive oil, ground cumin, ground cinnamon, chopped cilantro]"
Chile-con-Queso-1358688,Chile con Queso,4,2100.0,[Appetizers],[Mexican],"[unsalted butter, yellow onion, tomatoes, serrano chile, jalapeno chilies, garlic, flour, cumin, whole milk, cilantro, cheese, shredded Monterey Jack cheese, shredded cheddar cheese, sour cream, salt]"
Mexican-Stuffed-Peppers-1167778,Mexican Stuffed Peppers,4,5100.0,,[Mexican],"[bell pepper, olive oil, chopped onion, lean ground turkey, chili powder, cumin, salt, white rice, diced tomatoes, cilantro, water, marinara sauce, Mexican cheese]"
Enchilada-Sauce-472402,Enchilada Sauce,5,2100.0,[Condiments and Sauces],"[American, Mexican]","[vegetable oil, all-purpose flour, chili powder, tomato sauce, low sodium chicken broth, ground cumin, garlic powder, onion salt, salt]"
Chicken-Tacos-1345859,Chicken Tacos,3,1200.0,[Main Dishes],[Mexican],"[rotisserie chicken, salsa verde, taco shells, shredded cheddar cheese, fresh cilantro, sour cream, avocado, lime]"
Mexican-Butternut-Squash-Soup-with-Charred-Vegetables-1375144,Mexican Butternut Squash Soup with Charred Vegetables,3,3900.0,[Soups],[Mexican],"[piloncillo, ground cumin, butternut squash, carrots, olive oil, garlic cloves, chipotle peppers, low sodium vegetable stock, corn kernels, squash, jalapeno chilies, leaves, kosher salt, pepitas]"
Chicken-Mole-Closet-Cooking-55004,Chicken Mole,5,2400.0,[Main Dishes],[Mexican],"[mole sauce, chicken stock, chicken breasts, cilantro]"
Mexican-Hot-Chocolate-with-Tequila-and-Cayenne-Pepper-1375898,Mexican Hot Chocolate with Tequila and Cayenne Pepper,4,600.0,[Beverages],[Mexican],"[milk, Ibarra Chocolate, cocoa powder, cane sugar, cayenne pepper, tequila, heavy whipping cream, ground cinnamon]"
Best-basic-refried-beans-307002,Best Basic Refried Beans,5,,[Side Dishes],[Mexican],"[dried pinto beans, yellow onion, garlic, jalapeno chilies, vegetable oil, ground cumin, salt, monterey jack]"
Beef-Enchiladas-1339569,Beef Enchiladas,4,3300.0,[Main Dishes],[Mexican],"[onions, jalapeno chilies, garlic cloves, chili powder, ground cumin, sugar, tomato sauce, water, large tomato, ground beef, extra sharp white cheddar cheese, monterey jack, soft corn tortillas, cooking spray, salt, pepper]"
Chile-Colorado-Burritos-608961,Chile Colorado Burritos,3,3900.0,[Main Dishes],[Kid-Friendly],"[stew meat, red enchilada sauce, beef stock cubes, refried beans, large flour tortillas, shredded cheddar cheese]"
Mexican-Street-Corn-1256983,Mexican Street Corn,4,900.0,,[Mexican],"[mayonnaise, queso fresco, lime, chili powder, cumin, salt]"
Mexican-Ground-Beef-Casserole-1351715,Mexican Ground Beef Casserole,4,3600.0,[Main Dishes],[Mexican],"[extra lean ground beef, onions, jalapeno chilies, fresh tomatoes, corn, black beans, taco seasoning mix, corn tortillas, Mexican cheese blend, fresh cilantro]"
Tyler_s-Texas-Chili-1358484,Tyler's Texas Chili,3,6300.0,[Main Dishes],[Mexican],"[ancho chile pepper, dried oregano, sweet paprika, coriander, cumin seed, chili powder, extra-virgin olive oil, onions, chuck, freshly ground black pepper, kosher salt, garlic, chipotle chile, jalapeno chilies, tomatoes, cinnamon sticks, sugar, masa harina, mexican chocolate, queso fresco, cilantro leaves, lime wedges]"
MEXICAN-CHICKEN-753885,MEXICAN CHICKEN,4,2400.0,[Main Dishes],[Mexican],"[boneless chicken breast, seasoning, salt, enchilada sauce, cheddar cheese, green onions]"
Pork-Chile-Colorado-1372534,Pork Chile Colorado,4,6300.0,[Main Dishes],[Mexican],"[pork butt, ancho chile pepper, chile pepper, onions, garlic, chicken stock, ground cumin, freshly ground black pepper, dried oregano, salt, olive oil, raw cane sugar]"
Guacamole-298512,Guacamole,4,600.0,"[Appetizers, Lunch and Snacks]","[Mexican, Southwestern]","[avocado, tomatoes, green onions, chopped cilantro fresh, lime juice, knorr garlic minicub]"
Easy-Mexican-Casserole_S-or-E_-1305317,Easy Mexican Casserole(S or E),4,3300.0,[Main Dishes],[Mexican],"[hamburger, onions, salsa, tortillas, cheddar cheese, salt, pepper]"
Chicken-Enchiladas-1333417,Chicken Enchiladas,4,3600.0,[Main Dishes],[Mexican],"[corn tortillas, boneless skinless chicken breasts, cumin, chili powder, vegetable oil, onions, green enchilada sauce, shredded cheddar cheese, sour cream, diced tomatoes, chopped cilantro]"
30-Minute-Healthy-Taco-Casserole-1373122,30-Minute Healthy Taco Casserole,4,1500.0,[Main Dishes],[Mexican],"[cooked brown rice, lean ground beef, taco seasoning, fat-free refried beans, cheddar cheese, salsa, sliced black olives, corn chips, avocado, green onions, diced tomatoes]"
Crispy-Panko-Fish-Tacos-1372079,Crispy Panko Fish Tacos,4,2700.0,[Main Dishes],[Mexican],"[corn tortillas, vegetable oil, cod, lime, cumin, salt, freshly ground black pepper, coleslaw, chopped cilantro, diced onions, roma tomatoes, diced red onions, minced garlic, jalapeno chilies, pepper, sour cream, ground cumin, cilantro, flour, tempura batter, panko breadcrumbs]"
Enchiladas-Suizas-1363172,Enchiladas Suizas,3,3300.0,[Main Dishes],[Mexican],"[roasting chickens, tomatillos, onions, chile pepper, garlic, fire roasted diced tomatoes, cilantro sprigs, crema mexican, all-purpose flour, salt, corn tortillas, vegetable oil, chihuahua cheese]"
Chicken-Tacos-with-Salsa-Verde-1372077,Chicken Tacos with Salsa Verde,4,6300.0,[Main Dishes],[Mexican],"[Anaheim chile, tomatillos, yellow onion, garlic, vegetable oil, chicken broth, cilantro leaves, kosher salt, black pepper, lime, chicken thighs, tortillas, cotija, avocado, chopped onion, roma tomatoes]"
Skillet-Chilaquiles-1372775,Skillet Chilaquiles,3,2400.0,,[Mexican],"[chipotle salsa, vegetables, chicken broth, heavy cream, corn tortilla chips, queso panela, avocado, purple onion, jalapeno chilies, cilantro, lime, sour cream, chipotle chile, roma tomatoes, garlic cloves, water, salt, freshly ground black pepper]"
Black-Bean-and-Guac-Burritos-Naturally-Ella-46521,Black Bean and Guac Burritos,5,1500.0,[Main Dishes],[Mexican],"[avocado, garlic, purple onion, serrano chile, lime, salt, cilantro, tomatoes, flour tortillas, brown rice, black beans, lettuce, jack cheese]"
Mexican-Chilaquiles-1240726,Mexican Chilaquiles,4,1800.0,,[Mexican],"[tomatoes, tomatillos, jalapeno chilies, chips, onions, cotija, sour cream]"
Grilled-Mexican-Street-Corn-1354959,Grilled Mexican Street Corn,4,1200.0,[Side Dishes],[Mexican],"[ear of corn, light mayonnaise, greek yogurt, lime juice, garlic powder, chili powder, cotija, cilantro]"
Huevos-rancheros-370964,Huevos Rancheros,5,2400.0,"[Breakfast and Brunch, Lunch and Snacks]","[American, Mexican, Southwestern]","[olive oil, minced onion, garlic, jalapeno chilies, ground cumin, kosher salt, black pepper, tomatoes, tortillas, refried beans, eggs, feta cheese, chopped cilantro]"
Mexican-Breakfast-Cassserole-1357348,Mexican Breakfast Cassserole,4,90600.0,[Breakfast and Brunch],[Mexican],"[chile pepper, sausages, yellow onion, poblano, chili powder, corn tortillas, large eggs, half & half, Mexican cheese, pepper sauce, salt, freshly ground black pepper, condiments, salsa, avocado]"
Grandma-Joan_s-Chicken-Enchiladas-1371036,Grandma Joan's Chicken Enchiladas,4,7200.0,[Main Dishes],[Mexican],"[sour cream, chicken, taco seasoning, monterey jack, chunky salsa, parsley flakes, flour tortillas, cilantro, all-purpose flour, salt, baking powder, shortening, hot water]"
Mexican-Roast-Tomato-Salsa-1354690,Mexican Roast Tomato Salsa,4,3000.0,[],[Mexican],"[vine tomatoes, red pepper, chillies, olive oil, salt, juice, coriander]"
Stuffed-Poblano-Peppers-with-Lime-Crema-1348261,Stuffed Poblano Peppers with Lime Crema,4,2100.0,[Main Dishes],[Mexican],"[lean ground beef, long grain white rice, garlic, yellow onion, poblano peppers, lime, cilantro, dried currants, roasted pepitas, tomato paste, ground cumin, crema mexican]"
Mexican-Sloppy-Joe-Sliders-1316252,Mexican Sloppy Joe Sliders,4,1500.0,[],[Mexican],"[ground meat, chopped onion, taco seasoning, enchilada sauce, slider buns, cheese, avocado]"
Miz-Helen_s-Guacamole-1370171,Miz Helen's Guacamole,4,1200.0,[Appetizers],[Mexican],"[avocado, roma tomatoes, green onions, garlic, jalapeno chilies, fresh cilantro, lime, salt]"
Mexican-Corn-Salad-_Esquites_-1354116,Mexican Corn Salad (Esquites),4,900.0,,[Mexican],"[ear of corn, mayonnaise, plain greek yogurt, shredded parmesan cheese, jalapeno chilies, chili powder, garlic powder, salt, black pepper, cilantro, lime]"
Huevos-Rancheros-1371794,Huevos Rancheros,4,1500.0,[],[Mexican],"[olive oil, diced yellow onion, large garlic cloves, diced tomatoes, jalapeno chilies, cilantro leaves, sea salt, refried beans, corn tortillas, eggs, avocado, queso fresco, sour cream]"
Salsa-Verde-1239245,Salsa Verde,4,1500.0,[Condiments and Sauces],[Mexican],"[tomatillos, jalapeno chilies, minced garlic, chopped cilantro fresh, minced onion, lime, salt]"
Sweet-Potato-and-Tofu-Enchiladas-with-Mole-Sauce-1374598,Sweet Potato and Tofu Enchiladas with Mole Sauce,4,4800.0,[Main Dishes],[Mexican],"[coconut oil, onions, garlic, chili powder, brown sugar, ground cinnamon, ground cloves, diced tomatoes, cocoa powder, creamy peanut butter, vegetable broth, sweet potatoes, ground cumin, extra firm tofu, salt, chopped cilantro, corn tortillas, shredded Monterey Jack cheese]"
Easy-Cheesy-Mexican-Stuffed-Shells-1340979,Easy Cheesy Mexican Stuffed Shells,3,4800.0,[Main Dishes],[Mexican],"[ground turkey, low sodium taco seasoning, cream cheese, jumbo pasta shells, salsa, taco sauce, cheddar cheese, monterey jack, mexican style 4 cheese blend, jalapeno chilies, green onions, sour cream, black olives]"
Chicken-Fajita-Drumsticks-with-Mexican-Corn-Salad-1361665,Chicken Fajita Drumsticks with Mexican Corn Salad,4,3300.0,[],[Mexican],"[tortillas, chicken drumsticks, vegetable oil, ground cumin, garlic, paprika, sweet corn, lemon, red pepper, spring onions, pepper, salt, chicken]"
Carnitas-Street-Tacos-1337084,Carnitas Street Tacos,4,900.0,[],[Mexican],"[corn tortillas, carnitas, green cabbage, purple onion, cotija, chopped cilantro fresh, lime, sour cream]"
2_-How-to-Make-New-Mexican-Style-Chile-Rellenos-1264599,2. How to Make New Mexican Style Chile Rellenos,4,3300.0,,[Mexican],"[Hatch Green Chiles, cheddar cheese, eggs, salt, flour]"
Mexican-Enchilada-Casserole-with-Black-Beans-1368923,Mexican Enchilada Casserole with Black Beans,3,1500.0,[Main Dishes],[Mexican],"[chopped onion, red pepper, garlic cloves, salsa, ground cumin, black beans, corn tortillas, monterey jack, tomatoes, sour cream, sliced black olives]"
Chicken-Enchiladas-1311819,Chicken Enchiladas,4,2700.0,[Main Dishes],[Mexican],"[rotisserie chicken, white corn tortillas, shredded mozzarella cheese, green chilies, white onion, cilantro, tomatillos, enchilada sauce]"
Grilled-Fish-Tacos-with-Spicy-Pickled-Onions-1373020,Grilled Fish Tacos with Spicy Pickled Onions,4,1800.0,[],"[Barbecue, Mexican]","[orange, lime, olive oil, dried oregano, chili powder, ground cumin, chopped cilantro, cod filets, purple onion, apple cider vinegar, jalapeno chilies, sugar, tortillas, salsa verde, lime wedges]"
Champurrado-_Mexican-Hot-Chocolate_-1329359,Champurrado (Mexican Hot Chocolate),4,4200.0,[Beverages],[Mexican],"[water, cinnamon sticks, anise, masa harina, milk, mexican chocolate, brown sugar, piloncillo]"
Skinny-taco-dip-352025,Skinny Taco Dip,5,,[Appetizers],[Mexican],"[cheese, reduced-fat sour cream, salsa, taco seasoning, iceberg lettuce, tomatoes, shredded reduced fat cheddar cheese, sliced black olives]"
Double-Decker-Tacos-1349380,Double Decker Tacos,4,2400.0,[Main Dishes],[Mexican],"[ground beef, finely chopped onion, tomato sauce, fresh cilantro, ground cumin, garlic powder, chili powder, lime, salt, pepper, taco shells, flour tortillas, refried beans, chees fresco queso, romaine lettuce, diced tomatoes, chopped cilantro]"
Mint-and-melon-agua-fresca-372041,Mint and Melon Agua Fresca,5,900.0,[Beverages],[Mexican],"[watermelon, mint leaves, water, fresh lemon juice]"
Mexican-Baked-Eggs-Closet-Cooking-54888,Mexican Baked Eggs,5,3000.0,,[Mexican],"[corn oil, onions, garlic, cumin, chili powder, jalapeno chilies, diced tomatoes, black beans, oregano, salt, pepper, cilantro, eggs, grating cheese]"
Mexican-Chicken-1223409,Mexican Chicken,4,2700.0,[Main Dishes],[Mexican],"[boneless chicken breast, seasoning, salt, enchilada sauce, cheddar cheese, green onions]"
Esquites-_Mexican-Corn-Salad_-1364369,Esquites (Mexican Corn Salad),4,1500.0,,[Mexican],"[fresh corn, jalapeno chilies, garlic, butter, salt, chili powder, cayenne, fresh cilantro, cotija, mayonnaise, lime, green onions]"
Fajita-Style-Quesadillas-637670,Fajita-Style Quesadillas,3,1800.0,,[Mexican],"[sweet pepper, onions, serrano peppers, vegetable oil, white corn tortillas, nonstick spray, shredded Monterey Jack cheese, tomatoes, fresh cilantro, sour cream, lime wedges, cilantro]"
Chile-de-Arbol-Salsa-993248,Chile de Arbol Salsa,3,1800.0,,[Mexican],"[canola oil, garlic, white onion, chile de arbol, tomatoes, kosher salt]"
Doritos-Taco-Salad-931897,Doritos Taco Salad,4,1200.0,[Salads],[Mexican],"[95% lean ground beef, taco seasoning reduced sodium, iceberg lettuce, large tomato, sharp cheddar cheese, doritos, catalina dressing]"
Easy-Enchiladas-1349384,Easy Enchiladas,4,4500.0,[Main Dishes],[Mexican],"[boneless skinless chicken breasts, cream of chicken soup, sour cream, chili powder, butter, onions, chopped green chilies, taco seasoning mix, green onions, water, lime juice, onion powder, garlic powder, flour tortillas, Mexican cheese blend, enchilada sauce, sliced black olives]"
Mexican-Tator-Tot-Casserole-Tots-never-go-out-of-style-on-the-dinner-table_-1226572,Mexican Tator Tot Casserole – Tots never go out of style on the dinner table!,4,3000.0,[Main Dishes],[Mexican],"[onions, olive oil, frozen corn, black beans, enchilada sauce, shredded cheese, black olives]"
Chicken-Enchilada-Casserole-499402,Chicken Enchilada Casserole,4,2700.0,[Main Dishes],[Mexican],"[boneless skinless chicken breasts, enchilada sauce, shredded cheese, flour tortillas, refried beans]"
Skinny-Enchiladas-976453,Skinny Enchiladas,4,2400.0,[Main Dishes],[Mexican],"[corn tortillas, enchilada sauce, ground turkey, shredded cheddar cheese, tomatoes, onions, green bell pepper]"
Migas-360888,Migas,5,2100.0,[Breakfast and Brunch],[Mexican],"[corn tortillas, jalapeno chilies, plum tomatoes, green pepper, red bell pepper, onions, large eggs, cheese, cilantro, butter, olive oil, half & half]"
Super-Simple-Burritos-1371524,Super Simple Burritos,4,1800.0,[Main Dishes],[Mexican],"[ground beef, sea salt, shredded cheese, salsa, whole wheat tortillas, pinto beans, chopped onion, chili powder, olives, sweet corn]"
Spicy-Green-Chile-Turkey_-Butternut-Squash-and-Crispy-Sage-Enchiladas_-1367598,"Spicy Green Chile Turkey, Butternut Squash and Crispy Sage Enchiladas.",4,1500.0,[Main Dishes],"[Southwestern, Mexican]","[olive oil, butternut squash, chili powder, cumin, fresh sage, enchilada sauce, mild green chiles, diced green chilies, milk, turkey, dried cranberries, sharp cheddar cheese, smoked gouda, red enchilada sauce, Old El Paso Flour Tortillas, sage leaves, cranberry sauce, fresh pineapple, jalapeno chilies, fresh cilantro, lime]"
Chicken-Enchilada-Casserole-1367494,Chicken Enchilada Casserole,4,3900.0,[Main Dishes],"[Southwestern, Mexican]","[vegetable oil, flour, chili powder, garlic powder, salt, onion powder, cumin, tomato sauce, chicken stock, corn tortillas, black beans, corn, cheddar cheese, monterey jack, rotisserie chicken, sliced green onions, grape tomatoes, chopped cilantro fresh]"
Chicken-Tortilla-Soup-1372716,Chicken Tortilla Soup,4,2400.0,[Soups],[Mexican],"[corn tortillas, purple onion, garlic, cumin, coriander, ancho powder, ground chipotle chile pepper, chicken, hominy, crushed tomatoes, chicken broth, lime, queso fresco, radishes, avocado, cilantro, olive oil, salt, pepper]"
Skillet-Chilaquiles-1366583,Skillet Chilaquiles,4,2100.0,[],[Mexican],"[tortillas, canola oil, tomato sauce, tomato paste, garlic cloves, chipotles in adobo, ancho powder, cumin, smoked paprika, monterey jack, eggs, avocado, purple onion, fresh cilantro, jalapeno chilies, scallions, tomatoes, queso fresco]"
Mexican-Chorizo-1344897,Mexican Chorizo,4,1800.0,,[Mexican],"[ground pork, ground cumin, ground coriander, ground cloves, bay leaves, cinnamon, dried oregano, dried thyme, dried minced garlic, sea salt, ground black pepper, paprika, cayenne, apple cider vinegar]"
Gluten-Free-Pot-Roast-Tacos-1360218,Gluten Free Pot Roast Tacos,4,12000.0,[Main Dishes],[Mexican],"[boneless chuck roast, olive oil, salt, pepper, cumin, ancho powder, garlic powder, cayenne pepper, chopped tomatoes, onions, gluten free corn tortillas, guacamole, salsa, shredded lettuce]"
Chicken-and-Chile-Enchiladas-for-a-Crowd-1357542,Chicken and Chile Enchiladas for a Crowd,4,2700.0,[Main Dishes],[Mexican],"[chicken, poblano chiles, shredded Monterey Jack cheese, oil, corn tortillas, enchilada sauce, sliced black olives, scallions]"
Bbq-chicken-quesadillas-333897,BBQ Chicken Quesadillas,5,2100.0,[Main Dishes],[Mexican],"[whole wheat tortillas, chicken, vidalia onion, olive oil, shredded lowfat monterey jack cheese, shredded low-fat cheddar cheese, barbecue sauce]"
Mexican-Brown-Rice-Bake-Gluten-Free-1066656,Mexican Brown Rice Bake – Gluten Free,4,2400.0,[Main Dishes],[Mexican],"[cooked chicken breasts, brown rice, refried beans, enchilada sauce, shredded cheese, green pepper, chili flakes]"
Simple-Posole-1169150,Simple Posole,4,3600.0,[],[Mexican],"[tomatillos, chicken broth, chicken meat, oil, onions, cumin, oregano, garlic, jalapeno chilies, hominy, chopped cilantro fresh, tortilla chips, lime wedges]"
Habanero-Salsa-Closet-Cooking-54907,Habanero Salsa,5,2100.0,"[Appetizers, Condiments and Sauces]",[Mexican],"[oil, onions, garlic, cumin, tomatoes, chiles, cilantro, lime juice]"
Taco-quesadilla-pizzas-351159,Taco Quesadilla Pizzas,5,2400.0,[Main Dishes],[Mexican],"[ground beef, taco seasoning, water, tortillas, cheese, refried beans, salsa, tomatoes, black olives, green onions]"
Mexican-Coffee-Three-Ways-_Spiced_-Chocolate-_-Iced_---Cafe-de-Olla-1368827,"Mexican Coffee Three Ways (Spiced, Chocolate & Iced) - Cafe de Olla",4,1800.0,[Beverages],[Mexican],"[water, piloncillo, cinnamon sticks, clove, anise seed, orange peel, coffee, semisweet chocolate, salt, ice, milk]"
Chipotle_s-Chicken-Burrito-1316321,Chipotle's Chicken Burrito,3,1500.0,[Main Dishes],"[Southwestern, Mexican]","[vegetable oil, salsa, chipotle chile, pinto beans, water, rotisserie chicken, cilantro, salt, pepper, tortillas, white rice, monterey jack, romaine lettuce, avocado, roma tomatoes]"
Chipotle-Chile-Pequin-Salsa-1351692,Chipotle Chile Pequin Salsa,4,1500.0,,[Mexican],"[chiles, large garlic cloves, tomatoes, water, chipotles in adobo, salt]"
Mexi-chicken-campanelle-dinner-334784,Mexi-Chicken Campanelle Dinner,5,3300.0,[Main Dishes],[Mexican],"[pasta, ancho chile pepper, smoked paprika, garlic powder, sea salt, black pepper, meat, extra-virgin olive oil, white onion, minced garlic, sweet pepper, salsa verde, diced tomatoes, heavy cream, chopped cilantro]"
Mexican-Pizza-Skillet-1017693,Mexican Pizza Skillet,4,2400.0,[Main Dishes],[Mexican],"[tostadas, ground meat, Mexican seasoning mix, refried beans, salsa, shredded cheese]"
Mexican-Gazpacho-Fruit-Salad-1370979,Mexican Gazpacho Fruit Salad,4,1800.0,[Salads],[Mexican],"[papaya, jicama, mango, watermelon, orange, cucumber, lime juice, fresh cilantro, sea salt, chili]"
Roasted-Butternut-Squash-Enchilada-Casserole-1370436,Roasted Butternut Squash Enchilada Casserole,4,5400.0,[Main Dishes],"[Southwestern, Mexican]","[butternut squash, yellow onion, poblano peppers, jalapeno chilies, olive oil, ground cumin, pepper, salt, black beans, cilantro, baby spinach leaves, salsa, tortillas, shredded cheddar cheese]"
Flan-457789,Flan,5,,[Desserts],"[Mexican, Spanish]","[sugar, water, milk, vanilla extract, vanilla beans, eggs]"
Mexican-Torta-With-Refried-Beans-And-Guacamole-679580,Mexican Torta With Refried Beans And Guacamole,4,600.0,[Lunch and Snacks],[Mexican],"[rolls, refried beans, cheese, hot salsa, guacamole, lettuce]"
Chicken-Enchiladas-631083,Chicken Enchiladas,3,16200.0,[Main Dishes],[Mexican],"[boneless chicken skinless thigh, enchilada sauce, green chilies, onions, flour tortillas, jack cheese, green onions]"
Lazy-Girls-Chicken-Enchilada-Casserole-475009,Lazy Girl’s Chicken Enchilada Casserole,4,3000.0,[Main Dishes],[Mexican],"[chicken breasts, salt, enchilada sauce, low-fat sour cream, salsa, frozen corn, green chilies, corn tortillas, shredded cheddar cheese]"
Taqueria-Style-Salsa-Recipe-_-Receta-de-Salsa-Taquera-1066764,Taqueria Style Salsa Recipe / Receta de Salsa Taquera,4,2400.0,,[Mexican],"[tomatoes, tomatillos, garlic cloves, white onion, pepper, salt]"
Seriously_-The-Best-Homemade-Quesadillas-1275319,"Seriously, The Best Homemade Quesadillas",4,1200.0,"[Lunch and Snacks, Appetizers]",[Mexican],"[flour tortillas, asadero, jalapeno chilies]"
Freezer-Black-Bean-Fajita-Burritos-1363211,Freezer Black Bean Fajita Burritos,4,1920.0,"[Lunch and Snacks, Main Dishes]",[Mexican],"[bell pepper, purple onion, chili powder, fajita seasoning mix, cooked brown rice, salt, black beans, lime, shredded cheddar cheese, tortilla shells]"
Flour-Tortillas-Naturally-Ella-46526,Flour Tortillas,5,3000.0,[Breads],[Mexican],"[flour, baking powder, salt, canola oil, soy milk]"
Mexican-Black-Beans-1212377,Mexican Black Beans,4,2100.0,,[Mexican],"[canola oil, diced onions, garlic, tomato paste, black beans, vegetable broth, chili powder, cumin, oregano, lime, scallions]"
Chicken-Enchiladas-634207,Chicken Enchiladas,3,3600.0,[Main Dishes],[Mexican],"[skinless chicken breasts, tomatoes, taco seasoning mix, flour tortillas, shredded cheese, garlic, cilantro, enchilada sauce]"
Chili-nachos-298110,Chili Nachos,4,2100.0,"[Appetizers, Lunch and Snacks, Main Dishes]",[Mexican],"[ground beef, onions, chili powder, red kidney beans, ragu old world style pasta sauc, chip plain tortilla, shredded cheddar cheese]"
Ranch-taco-salad-297196,Ranch Taco Salad,4,1200.0,"[Main Dishes, Salads]",[Mexican],"[ground beef, taco seasoning mix, corn tortillas, shredded lettuce, shredded cheddar cheese, tomatoes, wish bone ranch dress]"
Salsa-Verde-1333578,Salsa Verde,3,1800.0,[Condiments and Sauces],[Mexican],"[tomatillos, jalapeno chilies, chopped onion, garlic cloves, lime, salt, cilantro leaves]"
Steak-Fajitas-1336362,Steak Fajitas,4,2400.0,[Main Dishes],[Mexican],"[flank steak, olive oil, worcestershire sauce, lime juice, garlic, cumin, chili powder, red pepper flakes, salt, black pepper, sugar, onions, red bell pepper, orange bell pepper, green bell pepper, slice, yellow bell pepper, oil, flour tortillas, cheese, salsa, sour cream, cilantro leaves]"
How-to-Make-Taco-Bell_s-Burrito-Supreme-1370554,How to Make Taco Bell's Burrito Supreme,3,2100.0,[Main Dishes],[Mexican],"[lean ground beef, chili powder, ground cumin, salt, freshly ground pepper, minced onion, paprika, garlic powder, onion powder, flour, water, large flour tortillas, refried beans, mild salsa, sour cream, shredded cheddar cheese, shredded lettuce, medium tomatoes, white onion]"
Spicy-slow-cooker-rice-with-green-chiles_-green-onions_-and-cheese-309194,"Spicy Slow Cooker Rice with Green Chiles, Green Onions, and Cheese",5,3600.0,[Side Dishes],[Mexican],"[long grain white rice, scallions, reduced-fat sour cream, diced green chilies, Tabasco Green Pepper Sauce, mozzarella cheese, grated parmesan cheese]"
Cheesy-Ground-Turkey-Enchiladas-1348579,Cheesy Ground Turkey Enchiladas,3,2700.0,[Main Dishes],[Mexican],"[turkey meat, olive oil, yellow onion, garlic, diced green chilies, taco seasoning, water, flour tortillas, enchilada sauce, shredded cheese]"
Elote-_Hot-Mexican-Corn-Dip_-679935,Elote {Hot Mexican Corn Dip},4,3600.0,,[Mexican],"[ear of corn, mayonnaise, chicken stock, Cholula Hot Sauce, fresh lime juice, sugar, kosher salt, ground pepper, red chili powder, chopped cilantro fresh, cotija, tortilla chips]"
Pozole-1202129,Pozole,4,6300.0,"[Soups, Main Dishes]",[Mexican],"[pork shoulder, water, chiles, garlic, yellow onion, McCormick Ground Cumin, hominy, kosher salt, shredded cabbage, white onion, cilantro, lime wedges, avocado, tostadas, oregano leaves, tomato salsa]"
Mom_s-Chicken-Enchiladas-1314007,Mom's Chicken Enchiladas,3,2400.0,[Main Dishes],[Mexican],"[chicken breasts, green onions, fresh cilantro, jalapeno chilies, green enchilada sauce, corn tortillas, reduced fat cheddar cheese, lettuce, salsa, light sour cream, tomatoes, ripe olives]"
Chipotle-Sweet-Potato-Tacos-with-Black-Beans-and-Guacamole-1362452,Chipotle Sweet Potato Tacos with Black Beans and Guacamole,4,2400.0,[],[Mexican],"[sweet potatoes, olive oil, purple onion, black beans, chipotles in adobo, adobo sauce, honey, lime, guacamole, avocado, onions, garlic, serrano peppers, salt, cilantro, taco shells]"
Mexican-Pizza-on-a-Cheddar-Cheese-Crust-1348453,Mexican Pizza on a Cheddar Cheese Crust,4,1500.0,[Main Dishes],[Mexican],"[ground beef, chili powder, smoked paprika, ground cumin, Himalayan salt, ground black pepper, garlic powder, onion powder, mexican style 4 cheese blend, cheddar cheese, salsa, shredded lettuce, pico de gallo, shredded cheddar cheese, sour cream, guacamole, hot sauce]"
Mexican-Steak-_-Salsa-Rice-940218,Mexican Steak & Salsa Rice,3,1500.0,[],[Mexican],"[I Can't Believe It's Not Butter!® Spread, boneless sirloin steak, purple onion, Knorr® Fiesta Sides™ - Mexican Rice, corn kernels, tomatoes]"
Creamy-Homemade-Guacamole-for-Cinco-De-Mayo-__-the-best-way-to-keep-it-green__-1341842,Creamy Homemade Guacamole for Cinco De Mayo (+ the best way to keep it green!),4,1200.0,[Appetizers],[Mexican],"[hass avocado, sour cream, lime, sea salt, garlic, purple onion, chopped cilantro]"
Quesadilla-Casserole-1321216,Quesadilla Casserole,3,2700.0,[Main Dishes],[Southwestern],"[ground beef, chopped onion, tomato sauce, black beans, corn kernel whole, green chile, McCormick Chili Powder, McCormick Ground Cumin, McCormick Garlic, McCormick Oregano Leaves, mccormick red pepper, crushed, flour tortillas, shredded cheddar cheese]"
Crock-Pot-Chicken-Tinga-Tacos-with-Bacon-Pico-De-Gallo-1356338,Crock Pot Chicken Tinga Tacos with Bacon Pico De Gallo,4,22800.0,[Main Dishes],[Mexican],"[boneless skinless chicken breasts, onions, garlic, fire roasted diced tomatoes, adobo sauce, chipotle peppers, chicken stock, bay leaf, Mexican oregano, cumin, salt, sugar, ground black pepper, diced onions, radishes, jalapeno chilies, cilantro, lime, bacon, cotija, avocado, corn tortillas]"
Roasted-Tomatillo-and-Arbol-Pepper-Salsa-_-Salsa-de-Chile-de-Arbol-y-Tomatillos-Asados-1066792,Roasted Tomatillo and Árbol Pepper Salsa / Salsa de Chile de Árbol y Tomatillos Asados,4,1800.0,[],[Mexican],"[tomatillos, pepper, garlic cloves, salt]"
Recipe-For-Chipotle-Burritos-_Copycat_-1235049,Recipe For Chipotle Burritos (Copycat),3,1500.0,[Main Dishes],"[Southwestern, Mexican]","[chicken, cumin, garlic, sweet onion, salt, pepper, diced tomatoes, diced red onions, jalapeno chilies, cooked rice, lemon juice, lime juice, cilantro, black beans, sour cream, guacamole, flour tortillas]"
The-Mexican-Bowl-1363648,The Mexican Bowl,4,4500.0,[],[Mexican],"[raw cashews, water, lemon, nutritional yeast, white miso, garlic powder, salt, roma tomatoes, zucchini, corn kernels, green onions, cilantro, lime, cayenne pepper, avocado, garlic, ground cumin, amaranth, quinoa, farro, vegetable broth, olive oil, purple onion, black beans, Bragg Liquid Aminos, cumin, smoked paprika, ancho chile pepper, pepper, chard, pepitas, hot sauce]"
Pico-De-Gallo---Fresh-Salsa-1004381,Pico De Gallo - Fresh Salsa,4,1200.0,[Condiments and Sauces],[Mexican],"[tomatoes, onions, garlic, chopped cilantro fresh, jalapeno chilies, fresh lime juice, salt]"
Red-posole-308734,Red Posole,5,15600.0,,[Mexican],"[posole, white onion, garlic cloves, chile pepper, Mexican oregano, extra-virgin olive oil, garlic, dried oregano, flour, ground cumin, red chili peppers, fine sea salt, lime, queso fresco, tortillas]"
Mexican-Casserole-1323260,Mexican Casserole,4,2400.0,[Main Dishes],[Mexican],"[lean ground beef, red enchilada sauce, shoepeg corn, salsa, soft corn tortillas, low sodium black beans, white cheddar cheese, light pepper jack cheese]"
Chicken-Quesadillas-1237957,Chicken Quesadillas,3,2700.0,[Main Dishes],[Mexican],"[tomatoes, chicken, oil, onions, garlic cloves, chopped bell pepper, chili pepper, plum tomatoes, flour tortillas, shredded cheddar cheese, cooked chicken, salsa, sour cream]"
Mexican-Tortilla-Soup-1286255,Mexican Tortilla Soup,3,2700.0,[Soups],[Mexican],"[butter, shallots, large tomato, jalapeno chilies, chicken stock, lime, sugar, cooked chicken, salt, cracked black pepper, avocado, tortilla chips, cilantro]"
Fifteen-minute-salsa-verde-eggs-344561,Fifteen Minute Salsa Verde Eggs,5,1500.0,[Breakfast and Brunch],[Mexican],"[eggs, salsa verde, grating cheese, ground black pepper, salt, flour tortillas]"
Hearty-Mexican-Rice-And-Chicken-1320084,Hearty Mexican Rice And Chicken,3,2700.0,[Main Dishes],[Mexican],"[boneless chicken breast, olive oil, crushed red pepper flakes, ground cumin, garlic powder, white rice, salsa, reduced sodium chicken broth, fresh cilantro, lime]"
Chili-mango-chicken-quesadillas-333791,Chili Mango Chicken Quesadillas,5,1500.0,[Main Dishes],"[Mexican, Southwestern]","[whole wheat tortillas, chicken, mango, chili powder, sweet onion, bacon, smoked cheddar cheese, pepper jack]"
Carnitas-1349701,Carnitas,4,13800.0,[Main Dishes],[Mexican],"[pork shoulder, vegetable oil, medium salsa, garlic, chicken broth, water, orange, clove, cinnamon, kosher salt, lime, corn tortillas, green onions, avocado, radish slices, fresh cilantro, red pepper]"
How-to-Make-Authentic-Salsa-Mexicana-_Pico-de-Gallo_-_-Como-Hacer-Salsa-Pico-de-Gallo-1066801,How to Make Authentic Salsa Mexicana (Pico de Gallo) / Cómo Hacer Salsa Pico de Gallo,4,2100.0,[],[Mexican],"[salsa, tomatoes, onions, serrano peppers, lime, cilantro, salt]"
Salsa-Mexicana-I-Adore-Food-55307,Salsa Mexicana,4,3900.0,"[Appetizers, Condiments and Sauces]",[Mexican],"[fresh tomatoes, diced tomatoes, tomato paste, jalapeno chilies, fresh cilantro, salt, garlic powder, olive oil, purple onion, garlic]"
Home-1369719,Home,3,10800.0,[Main Dishes],"[Southwestern, Mexican]","[unsalted butter, onions, chili powder, garlic cloves, grated orange, juice, lime zest, honey, ground cumin, kosher salt, pepper, chicken, poblano peppers, jalapeno chilies, extra-virgin olive oil, Dr. Pepper®, canola oil, corn tortillas, flour tortillas, chihuahua cheese, black beans, white onion, sour cream, fresh lime juice, lime wedges, chopped cilantro, avocado, salsa]"
Easy-Mexican-Chicken-and-Beans-1290833,Easy Mexican Chicken and Beans,3,1800.0,[],[Mexican],"[chicken breast strips, Old El Paso™ taco seasoning mix, Progresso Black Beans, mexicorn, water, flour tortillas]"
Enmoladas-_Chicken-Mole-Enchiladas_-Closet-Cooking-55003,Enmoladas (Chicken Mole Enchiladas),5,900.0,[Main Dishes],[Mexican],"[mole sauce, chicken broth, chicken, corn tortillas, sour cream, onions, queso fresco, cilantro, sesame seeds]"
Chorizo-and-egg-white-breakfast-burrito-352464,Chorizo and Egg White Breakfast Burrito,5,,[Breakfast and Brunch],[Mexican],"[chorizo, red wine vinegar, large egg whites, large eggs, pepper, salt, wheat]"
Mexican-Benedict-1371793,Mexican Benedict,4,3600.0,,[Mexican],"[rice vinegar, eggs, flour tortillas, cheddar cheese, avocado, hollandaise sauce, fresca, fresh cilantro, unsalted butter, egg yolks, lemon juice, sauce, cayenne pepper, tomatoes, purple onion, chili, salt, garlic powder, onion powder, freshly ground black pepper]"
Taco-Seasoning-I-Allrecipes_1,Taco Seasoning I,5,60.0,,[Mexican],"[chili powder, garlic powder, onion powder, crushed red pepper flakes, dried oregano, paprika, ground cumin, sea salt, black pepper]"
Slow-cooker-mexican-pulled-pork-309170,Slow Cooker Mexican Pulled Pork,5,21900.0,[Main Dishes],[Mexican],"[chili powder, kosher salt, brown sugar, ground cumin, cayenne, ground oregano, onion powder, garlic powder, cinnamon, ground cloves, boneless pork shoulder roast, vegetable oil]"
Pressure-Cooker-Mexican-Green-Rice-1345181,Pressure Cooker Mexican Green Rice,4,1800.0,[Side Dishes],[Mexican],"[low sodium chicken broth, long-grain rice, avocado, fresh cilantro, salsa verde, freshly ground pepper, salt]"
Mexican-Pulled-Beef-Tacos-1001235,Mexican Pulled Beef Tacos,4,3600.0,[Main Dishes],[Mexican],"[chuck, onions, garlic, tomato paste, chopped tomatoes, cumin, chipotle peppers]"
Best-Chicken-Enchiladas-1314589,Best Chicken Enchiladas,4,3900.0,[Main Dishes],[Mexican],"[chicken breasts, Mexican seasoning mix, sour cream, cream of chicken soup, onions, Mexican cheese blend, chopped green chilies, flour tortillas, enchilada sauce]"
Poblano-Chile-Enchiladas-1322190,Poblano Chile Enchiladas,4,2700.0,[Main Dishes],[Mexican],"[sour cream, salsa verde, corn tortillas, poblano chiles, grating cheese]"
Chipotle-Dry-Rub-AllRecipes,Chipotle Dry Rub,5,300.0,,"[American, Mexican]","[brown sugar, chipotle peppers, paprika, mustard powder, ground cumin, salt]"
Ancho-Chicken-Tacos-with-Cilantro-Slaw-and-Avocado-Cream-1320008,Ancho Chicken Tacos with Cilantro Slaw and Avocado Cream,4,900.0,[Main Dishes],[Mexican],"[boneless skinless chicken breasts, ancho powder, garlic powder, salt, ground cumin, olive oil, lime rind, fresh lime juice, light sour cream, 1% low-fat milk, avocado, slaw, sliced green onions, chopped cilantro fresh, corn tortillas]"
Chipotle-Hummus-and-Fajita-Veggie-Taco-Bowls-_Vegan_-1356197,Chipotle Hummus and Fajita Veggie Taco Bowls [Vegan],3,2700.0,,[Mexican],"[vegan cheddar cheese, avocado, black beans, corn kernel whole, iceberg lettuce, prepar salsa, vegan sour cream, lemon wedge, cilantro]"
Pico-de-Gallo-1230997,Pico de Gallo,4,600.0,,[Mexican],"[plum tomatoes, purple onion, jalapeno chilies, garlic, cilantro leaves, lime, salt]"
Beef-fajitas-336296,Beef Fajitas,5,8100.0,[Main Dishes],[Mexican],"[flank steak, olive oil, worcestershire sauce, lime juice, garlic, cumin, chili powder, red pepper flakes, salt, black pepper, sugar, onions, red bell pepper, orange bell pepper, green bell pepper, slice, yellow bell pepper, oil, flour tortillas, cheese, salsa, sour cream, cilantro leaves]"
Mexican-Chocolate-Pots-de-Creme-_Dairy-Free__-1033768,Mexican Chocolate Pots de Crème (Dairy-Free!),4,900.0,[Desserts],[Mexican],"[dark chocolate, full fat coconut milk, large egg yolks, ancho powder, kosher salt, cinnamon sticks, vanilla extract, coconut sugar, ground cinnamon]"
Easy-Chicken-Enchiladas-1370928,Easy Chicken Enchiladas,4,3900.0,[Main Dishes],[Mexican],"[canola oil, yellow onion, garlic, jalapeno chilies, chili powder, ground cumin, ground oregano, granulated sugar, tomato sauce, chicken broth, roma tomatoes, chicken, sharp cheddar cheese, monterey jack, fresh cilantro, black olives, green onions, soft corn tortillas]"
EASY-Mexican-Enchilada-Casserole-in-Slow-Cooker_-1343798,EASY Mexican Enchilada Casserole in Slow Cooker!,4,22200.0,[Main Dishes],[Mexican],"[ground beef, cream of mushroom soup, diced tomatoes, Ranch Style Beans, flour tortillas, cheese]"
Mexican-chipotle-hummus-297604,Mexican Chipotle Hummus,4,7500.0,[Appetizers],[Mexican],"[Knorr® Vegetable recipe mix, chickpeas, chopped cilantro fresh, lime juice, ground chipotle chile pepper]"
Easy-Weeknight-Slow-Cooker-Chicken-Tacos-1353935,Easy Weeknight Slow Cooker Chicken Tacos,3,2700.0,[Main Dishes],[Southwestern],"[boneless skinless chicken breasts, taco seasoning, tomatoes, chipotle chile, salt, pepper, flour tortillas, guacamole, sour cream, salsa, cheese, cilantro, lettuce]"
Breakfast-Tostada-513888,Breakfast Tostada,4,,[Breakfast and Brunch],[Mexican],"[canola oil, corn tortillas, beans, eggs, grating cheese, salsa, hot sauce]"
Mexican-Tomato-Rice-_-Beans-1341142,Mexican Tomato Rice & Beans,4,2400.0,,[Mexican],"[white rice, diced tomatoes, extra-virgin olive oil, garlic, jalapeno chilies, black beans, fine sea salt, ground cumin, chili powder, fresh oregano leaves, cilantro leaves]"
Pico-de-Gallo-Martha-Stewart,Pico de Gallo,4,3300.0,"[Lunch and Snacks, Appetizers, Condiments and Sauces]",[Mexican],"[tomatoes, white onion, serrano chile, chopped cilantro fresh, coarse salt]"
CHORIZO-TACOS-1344078,CHORIZO TACOS,4,1500.0,[Main Dishes],[Mexican],"[vegetable oil, chorizo, corn tortillas, white onion, cilantro, radishes, salt, hot salsa, lime]"
Grilled-Mexican-Street-Corn-Dip-1348569,Grilled Mexican Street Corn Dip,3,600.0,[Appetizers],[Barbecue],"[corn, cotija, cilantro, jalapeno chilies, garlic cloves, greek yogurt]"
Tortilla-Soup-1324700,Tortilla Soup,4,2400.0,[Soups],[Southwestern],"[canola oil, onions, garlic, chipotles in adobo, chili powder, low sodium chicken broth, corn kernels, tomatoes, cooked turkey, lime juice, low sodium canned black beans, cilantro leaves, tortilla strips]"
Tortilla-omelet-roll-up-299877,Tortilla Omelet Roll-up,4,600.0,"[Breakfast and Brunch, Lunch and Snacks]",[Mexican],"[eggs, hellmann' or best food real mayonnais, sliced green onions, Country Crock® Spread, queso fresco, flour tortillas]"
Grilled-Fish-Soft-Tacos-1369504,Grilled Fish Soft Tacos,3,2100.0,[Main Dishes],[Barbecue],"[olive oil, lime, garlic, ground cumin, swordfish, avocado, purple onion, jalapeno chilies, fresh cilantro, flour tortillas, lettuce leaves]"
Grilled-Fish-Soft-Tacos-1369505,Grilled Fish Soft Tacos,3,2100.0,[Main Dishes],[Barbecue],"[olive oil, lime, garlic, ground cumin, swordfish, avocado, purple onion, jalapeno chilies, fresh cilantro, flour tortillas, lettuce leaves]"
Grilled-Fish-Soft-Tacos-1369502,Grilled Fish Soft Tacos,3,2100.0,[Main Dishes],[Barbecue],"[olive oil, lime, garlic, ground cumin, swordfish, avocado, purple onion, jalapeno chilies, fresh cilantro, flour tortillas, lettuce leaves]"
Grilled-Fish-Soft-Tacos-1369503,Grilled Fish Soft Tacos,3,2100.0,[Main Dishes],[Barbecue],"[olive oil, lime, garlic, ground cumin, swordfish, avocado, purple onion, jalapeno chilies, fresh cilantro, flour tortillas, lettuce leaves]"
Grilled-Fish-Soft-Tacos-1369498,Grilled Fish Soft Tacos,3,2100.0,[Main Dishes],[Barbecue],"[olive oil, lime, garlic, ground cumin, swordfish, avocado, purple onion, jalapeno chilies, fresh cilantro, flour tortillas, lettuce leaves]"
Grilled-Fish-Soft-Tacos-1369500,Grilled Fish Soft Tacos,3,2100.0,[Main Dishes],[Barbecue],"[olive oil, lime, garlic, ground cumin, swordfish, avocado, purple onion, jalapeno chilies, fresh cilantro, flour tortillas, lettuce leaves]"
Grilled-Fish-Soft-Tacos-1369497,Grilled Fish Soft Tacos,3,2100.0,[Main Dishes],[Barbecue],"[olive oil, lime, garlic, ground cumin, swordfish, avocado, purple onion, jalapeno chilies, fresh cilantro, flour tortillas, lettuce leaves]"
Grilled-Fish-Soft-Tacos-1369495,Grilled Fish Soft Tacos,3,2100.0,[Main Dishes],[Barbecue],"[olive oil, lime, garlic, ground cumin, swordfish, avocado, purple onion, jalapeno chilies, fresh cilantro, flour tortillas, lettuce leaves]"
Grilled-Fish-Soft-Tacos-1369494,Grilled Fish Soft Tacos,3,2100.0,[Main Dishes],[Barbecue],"[olive oil, lime, garlic, ground cumin, swordfish, avocado, purple onion, jalapeno chilies, fresh cilantro, flour tortillas, lettuce leaves]"
Grilled-Fish-Soft-Tacos-1369493,Grilled Fish Soft Tacos,3,2100.0,[Main Dishes],[Barbecue],"[olive oil, lime, garlic, ground cumin, swordfish, avocado, purple onion, jalapeno chilies, fresh cilantro, flour tortillas, lettuce leaves]"
Green-Chicken-Enchiladas-_Gluten-Free_-483003,Green Chicken Enchiladas (Gluten Free),4,2400.0,[Main Dishes],[Mexican],"[chicken, salsa verde, shredded sharp cheddar cheese, chopped cilantro, ground cumin, sour cream, jalapeno chilies, salt, pepper, corn tortillas]"
Salsa-de-Tomatillo-Asado-con-Chipotle-_Roasted-Tomatillo-Salsa-with-Chipotle-and-Roasted-Garlic_-750200,Salsa de Tomatillo Asado con Chipotle (Roasted Tomatillo Salsa with Chipotle and Roasted Garlic),3,2100.0,,[Mexican],"[tomatillos, garlic, chipotle chile, kosher salt]"
Easy-Beef-Enchiladas-472736,Easy Beef Enchiladas,5,,[Main Dishes],[Mexican],"[lean ground beef, corn tortillas, diced onions, jack, enchilada sauce, zucchini]"
Spicy-Avocado-Sauce-494724,Spicy Avocado Sauce,4,600.0,[Condiments and Sauces],[Mexican],"[avocado, mayonnaise, fresh lime juice, salt, jalapeno chilies, skim milk]"
The-Best-Mexican-White-Cheese-Dip-1305330,The Best Mexican White Cheese Dip,4,900.0,[Appetizers],[Mexican],"[American cheese, milk, butter, green chilies, cumin, garlic salt, cayenne pepper]"
Vegetable-guacamole-298916,Vegetable Guacamole,4,7800.0,[Appetizers],[Mexican],"[avocado, jalapeno chilies, chopped cilantro fresh, lime juice, Knorr® Vegetable recipe mix]"
Mexican-Pizza-960106,Mexican Pizza,4,2400.0,[Main Dishes],[Mexican],"[ground beef, taco seasoning, beans, salsa, shredded cheddar cheese, flour tortillas, tomatoes, green onions, olives]"
New-Mexican-Style-Polenta-with-Chile-Sauce-1360599,New Mexican-Style Polenta with Chile Sauce,3,2700.0,[Main Dishes],[Mexican],"[water, yellow corn meal, salt, cheddar cheese, vegetable oil, onions, yellow bell pepper, garlic cloves, oregano, chipotles in adobo, cooked turkey, green chile sauce]"
Four-cheese-enchilada-bake-296551,Four Cheese Enchilada Bake,4,2400.0,[Main Dishes],[Mexican],"[ground beef, chili powder, flour tortillas, Mexican cheese blend, hellmann' or best food real mayonnais, prepar salsa]"
Cowboy-Mexican-Dip-Allrecipes,Cowboy Mexican Dip,5,2400.0,[Appetizers],"[Mexican, Kid-Friendly]","[tamales, chili, diced tomatoes, processed cheese]"
Gin_s-Authentic-Mexican-Salsa-1102804,Gin's Authentic Mexican Salsa,4,900.0,[],[Mexican],"[roma tomatoes, purple onion, jalapeno chilies, cilantro stems, garlic, lime, salt]"
Salsa-Verde-Chicken-Enchiladas-1053513,Salsa Verde Chicken Enchiladas,4,3000.0,[Main Dishes],[Mexican],"[butter, flour, chicken broth, sour cream, salsa verde, chicken, tortillas, shredded pepper jack cheese]"
Perfect-Guacamole-Simply-Recipes-42686,Perfect Guacamole,5,600.0,[Appetizers],[Mexican],"[avocado, kosher salt, fresh lime juice, purple onion, serrano chile, cilantro leaves, black pepper, tomatoes]"
Corn-and-Black-Bean-Enchiladas-with-Chipotle-Stout-Red-Sauce-1372302,Corn and Black Bean Enchiladas with Chipotle Stout Red Sauce,4,2100.0,[Main Dishes],[Mexican],"[corn starch, tomato paste, tomato sauce, chipotle chile, adobo sauce, garlic powder, onion powder, salt, cumin, stout, avocado, pepper, corn tortillas, black beans, ear of corn, cotija, chopped cilantro]"
Mexican-Quinoa-and-Beans-with-Pico-de-Gallo-Closet-Cooking-54909,Mexican Quinoa and Beans with Pico de Gallo,5,2400.0,,[Mexican],"[quinoa, black beans, pico de gallo, queso fresco]"
Comforting-Mexican-Style-Tortilla-Bean-Soup-1288480,Comforting Mexican Style Tortilla Bean Soup,3,3000.0,[Soups],[Mexican],"[olive oil, minced garlic, onions, chopped bell pepper, taco seasoning mix, chopped tomatoes, jalapeno chilies, corn, kidney beans, water, salt, corn starch, avocado, shredded cheddar cheese, tortilla chips, lemon juice, cilantro]"
Mexican-lasagna-303683,Mexican Lasagna,4,3000.0,"[Lunch and Snacks, Main Dishes]","[Mexican, Southwestern]","[ragu old world style pasta sauc, ground beef, whole kernel corn, drain, chili powder, flour tortillas, shredded cheddar cheese]"
Empanada-Dough-Martha-Stewart,Empanada Dough,5,2400.0,[Appetizers],[Mexican],"[all-purpose flour, cornmeal, sugar, salt, vegetable shortening, large egg yolks]"
30-Minute-Ground-Beef-Enchilada-Skillet-Dinner-1340512,30 Minute Ground Beef Enchilada Skillet Dinner,4,1800.0,[Main Dishes],[Mexican],"[ground beef, onions, garlic, salt, pepper, cilantro, olives, green onions, enchilada sauce, chicken broth, sugar, butter, corn tortillas, Mexican cheese blend]"
Sweet-Potato-Enchilada-Casserole-1372483,Sweet Potato Enchilada Casserole,4,4800.0,[Main Dishes],[Southwestern],"[large flour tortillas, sweet potatoes, black beans, corn kernels, green chilies, cilantro, bell pepper, yellow onion, garlic, roasted tomatoes, lime juice, avocado, non dairy sour cream, enchilada sauce, vegetable stock, tomato paste, cayenne pepper, cumin, taco seasoning, onion powder, garlic powder]"
One-Pot-Enchilada-Soup-1357925,One Pot Enchilada Soup,4,3900.0,"[Soups, Main Dishes]",[Mexican],"[canola oil, white onion, garlic cloves, ground beef, cumin, chili powder, kosher salt, cracked black pepper, tomato paste, rotelle, diced tomatoes, pinto beans, corn, enchilada sauce, beef broth, cornmeal, cheddar cheese, tortilla strips, cilantro]"
Tuna-quesadillas-296603,Tuna Quesadillas,4,1200.0,"[Appetizers, Lunch and Snacks, Main Dishes]",[Mexican],"[tuna, drain and flake, hellmann' or best food real mayonnais, prepar salsa, flour tortillas, shredded cheddar cheese]"
Guacamole-with-cilantro-297846,Guacamole With Cilantro,4,600.0,[Appetizers],[Mexican],"[avocado, tomatoes, green onions, lime juice, knorr cilantro minicub]"
Green-Mexican-Rice-_Arroz-Verde_-1337190,Green Mexican Rice (Arroz Verde),3,1500.0,,[Mexican],"[spinach, cilantro leaves, jalapeno chilies, garlic, yellow onion, canola oil, long grain white rice, chicken stock, salt, lime juice]"
5-Ingredient-Mexican-Brown-Rice-1298711,5 Ingredient Mexican Brown Rice,4,900.0,[Side Dishes],[Mexican],"[corn, black beans, brown rice, chili powder, salsa, avocado, fresh cilantro]"
Salsa-Allrecipes,Salsa,4,600.0,,[Mexican],"[tomatoes, onions, chopped cilantro fresh, garlic, lime juice, tomatillos, salt, jalapeno chilies]"
Potatoes-with-Mexican-Chorizo-512876,Potatoes with Mexican Chorizo,5,3000.0,"[Main Dishes, Side Dishes]",[Mexican],"[kosher salt, russet potatoes, mexican chorizo, cheese]"
Spicy-Mexican-Cauliflower-Rice-1289986,Spicy Mexican Cauliflower Rice,4,2700.0,[Side Dishes],[Mexican],"[cauliflower florets, olive oil, onions, garlic, medium tomatoes, chili pepper, chili flakes, ground cumin, dried oregano, garlic powder, chicken stock, fresh cilantro, fresh lime juice, salt, black pepper]"
Bean-and-cheese-enchiladas-365041,Bean and Cheese Enchiladas,5,3000.0,[Main Dishes],[Mexican],"[pinto beans, butter, tomato sauce, taco seasoning, enchilada sauce, shredded cheese, flour tortillas]"
Mexican-Quinoa-Closet-Cooking-54908,Mexican Quinoa,5,2100.0,,[Mexican],"[corn oil, onions, garlic, cumin, chili powder, quinoa, chicken broth, diced tomatoes, oregano, salt, pepper, cilantro]"
Pico-de-gallo-304055,Pico De Gallo,4,8100.0,"[Appetizers, Condiments and Sauces]","[Mexican, Southwestern]","[tomatoes, white onion, knorr garlic minicub, lime juice, chopped cilantro fresh, serrano chilies]"
Cilantro-and-lime-fish-tacos-351065,Cilantro and Lime Fish Tacos,5,2400.0,[Main Dishes],[Mexican],"[whitefish, oil, lime juice, jalapeno chilies, garlic, green onions, cilantro, cumin, pepper, salt, corn tortillas, pico de gallo, cabbage, crema, avocado]"
Grilled-Taco-Nachos-1054630,Grilled Taco Nachos,4,960.0,[Appetizers],[Barbecue],"[tortilla chips, pork sausages, green chile, taco seasoning, roma tomatoes, green onions, shredded cheese]"
Chicken-Chimichangas-496308,Chicken Chimichangas,5,4500.0,[Main Dishes],[Mexican],"[chili powder, cayenne pepper, garlic powder, all-purpose flour, vegetable oil, chicken breasts, yellow onion, jalapeno chilies, chopped garlic, chicken broth, red wine vinegar, pinto beans, lime, cilantro leaves, flour tortillas, pepper jack, iceberg lettuce, salsa, sour cream, diced tomatoes]"
Flan-TasteOfHome,Flan,5,2700.0,[Desserts],"[Mexican, Spanish]","[eggs, sugar, salt, evaporated milk, vanilla, brown sugar]"
Mexican-Steak-Tacos-_-Como-Hacer-Tacos-de-Bistec-1066809,Mexican Steak Tacos / Cómo Hacer Tacos de Bistec,4,2400.0,[Main Dishes],[Mexican],"[steak, corn tortillas, vegetable oil, onions, cilantro, salt, pepper, salsa]"
Slow-Cooker-Chicken-Enchiladas-1023159,Slow Cooker Chicken Enchiladas,4,2700.0,[Main Dishes],[Mexican],"[chicken, salsa, flour tortillas, enchilada sauce, mild green chiles, cheddar cheese]"
Mexican-Stuffed-Peppers-Recipe-_vegetarian_-1335432,Mexican Stuffed Peppers Recipe (vegetarian),4,4200.0,[Main Dishes],[Mexican],"[olive oil, zucchini, chile pepper, green onions, cooked rice, black beans, salsa verde, ground cumin, fine sea salt, yellow bell pepper, colby jack cheese]"
Roasted-Tomatillo-Salsa-1306309,Roasted Tomatillo Salsa,4,2100.0,[Condiments and Sauces],[Mexican],"[tomatillos, serrano chile, garlic, white onion, cilantro, salt, sugar]"
Salsa-de-Arbol-767202,Salsa de Arbol,3,2700.0,,[Mexican],"[white onion, tomatillos, roma tomatoes, vegetable oil, chiles, garlic cloves, salt]"
Mexican-Red-Rice-1301019,Mexican Red Rice,4,2100.0,[Side Dishes],[Mexican],"[vegetable oil, white onion, garlic, tomato paste, long grain white rice, chicken broth, ground cumin, chopped cilantro fresh, kosher salt]"
Chilis-Salsa-1337196,Chili’s Salsa,4,1800.0,[Appetizers],[Mexican],"[diced tomatoes and green chilies, canned tomatoes, jalapeno chilies, diced yellow onion, garlic salt, cumin, sugar, garlic cloves, fresh lime juice, chopped cilantro fresh]"
Huevos-rancheros-352493,Huevos Rancheros,5,,"[Breakfast and Brunch, Lunch and Snacks]","[American, Mexican, Southwestern]","[oil, onions, tomatoes, green chile, pepper, salt, cumin, large eggs, shredded lettuce, cheese, chopped cilantro, olive oil spray, corn tortillas]"
Vegan-7-Layer-Dip-1368019,Vegan 7-Layer Dip,4,1800.0,[Appetizers],[Mexican],"[pinto beans, olive oil, white onion, garlic, jalapeno chilies, taco seasoning, avocado, lime juice, cilantro, salsa, garlic powder, salt, pepper, vegan sour cream, green onions, sliced black olives, tomatoes, Daiya cheddar cheese]"
Enchilada-Style-Mexican-Stuffed-Shells-1213628,Enchilada-Style Mexican Stuffed Shells,4,2400.0,[Main Dishes],[Mexican],"[jumbo pasta shells, ricotta cheese, cream cheese, Old El Paso Green Chiles, large eggs, garlic powder, salt, Old El Paso Enchilada Sauce, shredded mozzarella cheese, smoked paprika]"
Duck-Carnitas-Nachos-1367467,Duck Carnitas Nachos,4,14400.0,"[Appetizers, Main Dishes]",[Mexican],"[chiles, duck drumsticks, orange peel, garlic cloves, sea salt, lager, corn tortilla chips, black beans, mexican style 4 cheese blend, jalapeno chilies, green onions, cilantro leaves, radishes, crema mexican, salsa, lime wedges]"
Chicken-and-Green-Chile-Enchiladas-1320757,Chicken and Green Chile Enchiladas,4,4800.0,[Main Dishes],[Mexican],"[chicken fingers, salt, pepper, whipped cream cheese, green chile, chopped cilantro, butter, white onion, flour, chicken broth, milk, green enchilada sauce, sour cream, shredded cheese, flour tortillas]"
My-Tacos-Al-Pastor-1112722,My Tacos Al Pastor,3,2700.0,[Main Dishes],[Mexican],"[corn tortillas, pork meat, ancho, chiles, achiote, garlic cloves, garlic powder, ground cumin, pineapple juice, olive oil, pepper, salt, finely chopped onion, cilantro, fresh pineapple, lime, salsa]"
Fresh-Tomatillo-and-Lime-Salsa-1313987,Fresh Tomatillo and Lime Salsa,4,1500.0,[Condiments and Sauces],[Mexican],"[tomatillos, green onions, jalapeno chilies, lime, garlic, cilantro, salt]"
Guacamole-1226556,Guacamole,4,1500.0,[Appetizers],[Mexican],"[avocado, jalapeno chilies, purple onion, tomatoes, lime, garlic powder, cumin, salt, pepper]"
Cheesy-Burrito-Casserole-948775,Cheesy Burrito Casserole,4,2400.0,[Main Dishes],[Mexican],"[lean ground beef, onions, taco seasoning, flour tortillas, refried beans, Mexican cheese, condensed cream of mushroom soup, sour cream]"
Grilled-Barbeque-Onion-and-Smoked-Gouda-Quesadillas-499555,Grilled Barbeque Onion and Smoked Gouda Quesadillas,4,1800.0,,[Barbecue],"[olive oil, yellow onion, barbecue sauce, water, hot sauce, smoked gouda, chopped cilantro, flour tortillas]"
Skillet-Enchilada-Bake-1274886,Skillet Enchilada Bake,4,1800.0,[Main Dishes],"[Southwestern, Mexican]","[canola oil, meat, onions, diced green chilies, frozen corn, black beans, enchilada sauce, shredded cheddar cheese, tortillas, tomatoes, sour cream, salsa, fresh cilantro]"
Taco-Bell-Crunchwrap-Supreme-1069922,Taco Bell Crunchwrap Supreme,3,1800.0,[Main Dishes],[Mexican],"[ground beef, taco seasoning mix, water, cheese, large flour tortillas, tostada shells, sour cream, lettuce, tomatoes, Mexican cheese blend, cooking spray]"
Huevos-Rancheros-1337657,Huevos Rancheros,4,2400.0,[Breakfast and Brunch],[Mexican],"[diced tomatoes, garlic, jalapeno chilies, chopped onion, olive oil, seasoning salt, ground black pepper, chopped cilantro, canola oil, corn tortillas, refried beans, eggs, shredded cheddar cheese, chees fresco queso, lime, green onions]"
Fresh-Mexican-Salsa-1224778,Fresh Mexican Salsa,4,2400.0,[Appetizers],[Mexican],"[tomatoes, chopped onion, cilantro, tomato paste, jalapeno chilies, kosher salt]"
Chicken-burritos-365363,Chicken Burritos,5,1800.0,[Main Dishes],"[Southwestern, Mexican]","[boneless skinless chicken breasts, beans, onions, garlic, tomatoes, olive oil, salt, pepper, chili powder, cumin, jalapeno chilies, cheddar cheese, tortillas, sour cream, salsa]"
Sunset-Margarita-My-Recipes,Sunset Margarita,4,1500.0,"[Beverages, Cocktails]",[Mexican],"[tequila, orange juice, lime juice, pomegranate juice, lime peel]"
Mexican-Tinga-Allrecipes,Mexican Tinga,5,2100.0,[Main Dishes],[Mexican],"[olive oil, onions, stewed tomatoes, chipotles in adobo, chicken meat, tostada shells, sour cream]"
