id,recipeName,rating,totalTimeInSeconds,course,cuisine,ingredients
Moroccan-Couscous-Stuffed-Chicken-1376102,Moroccan Couscous Stuffed Chicken,4,5100.0,[Main Dishes],[Moroccan],"[chicken, paprika, olive oil, couscous, butter, garlic, almonds, ground cinnamon, cumin seed, raisins, honey, lemon, tomato juice, water, salt, pepper]"
Moroccan-Fried-Potatoes-With-Olives-And-Lemon-1371940,Moroccan Fried Potatoes With Olives And Lemon,4,1800.0,[Side Dishes],[Moroccan],"[cream, red potato, olive oil, lemon zest, ground cumin, water, parsley, lemon, salt, ground black pepper]"
Chicken-Tagine-With-Apricots-1311932,Chicken Tagine With Apricots,4,3300.0,[Main Dishes],[Moroccan],"[olive oil, chicken thighs, onions, garlic cloves, saffron threads, ground ginger, ground cumin, ground cinnamon, dried apricot, lemon, honey, coriander, stock, sliced almonds]"
Moroccan-Carrots-1336108,Moroccan Carrots,3,1080.0,[Side Dishes],[Moroccan],"[carrots, ground cumin, paprika, ground cinnamon, cayenne pepper, extra-virgin olive oil, fresh lemon juice, garlic cloves, fresh parsley, table salt, black pepper, harissa]"
Healthy-Moroccan-Stuffed-Sweet-Potato-1359607,Healthy Moroccan Stuffed Sweet Potato,4,3300.0,,[Moroccan],"[sweet potatoes, yams, olive oil, onions, apples, garlic cloves, chickpeas, mixed spice, salt, pepper, maple syrup, chopped cilantro, scallions, yoghurt, plain yogurt, water, smoked paprika, ground cumin, ground ginger, freshly ground black pepper, ground cinnamon, coriander seeds, cayenne, cardamom, ground allspice, ground cloves]"
Moroccan-Spiced-Grilled-Chicken-Breasts-Simply-Recipes-42827,Moroccan Spiced Grilled Chicken Breasts,5,3300.0,[Main Dishes],[Barbecue],"[plain yogurt, chopped cilantro fresh, olive oil, garlic, paprika, ground cumin, salt, ground black pepper, boneless skinless chicken breasts]"
Moroccan-Chicken-with-Green-Olives-and-Lemon-1061462,Moroccan Chicken with Green Olives and Lemon,3,3300.0,[Main Dishes],[Moroccan],"[meyer lemon, olive oil, onions, garlic cloves, paprika, ground cumin, ground cinnamon, ground ginger, low salt chicken broth, chicken, green olives]"
Moroccan-Butternut-Squash_-Chickpea-and-Quinoa-Tagine-Closet-Cooking-54952,"Moroccan Butternut Squash, Chickpea and Quinoa Tagine",5,2400.0,[Main Dishes],[Moroccan],"[oil, onions, garlic, ginger, ground turmeric, ground cumin, ground coriander, ground cinnamon, cayenne pepper, quinoa, vegetable broth, chickpeas, harissa, honey, raisins, olives, preserved lemon, salt, pepper, butternut squash, cilantro]"
Apple-and-Moroccan-giant-couscous-salad-1373339,Apple and Moroccan giant couscous salad,3,1500.0,,[Moroccan],"[dry sherry, sultana, couscous, smoked paprika, ground cinnamon, ground cumin, pink lady apple, shallots, garlic cloves, fresh ginger root, red chili peppers, fresh mint, lemon, pinenuts]"
Grilled-Moroccan-Chicken-628595,Grilled Moroccan Chicken,3,2100.0,[Main Dishes],[Barbecue],"[boneless skinless chicken breasts, extra-virgin olive oil, salt, sugar, garlic cloves, paprika, cumin, coriander, ginger, tumeric, cinnamon, cayenne pepper]"
Moroccan-Red-Lentil-Soup-1322953,Moroccan Red Lentil Soup,4,3600.0,[Soups],[Moroccan],"[red lentils, garbanzo beans, diced tomatoes, vegetable broth, lemon juice, red pepper flakes, fresh parsley, cilantro, ground coriander, garlic, celery, carrots, cinnamon, smoked paprika, tumeric, cumin, onions, olive oil, water]"
Moroccan-Chicken-Brouchettes-611070,Moroccan Chicken Brouchettes,3,3900.0,[Main Dishes],[Barbecue],"[lemon juice, olive oil, chopped cilantro fresh, finely chopped fresh parsley, paprika, kosher salt, minced garlic, ground cumin, cayenne, saffron, boneless skinless chicken breasts, water]"
Moroccan-rub-360899,Moroccan Rub,3,1500.0,,[Moroccan],"[sweet paprika, ground cumin, ground cinnamon, salt, ground ginger, ground red pepper, ground black pepper]"
Moroccan-Shrimp-With-Spinach-1197245,Moroccan Shrimp With Spinach,3,2820.0,[Main Dishes],[Moroccan],"[ground coriander, ground cumin, paprika, cayenne, ground allspice, salt, large shrimp, baby spinach, extra-virgin olive oil]"
Moroccan-Chicken-966957,Moroccan Chicken,4,4500.0,[Main Dishes],[Moroccan],"[olive oil, onions, large garlic cloves, hungarian sweet paprika, celtic salt, tumeric, ground coriander, fennel seeds, ground black pepper, ground cumin, ground ginger, tomatoes, water, fresh lemon juice, chicken thighs, chicken drumsticks, eggplant, marjoram, blanched almonds, chopped cilantro fresh]"
Moroccan-Lentil-Soup-1326071,Moroccan Lentil Soup,4,5400.0,[Soups],[Moroccan],"[extra-virgin olive oil, onions, carrots, garlic, ground cumin, ground coriander, ground turmeric, ground cinnamon, ground pepper, vegetable broth, water, cauliflower, lentils, diced tomatoes, tomato paste, fresh spinach, chopped cilantro fresh, lemon juice]"
Moroccan-Chicken-_-Sweet-Potato-Soup-1350107,Moroccan Chicken & Sweet Potato Soup,4,4200.0,[Soups],[Moroccan],"[extra-virgin olive oil, chopped onion, garlic, ground cumin, ground cinnamon, cayenne pepper, low sodium chicken broth, bone-in chicken breasts, sweet potatoes, red bell pepper, green beans, chickpeas, salt, ground pepper, harissa]"
Moroccan-Spice-Rub-My-Recipes,Moroccan Spice Rub,4,1800.0,,[Moroccan],"[ground cumin, curry powder, ground ginger, kosher salt, cayenne pepper, olive oil, cilantro sprigs, roasting chickens]"
Moroccan-Couscous-Salad-1362122,Moroccan Couscous Salad,4,3900.0,[],[Moroccan],"[broccoli, olive oil, garlic cloves, couscous, carrots, beets, red bell pepper, canned corn, frozen peas, pomegranate seeds, raisins, golden raisins, ground cumin, ground coriander, paprika, ground cinnamon, ground allspice, salt, chopped cilantro, lemon juice]"
Moroccan_style-Roast-Chicken-Epicurious,Moroccan-Style Roast Chicken,4,5100.0,[Main Dishes],[Moroccan],"[unsalted butter, honey, ground cinnamon, tumeric, whole chicken]"
Spicy-Pork-Skewers-My-Recipes,Spicy Pork Skewers,4,1200.0,[Main Dishes],[Moroccan],"[ground pork, minced garlic, ground cumin, paprika, finely chopped onion, salt, ground black pepper]"
Chicken-Tagine-with-Preserved-Lemons-and-Olives-1284571,Chicken Tagine with Preserved Lemons and Olives,4,3600.0,[Main Dishes],[Moroccan],"[olive oil, purple onion, garlic cloves, ground ginger, saffron, cinnamon, lemon, preserved lemon, chopped parsley, fresh cilantro, chicken thighs, pitted kalamata olives]"
Moroccan-couscous-297328,Moroccan Couscous,4,900.0,[Side Dishes],[Moroccan],"[i can't believ it' not butter! made with olive oil spread, yellow onion, carrots, curry powder, chicken broth, raisins, seasoning salt, couscous, almonds]"
Moroccan-Lamb-Tagine-1007346,Moroccan Lamb Tagine,3,4500.0,[Main Dishes],[Moroccan],"[cayenne pepper, ground black pepper, paprika, ground ginger, tumeric, ground cinnamon, lamb shoulder, onions, olive oil, oil, garlic, tomato juice, chopped tomatoes, dried apricot, dates, sultana, sliced almonds, saffron, lamb stock, clear honey, coriander, flat leaf parsley]"
Moroccan-Stewed-Chicken-With-Couscous-1347169,Moroccan Stewed Chicken With Couscous,3,3000.0,[Main Dishes],[Moroccan],"[olive oil, sea salt, ground pepper, chicken thighs, sweet onion, medium zucchini, garbanzo beans, tomatoes, chicken broth, cayenne pepper, chili powder, ground cumin, ground cinnamon, ground ginger, ground coriander, lemon, fresh cilantro, wheat, couscous]"
Slow-Cooker-Moroccan-Chicken-with-Chickpeas-1311770,Slow Cooker Moroccan Chicken with Chickpeas,4,2400.0,[Main Dishes],[Moroccan],"[bone in chicken thighs, onions, tomato paste, cherry tomatoes, zucchini, carrots, ground tumeric, ground cumin, ground coriander, ground cinnamon, ground ginger, ginger root, cayenne pepper, salt, chicken stock, garbanzo beans, bell pepper, dates, green olives, couscous]"
Moroccan-Chicken-with-Lemon-and-Olives-Simply-Recipes-290467,Moroccan Chicken with Lemon and Olives,5,7500.0,[Main Dishes],[Moroccan],"[paprika, ground cumin, ground ginger, tumeric, cinnamon, freshly ground pepper, olive oil, chicken, salt, garlic, onions, preserved lemon, green olives, water, raisins, chopped cilantro fresh, flat leaf parsley]"
Moroccan-lentil-soup-crockpot-310350,Moroccan Lentil Soup CrockPot,5,,[Soups],[Moroccan],"[dried lentils, garbanzo beans, pinto beans, onions, garlic cloves, chopped celery, carrots, diced tomatoes, vegetable broth, garam masala, cayenne pepper, cumin, nutmeg, cinnamon, ginger]"
Moroccan-Lamb-Shanks-with-Prunes-and-Saffron-1358001,Moroccan Lamb Shanks with Prunes and Saffron,4,,[Main Dishes],[Moroccan],"[lamb shanks, plain flour, olive oil, onions, garlic cloves, ground cumin, ground coriander, ground ginger, paprika, harissa paste, muscovado sugar, chopped tomatoes, lamb stock, lemon zest, preserved lemon, saffron, prunes, cilantro leaves]"
Moroccan-Saffron-Chicken-1011497,Moroccan Saffron Chicken,4,4800.0,[Main Dishes],[Moroccan],"[chicken, sweet onion, ground ginger, black pepper, salt, cinnamon sticks, tumeric, saffron threads, butter, olive oil, chopped cilantro]"
Moroccan-Beef-Stew-1370673,Moroccan Beef Stew,3,3300.0,[Main Dishes],[Moroccan],"[olive oil, beef tenderloin, onions, carrots, garlic cloves, paprika, ground cumin, ground cinnamon, beef broth, pitted kalamata olives, golden raisins, garbanzo beans, chopped cilantro fresh, lemon peel]"
Moroccan-Seven-Spice-Mix-1016623,Moroccan Seven Spice Mix,4,300.0,[],[Moroccan],"[black pepper, ground ginger, cinnamon, tumeric, cardamom, clove, nutmeg]"
Moroccan-Chicken-Tagine-with-Chickpeas-and-Raisins-1036856,Moroccan Chicken Tagine with Chickpeas and Raisins,3,3900.0,[Main Dishes],[Moroccan],"[chicken, onions, garlic, olive oil, butter, salt, ras el hanout, tumeric, black pepper, cayenne pepper, saffron threads, cinnamon sticks, tomatoes, chopped cilantro, chopped parsley, honey, ground cinnamon, golden raisins, chickpeas]"
Quick-moroccan-chicken-with-green-olives-345814,Quick Moroccan Chicken with Green Olives,0,,[Main Dishes],[Moroccan],"[chicken thighs, paprika, Indian spice, garam masala, lemon zest, twists, juice]"
Moroccan-Beef-Stew-1347161,Moroccan Beef Stew,3,4500.0,[Main Dishes],[Moroccan],"[olive oil, ground coriander, ground cumin, ground paprika, salt, ground black pepper, beef, onions, carrots, garlic cloves, fresh ginger, tomatoes with juice, chicken stock, calimyrna, cinnamon sticks, ras el hanout, chickpeas, brown sugar, harissa paste, cilantro sprigs]"
Moroccan-Lamb-Shank-Tagine-1327177,Moroccan Lamb Shank Tagine,3,4800.0,[Main Dishes],[Moroccan],"[roma tomatoes, lamb shanks, plain flour, olive oil, yellow onion, crushed garlic, cinnamon, rub, hot water, lamb, orange, roasted almonds, apricots, flat leaf parsley, coriander]"
Pomegranate_orange-Cooler-My-Recipes,Pomegranate-Orange Cooler,4,4200.0,"[Beverages, Cocktails]",[Moroccan],"[pomegranate juice, vodka, orange liqueur, fresh lime juice, ginger ale]"
Moroccan-carrot-and-chickpea-salad-309026,Moroccan Carrot and Chickpea Salad,5,4200.0,[Salads],[Moroccan],"[cumin seed, extra-virgin olive oil, fresh lemon juice, honey, fine sea salt, cayenne pepper, carrots, chickpeas, plums, fresh mint, rose petals, almonds]"
Moroccan-Chicken-with-Green-Olives-and-Lemon-Epicurious,Moroccan Chicken with Green Olives and Lemon,5,3300.0,[Main Dishes],[Moroccan],"[meyer lemon, olive oil, onions, garlic cloves, paprika, ground cumin, ground cinnamon, ground ginger, low salt chicken broth, chicken, green olives]"
Spice-Crusted-Scallops-MyRecipes-240869,Spice-Crusted Scallops,4,1200.0,[Main Dishes],"[American, Moroccan]","[coriander seeds, fennel seeds, white peppercorns, canola oil, sea scallops, kosher salt]"
Moroccan-Meatballs-Over-Couscous-1348158,Moroccan Meatballs Over Couscous,4,2400.0,[Main Dishes],[Moroccan],"[olive oil, onions, garlic, lemon, olives, white wine, chicken stock, crushed tomatoes, light brown sugar, red pepper flakes, ground cinnamon, ground black pepper, salt, meatballs, eggs, tomato paste, cilantro leaves, fresh ginger, ground cumin, ground beef, rolled oats, vegetable oil, fresh parsley leaves, couscous, water, dried date]"
Vegan-Moroccan-Harira-972684,Vegan Moroccan Harira,3,2100.0,[Main Dishes],[Moroccan],"[carrots, garlic cloves, ground cumin, ground ginger, ground coriander, ground cinnamon, kosher salt, crushed tomatoes, chickpeas, red lentils, lemon, cilantro leaves]"
Spicy-Moroccan-Chickpeas-1296688,Spicy Moroccan Chickpeas,4,1800.0,[Main Dishes],[Moroccan],"[olive oil, onions, ground cumin, ground coriander, ground turmeric, cayenne pepper, cinnamon, ground ginger, garlic, chickpeas, diced tomatoes, vegetable broth, cilantro leaves, dried apricot, couscous]"
Ras-El-Hanout-My-Recipes_1,Ras el Hanout,4,1200.0,,[Moroccan],"[ground ginger, ground coriander, ground cinnamon, ground black pepper, ground turmeric, ground nutmeg, ground allspice, ground cloves]"
Sweet-Potato-and-Chickpea-Tagine-1329918,Sweet Potato and Chickpea Tagine,3,3600.0,[Main Dishes],[Moroccan],"[coriander seeds, cumin seed, black peppercorns, crushed red pepper flakes, ground cinnamon, white onion, garlic, low sodium vegetable broth, tomato paste, sweet potatoes, garbanzo beans, lemon juice, grated lemon zest, pitted green olives, golden raisins, fresh parsley leaves, cilantro leaves, whole wheat couscous, lemon]"
Preserved-Lemons-459777,Preserved Lemons,5,,[Condiments and Sauces],[Moroccan],"[kosher salt, lemon, fresh lemon juice]"
Moroccan-Salmon-with-Nectarine-Couscous-490296,Moroccan Salmon with Nectarine Couscous,3,1500.0,[Main Dishes],[Moroccan],"[paprika, ground cumin, ground ginger, ground cardamom, ground black pepper, sea salt, boneless salmon fillets, cooking oil, whole wheat couscous, green onions, yellow bell pepper, pinenuts, nectarines]"
Moroccan-Orange-Dessert-Simply-Recipes-42419,Moroccan Orange Dessert,5,,[Desserts],[Moroccan],"[orange, orange flower water, powdered sugar, cinnamon]"
Moroccan-Chicken-Tagine-1224883,Moroccan Chicken Tagine,5,4800.0,[Main Dishes],[Moroccan],"[bone-in chicken breast halves, bone in chicken thighs, kosher salt, freshly ground pepper, ras el hanout, olive oil, yellow onion, apricot halves, small potatoes, baby carrots, flat leaf parsley, chopped cilantro fresh, green olives, lemon wedge]"
Moroccan-Spiced-Pumpkin-_-Chickpea-Stew-1322158,Moroccan Spiced Pumpkin + Chickpea Stew,4,3900.0,[Main Dishes],[Moroccan],"[coconut oil, yellow onion, garlic, fresh ginger, cubed pumpkin, sliced carrots, chickpeas, ground cinnamon, ground cumin, ground coriander, saffron, tomatoes, water, dried currants, dried apricot, harissa, toasted slivered almonds, cilantro leaves, rice, millet, couscous]"
Preserved-Lemon-Dressing-Martha-Stewart-191580,Preserved Lemon Dressing,3,900.0,,[Moroccan],"[lemon, extra-virgin olive oil, ground cumin, ground coriander, ground black pepper]"
Slow-Cooker-Moroccan-Chicken-with-Chopped-Almonds_-Apricots-and-Cauliflower-Couscous-1344970,"Slow Cooker Moroccan Chicken with Chopped Almonds, Apricots and Cauliflower “Couscous”",4,23220.0,[Main Dishes],[Moroccan],"[extra-virgin olive oil, bone in chicken thighs, salt, pepper, yellow onion, garlic, ground ginger, ground cumin, ground coriander, ground cinnamon, cayenne, sea salt, cracked black pepper, unsalted chicken stock, almond butter, apricots, baby carrots, cauliflower, dried cherry, fresh basil, chopped cilantro fresh, lemon, sliced almonds, fresh cilantro]"
Chicken-Tagine-with-Olives-and-Lemons-1055658,Chicken Tagine with Olives and Lemons,3,4200.0,[Main Dishes],[Moroccan],"[chicken, garlic cloves, fresh cilantro, flat leaf parsley, onions, fresh lemon juice, olive oil, paprika, grated lemon peel, ground cumin, salt, ground black pepper, cayenne pepper, saffron threads, oil-cured black olives, lemon, water]"
Chicken-Tagine-with-Fennel-and-Olives-1281182,Chicken Tagine with Fennel and Olives,3,2400.0,[Main Dishes],[Moroccan],"[ground cumin, paprika, fine sea salt, cayenne pepper, boneless chicken skinless thigh, olive oil, fennel bulb, low salt chicken broth, fresh lemon juice, brine cured green olives, chopped cilantro fresh]"
Moroccan-Lamb-Stew-458967,Moroccan Lamb Stew,5,,"[Main Dishes, Soups]",[Moroccan],"[olive oil, yellow onion, carrots, lamb, all-purpose flour, freshly ground pepper, garlic cloves, ground cumin, saffron threads, fresh ginger, beef stock, crushed tomatoes, dried date, orange, flat leaf parsley]"
_it_s-maaaaa-gic_-moroccan-carrots-322935,"""It's Maaaaa-gic!"" Moroccan Carrots",5,2400.0,[Side Dishes],[Moroccan],"[carrots, olive oil, cinnamon, ground ginger, clove, chickpeas, chopped tomatoes, honey, water, chopped cilantro]"
Spicy-red-lentil-and-chickpea-stew-_paula_s-moroccan-lentil-stew_-309509,Spicy Red Lentil and Chickpea Stew (Paula's Moroccan Lentil Stew),5,4800.0,[Main Dishes],[Indian],"[onions, olive oil, fresh ginger, minced garlic, ground turmeric, celery, garam masala, ground cardamom, ground cayenne pepper, ground cumin, chicken, red lentils, chickpeas, (14.5 oz.) diced tomatoes, brown rice, sour cream]"
Tea-scented-couscous-297210,Tea-scented Couscous,4,1500.0,[Side Dishes],[Moroccan],"[reduced sodium chicken broth, water, Lipton Green Tea with Mandarin Orange Flavor Pyramid Tea Bag, couscous, raisins, olive oil, salt, sliced green onions, almonds]"
Grilled-Moroccan-Chicken-646518,Grilled Moroccan Chicken,4,5400.0,[Main Dishes],[Moroccan],"[chicken drumsticks, chicken breasts, fresh tomatoes, harissa sauce, olive oil, lemon juice, ground turmeric, ground cumin, coriander powder, paprika, celtic salt, garlic cloves, fresh mint]"
Moroccan-Beef-Stew-Epicurious,Moroccan Beef Stew,5,2400.0,[Main Dishes],[Moroccan],"[olive oil, beef tenderloin, onions, carrots, garlic cloves, paprika, ground cumin, ground cinnamon, beef broth, pitted kalamata olives, golden raisins, garbanzo beans, chopped cilantro fresh, lemon peel]"
Daniel-Bouluds-Chicken-Tagine-791952,Daniel Boulud’s Chicken Tagine,3,4500.0,[Main Dishes],[Moroccan],"[sweet paprika, garlic powder, cinnamon, ground coriander, ground turmeric, ground ginger, ground cardamom, ground allspice, chicken thighs, kosher salt, ground black pepper, spices, extra-virgin olive oil, roma tomatoes, cauliflower, white onion, garlic, fresh ginger, saffron, tomato paste, chicken stock, preserved lemon, green olives, cilantro leaves]"
Moroccan-Lamb-Tagine-With-Lemon-And-Pomegranate-Couscous-972835,Moroccan Lamb Tagine With Lemon And Pomegranate Couscous,3,9000.0,[Main Dishes],[Moroccan],"[olive oil, garlic cloves, onions, fresh ginger, coriander seeds, ground cinnamon, sea salt, ground black pepper, lamb shoulder, tomato purée, tomatoes, honey, pomegranate, couscous, lemon juice, chicken stock, coriander, lime, greek yogurt]"
Moroccan-Country-Bread-_khubz-Maghrebi_-My-Recipes,Moroccan Country Bread (Khubz Maghrebi),4,,[Breads],[Moroccan],"[dry yeast, warm water, all-purpose flour, kosher salt, cooking spray, extra-virgin olive oil]"
Moroccan-Butternut-Curry-1286585,Moroccan Butternut Curry,4,2400.0,[Main Dishes],[Moroccan],"[olive oil, onions, garlic, ginger, ground cinnamon, cumin seed, coriander seeds, chili flakes, butternut, dried apricot, chicken stock, crushed tomatoes, runny honey, chickpeas, cashew nuts, coriander]"
Chicken-Tagine-with-Green-Olives-and-Preserved-Lemon-1335065,Chicken Tagine with Green Olives and Preserved Lemon,3,5400.0,[Main Dishes],[Moroccan],"[cinnamon sticks, black peppercorns, cumin seed, paprika, red pepper flakes, whole cloves, extra-virgin olive oil, garlic, fresh ginger, cilantro leaves, bay leaves, saffron, free-range chickens, ground black pepper, kosher salt, onions, preserved lemon, cracked green olives, chicken stock, cilantro sprigs, low sodium chicken broth, couscous, toasted pine nuts, golden raisins]"
Moroccan-Chicken-Tagine-517855,Moroccan Chicken Tagine,4,6300.0,[Main Dishes],[Moroccan],"[chicken, cholent, lemon, pitted olives, tumeric, honey, ground ginger, crushed garlic, paprika, min, spices, quinoa, diced tomatoes, cumin]"
Sweet-_-Spicy-Moroccan-Shrimp-749563,Sweet & Spicy Moroccan Shrimp,4,1800.0,[Main Dishes],[Moroccan],"[all-purpose flour, paprika, salt, garlic powder, ground cumin, chili powder, brown sugar, ground coriander, ground ginger, ground tumeric, cinnamon, cayenne pepper, black pepper, ground cardamom, shrimp, olive oil]"
Spicy-Moroccan-Rice-with-Tomatoes-and-Peppers-679026,Spicy Moroccan Rice with Tomatoes and Peppers,3,3000.0,[],[Moroccan],"[long-grain rice, vegetable oil, onions, green pepper, yellow peppers, red pepper, garlic, tomatoes, chicken, tomato paste, chopped cilantro, salt, ground cumin, paprika, cayenne pepper, tumeric, saffron threads, cinnamon sticks]"
Moroccan-Chicken-with-Preserved-Lemons-1237637,Moroccan Chicken with Preserved Lemons,4,5400.0,[Main Dishes],[Moroccan],"[extra-virgin olive oil, yellow onion, kosher salt, ground black pepper, garlic, sweet paprika, ground cinnamon, ground ginger, tumeric, cayenne pepper, chicken broth, chicken legs, preserved lemon, green olives, fresh lemon juice, flat leaf parsley]"
Roasted-Carrots-Recipe-with-Moroccan-Spice-Mix-1020186,Roasted Carrots Recipe with Moroccan Spice Mix,5,1800.0,[Side Dishes],[Moroccan],"[carrots, olive oil, salt, ground black pepper, ground cumin, ground coriander, chile powder, sweet paprika, ground cinnamon, ground allspice, ground ginger, cayenne pepper, ground cloves]"
Roasted-butternut-squash-with-moroccan-spices-309744,Roasted Butternut Squash with Moroccan Spices,5,4200.0,[Side Dishes],[Moroccan],"[butternut squash, olive oil, kosher salt, ground black pepper, squash, sea salt, ground cumin, ground coriander, chile powder, sweet paprika, ground cinnamon, ground allspice, ground ginger, cayenne pepper, ground cloves]"
Moroccan-Style-Preserved-Lemons-1215574,Moroccan-Style Preserved Lemons,3,2100.0,,[Moroccan],"[lemon, salt, bay leaves, cinnamon sticks, peppercorns]"
Preserved-Lemons-My-Recipes,Preserved Lemons,4,3300.0,,[Moroccan],"[lemon, kosher salt, clove, bay leaf, cinnamon sticks, coriander seeds, black peppercorns]"
Preserved-Lemons-Martha-Stewart-196803,Preserved Lemons,3,2100.0,[Condiments and Sauces],[Moroccan],"[lemon, coarse salt, fresh lemon juice, extra-virgin olive oil]"
Preserved-Lemons-498621,Preserved Lemons,0,2700.0,[Condiments and Sauces],[Moroccan],"[water, lemon, ice water, kosher salt, cardamom pods, bay leaves]"
Preserved-Lemons---Moroccan-Style-683919,Preserved Lemons - Moroccan Style,4,1800.0,,[Moroccan],"[fennel seeds, coriander seeds, peppercorns, cinnamon sticks, sea salt, meyer lemon]"
Moroccan-Style-Stew-1309627,Moroccan-Style Stew,3,4500.0,[Main Dishes],[Moroccan],"[ground beef, dried oregano, ground nutmeg, bell pepper, carrots, celery, purple onion, diced tomatoes, garlic cloves, raisins, bay leaves, red chili peppers, cooking fat, ground black pepper, sea salt, ground coriander, ground cardamom, tumeric, ground cumin, ground cinnamon, ground cloves]"
Moroccan-Style-Chicken-and-Couscous-_WeekdaySupper-899042,Moroccan-Style Chicken and Couscous #WeekdaySupper,4,2700.0,[Main Dishes],[Moroccan],"[olive oil, boneless chicken skinless thigh, freshly ground pepper, kosher salt, carrots, onions, ground cinnamon, ground cardamom, ground turmeric, ground cumin, dates, currant, chicken stock, couscous, lemon juice]"
Couscous-Arugula-Salad-MyRecipes-238298,Couscous-Arugula Salad,4,1500.0,"[Side Dishes, Salads]",[Moroccan],"[water, couscous, salt, arugula, extra-virgin olive oil, lemon juice, ground black pepper]"
Pearl-couscous-with-olives-and-roasted-tomatoes-307179,Pearl Couscous with Olives and Roasted Tomatoes,5,,,"[Mediterranean, Moroccan]","[red grape, large garlic cloves, extra-virgin olive oil, warm water, fresh lemon juice, salt, black pepper, chicken broth, couscous, olive oil, kalamata, flat leaf parsley, chopped fresh mint, chopped fresh thyme]"
Moroccan-Citrus-Marinade-1243917,Moroccan-Citrus Marinade,4,2400.0,,[Moroccan],"[extra-virgin olive oil, grated orange, grated lemon zest, orange juice, lemon juice, garlic, ground cumin, ground coriander, salt, ground cinnamon, ground cardamom]"
Moroccan-Lentil-Soup-1255154,Moroccan Lentil Soup,4,3900.0,[Soups],[Moroccan],"[vegetable broth, onions, carrots, garlic, ground coriander, ground cumin, ground turmeric, smoked paprika, ground cinnamon, ground ginger, crushed tomatoes, red lentils, chopped parsley, chopped cilantro, lemon, sea salt, ground black pepper]"
Spicy-Moroccan-Shrimp-Tagine-513928,Spicy Moroccan Shrimp Tagine,5,2400.0,[Main Dishes],[Moroccan],"[olive oil, tomatoes, garlic, flat leaf parsley, fresh cilantro, sweet paprika, cayenne pepper, ground cumin, bay leaf, salt, ground black pepper, large shrimp, lemon]"
Moroccan-Roasted-Chicken-760245,Moroccan Roasted Chicken,3,4500.0,[Main Dishes],[Moroccan],"[cooking spray, honey, olive oil, ground cumin, ground turmeric, ground cinnamon, garlic cloves, chicken, purple onion, red potato, dried apricot, golden raisins, pistachios, chopped cilantro fresh]"
Moroccan-Mint-Tea-My-Recipes_2,Moroccan Mint Tea,4,1500.0,[Beverages],[Moroccan],"[boiling water, sugar, green tea, mint leaves]"
Moroccan-Chickpeas-with-Roasted-Peppers_-Parsley-_-Mint-1188782,"Moroccan Chickpeas with Roasted Peppers, Parsley & Mint",4,3000.0,,[Moroccan],"[canola oil, yellow onion, cumin, cinnamon, ground coriander, tumeric, cardamom, nutmeg, cayenne, fresh ginger, garlic cloves, tomato paste, raisins, dried apricot, chickpeas, roasted red peppers, fresh mint, fresh parsley, juice]"
Moroccan-Couscous-1265680,Moroccan Couscous,4,1200.0,,[Moroccan],"[couscous, orange zest, cinnamon, dried apricot, spring onions, fresh cilantro, white cheese, almonds]"
Grilled-Salmon-with-Charmoula-Chickpeas-571903,Grilled Salmon with Charmoula Chickpeas,4,2700.0,[Main Dishes],[Barbecue],"[salmon fillets, olive oil, ground black pepper, kosher salt, lemon, ground cumin, purple onion, smoked paprika, ground coriander, cayenne pepper, chickpeas, fresh lemon juice, fresh cilantro]"
Iced-Mint-Tea-My-Recipes_1,Iced Mint Tea,4,1800.0,[Beverages],[Moroccan],"[boiling water, green tea, mint sprigs, sugar]"
Chicken-Tagine-With-Chickpeas-And-Mint-Epicurious,Chicken Tagine with Chickpeas and Mint,4,5400.0,[Main Dishes],[Moroccan],"[olive oil, onions, large garlic cloves, ginger, paprika, tumeric, ground coriander, ground cumin, cayenne pepper, ground cinnamon, water, garbanzo beans, diced tomatoes, cilantro stems, lemon, fresh lemon juice, chicken legs, drumstick, chicken breast halves, carrots, green beans, chopped fresh mint]"
Scotch-Lamb-Moroccan-Tagine-1250056,Scotch Lamb Moroccan Tagine,3,3600.0,[Main Dishes],[Moroccan],"[honey, dried apricot, onions, ginger, lime wedges, garlic cloves, mint, coriander, tomato purée, cumin, tumeric, lamb shoulder, tomatoes, cinnamon]"
Jeff-Koehler_s-Moroccan-Grilled-Lamb-Kefta-Brochettes-Serious-Eats-293163,Jeff Koehler's Moroccan Grilled Lamb Kefta Brochettes,5,2400.0,[Main Dishes],"[Barbecue, Moroccan]","[ground lamb, chopped parsley, chopped cilantro, chopped fresh mint, sweet paprika, ground cumin, ground cinnamon, mace, ground nutmeg, cayenne, salt, purple onion, olive oil]"
Moroccan-Carrot-Salad-1043292,Moroccan Carrot Salad,4,600.0,[Salads],[Moroccan],"[olive oil, fresh lemon juice, garlic, honey, ground allspice, carrots, purple onion, chopped cilantro fresh, raisins]"
Moroccan-Stew-1294170,Moroccan Stew,4,1800.0,[Main Dishes],[Moroccan],"[great northern beans, olive oil, vegetable broth, turkey stock, tomatoes, sweet onion, garlic, fresh parsley, fresh cilantro, paprika, cumin, ground ginger, cayenne pepper, sea salt, cinnamon, tumeric, curry powder, pepper, salt]"
Moroccan-Chickpea-Stew-1201965,Moroccan Chickpea Stew,4,2400.0,[Main Dishes],[Moroccan],"[olive oil, white onion, garlic, fresh ginger, ground cumin, ground cinnamon, ground turmeric, tomato paste, carrots, fennel, diced tomatoes, low sodium vegetable stock, salt, chickpeas, greens, mint, parsley, fresh cilantro, preserved lemon, golden raisins, sprouts]"
Moroccan-Couscous-and-Chickpeas-1208940,Moroccan Couscous and Chickpeas,4,2100.0,,[Moroccan],"[olive oil, onions, garlic, ground cinnamon, ground cumin, ground coriander, ground ginger, chickpeas, couscous, raisins, dried apricot, orange juice, lemon, salt, pepper, slivered almonds, chopped cilantro]"
Moroccan-Chicken-Tagine-with-Nigella-Seeds-_Black-Seeds-or-Sanouj_-1036790,Moroccan Chicken Tagine with Nigella Seeds (Black Seeds or Sanouj),3,9000.0,[Main Dishes],[Moroccan],"[chicken, olive oil, onions, garlic, nigella seeds, salt, tumeric, ginger, white pepper, saffron threads, cinnamon sticks, preserved lemon, water, cilantro sprigs]"
Moroccan-Soup-with-Kale-and-Chickpeas-977142,Moroccan Soup with Kale and Chickpeas,4,3600.0,[Soups],[Moroccan],"[olive oil, onions, garlic cloves, saffron threads, cinnamon sticks, ground coriander, ground cumin, roasted tomatoes, vegetable broth, butternut squash, russet potatoes, kosher salt, garbanzo beans, kale, chopped cilantro fresh]"
Moroccan-Tagine-Allrecipes,Moroccan Tagine,4,8100.0,[Main Dishes],[Moroccan],"[olive oil, onions, meat, ground cumin, ground coriander, ground ginger, ground cinnamon, salt, ground black pepper, pears, golden raisins, slivered almonds]"
Moroccan-vegetable-stew-333901,Moroccan Vegetable Stew,5,3300.0,"[Main Dishes, Soups]",[Moroccan],"[onions, olive oil, butternut squash, potatoes, carrots, chopped celery, plum tomatoes, garbanzo beans, cinnamon, cumin, smoked paprika, ground coriander, cayenne pepper, vegetable broth, water, pepper, salt, coconut milk]"
Moroccan-Quinoa-Stuffed-Peppers-1069937,Moroccan Quinoa Stuffed Peppers,4,2400.0,,[Moroccan],"[red bell pepper, goat cheese, fresh cilantro, quinoa, water, grated carrot, sliced almonds, preserved lemon, dried apricot, dried cranberries, dressing, garlic, cumin, ground ginger, paprika, tumeric, cinnamon, clove, ground black pepper, olive oil]"
Moroccan-Nectarine-and-Plum-Chicken-Tagine-1325194,Moroccan Nectarine and Plum Chicken Tagine,4,3600.0,[Main Dishes],[Moroccan],"[oil, chicken thighs, onions, garlic, ginger, nectarines, plums, water, paprika, cayenne pepper, cumin, tumeric, cinnamon, saffron, salt, pepper, preserved lemon, kalamata, harissa, honey, parsley, cilantro]"
Harissa-372062,Harissa,5,2400.0,"[Appetizers, Condiments and Sauces, Lunch and Snacks]",[Moroccan],"[dried chile peppers, garlic, cumin seed, coriander seeds, caraway seeds, smoked paprika, lemon juice, olive oil, salt]"
Moroccan-Roasted-Salmon-With-Mango-Salsa-My-Recipes,Moroccan Roasted Salmon with Mango Salsa,4,2400.0,[Main Dishes],"[American, Moroccan]","[mango, purple onion, chopped fresh mint, orange juice, harissa, salmon fillets, salt, cooking spray]"
Moroccan-Red-Lentil-Soup-1115194,Moroccan Red Lentil Soup,3,600.0,[Soups],[Moroccan],"[onions, celery, vegetable broth, chopped tomatoes, red lentils, chickpeas, bay leaf, ground cinnamon, ground ginger, ground turmeric, coriander, ground black pepper, orzo, chopped cilantro, fresh lemon juice]"
Grilled-Moroccan-Meatballs-with-Yogurt-Sauce-379653,Grilled Moroccan Meatballs with Yogurt Sauce,5,1800.0,[Main Dishes],[Barbecue],"[large eggs, garlic cloves, ground cumin, ground allspice, chopped cilantro fresh, kosher salt, ground black pepper, lean ground beef, panko, vegetable oil, english cucumber, whole milk greek yogurt, fresh lemon juice, fresh dill]"
Creamy-Cumin_and_garlic-Potato-Gratin-My-Recipes,Creamy Cumin-and-Garlic Potato Gratin,4,5100.0,[Side Dishes],[Moroccan],"[whipping cream, whole milk, minced garlic, salt, pepper, ground cumin, yukon gold potatoes]"
Moroccan_spiced-Oranges-My-Recipes,Moroccan-Spiced Oranges,4,2100.0,[Desserts],[Moroccan],"[orange, slivered almonds, pitted date, powdered sugar, fresh lemon juice, ground cinnamon, grated orange]"
Slow-Cooker-Moroccan-Chicken-Thighs-1083317,Slow Cooker Moroccan Chicken Thighs,4,2700.0,[Main Dishes],[Moroccan],"[extra-virgin olive oil, garlic, ground cinnamon, ground cumin, ground cardamom, cayenne pepper, ground turmeric, salt, ground black pepper, Just Bare Chicken Thighs, butternut squash, golden raisins, chicken broth, couscous, chopped cilantro fresh, toasted slivered almonds]"
Moroccan-beef-patties-350153,Moroccan Beef Patties,5,1920.0,[Main Dishes],[Moroccan],"[salt, couscous, freshly ground pepper, lean ground beef, garlic cloves, onions, paprika, ground cinnamon, ground cumin, ground allspice, extra-virgin olive oil, flat leaf parsley]"
Moroccan-Chicken-Tagine-with-Carrots_-Chickpeas_-and-Kale-1107668,"Moroccan Chicken Tagine with Carrots, Chickpeas, and Kale",4,9000.0,[Main Dishes],[Moroccan],"[boneless chicken skinless thigh, olive oil, yellow onion, carrots, garlic, ground cumin, ground turmeric, ground ginger, ground cinnamon, cayenne, salt, diced tomatoes, chicken stock, chickpeas, kale, lemon, parsley leaves]"
Zucchini-and-Chickpea-Tagine-1195093,Zucchini and Chickpea Tagine,4,3000.0,[],[Moroccan],"[carrots, extra-virgin olive oil, zucchini, chickpeas, kosher salt, cinnamon, ground cumin, dried mint flakes, ras el hanout, aleppo pepper, tomato paste, preserved lemon, lemon, flat leaf parsley]"
Moroccan-Spiced-Couscous-with-Orange-Infusion-_-755344,Moroccan Spiced Couscous with Orange Infusion |,3,1800.0,,[Moroccan],"[couscous, olive oil, onions, garlic, seasoning, ground coriander, ground cumin, lemon, orange juice, chicken stock, dried apricot, raisins, salt, pepper, butter, fresh mint, slivered almonds]"
Spicy-Moroccan-chicken-tagine-637578,Spicy Moroccan chicken tagine,3,32400.0,[Main Dishes],[Moroccan],"[chicken pieces, cayenne pepper, ground black pepper, paprika, ground ginger, tumeric, ground cinnamon, olive oil, oil, onions, garlic, tomato juice, chopped tomatoes, apricot halves, raisins, preserved lemon, sliced almonds, saffron, chicken stock, clear honey]"
Moroccan-Pasta-Salad-441841,Moroccan Pasta Salad,5,900.0,[Salads],[Moroccan],"[onions, fresh lemon juice, couscous, carrots, picholine olives, preserved lemon, olive oil, cinnamon, cumin, ground ginger, cracked black pepper, salt, fresh parsley]"
Moroccan-Shrimp-My-Recipes,Moroccan Shrimp,4,2400.0,[Main Dishes],[Moroccan],"[couscous, olive oil, yellow onion, kosher salt, black pepper, red bell pepper, golden raisins, tomatoes, shrimp, ground cumin, ground cinnamon, lemon]"
Moroccan-Lentil-Salad-1246305,Moroccan Lentil Salad,4,2400.0,[Salads],[Moroccan],"[paprika, ground cumin, fresh lemon juice, kosher salt, ground pepper, extra-virgin olive oil, lemon peel, lemon zest, French lentils, carrots, diced onions, dates, fresh mint]"
Moroccan-Hot-Lentil-Soup-902937,Moroccan Hot Lentil Soup,4,900.0,[Soups],[Moroccan],"[lentils, olive oil, water, paprika, garlic cloves, ground ginger, raisins, tomatoes, carrots, onions, celery, hot chili, clove, ground cumin, sea salt, cilantro]"
Quick-Preserved-Lemons-My-Recipes,Quick Preserved Lemons,4,2700.0,,[Moroccan],"[water, kosher salt, lemon]"
Moroccan-Lamb-or-Beef-with-Olives-and-Preserved-Lemon-1036812,Moroccan Lamb or Beef with Olives and Preserved Lemon,3,3600.0,[Main Dishes],[Moroccan],"[beef, onions, garlic, olive oil, butter, salt, pepper, ginger, tumeric, saffron threads, chopped parsley, water, green olives, preserved lemon]"
Moroccan-Spiced-Potatoes-Martha-Stewart,Moroccan Spiced Potatoes,3,3600.0,[Side Dishes],[Moroccan],"[ground coriander, ground cumin, salt, ground turmeric, ground cinnamon, paprika, yukon gold potatoes, canola oil, purple onion, garlic, golden raisins, lemon, fresh dill, lemon zest, fresh mint]"
Moroccan-Moules-Frites-__-Bedtime-Stories-1323106,Moroccan Moules Frites // Bedtime Stories,4,4500.0,[],[Moroccan],"[olive oil, shallots, garlic, saffron threads, ground cinnamon, ground cumin, ground coriander, ground ginger, ground paprika, kosher salt, dry sherry, seafood stock, harissa, butter, mussels, mint, russet potatoes, canola oil, salt]"
Harira_-the-Moroccan-Soup-for-Ramadan-636486,"Harira, the Moroccan Soup for Ramadan",3,3600.0,[Soups],[Moroccan],"[olive oil, yellow onion, celery ribs, tomatoes, garlic, tomato paste, brown lentils, chickpeas, ground cumin, ground coriander, smoked paprika, ground cinnamon, red pepper flakes, sea salt, ground black pepper, fresh mint, fresh parsley leaves, cilantro stems, broth, greens, orzo, fresh lemon]"
MOROCCAN-CAULIFLOWER-1060009,MOROCCAN CAULIFLOWER,4,2100.0,[Side Dishes],[Moroccan],"[cauliflower, paprika, ground cumin, ground cinnamon, ground ginger, extra-virgin olive oil, lemon juice, garlic, fine sea salt, ground black pepper, flat leaf parsley]"
Moroccan-Carrot-Salad-580630,Moroccan Carrot Salad,3,1200.0,[Salads],[Moroccan],"[carrots, currant, parsley, fresh lemon juice, extra-virgin olive oil, ground cinnamon, cinnamon]"
Moroccan-Kidney-Bean-_-Chickpea-Salad-1183601,Moroccan Kidney Bean & Chickpea Salad,4,1500.0,[],[Moroccan],"[garlic, kosher salt, extra-virgin olive oil, lemon juice, ground cumin, ground cinnamon, red kidney beans, chickpeas, carrots, fresh parsley, chopped fresh mint]"
Mint-Tea-My-Recipes,Mint Tea,4,1500.0,[Beverages],[Moroccan],"[boiling water, green tea, spearmint, sugar]"
Moroccan-Flatbreads-_R_ghayef_-MyRecipes-212309,Moroccan Flatbreads (R'ghayef),4,5400.0,[Breads],[Moroccan],"[dry yeast, warm water, all-purpose flour, sea salt, cooking spray, chopped onion, flat leaf parsley, extra-virgin olive oil, paprika, ground cumin, crushed red pepper, canola oil]"
Moroccan-Freekeh-With-Harissa-Aubergine-1197151,Moroccan Freekeh With Harissa Aubergine,4,1800.0,[],[Moroccan],"[freekeh, oil, onions, carrots, smoked paprika, ground cumin, ground coriander, harissa paste, eggplant, chickpeas, honey, lemon juice, salt, black pepper, walnuts, fresh coriander]"
Moroccan-Chickpea-and-Carrot-Salad-1230609,Moroccan Chickpea and Carrot Salad,4,4800.0,[Salads],[Moroccan],"[ground cumin, ground ginger, ground coriander, ground cinnamon, paprika, sea salt, carrots, chickpeas, cucumber, purple onion, extra-virgin olive oil, minced garlic, red wine vinegar, lemon, honey, chopped cilantro fresh, fresh parsley]"
Lamb-Chops-With-Moroccan-Barbecue-Sauce-My-Recipes,Lamb Chops with Moroccan Barbecue Sauce,4,3900.0,[Main Dishes],[American],"[fat, lamb loin chops, pepper, salt]"
Saffron-Couscous-My-Recipes_1,Saffron Couscous,3,1500.0,[Side Dishes],"[Mediterranean, Moroccan]","[butter, saffron threads, onions, salt, reduced sodium chicken stock, couscous, flat leaf parsley]"
Tomato-And-Onion-Salad-My-Recipes,Tomato and Onion Salad,4,1800.0,[Salads],[Moroccan],"[tomatoes, white onion, flat leaf parsley, extra-virgin olive oil, lemon juice, ground cumin, pepper, salt]"
Spiced-Beef-Stew-With-Carrots-And-Mint-Epicurious,Spiced Beef Stew with Carrots and Mint,5,2400.0,[Main Dishes],[Moroccan],"[olive oil, beef tenderloin, shallots, baby carrots, ground cumin, pumpkin pie spice, cayenne pepper, all-purpose flour, beef broth, chopped fresh mint]"
Moroccan-Style-Lamb-and-Chickpeas-MyRecipes-238331,Moroccan-Style Lamb and Chickpeas,4,2400.0,[Main Dishes],[Moroccan],"[ground lamb, extra-virgin olive oil, onions, carrots, ground cumin, ground cinnamon, ground coriander, ground red pepper, lower sodium chicken broth, golden raisins, tomato paste, grated lemon zest, salt, chickpeas, chopped cilantro fresh, fresh lemon juice]"
Moroccan-Carrot-Salad-with-Citrus_-Mint-_-Almonds-749686,"Moroccan Carrot Salad with Citrus, Mint & Almonds",4,3300.0,[Salads],[Moroccan],"[extra-virgin olive oil, lemon juice, lemon zest, orange juice, honey, salt, ground cumin, ground ginger, ground cinnamon, ground coriander, ground allspice, cayenne pepper, carrots, currant, slivered almonds, chopped fresh mint, chickpeas, shallots, garlic cloves]"
Moroccan-Harissa-Sauce-896745,Moroccan Harissa Sauce,4,1800.0,[Condiments and Sauces],[Moroccan],"[fresno chiles, red chili peppers, dried red chile peppers, olive oil, salt, clove, lemon juice, coriander seeds, cumin seed]"
Grilled-Apricot_stuffed-Leg-Of-Lamb-My-Recipes,Grilled Apricot-stuffed Leg of Lamb,4,32400.0,[Main Dishes],[Moroccan],"[leg of lamb, coarse kosher salt, olive oil, onions, garlic cloves, ras el hanout, apricot halves]"
Chicken-Tagine-995709,Chicken Tagine,3,3300.0,[Main Dishes],[Moroccan],"[olive oil, chicken thighs, purple onion, large garlic cloves, ras el hanout, cinnamon sticks, ground cumin, chopped tomatoes, chicken stock, preserved lemon, mango chutney, dried apricot, blanched almonds, chickpeas, cilantro leaves]"
Shrimp-_-Butternut-Moroccan-Tagine-1058296,Shrimp & Butternut Moroccan Tagine,3,2400.0,[Main Dishes],[Moroccan],"[saffron, butternut squash, olive oil, peeled deveined shrimp, green onions, brown rice]"
Moroccan-Chickpea-Barley-Salad-Simply-Recipes-42518,Moroccan Chickpea Barley Salad,5,2700.0,[Salads],[Moroccan],"[barley, chicken, water, salt, olive oil, chickpeas, pistachio nuts, dried apricot, green onions, chopped parsley, juice, zest, ras el hanout, black pepper, cardamom, cayenne, ginger, nutmeg, cinnamon, tumeric]"
Moroccan-Spiced-Pork-Tenderloin-With-Carrot-Salad-CBC-Best-Recipes-Ever-575241,Moroccan-Spiced Pork Tenderloin With Carrot Salad CBC Best Recipes Ever,3,1500.0,[Main Dishes],[Moroccan],"[shredded carrots, green onions, olive oil, lemon juice, chopped cilantro fresh, liquid honey, ground cumin, salt, pork tenderloin, sweet paprika, cinnamon, pepper]"
Tagine-Djaj-Bzitoun-_Chicken-Tagine-with-Apricots_-Figs_-and-Olives_-441150,"Tagine Djaj Bzitoun (Chicken Tagine with Apricots, Figs, and Olives)",5,4200.0,[Main Dishes],[Moroccan],"[olive oil, chicken, kosher salt, ground black pepper, unsalted butter, garlic, yellow onion, bay leaves, ground cumin, paprika, ground cinnamon, ground ginger, saffron threads, chicken stock, green olives, dried apricot, figs, preserved lemon, chopped cilantro, fresh lemon juice, couscous]"
Moroccan-Smothered-Chicken-and-Barley-702779,Moroccan Smothered Chicken and Barley,4,5400.0,[Main Dishes],[Moroccan],"[chili powder, ground cumin, sesame seeds, cinnamon, kosher salt, dried mint flakes, garlic powder, cayenne, chicken thighs, olive oil, onions, red bell pepper, soy sauce, chicken broth, pearl barley, diced tomatoes, green onions]"
Moroccan-skillet-chicken-with-pine-nut-couscous-349454,Moroccan Skillet Chicken with Pine Nut Couscous,5,2100.0,[Main Dishes],[Moroccan],"[sweet paprika, tumeric, ground coriander, ground cumin, ground cinnamon, chicken, extra-virgin olive oil, onions, garlic, lemon, salt, chicken stock, green olives, butter, couscous, pinenuts, parsley leaves]"
Lamb-and-Fresh-Plum-Tagine-1275028,Lamb and Fresh Plum Tagine,4,5400.0,[Main Dishes],[Indian],"[olive oil, lamb, onions, chopped garlic, fresh ginger, cumin seed, tumeric, ground coriander, garam masala, salt, cayenne, chopped cilantro, dried plum, plums]"
Moroccan-Marinade-for-Beef-Kebabs-1123255,Moroccan Marinade for Beef Kebabs,4,1500.0,[Main Dishes],[Barbecue],"[extra-virgin olive oil, tumeric, allspice, ground cumin, ground cloves, ground cinnamon, ground nutmeg, kosher salt, ground black pepper, garlic, red wine vinegar, top sirloin, purple onion, red bell pepper]"
Preserved-Lemons-Martha-Stewart-197298,Preserved Lemons,4,2400.0,,[Moroccan],"[lemon, coarse salt, extra-virgin olive oil]"
Moroccan-Cauliflower-Recipe-with-Preserved-Lemon-and-Olives-984168,Moroccan Cauliflower Recipe with Preserved Lemon and Olives,3,2100.0,[Side Dishes],[Moroccan],"[cauliflower, cumin, ginger, salt, paprika, tumeric, cayenne pepper, onions, garlic, olive oil, preserved lemon, olives, water, chopped cilantro fresh]"
Moroccan-Chicken-Brochettes-677523,Moroccan Chicken Brochettes,3,1500.0,[Main Dishes],[Barbecue],"[garlic cloves, kosher salt, olive oil, plain yogurt, boneless chicken skinless thigh, flat leaf parsley, ground cumin, paprika, crushed red pepper flakes, vegetable oil, pita bread, labneh, chopped tomatoes, fresh mint, bamboo shoots]"
Moroccan-Vegetarian-Carrot-and-Chickpea-Tagine-685345,Moroccan Vegetarian Carrot and Chickpea Tagine,3,3000.0,[Main Dishes],[Moroccan],"[onions, garlic, olive oil, salt, ginger, tumeric, cinnamon, black pepper, cayenne pepper, ras el hanout, chopped parsley, carrots, water, chickpeas, honey, golden raisins]"
Roasted-Organic-Chicken-With-Moroccan-Spices-Epicurious,Roasted Organic Chicken with Moroccan Spices,5,6300.0,[Main Dishes],[Moroccan],"[olive oil, fresh lemon juice, hungarian sweet paprika, ras el hanout, chopped fresh mint, salt, grated lemon peel, ground black pepper, garlic cloves, organic chicken, lemon]"
Moroccan-Eggplant-Salad-Epicurious-53532,Moroccan Eggplant Salad,4,2400.0,"[Appetizers, Salads]",[Moroccan],"[cumin seed, eggplant, purple onion, red wine vinegar, sugar, extra-virgin olive oil, flat leaf parsley, pitas]"
Moroccan-mint-roasted-vegetables-308628,Moroccan Mint Roasted Vegetables,5,1200.0,,[Moroccan],"[potatoes, radishes, dried mint flakes, pepper flakes, cumin seed, fine sea salt, ground cumin, cinnamon, ground ginger, extra-virgin olive oil, fresh lemon juice, fresh mint, sesame, pumpkin seeds, plain yogurt]"
Moroccan-Sweet-Potato-Pie-1266959,Moroccan Sweet Potato Pie,3,2700.0,[],[Moroccan],"[olive oil, lean ground turkey, onions, garlic, ground cumin, allspice, paprika, zucchini, red bell pepper, diced tomatoes in juice, chickpeas, dried cranberries, lemon, cilantro stems, sweet potatoes, salt, cinnamon, zest, ground pepper, sea salt]"
Moroccan-Spiced-Grilled-Lamb-Wraps-1282601,Moroccan-Spiced Grilled Lamb Wraps,4,44700.0,[Main Dishes],[Barbecue],"[leg of lamb, salt, ground black pepper, lemon juice, garlic, paprika, ground cumin, ground coriander, ground ginger, dried thyme, yoghurt, olive oil, pitas, english cucumber, purple onion, chickpeas]"
Moroccan-Lamb-Meatloaf-With-Spicy-Tomato-Dipping-Sauce-1226911,Moroccan Lamb Meatloaf With Spicy Tomato Dipping Sauce,4,1200.0,[Main Dishes],[Moroccan],"[olive oil, pinenuts, garlic, sweet onion, ground lamb, eggs, bread crumb fresh, ground cumin, ground coriander, ground cinnamon, cayenne pepper, kosher salt, ground black pepper, fresh parsley, plain yogurt, chopped tomatoes, lemon juice, salt]"
Charmoula-Martha-Stewart,Charmoula,4,1800.0,,"[Mediterranean, Moroccan]","[flat leaf parsley, cilantro leaves, mint leaves, harissa, minced garlic, juice, olive oil]"
Lamb-And-Mint-Meatball-Tagine-With-Chermoula-1008257,Lamb And Mint Meatball Tagine With Chermoula,3,3300.0,[Main Dishes],[Moroccan],"[ground lamb, garlic cloves, cumin seed, coriander seeds, paprika, chopped fresh mint, salt, olive oil, onions, cinnamon sticks, fresh ginger, chopped tomatoes, clear honey, lamb stock, harissa paste, saffron, lemon juice, fresh mint]"
Moroccan-Chicken-with-lemon-and-olives-1139594,Moroccan Chicken with lemon and olives,4,3600.0,[Main Dishes],[Moroccan],"[ground cinnamon, tumeric, pepper, salt, boneless skinless chicken breasts, olive oil, yellow onion, ginger, chicken stock, preserved lemon, potatoes, kalamata, honey, coriander]"
Moroccan-Chicken-Tagine-1011244,Moroccan Chicken Tagine,4,7200.0,[Main Dishes],[Moroccan],"[onions, water, garlic cloves, roma tomatoes, peas, sliced carrots, olive oil, curry, chili powder, fresh parsley, salt, chicken, potatoes]"
Moroccan-Stewed-Pumpkin-with-Chickpeas-and-Preserved-Lemon-753908,Moroccan Stewed Pumpkin with Chickpeas and Preserved Lemon,4,5100.0,[],[Moroccan],"[pumpkin, onions, garlic, chili pepper, tomato paste, chickpeas, lemon rind, extra-virgin olive oil, cumin seed, ground coriander, cinnamon, paprika, sugar, salt, black pepper, toasted pumpkinseeds, flat leaf parsley, greek yogurt]"
Moroccan-Chicken-Stew-with-Artichoke-Hearts-and-Carrots-761305,Moroccan Chicken Stew with Artichoke Hearts and Carrots,3,3300.0,[Main Dishes],[Moroccan],"[olive oil, onions, garlic cloves, ground coriander, ground cumin, paprika, tumeric, low salt chicken broth, grated lemon zest, boneless skinless chicken breasts, artichoke hearts, carrots, ground black pepper, kosher salt, couscous, flat leaf parsley]"
Preserved-Lemons-My-Recipes_3,Preserved Lemons,4,1800.0,[Condiments and Sauces],"[American, Moroccan]","[kosher salt, saffron threads, lemon, fresh lemon juice, olive oil]"
Moroccan-Style-Spicy-Carrot-Dip-Serious-Eats-289014,Moroccan-Style Spicy Carrot Dip,5,2100.0,[Appetizers],[Moroccan],"[carrots, sugar, kosher salt, ground cumin, ground coriander, garlic, ginger, capers, pitted green olives, fresh parsley leaves, harissa, extra-virgin olive oil, naan]"
Preserved-Lemon-Martini-481070,Preserved Lemon Martini,4,3300.0,,[Moroccan],"[eggplant, olive oil spray, lemon, garlic, ground cumin, paprika, pepper flakes, preserved lemon, fresh parsley, gin, white vermouth]"
Moroccan-Chicken-and-Couscous-1155651,Moroccan Chicken and Couscous,3,1800.0,[Main Dishes],[Moroccan],"[olive oil, boneless chicken skinless thigh, salt, chicken broth, diced tomatoes with garlic and onion, butternut squash, raisins, ground cumin, ground cinnamon, smoked paprika, couscous, frozen peas]"
Chickpea-and-Date-Tagine-869958,Chickpea and Date Tagine,3,1800.0,[Main Dishes],[Moroccan],"[olive oil, onions, garlic, ground cumin, ground coriander, ground ginger, ground cinnamon, crushed tomatoes, chickpeas, whole wheat couscous, pitted date, lemon juice, chopped cilantro]"
Moroccan-Lamb-Couscous-986669,Moroccan Lamb Couscous,4,1800.0,[Main Dishes],[Moroccan],"[ground lamb, shallots, kosher salt, ground coriander, ground cumin, allspice, smoked paprika, ground cinnamon, black pepper, garlic, couscous, dried apricot, currant, feta cheese crumbles, pistachios, cilantro, fresh mint]"
One-Pot-Moroccan-Chicken-_-Chickpeas-with-Pistachio-Couscous-and-Goat-Cheese_-1019308,One Pot Moroccan Chicken + Chickpeas with Pistachio Couscous and Goat Cheese.,4,600.0,[Main Dishes],[Moroccan],"[chicken, olive oil, smoked paprika, cumin, cinnamon, coriander, cayenne pepper, pepper, salt, onions, fresh ginger, garlic, red pepper, carrots, tomato paste, chipotle chile, chicken broth, chickpeas, lemon zest, fresh cilantro, couscous, pistachios, medjool date, goat cheese]"
Moroccan-Beef-Kabob-626438,Moroccan Beef Kabob,3,1800.0,[Main Dishes],"[Barbecue, Moroccan]","[chopped parsley, chopped cilantro, fresh lemon juice, olive oil, ground cumin, ground coriander, onion powder, garlic powder, paprika, cider vinegar, garlic cloves, ginger root, chili paste, sea salt, freshly ground pepper, steak tips]"
MOROCCAN-SPICED-WALNUTS-1238156,MOROCCAN SPICED WALNUTS,4,2100.0,,[Moroccan],"[walnuts, unsalted butter, ras el hanout, cayenne pepper, kosher salt, brown sugar, water, ground cinnamon, ground cumin, ground turmeric, ground coriander, ground ginger, ground cardamom, ground nutmeg, ground cloves, mace, ground black pepper]"
Moroccan-Chicken-1108908,Moroccan Chicken,4,2700.0,[Main Dishes],[Moroccan],"[olive oil, boneless skinless chicken breasts, chicken thighs, salt, pepper, white onion, large garlic cloves, crushed tomatoes, honey, cinnamon, ground cumin, raisins, chopped cilantro, veggies]"
Moroccan-baby-carrot-salad-308988,Moroccan Baby Carrot Salad,5,2100.0,[Salads],[Moroccan],"[cumin seed, olive oil, baby carrots, sea salt, honey, lemon, black olives, syrup, cilantro, mint, pinenuts]"
Orange-Slices-with-Honey-and-Orange-Blossom-Water-MyRecipes-246733,Orange Slices with Honey and Orange Blossom Water,3,600.0,[Desserts],[Moroccan],"[navel oranges, orange flower water, honey, ground cinnamon]"
Carrots-With-Paprika-And-Capers-My-Recipes,Carrots with Paprika and Capers,4,2400.0,[Side Dishes],[Moroccan],"[olive oil, hungarian sweet paprika, sweet onion, carrots, water, garlic cloves, capers, red wine vinegar, salt, fresh parsley]"
Orange-And-Olive-Salad-_s_lata-Botukan-Wa-Zaytoon_-My-Recipes,Orange and Olive Salad (S'lata Botukan wa Zaytoon),3,900.0,[Salads],[Moroccan],"[orange, green olives, chopped cilantro fresh, kosher salt, ground black pepper, fresh lemon juice, olive oil, orange flower water, sugar]"
Moroccan-Spiced-Lamb-Burgers-685828,Moroccan-Spiced Lamb Burgers,4,900.0,[Main Dishes],"[Barbecue, Moroccan]","[ground lamb, tomato paste, garlic, salt, ground black pepper, ground cinnamon, ground cumin, ground coriander, onion powder, sweet onion, sandwich rolls, tomatoes, ketchup, fresh mint]"
Lamb-Tagine-MyRecipes-244083,Lamb Tagine,4,5880.0,[Main Dishes],[Moroccan],"[cooking spray, roast, kosher salt, chopped onion, ground cumin, ground cinnamon, ground red pepper, garlic cloves, honey, tomato paste, dried apricot, lower sodium beef broth]"
Chicken-Tagine-with-Apricots-and-Almonds-491406,Chicken Tagine with Apricots and Almonds,4,3600.0,[Main Dishes],[Moroccan],"[olive oil, chicken legs, onions, garlic, ginger, ale, ground turmeric, ground coriander, salt, dried apricot, chicken broth, almonds]"
Moroccan-Ksra-Allrecipes,Moroccan Ksra,5,8400.0,,[Moroccan],"[water, bread flour, semolina flour, anise seed, salt, white sugar, active dry yeast, olive oil, sesame seeds]"
Harissa-Shrimp-with-Couscous_-Tomatoes_-and-Mint-MyRecipes-264349,"Harissa Shrimp with Couscous, Tomatoes, and Mint",4,1800.0,[Main Dishes],[Moroccan],"[harissa, extra-virgin olive oil, lemon juice, lemon zest, ground cumin, kosher salt, large shrimp, couscous, tomatoes, fresh mint]"
Apricot-Lamb-Tagine-1279325,Apricot Lamb Tagine,4,3900.0,[Main Dishes],"[Moroccan, Indian]","[paprika, ground turmeric, ground cumin, ground coriander, ground cinnamon, ground cardamom, salt, cayenne pepper, saffron, lemon zest, oil, lamb, onions, garlic, ginger, tomato paste, beef stock, dried apricot, raisins, honey, harissa, pistachios, cilantro, parsley, greek yogurt]"
Moroccan_spiced-Cold-Tomato-Soup-Epicurious,Moroccan-Spiced Cold Tomato Soup,5,2400.0,[Soups],[Moroccan],"[onions, olive oil, paprika, ground ginger, ground cumin, ground cinnamon, tomatoes, juice, chicken broth, honey, fresh parsley, chopped cilantro fresh, fresh lemon juice, lemon slices]"
Moroccan-Chicken-and-Chickpea-Stew-950385,Moroccan Chicken and Chickpea Stew,4,4200.0,[Main Dishes],[Moroccan],"[olive oil, chopped onion, minced garlic, ground coriander, ground ginger, tumeric, cinnamon, cayenne, low sodium chicken broth, chickpeas, carrots, golden raisins, boneless skinless chicken breasts, sea salt, ground black pepper]"
Moroccan-Marinated-Grilled-Chicken-Flatbread-Burgers-with-Red-Pepper-Hummus-579624,Moroccan Marinated Grilled Chicken Flatbread Burgers with Red Pepper Hummus,4,4200.0,[Main Dishes],[Barbecue],"[olive oil, lemon juice, cinnamon, tumeric, ground coriander, ground cardamom, ground cumin, smoked paprika, minced garlic, ginger, kosher salt, black pepper, ground nutmeg, boneless skinless chicken breasts]"
Eggplant-Involtini-with-Moroccan-Marinara-Sauce-1264399,Eggplant Involtini with Moroccan Marinara Sauce,4,10800.0,[Main Dishes],[Moroccan],"[eggplant, ricotta cheese, garlic, green onions, sea salt, olive oil, yellow onion, red bell pepper, paprika, ground cumin, ground cinnamon, red pepper flakes, harissa sauce, whole peeled tomatoes, fresh basil, parmesan cheese]"
Crispy-Roasted-Chickpeas-_Garbanzo-Beans_-with-Moroccan-Spices-894627,Crispy Roasted Chickpeas (Garbanzo Beans) with Moroccan Spices,4,2700.0,,[Moroccan],"[chickpeas, olive oil, spices, salt, ground cumin, ground coriander, chile powder, sweet paprika, ground cinnamon, ground allspice, ground ginger, cayenne pepper, ground cloves]"
Moroccan-Style-Lamb-Meatballs-in-Tomato-Sauce-975418,Moroccan Style Lamb Meatballs in Tomato Sauce,4,2700.0,[Main Dishes],[Moroccan],"[ground lamb, eggs, garlic, panko breadcrumbs, fresh mint, fresh parsley, ground coriander, ground cinnamon, ground cumin, salt, ground black pepper, olive oil, onions, diced tomatoes, cinnamon]"
Moroccan-Lentil-Soup-1008742,Moroccan Lentil Soup,3,4200.0,[Soups],[Moroccan],"[onions, carrots, garlic, extra-virgin olive oil, ground coriander, ground cumin, tumeric, smoked paprika, cinnamon, ginger, sea salt, ground black pepper, vegetable broth, crushed tomatoes, red lentils, parsley, cilantro, fresh lemon]"
Moroccan-Braised-Chicken-Martha-Stewart-191437,Moroccan Braised Chicken,4,4800.0,[Main Dishes],[Moroccan],"[olive oil, chicken legs, coarse salt, ground pepper, onions, tumeric, ground ginger, ground cinnamon, prunes]"
Moroccan-Chicken-Thighs-My-Recipes_2,Moroccan Chicken Thighs,4,1500.0,[Main Dishes],[Moroccan],"[olive oil, boneless chicken skinless thigh, chopped cilantro fresh, calimyrna figs, green olives, minced garlic, marsala wine, honey, balsamic vinegar, ground coriander, ground cumin, ground cardamom, cilantro sprigs]"
Moroccan-Lamb-Tagine-999613,Moroccan Lamb Tagine,4,36900.0,[Main Dishes],[Moroccan],"[onions, carrots, water, lamb shoulder, sea salt, pepper, spices, lamb seasoning, garlic, fresh rosemary, ginger, dried apricot, prunes]"
Moroccan-Lamb-and-Apricot-Stew-MyRecipes-238961,Moroccan Lamb and Apricot Stew,4,23400.0,[Main Dishes],[Moroccan],"[olive oil, leg of lamb, salt, onions, garlic, low sodium chicken broth, orange juice, grated orange, cinnamon sticks, apricot halves, chopped fresh mint]"
Moroccan-Beef-Kebabs-With-Harissa-Chips-And-Grilled-Vegetable-Salad-1320810,Moroccan Beef Kebabs With Harissa Chips And Grilled Vegetable Salad,3,3300.0,[Main Dishes],[Moroccan],"[beef fillet, ras el hanout, extra-virgin olive oil, salad, small tomatoes, spanish onion, garlic, lemon juice, lemon rind, ground cumin, harissa, oil, vegetable oil, potatoes]"
Moroccan-Beef-Hot-Pot-1094700,Moroccan Beef Hot Pot,4,6300.0,[Main Dishes],[Moroccan],"[onions, diced tomatoes, olive oil, chuck steaks, chickpeas, chili paste, ground coriander, ground cumin, ground ginger, garlic powder, garlic cloves, smoked paprika, sweet paprika, dates, water, salt, pepper, pumpkin]"
Moroccan-Lamb-Tajine---pressure-cooker-772342,Moroccan Lamb Tajine - pressure cooker,4,2100.0,[Main Dishes],[Moroccan],"[lamb shoulder, ground cinnamon, ground ginger, ground turmeric, ground cumin, clove, onions, prunes, laurel leaves, vegetable stock, cinnamon sticks, honey, pepper, salt, almonds, sesame seeds, olive oil]"
Moroccan-Spiced-Chicken-Cutlets-with-Grilled-Sweet-Potatoes-1278139,Moroccan Spiced Chicken Cutlets with Grilled Sweet Potatoes,3,1200.0,[],[Barbecue],"[Mazola Corn Oil, lemon juice, Spice Islands® Minced Garlic, salt, Spice Islands Ground Allspice, Spice Islands® Ground Ginger, Spice Islands Ground Cumin Seed, Spice Islands Saigon Cinnamon, Spice Islands® Ground Coriander, Spice Islands® Cayenne Pepper, chopped cilantro fresh, boneless skinless chicken breast cutlets, sweet potatoes]"
Moroccan-Chicken-1285044,Moroccan Chicken,3,600.0,[Main Dishes],[Moroccan],"[chicken legs, onions, garlic, ground ginger, ground cumin, ground cinnamon, parsley, olives, crushed tomatoes, pumpkin, capsicum, couscous, lemon, oil, pepper]"
Slow-Cooker-Moroccan-Vegetable-Tagine-1098279,Slow Cooker Moroccan Vegetable Tagine,4,1800.0,[],[Moroccan],"[onions, garlic, ginger, smoked paprika, coriander, cumin, cinnamon, chilli paste, passata, carrots, zucchini, prunes, chickpeas, red capsicum, vegetable stock, lemon zest, lemon, couscous, orange, boiling water]"
Tomato-Salad-With-Avocado-And-Preserved-Lemons-My-Recipes,Tomato Salad with Avocado and Preserved Lemons,4,1500.0,[Salads],[Moroccan],"[plum tomatoes, preserved lemon, fresh lemon juice, salt, avocado, fresh parsley]"
My-Mom_s-Moroccan-Beef-Stew-1109995,My Mom's Moroccan Beef Stew,4,5100.0,[Main Dishes],[Moroccan],"[chuck roast, all-purpose flour, salt, black pepper, olive oil, paprika, ground coriander, ground turmeric, ground cumin, ground ginger, cayenne pepper, celery, onions, carrots, garlic, beef broth, plum tomatoes, dried apricot, celery leaves, harissa, chipotle peppers, chili pepper, red wine vinegar]"
Moroccan-Preserved-Lemons-1265645,Moroccan Preserved Lemons,3,1500.0,[],[Moroccan],"[meyer lemon, kosher salt, fresh lemon juice, spices, star anise, cardamom pods, cinnamon sticks, clove, coriander seeds, black peppercorns, white peppercorns, bay leaves]"
Quick-Moroccan-Chicken-My-Recipes,Quick Moroccan Chicken,3,2100.0,[Main Dishes],[Moroccan],"[couscous, olive oil, garlic, light brown sugar, ground nutmeg, red wine vinegar, orange juice, peaches, rotisserie chicken, Italian parsley leaves]"
Moroccan-Spiced-Roasted-Carrot-Hummus-1179529,Moroccan-Spiced Roasted Carrot Hummus,4,2400.0,[Appetizers],[Moroccan],"[carrots, garlic, extra-virgin olive oil, chickpeas, tahini, fresh lemon juice, water, ground cumin, ground ginger, salt, ground black pepper, ground cinnamon, ground coriander, ground cayenne pepper, ground allspice, ground cloves, fresh cilantro]"
Moroccan-Carrots-MyRecipes-228857,Moroccan Carrots,3,,[Side Dishes],[Moroccan],"[carrots, olive oil, garlic cloves, cumin seed, chopped cilantro fresh, honey, salt, ground black pepper, ground cumin]"
Couscous-Pilaf-Martha-Stewart-193627,Couscous Pilaf,3,2100.0,"[Lunch and Snacks, Side Dishes]","[American, Moroccan]","[olive oil, unsalted butter, onions, ground cumin, cayenne pepper, couscous, salt, freshly ground pepper, flat leaf parsley]"
Summer-Vegetable-Tagine-_-Moroccan-Style-_Vegan_-1183413,Summer Vegetable Tagine | Moroccan Style (Vegan),4,1800.0,[Main Dishes],[Moroccan],"[couscous, extra-virgin olive oil, red pepper, broccoli florets, cauliflower florets, lemon, cherry tomatoes, garlic cloves, harissa, pitted black olives, halloumi, cilantro leaves]"
Slow-Cooker-Root-Vegetable-Tagine-AllRecipes,Slow Cooker Root Vegetable Tagine,4,35400.0,[Main Dishes],[Moroccan],"[parsnips, turnips, onions, carrots, dried apricot, prunes, ground turmeric, ground cumin, ground ginger, ground cinnamon, ground cayenne pepper, dried parsley, cilantro, vegetable broth]"
Moroccan-Chicken-Salad-1224296,Moroccan Chicken Salad,4,3000.0,[],[Moroccan],"[chicken thighs, orange, olive oil, ras el hanout, honey, salt, couscous, green beans, almonds, raisins, spinach, mint, parsley, pomegranate, pistachios]"
Braised-moroccan-chicken-and-olives-315963,Braised Moroccan Chicken and Olives,5,4200.0,[Main Dishes],[Moroccan],"[canola oil, chicken legs, kosher salt, black pepper, diced onions, minced ginger, minced garlic, ground coriander, ground cumin, paprika, tumeric, cayenne pepper, chicken stock, saffron, green olives, preserved lemon, chopped cilantro]"
Moroccan-Carrot-_-Quinoa-Salad-1062274,Moroccan Carrot & Quinoa Salad,4,2400.0,[Salads],[Moroccan],"[quinoa, water, sea salt flakes, ground cumin, ground coriander, ground cinnamon, chili flakes, carrots, extra-virgin olive oil, orange, honey, raisins, raw almond, fresh parsley, coriander]"
Olive-Chicken-I-Allrecipes,Olive Chicken I,4,4800.0,[Main Dishes],[Moroccan],"[chicken, vegetable oil, onions, salt, ground black pepper, ground ginger, paprika, green olives, lemon, water]"
Moroccan-red-gazpacho-339200,Moroccan Red Gazpacho,4,8460.0,[Soups],[Moroccan],"[pitas, boiling water, extra-virgin olive oil, sherry vinegar, plum tomatoes, red bell pepper, cucumber, yellow onion, tomato purée, cold water, ras el hanout, salt, ground cumin, ground cinnamon, chopped cilantro fresh]"
Spicy-Vegetable-Tagine-With-Couscous-My-Recipes,Spicy Vegetable Tagine with Couscous,3,3900.0,[Main Dishes],[Moroccan],"[extra-virgin olive oil, onions, garlic cloves, carrots, red bell pepper, vegetable stock, tumeric, cinnamon sticks, curry powder, cumin, zucchini, eggplant, golden raisins, chopped cilantro fresh, instant couscous]"
Moroccan-Carrot-Salad-795592,Moroccan Carrot Salad,3,2400.0,[Salads],[Moroccan],"[shelled pistachios, coarse salt, ground pepper, carrots, raisins, lemon juice, garlic cloves, ground cumin, paprika, ground cinnamon, ground cayenne pepper, extra-virgin olive oil, cilantro leaves]"
Moroccan-Carrot-Ribbons-and-Black-Lentils-504369,Moroccan Carrot Ribbons and Black Lentils,4,3000.0,[],[Moroccan],"[beluga lentil, carrots, purple onion, prunes, mint, cumin seed, anise seed, cinnamon, ground ginger, smoked paprika, ground coriander, cayenne, lemon juice, raw honey, olive oil, sea salt, orange juice, salt]"
Moroccan-Lentil-Soup-513934,Moroccan Lentil Soup,4,3600.0,"[Lunch and Snacks, Soups]",[Moroccan],"[olive oil, onions, celery, garlic cloves, ground cumin, coriander, ras el hanout, red lentils, chopped tomatoes, chicken stock, salt, ground black pepper, fresh cilantro, ground cinnamon, brown sugar, fresh chile, lemon, greek yogurt]"
