id,recipeName,rating,totalTimeInSeconds,course,cuisine,ingredients
Portuguese-Inspired-Roasted-Chicken-Thighs-1374891,Portuguese Inspired Roasted Chicken Thighs,4,1800.0,[],[Portuguese],"[water, sugar, kosher salt, clove, star anise, bay leaves, cinnamon sticks, black peppercorns, fennel seeds, coriander seeds, extra-virgin olive oil, lager, pepper, sweet paprika, smoked paprika, yellow onion, garlic cloves, fresh bay leaves]"
Portuguese-Stew-1320868,Portuguese Stew,3,1800.0,[],[Portuguese],"[olive oil, spanish chorizo, garlic, stewed tomatoes, chickpeas, chicken stock, lacinato kale]"
Portuguese-fish-stew-306395,Portuguese Fish Stew,5,3600.0,[Main Dishes],[Portuguese],"[plum tomatoes, savoy cabbage, extra-virgin olive oil, chorizo sausage, new potatoes, white wine, fish stock, fish fillets, chopped cilantro]"
Portuguese-Allspice-1325687,Portuguese Allspice,3,600.0,,[Portuguese],"[sweet paprika, ground black pepper, chile powder, ground cumin, ground cinnamon, grated nutmeg, ground allspice, dried oregano, ground ginger, ground cloves, bay leaf, lemon zest, orange zest]"
Portuguese-Pasteis-de-Nata-513637,Portuguese Pasteis de Nata,5,9000.0,[Desserts],[Portuguese],"[all-purpose flour, sea salt, water, unsalted butter, milk, granulated sugar, cinnamon sticks, pure vanilla extract, large egg yolks, powdered sugar, cinnamon]"
Portuguese-Sweet-Bread-I-Allrecipes,Portuguese Sweet Bread I,5,11100.0,[Breads],[Portuguese],"[milk, eggs, margarine, white sugar, salt, bread flour, active dry yeast]"
Portuguese-seafood-stew-352142,Portuguese Seafood Stew,5,2700.0,[Main Dishes],[Spanish],"[littleneck clams, large shrimp, scallops, extra-virgin olive oil, garlic, onions, chorizo sausage, tomatoes, dry white wine, water, bay leaf, fresh parsley, pepper, salt]"
Portuguese-Egg-Tarts-496879,Portuguese Egg Tarts,0,3900.0,[Desserts],[Portuguese],"[Betty Crocker Pie Crust Mix, melted butter, cold water, egg yolks, sugar, heavy whipping cream, milk, vanilla extract]"
Portuguese-Daisy-1051247,Portuguese Daisy,4,600.0,[Beverages],[Portuguese],"[port wine, brandy, lemon juice, simple syrup, grenadine]"
Malasadas-Allrecipes,Malasadas,4,3000.0,[Lunch and Snacks],"[Hawaiian, Portuguese, Kid-Friendly]","[active dry yeast, white sugar, warm water, eggs, all-purpose flour, butter, evaporated milk, water, salt, vegetable oil]"
Portuguese-Fried-Bread-Allrecipes,Portuguese Fried Bread,5,1800.0,[Breads],[Portuguese],"[all-purpose flour, baking powder, salt, white sugar, milk, vegetable oil]"
Portuguese-Kale-Soup-_Caldo-Verde_-Jo-Cooks-46123,Portuguese Kale Soup (Caldo Verde),4,3300.0,[Soups],[Portuguese],"[beef broth, chorizo sausage, kale, onions, potatoes, fresh parsley, bay leaf, pepper, salt]"
Portuguese-Custard-Tarts-_-Pasteis-De-Nata-Allrecipes,Portuguese Custard Tarts - Pasteis de Nata,4,2400.0,[Desserts],[Portuguese],"[milk, corn starch, vanilla beans, white sugar, egg yolks, frozen pastry puff sheets]"
Portuguese-Style-Braised-Peas-with-Eggs-Crumb-198180,Portuguese-Style Braised Peas with Eggs,5,2400.0,[],[Spanish],"[sausages, olive oil, onions, garlic, hot pepper, dry sherry, plum tomatoes, frozen peas, smoked paprika, bay leaf, salt, pepper, eggs, fresh parsley]"
Portuguese-Chourico-And-Peppers-Allrecipes,Portuguese Chourico and Peppers,4,36900.0,,[Portuguese],"[sausage casings, green bell pepper, sweet onion, tomato paste, red wine, water, crushed garlic]"
Portuguese-Steamed-Clams-Allrecipes,Portuguese Steamed Clams,5,3000.0,"[Appetizers, Main Dishes]",[Portuguese],"[clams, chorizo, onions, diced tomatoes, white wine, olive oil]"
Portuguese-Roasted-Potatoes-472702,Portuguese Roasted Potatoes,4,,[Side Dishes],[Portuguese],"[water, red wine vinegar, smoked paprika, salt, white sugar, ground black pepper, white onion, tomatoes, fresh parsley, baking potatoes, smoked sausage]"
Nandos-Portuguese-Rice-_Copycat-Recipe_-1041897,Nandos Portuguese Rice (Copycat Recipe),4,2400.0,,[Portuguese],"[seasoning, salt, oregano, paprika, cayenne pepper, black pepper, garlic powder, cumin, canola oil, rice, chicken stock cubes, yellow bell pepper, red bell pepper, garlic cloves]"
Portuguese-Sweet-Rice-Allrecipes,Portuguese Sweet Rice,5,3900.0,,[Portuguese],"[milk, white rice, white sugar, eggs]"
Espetadas-_Portuguese-Beef-Shish-Kabobs_-AllRecipes-202691,Espetadas (Portuguese Beef Shish Kabobs),5,30000.0,[Main Dishes],"[Barbecue, Portuguese]","[red wine, garlic, bay leaves, coarse salt, freshly ground pepper, sirloin steak, water]"
Minty-Portuguese-Style-Octopus-Salad-1256063,Minty Portuguese Style Octopus Salad,4,1500.0,[Salads],[Portuguese],"[oil, diced tomatoes, scallions, garlic, fresh basil, chopped fresh mint, extra-virgin olive oil, Balsamico Bianco, pepper, kosher salt]"
Espetada-_Portuguese-Beef-Skewers_-1245893,Espetada (Portuguese Beef Skewers)‪,4,1800.0,[Main Dishes],[Barbecue],"[beef sirloin, garlic cloves, bay leaves, ground black pepper, madeira wine, olive oil, roma tomatoes, green pepper, salt]"
Portuguese-Kale-Soup-_Sunday-Supper-980114,Portuguese Kale Soup #Sunday Supper,4,3600.0,[Soups],[Portuguese],"[fresh chorizo, onions, garlic cloves, chicken broth, crushed tomatoes, water, potatoes, chickpeas, kale, salt and ground black pepper]"
Portuguese-style-chicken-one-pot-349026,Portuguese-Style Chicken One-Pot,5,3900.0,[Main Dishes],[Spanish],"[red bell pepper, bone in chicken thighs, salt, pepper, extra-virgin olive oil, smoked paprika, chorizo, baby potatoes, portobello caps, cremini mushrooms, fresh bay leaves, onions, garlic, kale, dry sherry, roasted tomatoes, chicken stock, flat leaf parsley, crusty bread, rolls]"
Spicy-Portuguese-Beef-Steak-Kabobs-643707,Spicy Portuguese Beef Steak Kabobs,4,1800.0,[Main Dishes],"[Barbecue, Portuguese]","[top sirloin steak, red bell pepper, salt, chopped cilantro fresh, olive oil, hot pepper sauce, garlic, crushed red pepper]"
Slow-Cooked-Spicy-Portuguese-Cacoila-from-Taste-Of-Home_s-Slow-Cooker-Recipe-Cards-Magazine-2013-1018159,Slow-Cooked Spicy Portuguese Cacoila from Taste Of Home's Slow Cooker Recipe Cards Magazine 2013,4,29400.0,[Main Dishes],[Portuguese],"[roast, dry red wine, garlic cloves, bay leaves, salt, paprika, crushed red pepper flakes, ground cinnamon, onions, water, bolillo]"
Portuguese-Beef-_-Cacoila-Allrecipes,Portuguese Beef - Cacoila,4,50400.0,[Main Dishes],[Portuguese],"[beef stew meat, orange, white wine, hot pepper sauce, vegetable oil, bay leaves, garlic, paprika, ground allspice, salt and ground black pepper]"
Portuguese-Favas-Allrecipes,Portuguese Favas,4,2700.0,,[Portuguese],"[olive oil, onions, garlic, red pepper flakes, tomato sauce, hot water, fresh parsley, salt, black pepper, paprika, fava beans]"
Potatoes-with-Bacon-and-Onion-Martha-Stewart,Potatoes with Bacon and Onion,5,3300.0,[Side Dishes],[Portuguese],"[potatoes, chicken stock, garlic cloves, bay leaf, thyme, plum tomatoes, freshly ground pepper, coarse salt, bacon, onions]"
Portuguese-Chicken-with-Chorizo-and-Clams-1192436,Portuguese Chicken with Chorizo and Clams,3,3900.0,[Main Dishes],[Spanish],"[red pepper, chicken legs, smoked paprika, paprika, chorizo, ground black pepper, salt, canola oil, yukon gold potatoes, onions, garlic, clams, kale leaves, fresh parsley, chopped fresh chives, olive oil, bread]"
Portuguese-Potatoes-and-Kale-1251145,Portuguese Potatoes and Kale,4,2100.0,,[Barbecue],"[baby kale, extra-virgin olive oil, maple syrup, apple cider vinegar, pepper, salt, saffron, paprika, garlic, coriander, red potato]"
Caldo-Verde-_portuguese-Green-Soup_-Allrecipes,Caldo Verde (Portuguese Green Soup),4,3600.0,[Soups],[Portuguese],"[olive oil, onions, garlic, potatoes, cold water, sausages, salt, ground black pepper, kale]"
Portuguese-Chicken-Epicurious-203118,Portuguese Chicken,5,7800.0,[Main Dishes],[Portuguese],"[all-purpose flour, hungarian sweet paprika, chicken, extra-virgin olive oil, diced tomatoes, prosciutto, onions, roasted red peppers, large garlic cloves, parsley sprigs, fresh bay leaves, dry white wine, tawny port, dijon mustard, tomato paste, butter]"
Portuguese-Burnt-Sugar-Candy-Allrecipes,Portuguese Burnt Sugar Candy,4,1200.0,[Desserts],[Portuguese],"[white sugar, water, apple cider vinegar]"
How-to-Make-Grilled-Rainbow-Vegetables-and-Portuguese-Chicken-1206903,How to Make Grilled Rainbow Vegetables and Portuguese Chicken,4,1800.0,[Main Dishes],[Barbecue],"[yellow summer squash, mushroom caps, purple onion, pepper, chicken fingers, onion powder, crushed red pepper, paprika, lemon juice, olive oil, white wine, garlic cloves, sea salt, parsley]"
Mom_s-Portuguese-Beef-Stew-Allrecipes,Mom's Portuguese Beef Stew,5,7200.0,[Main Dishes],[Portuguese],"[extra-virgin olive oil, beef stew meat, all-purpose flour, garlic, bay leaves, ground black pepper, salt, onions, green bell pepper, carrots, paprika, fresh tomatoes, white wine, water, fresh parsley, red potato, sweet potatoes, green beans]"
Chicken-empanada-with-chorizo-and-olives-307210,Chicken Empanada with Chorizo and Olives,5,,[Main Dishes],[Portuguese],"[all purpose unbleached flour, salt, unsalted butter, large eggs, ice water, white vinegar, chicken legs, black pepper, extra-virgin olive oil, onions, large garlic cloves, bay leaves, spanish chorizo, smoked paprika, green olives, dry white wine, reduced sodium chicken broth, eggs]"
Spanish_style-Oxtails-Braised-With-Chorizo-Epicurious,Spanish-Style Oxtails Braised with Chorizo,5,16200.0,[Main Dishes],"[Spanish, Portuguese]","[oxtails, salt, black pepper, extra-virgin olive oil, spanish chorizo, onions, carrots, garlic cloves, California bay leaves, smoked paprika, dry white wine, tomatoes, flat leaf parsley, chopped cilantro fresh, sherry vinegar]"
Puff-Pastry-with-Marinated-Portuguese-Sardines-898027,Puff Pastry with Marinated Portuguese Sardines,4,2100.0,,[Portuguese],"[puff pastry, sardines, eggs]"
Portuguese-Pork-Alentejana-Allrecipes,Portuguese Pork Alentejana,4,25800.0,[Main Dishes],[Portuguese],"[dry white wine, paprika, salt, black pepper, garlic, bay leaf, pork loin, olive oil, onions, chopped garlic, tomatoes, crushed red pepper flakes, clams, fresh parsley]"
Portuguese-Sweet-Bread-Iv-Allrecipes,Portuguese Sweet Bread IV,4,2100.0,[Breads],[Portuguese],"[milk, butter, shortening, white sugar, active dry yeast, warm water, eggs, all-purpose flour, water]"
Portuguese-Soup-Allrecipes,Portuguese Soup,4,6600.0,[Soups],[Portuguese],"[vegetable oil, chopped onion, smoked sausage, cabbage, potatoes, kidney beans, ketchup, beef consomme, water, garlic powder, ground black pepper, salt, vinegar]"
Green-Bean-Salad-Martha-Stewart,Green Bean Salad,4,1500.0,"[Lunch and Snacks, Side Dishes, Salads]","[Portuguese, American]","[green beans, roasted peanuts, asian dressing]"
Portuguese-Roll_ups-Allrecipes,Portuguese Roll-Ups,4,1200.0,,"[Portuguese, Kid-Friendly]","[bacon, dates]"
Portuguese-Kale-Soup-Martha-Stewart-197541,Portuguese Kale Soup,4,3300.0,[Soups],[Portuguese],"[extra-virgin olive oil, onions, garlic, russet potatoes, homemade chicken stock, chorizo sausage, kale, freshly ground pepper, coarse salt]"
Portuguese-Bean-Soup-for-Souper-_Soup_-Salad-_-Sammie_-Sundays-1032287,"Portuguese Bean Soup for Souper (Soup, Salad & Sammie) Sundays",4,5100.0,[Soups],[Portuguese],"[ham hock, kidney beans, potatoes, carrots, onions, celery, crushed tomatoes, tomato sauce, sausages, macaroni, granulated garlic, sugar, salt, pepper, cabbage]"
Portuguese-Bean-Soup-Allrecipes,Portuguese Bean Soup,5,10200.0,[Soups],[Portuguese],"[ham hock, sausages, onions, water, potatoes, celery ribs, carrots, stewed tomatoes, tomato sauce, garlic, cabbage, kidney beans]"
Portuguese-Salad-472517,Portuguese Salad,5,4500.0,[Salads],[Portuguese],"[green bell pepper, plum tomatoes, extra-virgin olive oil, cucumber, sea salt, cilantro leaves, red wine vinegar, garlic paste]"
Rosemary-Potatoes-With-Leek-And-Chorizo-510464,Rosemary Potatoes With Leek And Chorizo,4,,"[Main Dishes, Side Dishes]",[Portuguese],"[new potatoes, chorizo, leeks, garlic, fresh rosemary, sweet paprika, bay leaves, olive oil]"
Portuguese-Sweet-Bread-Iii-Allrecipes,Portuguese Sweet Bread III,4,54000.0,[Breads],[Portuguese],"[cake, warm water, white sugar, eggs, all-purpose flour, salt, butter, milk]"
Portuguese-Cod-Fish-Casserole-Allrecipes,Portuguese Cod Fish Casserole,4,3900.0,[Main Dishes],"[Portuguese, Kid-Friendly]","[cod fish, potatoes, onions, olive oil, garlic, fresh parsley, crushed red pepper flakes, paprika, tomato sauce]"
Malasadas-Dois-Allrecipes,Malasadas Dois,5,23400.0,,[Portuguese],"[sugar, warm water, active dry yeast, eggs, salt, all-purpose flour, white sugar, milk, butter, vegetable oil]"
Chestnut-Soup-Epicurious,Chestnut Soup,5,3600.0,[Soups],"[Portuguese, French]","[unsalted butter, chopped celery, carrots, finely chopped onion, parsley sprigs, clove, California bay leaves, low sodium chicken broth, chestnuts, Madeira, heavy cream, black pepper]"
Portuguese-Cornbread-Allrecipes,Portuguese Cornbread,4,7200.0,[Breads],[Portuguese],"[cornmeal, salt, boiling water, olive oil, active dry yeast, white sugar, warm water, all-purpose flour]"
Maria_s-Portuguese-Bacalau-Allrecipes,Maria's Portuguese Bacalau,5,7200.0,[Main Dishes],[Portuguese],"[cod fish, yukon gold potatoes, butter, yellow onion, garlic, fresh parsley, olive oil, red pepper flakes, freshly ground pepper, eggs, green olives, pitted black olives]"
Portuguese-Sweet-Bread-472262,Portuguese Sweet Bread,4,,"[Afternoon Tea, Breads]",[Portuguese],"[active dry yeast, warm water, white sugar, milk, unsalted butter, salt, large eggs, all-purpose flour]"
Portuguese-Kale-Soup-Allrecipes,Portuguese Kale Soup,4,28800.0,[Soups],[Portuguese],"[white pea beans, chorizo sausage, beef soup bones, water, cabbage, kale, potatoes, hot water, pepper, salt]"
Chicken-In-A-Pot-Martha-Stewart,Chicken In A Pot,5,4500.0,[Main Dishes],[Portuguese],"[low sodium chicken broth, dry white wine, chicken, butter, coarse salt, ground pepper, leeks, baby carrots, garlic cloves, extra-virgin olive oil, new potatoes]"
Emeril_s-New-Style-Caldo-Verde-Martha-Stewart-197422,Emeril's New-Style Caldo Verde,4,3600.0,"[Soups, Main Dishes]",[Portuguese],"[olive oil, yellow onion, minced garlic, idaho potatoes, chicken stock, ground black pepper, salt, crushed red pepper, kale, smoked sausage, chopped cilantro fresh, fresh parsley, chopped fresh mint]"
Chourico-Stew-Allrecipes,Chourico Stew,5,3300.0,"[Soups, Main Dishes]",[Portuguese],"[water, sausages, potatoes, cabbage, carrots, onions, celery, mixed vegetables, fresh parsley, garlic powder, celery salt, ground red pepper, corn starch]"
Portuguese-Kale-and-Potato-Soup-Epicurious-54810,Portuguese Kale and Potato Soup,5,2700.0,[Soups],[Portuguese],"[extra-virgin olive oil, kielbasa, onions, garlic cloves, baking potatoes, water, rib, kale]"
Portuguese-Sweet-Bread-Ii-Allrecipes,Portuguese Sweet Bread II,4,,[Breads],[Portuguese],"[milk, eggs, margarine, white sugar, salt, bread flour, active dry yeast, lemon juice]"
Portuguese-Duck-Risotto-513395,Portuguese Duck Risotto,5,9900.0,[Main Dishes],[Portuguese],"[olive oil, duck drumsticks, ground black pepper, kosher salt, homemade chicken stock, spanish chorizo, boneless moulard duck breast, yellow onion, carnaroli rice, dry white wine, serrano ham, fresh orange juice, unsalted butter, parsley leaves, orange zest]"
Portuguese-Bread-French-Toast-Allrecipes,Portuguese Bread French Toast,4,3900.0,"[Breakfast and Brunch, Breads]",[Portuguese],"[eggs, milk, white sugar, ground cinnamon, grated nutmeg, orange zest, portuguese sweet bread, unsalted butter]"
Chestnut-Soup-Allrecipes,Chestnut Soup,4,3000.0,[Soups],"[Portuguese, French]","[butter, chestnuts, carrots, parsnips, celery root, chicken stock, Madeira, ground nutmeg, pepper, salt, fresh parsley, cayenne pepper, sour cream]"
Bouillabaisse-_Mediterranean-Fish-Soup_-456414,Bouillabaisse (Mediterranean Fish Soup),5,,[Soups],"[French, Portuguese]","[cayenne, garlic cloves, bread crumbs, egg yolks, salt, extra-virgin olive oil, yellow onion, leeks, tomatoes, bay leaf, fresh thyme, fennel, orange zest, freshly ground pepper, dry white wine, water, potatoes, saffron threads, halibut, fish steaks, boiling water, ocean perch, fish, mussels, crab, flat leaf parsley, country bread, toast]"
Kale-Soup-Allrecipes,Kale Soup,5,2700.0,[Soups],"[Portuguese, American]","[onions, garlic, olive oil, chourico, kidney beans, garbanzo beans, yukon gold potatoes, pork chops, pepper, salt, kale, savoy cabbage]"
Red-russian-kale-and-chorizo-soup-_caldo-verde_-337055,Red Russian Kale and Chorizo Soup (Caldo Verde),4,2700.0,[Soups],[Portuguese],"[spanish chorizo, olive oil, onions, large garlic cloves, crushed red pepper flakes, pepper, reduced sodium chicken broth, russet potatoes, kale, kosher salt]"
Green-Cabbage-Caldo-Verde-Allrecipes,Green Cabbage Caldo Verde,5,4200.0,[Side Dishes],[Portuguese],"[olive oil, onions, garlic, potatoes, cabbage, water, sausage casings, smoked paprika, salt, pepper]"
Portuguese-Bean-Soup-I-Allrecipes,Portuguese Bean Soup I,4,2700.0,[Soups],[Portuguese],"[chorizo sausage, olive oil, carrots, chopped onion, celery, tomatoes, potatoes, chicken broth, cayenne pepper, kidney beans, tomato paste, pepper, salt]"
Portuguese-Egg-Tarts-AllRecipes-36932,Portuguese Egg Tarts,4,3600.0,[Desserts],[Portuguese],"[cooking spray, pie crust, butter, cold water, egg yolks, white sugar, heavy cream, milk, vanilla extract]"
Portuguese-Fresh-Tuna-_sauce-And-Marinade_-Allrecipes,Portuguese Fresh Tuna (Sauce and Marinade),5,7200.0,,[Portuguese],"[cider vinegar, salt, pepper, garlic powder, paprika, tuna steaks, butter, olive oil, ketchup, water]"
Kale-Soup-with-Portuguese-Sausage-AllRecipes-201444,Kale Soup with Portuguese Sausage,5,36900.0,[Soups],[Portuguese],"[beef stock, chicken stock, white beans, onions, garlic cloves, kosher salt, ground black pepper, fresh thyme, andouille sausage, kale, celery, carrots, garlic salt]"
Portuguese-Chourico_-Beans_-and-Rice-AllRecipes-40356,"Portuguese Chourico, Beans, and Rice",4,2400.0,[Main Dishes],"[Portuguese, American]","[water, white rice, olive oil, sausages, spanish onion, garlic, tomato sauce, red pepper flakes, italian seasoning, pepper, salt, fava beans]"
Chicken-Empanada-With-Chorizo_-Raisins_-And-Olives-Epicurious,"Chicken Empanada with Chorizo, Raisins, and Olives",5,10800.0,[Main Dishes],"[Spanish, Portuguese]","[chicken legs, salt, black pepper, extra-virgin olive oil, onions, large garlic cloves, bay leaves, spanish chorizo, smoked paprika, green olives, golden raisins, dry white wine, reduced sodium chicken broth, pizza doughs]"
Littleneck-clams-with-new-potatoes-and-spring-onions-358989,Littleneck Clams with New Potatoes and Spring Onions,5,3000.0,[Main Dishes],[Portuguese],"[olive oil, spanish chorizo, small new potatoes, spring onions, garlic cloves, dry white wine, littleneck clams, bread]"
Grilled-Clams-and-Chorizo-512264,Grilled Clams and Chorizo,5,,[Appetizers],[Portuguese],"[chorizo, unsalted butter, white wine, garlic, shallots, tomatoes, smoked paprika, clams, extra-virgin olive oil, baguette, parsley leaves, lemon]"
Spanish-Tortilla-with-Chorizo-531950,Spanish Tortilla with Chorizo,3,3000.0,[Breakfast and Brunch],"[Spanish, Portuguese]","[olive oil, russet potatoes, purple onion, freshly ground pepper, coarse salt, sausage casings, garlic, Italian parsley leaves, large eggs]"
Spicy-Red-Bean-Soup-Allrecipes,Spicy Red Bean Soup,4,,"[Soups, Main Dishes]","[Portuguese, American]","[olive oil, onions, paprika, ketchup, water, onion soup mix, salt, ground black pepper, linguica, chourico, kidney beans, potatoes, spaghetti]"
Portuguese-Turkey-with-Two-Stuffings-512094,Portuguese Turkey with Two Stuffings,5,10800.0,[Main Dishes],[Portuguese],"[turkey, orange, lemon, ground black pepper, kosher salt, bay leaves, unsalted butter, sweet paprika, low sodium chicken broth, all-purpose flour, yukon gold potatoes, sweet italian pork sausage, yellow onion, garlic cloves, liver, large egg yolks, whole milk, ground nutmeg, parsley leaves, bacon, chourico, olive oil, crushed red pepper flakes, dry white wine, red pepper, tomato paste, bread, water, homemade beef stock]"
Tapas-Style-Spanish-Rioja-Marinated-Chorizo-Sausage-Recipezaar,Tapas Style Spanish  Rioja Marinated Chorizo Sausage,4,87120.0,"[Appetizers, Lunch and Snacks]","[Portuguese, Spanish]","[chorizo sausage, wine, black peppercorns, bay leaves, parsley]"
Portuguese-Piri-Piri-Chicken-Recipezaar,Portuguese Piri Piri Chicken,4,89400.0,"[Lunch and Snacks, Main Dishes]",[Portuguese],"[lemon rind, lemon juice, garlic, olive oil, pepper flakes, salt, chicken pieces]"
Portuguese-Style-Steak-Recipezaar,Portuguese Style Steak,4,25200.0,[Main Dishes],[Portuguese],"[beef, onions, white wine, crushed red pepper flakes, garlic cloves, paprika, salt]"
Portuguese-Corn-Bread-For-The-Bread-Machine-_broa_-Recipezaar,Portuguese Corn Bread for the Bread Machine (Broa),4,15000.0,[Breads],[Portuguese],"[yellow corn meal, cold water, active dry yeast, bread flour, sugar, salt, olive oil]"
Arroz-Doce-_Portuguese-Sweet-Rice_-Food_com-75394,Arroz Doce (Portuguese Sweet Rice),4,2400.0,[Desserts],[Portuguese],"[water, white rice, milk, sugar, lemon rind, cinnamon]"
Portuguese-Chourico-And-Peppers-Recipezaar,Portuguese Chourico and Peppers,3,36600.0,,"[Portuguese, American]","[chourico, green bell pepper, sweet onion, tomato paste, red wine, water, crushed garlic]"
Portuguese-Sweet-Bread-For-The-Bread-Machine-Recipezaar,Portuguese Sweet Bread for the Bread Machine,4,10980.0,[Breads],[Portuguese],"[milk, eggs, margarine, sugar, salt, bread flour, yeast]"
Sizzling-Spanish-Garlic-Prawns-_-Tapas-Style-Recipezaar,Sizzling Spanish Garlic Prawns - Tapas Style,4,780.0,"[Lunch and Snacks, Appetizers]","[Spanish, Portuguese]","[prawns, parsley, pimentos, chili flakes, olive oil, garlic cloves, dry sherry]"
Portuguese-Tea-Pudding-_pudim-De-Cha_-Recipezaar,Portuguese Tea Pudding (Pudim De Cha),3,3600.0,[Desserts],[Portuguese],"[sugar, eggs, egg yolks, teas, heavy cream]"
My-Special-Pork-Roast-Recipezaar,My Special Pork Roast,4,7800.0,[Main Dishes],[Portuguese],"[loin pork roast, extra-virgin olive oil, crushed garlic, salt, cracked black pepper, parsley flakes, chili flakes]"
Portuguese-White-Bread-Recipezaar,Portuguese White Bread,4,14700.0,[Breads],[Portuguese],"[water, margarine, sugar, salt, white flour, bread machine yeast]"
Creme-De-Favas-_-Portuguese-Fava-_broad_-Bean-Soup-Recipezaar,Creme De Favas / Portuguese Fava (Broad) Bean Soup,3,1800.0,[Soups],[Portuguese],"[fava beans, chicken stock, olive oil, salt, pepper, croutons]"
Traditonal-Portuguese-Piri-Piri-Sauce-For-Chicken-Recipezaar,Traditional Portuguese Piri Piri Sauce for Chicken,4,300.0,[Condiments and Sauces],[Portuguese],"[lemon juice, olive oil, vinegar, cayenne pepper, garlic, paprika, salt, chili flakes]"
Acorda-Alentejana-_-Alentejo-Bread-And-Garlic-Soup-Recipezaar,Acorda Alentejana / Alentejo Bread and Garlic Soup,2,1500.0,"[Lunch and Snacks, Soups]",[Portuguese],"[garlic cloves, salt, olive oil, fresh coriander, boiling water, whole wheat bread, eggs]"
Portuguese-Shrimp-Dip-Recipezaar,Portuguese Shrimp Dip,3,1200.0,[Appetizers],[Portuguese],"[tomato soup, Knox Gelatine, shrimp, onions, celery, mayonnaise, cream cheese]"
Kale-Soup-Food_com-83952,Kale Soup,3,2700.0,[Soups],"[Portuguese, American]","[chicken broth, cream, kale leaves, potatoes, salt, crushed red pepper]"
Portuguese-Sweet-Bread-Recipezaar_1,Portuguese Sweet Bread,4,13200.0,[Breads],[Portuguese],"[water, milk, sugar, salt, yeast, butter, eggs, flour]"
Crockpot-Portuguese-Chicken-1018332,Crockpot Portuguese Chicken,3,30000.0,[Main Dishes],[Portuguese],"[chorizo sausage, onions, garlic, boneless chicken skinless thigh, diced tomatoes, dried leaves oregano, pepper, tomato paste, artichoke hearts, sliced black olives]"
Portuguese-Strawberries-In-Port-_morangos-Em-Porto-Recipezaar,Portuguese Strawberries in Port (Morangos Em Porto,4,7500.0,[],[Portuguese],"[strawberries, sugar, ruby port]"
Portuguese-Style-Bean-and-Kale-Soup-Food_com-68377,Portuguese Style Bean and Kale Soup,3,6000.0,[Soups],[Portuguese],"[extra-virgin olive oil, sausages, yellow onion, garlic cloves, white beans, white pepper, chicken stock, kale]"
Portuguese-Portonic-_white-Port-_-Tonic_-Recipezaar,Portuguese Portonic (White Port + Tonic),3,180.0,,[Portuguese],"[ice, port, tonic water, lemon zest]"
Mixed-Pepper-Salad-Recipezaar,Mixed Pepper Salad,4,13500.0,[Salads],[Portuguese],"[green bell pepper, yellow bell pepper, red bell pepper, olive oil, garlic cloves, pepper]"
Portuguese-Barbecued-Chicken-Recipezaar,Portuguese Barbecued Chicken,4,118200.0,[Main Dishes],[Portuguese],"[chicken pieces, dry white wine, lemon rind, lemon juice, tomato paste, olive oil, paprika, hot pepper sauce, salt, garlic]"
Mussels-Portuguese-Style-Recipezaar,Mussels Portuguese Style,4,600.0,[Main Dishes],[Portuguese],"[mussels, olive oil, garlic cloves, chicken broth, red wine, fresh parsley]"
Carne-D_espeto-_Portuguese-Beef-Skewers_-Food_com-175511,Carne D'espeto (Portuguese Beef Skewers),3,1800.0,[Main Dishes],[Portuguese],"[sirloin, garlic cloves, cayenne pepper, ground black pepper, salt]"
Piri-Piri-Sauce-Recipezaar_2,Piri Piri Sauce,3,1800.0,[Condiments and Sauces],[Portuguese],"[chili pepper, olive oil, coarse salt, cider vinegar]"
Molho-De-Piri_piri-_portuguese-Peri_peri-Marinade-Sauce_-Recipezaar,Molho De Piri-Piri (Portuguese Peri-Peri Marinade Sauce),4,120.0,[Condiments and Sauces],[Portuguese],"[pepper, garlic cloves, lemon juice, sea salt, dried oregano, olive oil]"
Assaduras-De-Peixe-_Portuguese-Fish-Kabobs_-Food_com-103113,Assaduras De Peixe (Portuguese Fish Kabobs),3,87300.0,[Main Dishes],[Portuguese],"[garlic cloves, crushed red pepper flakes, paprika, salt, wine vinegar, water, bay leaves, haddock fillets]"
Bacalhau-Recipezaar,Bacalhau,2,2700.0,,[Portuguese],"[dried salted codfish, onions, butter, garlic cloves, potatoes, bread crumbs, black pepper]"
Portuguese-Chicken-Recipezaar_1,Portuguese Chicken,3,3600.0,[Main Dishes],[Portuguese],"[chicken, tomatoes, onions, red pepper, green pepper, yellow peppers, black olives, garlic cloves, fresh parsley, salt, pepper, lemon, water]"
Sopa-Dourada-_portuguese-Christmas-Golden-Soup_-Recipezaar,Sopa Dourada (portuguese Christmas Golden Soup),2,1200.0,"[Desserts, Soups]",[Portuguese],"[sponge cake, sugar, egg yolks, water, cinnamon]"
Portuguese_style-Red-Pepper-Paste-Recipezaar,Portuguese-Style Red Pepper Paste,3,2100.0,,[Portuguese],"[red bell pepper, jalapeno chilies, salt, garlic, extra-virgin olive oil]"
Queijadas-De-Feijao-_portuguese-Bean-Tarts_-Recipezaar,Queijadas de Feijao (Portuguese Bean Tarts),3,3900.0,[Desserts],[Portuguese],"[eggs, beans, sugar, margarine, water]"
Portuguese-Hidden-Cod-_bacalhau-Escondido_-Recipezaar,Portuguese Hidden Cod (Bacalhau Escondido),3,3900.0,,"[Portuguese, Kid-Friendly]","[cod, onions, heavy cream, frozen potatoes, cheese, tomato ketchup, bread crumbs]"
Piri-Piri-Sauce-Recipezaar,Piri Piri Sauce,3,1800.0,[Condiments and Sauces],[Portuguese],"[garlic cloves, red pepper, jalapeno chilies, olive oil, red wine vinegar, salt, chili flakes]"
Portuguese-Clams-Food_com-68986,Portuguese Clams,2,1500.0,[Appetizers],[Portuguese],"[cherrystone clams, diced tomatoes, onions, garlic cloves, cilantro, sea salt, white wine, olive oil]"
Arroz-Con-Leche-_spanish-Rice-Pudding_-Recipezaar,Arroz Con Leche (Spanish Rice Pudding),4,2400.0,"[Desserts, Breakfast and Brunch]","[Spanish, Portuguese]","[milk, cinnamon sticks, lemon rind, salt, white rice, egg yolks, sugar, butter, ground nutmeg]"
Portuguese-Steamed-Clams-Recipezaar_1,Portuguese Steamed Clams,3,1800.0,,[Portuguese],"[clams, chorizo sausage, onions, diced tomatoes, white wine, olive oil]"
Linguica-And-Green-Beans-Recipezaar,Linguica and Green Beans,4,4800.0,,[Portuguese],"[fresh green bean, onions, garlic cloves, green bell pepper, potatoes, sausages, ground allspice, crushed red pepper flakes, tomato sauce]"
Portuguese-Daisy-_cocktail_-Recipezaar,Portuguese Daisy (cocktail),2,300.0,"[Beverages, Cocktails]",[Portuguese],"[ruby port, brandy, fresh lemon juice, superfine sugar, grenadine]"
Portuguese-Batatas-a-Murro-Food_com-102914,Portuguese Batatas a Murro,3,3000.0,[Side Dishes],[Portuguese],"[baking potatoes, extra-virgin olive oil, garlic cloves, ground pepper, green onions]"
Pao-De_lo-Recipezaar,Pao De-Lo,3,4800.0,[Desserts],[Portuguese],"[flour, sugar, eggs, butter]"
Potatoes-With-Bacon-and-Onion-Food_com-184626,Potatoes With Bacon and Onion,4,1200.0,[Side Dishes],[Portuguese],"[potatoes, onions, olive oil, smoked bacon, parsley, salt, pepper]"
Molho-Cru-_portuguese-Pickle_-My-Recipes,Molho Cru (Portuguese Pickle),4,1800.0,,[Portuguese],"[diced onions, water, cider vinegar, black pepper, crushed red pepper, saffron threads, fresh parsley, fresh cilantro]"
Portuguese-Sofrito-Bread-_a-B-M_-Recipezaar,Portuguese Sofrito Bread (A B M),3,15600.0,[Breads],[Portuguese],"[onions, olive oil, active dry yeast, bread flour, sugar, salt, rice, yellow corn meal, water]"
Caldeirada-_portuguese-Fish-Stew_-Recipezaar,Caldeirada (Portuguese Fish Stew),3,3900.0,[Main Dishes],[Portuguese],"[onions, tomatoes, bell pepper, fresh parsley, laurel leaves, fish, potatoes, saffron threads, salt, white wine, water, olive oil]"
Vegetarian-Portuguese-Kale-Soup-Recipezaar,Vegetarian Portuguese Kale Soup,4,3300.0,[Soups],[Portuguese],"[olive oil, chopped garlic, diced onions, turnips, carrots, kale, soy chorizo, bay leaves, fresh parsley leaves, fresh thyme leaves, vegetable stock, kidney beans, diced tomatoes, potatoes]"
Sopa-Doirada-Recipezaar,Sopa Doirada,3,1500.0,[Desserts],[Portuguese],"[sugar, water, egg yolks, white bread, butter]"
Lydia_s-Portuguese-Beef-Stew-Recipezaar,Lydia's Portuguese Beef Stew,4,6300.0,[Main Dishes],[Portuguese],"[butter, beef roast, beef steak, diced onions, potatoes, carrots, cabbage, salt, garlic salt]"
Clams-Smoked-Paprika-Food_com-65867,Clams Smoked Paprika,4,300.0,[Appetizers],"[Spanish, Portuguese]","[clams, garlic, smoked paprika, butter, dry white wine, flat leaf parsley]"
Calde-Verde-_portuguese-Soup_-Recipezaar,Calde Verde (Portuguese Soup),3,3600.0,[Soups],[Portuguese],"[potatoes, onions, chicken broth, collard greens, chorizo sausage, olive oil]"
Bacalhau-Gomes-De-Sa-_Portuguese-Codfish-and-Potatoes_-Food_com-112895,Bacalhau Gomes De Sa (Portuguese Codfish and Potatoes),2,1800.0,[Main Dishes],[Portuguese],"[olive oil, garlic cloves, onions, red potato, cod, hard-boiled egg, fresh parsley leaves, olives]"
Spanish-Tapas-Manchego_-Membrillo-And-Chorizo-Toasties-Recipezaar,"Spanish Tapas Manchego, Membrillo and Chorizo Toasties",4,420.0,"[Lunch and Snacks, Appetizers]","[Spanish, Portuguese]","[white bread, quince paste, manchego cheese, chorizo sausage, butter, ground black pepper, salt]"
Pao-De-Lo-De-Ovar-Food_com-287795,Pao De Lo De Ovar,2,1800.0,[Desserts],[Portuguese],"[egg yolks, eggs, sugar, flour]"
Portuguese-Garbanzo-Bean-Salad-With-Roasted-Garlic-Recipezaar,Portuguese Garbanzo Bean Salad With Roasted Garlic,2,2700.0,[Salads],[Portuguese],"[garlic, garbanzo beans, fresh basil, balsamic vinegar, tomatoes, ground cumin, salt, pepper]"
Portuguese-Black_eyed-Pea-Salad-_salada-De-Feijao-Frade_-Recipezaar,Portuguese Black-Eyed Pea Salad (Salada De Feijao Frade),2,1500.0,[Salads],[Portuguese],"[black-eyed peas, onions, eggs, extra-virgin olive oil, white wine, fresh parsley, ground black pepper, salt]"
Torresmos_portuguese-Garlic-Roasted-Pork-Recipezaar,Torresmos-Portuguese Garlic Roasted Pork,3,90000.0,[Main Dishes],[Portuguese],"[jalapeno chilies, salt, paprika, white wine, red wine, garlic cloves, pork butt, oil, pepper]"
Portuguese-Pork-Loin-Recipezaar,Portuguese Pork Loin,3,4200.0,[Main Dishes],[Portuguese],"[pork tenderloin, ground black pepper, salt, paprika, butter, onions, mushrooms, dry white wine, dried rosemary, fresh lemon juice, fresh parsley]"
Caldo-Verde-_portuguese-Green-Soup_-Recipezaar,Caldo Verde (Portuguese Green Soup),4,3600.0,[Soups],[Portuguese],"[olive oil, yellow onion, garlic cloves, low sodium chicken broth, potatoes, frozen chopped spinach, turkey kielbasa, salt, black pepper]"
Caldo-Verde-_portuguese-Cabbage-Soup_-Recipezaar,Caldo Verde (Portuguese Cabbage Soup),3,5100.0,[Soups],[Portuguese],"[olive oil, onions, potatoes, cabbage, chicken stock, white wine, pepper, salt]"
Portuguese-Soup-Recipezaar_1,Portuguese Soup,4,9300.0,[Soups],[Portuguese],"[kielbasa, cabbage, chili beans, potatoes, tomato juice, ham hock, chili powder, salt, pepper]"
Portuguese-Style-Roast-Chicken-Food_com-114328,Portuguese-Style Roast Chicken,4,3600.0,[Main Dishes],[Portuguese],"[whole chicken, lemon, olive oil, garlic cloves, dried oregano, sweet paprika, cayenne pepper, salt]"
Portuguese-Favas-Recipezaar,Portuguese Favas,4,2700.0,[Side Dishes],[Portuguese],"[olive oil, onions, garlic cloves, red pepper flakes, tomato sauce reduced sodium, hot water, fresh parsley, salt, black pepper, paprika, fava beans]"
Portuguese-Sweet-Bread-Recipezaar_2,Portuguese Sweet Bread,4,8400.0,[Breads],[Portuguese],"[evaporated milk, unsalted butter, eggs, lemon rind, vanilla extract, sugar, salt, ascorbic acid, bread flour, yeast]"
Bread-Soup-Alentejo_style-_portuguese_-Recipezaar,Bread Soup Alentejo-Style (Portuguese),4,1800.0,[Soups],[Portuguese],"[coarse salt, garlic cloves, olive oil, chopped cilantro, boiling water, bread, eggs]"
Frango-No-Pucara-_-Chicken-In-A-Pot_-Recipezaar,Frango No Pucara ( Chicken in a Pot),3,6600.0,[Main Dishes],[Portuguese],"[chicken, tomatoes, onions, butter, garlic cloves, wine, red wine, brandy, pepper, salt]"
Kale-Soup-Food_com-181876,Kale Soup,4,2700.0,[Soups],"[Portuguese, American]","[kale, onions, garlic cloves, white beans, diced tomatoes, chicken broth, herb seasoning, pepper, sausages]"
Portuguese-Shrimp-And-Sausage-Soup-Recipezaar,Portuguese Shrimp and Sausage Soup,3,22200.0,"[Main Dishes, Soups]",[Portuguese],"[diced tomatoes, red potato, chorizo sausage, pepper, celery, white wine, water, finely chopped onion, smoked paprika, minced garlic, salt, thyme, medium shrimp]"
Portuguese-Chicken-Baked-With-Potatoes-And-Garlic-Recipezaar,Portuguese Chicken Baked With Potatoes and Garlic,3,4500.0,[Main Dishes],[Portuguese],"[chicken, potatoes, onions, fresh rosemary, olive oil, garlic cloves, pepper, salt]"
Portuguese-Egg-Bread-Recipezaar,Portuguese Egg Bread,3,10800.0,[Breads],[Portuguese],"[flour, sugar, cake, salt, margarine, crisco, eggs, milk, water]"
Portuguese-Paella-Recipezaar,Portuguese Paella,4,3600.0,[Main Dishes],"[Spanish, Portuguese]","[chicken thighs, fresh rosemary, salt, ground black pepper, canola oil, chourico, onions, red bell pepper, arborio rice, plum tomatoes, sweet paprika, saffron, garlic cloves, chicken broth, large shrimp, asparagus, frozen peas]"
Portuguese-Potato-And-Garlic-Soup-_sopa-De-Alho-Com-Batatas_-Recipezaar,Portuguese Potato and Garlic Soup (Sopa De Alho Com Batatas),4,1800.0,[Soups],[Portuguese],"[butter, garlic cloves, chicken stock cubes, boiling water, nonfat milk, potatoes, light cream, salt]"
Potato-Soup-With-Kale-And-Chorizo-Recipezaar,Potato Soup With Kale and Chorizo,3,4500.0,[Soups],[Portuguese],"[olive oil, onions, sausage casings, smoked paprika, russet potatoes, low sodium chicken broth, kale, bread]"
Squid-_portuguese-Lulash_-Appetizer-Recipezaar,Squid (Portuguese Lulash) Appetizer,2,4500.0,[Appetizers],[Portuguese],"[squid, white wine, extra-virgin olive oil, onions, bay leaves, salt, pepper, garlic]"
Portuguese-Sweet-Rolls-Recipezaar,Portuguese Sweet Rolls,4,9600.0,[Breads],[Portuguese],"[water, potatoes, all-purpose flour, sugar, fast rising yeast, grated lemon peel, salt, milk, butter, eggs, powdered sugar]"
String-Beans-_-Feijao-Verde-Ou-Carrpato-Guisado-Recipezaar,String Beans / Feijao Verde Ou Carrpato Guisado,4,2100.0,[Side Dishes],[Portuguese],"[green beans, butter, onions, parsley, tomatoes, vinegar, salt, pepper, nutmeg]"
Portuguese-Pork-Chops-Recipezaar,Portuguese Pork Chops,2,3900.0,[Main Dishes],[Portuguese],"[pork chops, flour, olive oil, tomatoes, onions, fresh mushrooms, garlic cloves, sherry wine, salt, pepper, bell pepper]"
Chacha_s-Quickie-Portuguese-Bean-Soup-Food_com-287298,Chacha's Quickie Portuguese Bean Soup,4,2700.0,[Soups],[Portuguese],"[extra-virgin olive oil, sausages, yellow onion, garlic, carrots, celery, cilantro, salt, black pepper, chili pepper flakes, Tabasco Pepper Sauce, low sodium chicken broth, white beans, butter beans, black beans]"
Portuguese-Bean-Soup-Recipezaar_3,Portuguese Bean Soup,4,9600.0,[Soups],[Portuguese],"[red kidney beans, onions, garlic cloves, bacon fat, potatoes, tomato paste, water, bay leaves, allspice, pepper, salt]"
Spanish-Scrambled-Eggs-With-Pimenton-And-Asparagus-Recipezaar,Spanish Scrambled Eggs With Pimenton and Asparagus,4,900.0,[Lunch and Snacks],"[Spanish, Portuguese]","[asparagus, large free range egg, smoked paprika, sweet paprika, ground cumin, black pepper, salt, olive oil, butter]"
Portuguese-Sweet-Bread-Food_com-168650,Portuguese Sweet Bread,3,24600.0,"[Breakfast and Brunch, Breads]",[Portuguese],"[bread flour, granulated sugar, instant yeast, water, salt, powdered milk, unsalted butter, vegetable shortening, large eggs, lemon extract, orange extract, vanilla extract, eggs]"
Portuguese-Kale-Soup-Recipezaar,Portuguese Kale Soup,3,3900.0,[Soups],[Portuguese],"[hot Italian sausages, pepperoni slices, yellow onion, celery, chicken stock, water, kale, garlic, red potato, red pepper hot sauce, salt, red kidney beans]"
Portuguese-Bean-Stew-_Feijao-a-Portuguesa_-Epicurious,Portuguese Bean Stew (Feijao a Portuguesa),5,36000.0,[Main Dishes],[Portuguese],"[great northern beans, bacon, onions, garlic cloves, water, tomato paste, spanish chorizo, hot red pepper flakes, paprika]"
Portuguese-Garlic-Steak-Sandwiches-_prego-No-Pao_-Recipezaar,Portuguese Garlic Steak Sandwiches (prego No Pao),4,1200.0,"[Lunch and Snacks, Main Dishes]",[Portuguese],"[sandwich steak, butter, garlic, onions, red wine, coarse sea salt, black pepper, sandwich buns]"
Iscas-Com-Elas-A-Lisboeta-_calf-Liver_-Lisbon-Style_-Recipezaar,"Iscas Com Elas a Lisboeta (Calf Liver, Lisbon Style)",4,2100.0,[Main Dishes],[Portuguese],"[calf liver, white wine, garlic cloves, bay leaf, salt, pepper, vinegar, butter]"
Cod-Portuguese-Recipezaar,Cod Portuguese,2,2100.0,[Main Dishes],[Portuguese],"[olive oil, onions, garlic cloves, green pepper, chopped tomatoes, paprika, orange, fish fillets, salt, pepper, fresh parsley]"
Portuguese-Sweet-Bread-For-Bread-Machine-Recipezaar,Portuguese Sweet Bread for Bread Machine,4,7500.0,[Breads],[Portuguese],"[evaporated milk, unsalted butter, eggs, lemon rind, vanilla extract, sugar, salt, ascorbic acid, bread flour, yeast]"
Sardinhas-A-Setubal-_-Portuguese-Baked-Sardines-Recipezaar,Sardinhas a Setubal / Portuguese Baked Sardines,3,2100.0,"[Lunch and Snacks, Main Dishes]",[Portuguese],"[sardines, salt, pepper, olive oil, tomatoes, garlic cloves, onions, fresh parsley, fresh dill, dry white wine]"
Portuguese-Caldo-Verde-Recipezaar_1,Portuguese Caldo Verde,3,41400.0,"[Soups, Main Dishes]",[Portuguese],"[kale, small white beans, olive oil, onions, chicken stock, sausages, potatoes, pepper, salt]"
Portuguese-Grilled-Tomato-Spread-Recipezaar,Portuguese Grilled Tomato Spread,4,3600.0,[Appetizers],[Barbecue],"[tomatoes, olive oil, garlic cloves, coarse salt, ground black pepper, chopped cilantro, wine, cider vinegar]"
Portuguese-Chourico-And-Kale-Soup-_adapted-From-Rachael-Ray_-Recipezaar,Portuguese Chourico and Kale Soup (Adapted from Rachael Ray),4,1800.0,[Soups],"[Portuguese, American]","[olive oil, potatoes, onions, garlic cloves, bay leaves, kale, garbanzo beans, cannellini beans, diced tomatoes, chorizo sausage, chicken broth, pepper, coarse salt]"
Portuguese-Green-Soup-_caldo-Verde_-Recipezaar,Portuguese Green Soup (Caldo Verde),3,3300.0,[Soups],[Portuguese],"[water, russet potatoes, onions, garlic cloves, sausages, coarse salt, kale, extra-virgin olive oil]"
Jagacida-_portuguese-Jag_-Recipezaar,Jagacida (Portuguese Jag),4,2400.0,[Lunch and Snacks],"[Portuguese, American]","[water, long grain white rice, bay leaves, sausages, tomato paste, lima beans, onions, garlic, white pepper, olive oil]"
Crock-Pot-Osso-Buco-Recipezaar,Crock Pot Osso Buco,3,23100.0,[Main Dishes],"[Spanish, Portuguese, Italian]","[tomato paste, crushed tomatoes, beef consomme, red wine, bay leaves, herb seasoning, garlic cloves, onions, carrots, celery, pepper, salt, veal shanks, vegetable oil, seasoned flour]"
Piri-Piri-Sauce-Recipezaar_1,Piri Piri Sauce,4,2400.0,[Condiments and Sauces],[Portuguese],"[olive oil, jalapeno chilies, seeds, poblano peppers, red pepper flakes, salt, ground black pepper, garlic]"
Portuguese-Sofrito-Bread-Abm-Recipezaar,Portuguese Sofrito Bread Abm,3,12000.0,[Breads],[Portuguese],"[onions, olive oil, active dry yeast, bread flour, sugar, salt, rice, yellow corn meal, water]"
Chicken-Portuguese-Style-_galinha-De-Vinha-D_ahlos_-Recipezaar,Chicken Portuguese Style (Galinha De Vinha D'ahlos),3,46800.0,[Main Dishes],[Portuguese],"[chicken thighs, white vinegar, salt, hot pepper, garlic cloves, vegetable oil, water, bay leaf, peppercorns]"
Portuguese-Marinated-Beef-_Caciola_-Food_com-88033,Portuguese Marinated Beef (Caciola),2,6000.0,[Main Dishes],[Portuguese],"[stewing beef, red pepper flakes, onions, garlic cloves, bay leaves, olive oil, dry red wine, paprika, allspice, ground black pepper, salt]"
Linguica-Portuguese-Sausage-Recipezaar_1,Linguica Portuguese Sausage,3,93600.0,[Main Dishes],[Portuguese],"[pork butt, salt, garlic, hot pepper, coriander, paprika, cinnamon, ground cloves, allspice, cider vinegar, cold water]"
Portugal-Cakes-Allrecipes,Portugal Cakes,4,1800.0,[Desserts],[Portuguese],"[white sugar, margarine, eggs, dry sherry, all-purpose flour, dried currants, ground nutmeg]"
Green-Bean-Salad-Food_com-287161,Green Bean Salad,3,1800.0,"[Side Dishes, Salads]","[Portuguese, American]","[fresh green bean, extra-virgin olive oil, white vinegar, dijon mustard, garlic, pepper, salt, roma tomatoes]"
Portuguese-Sausage-Soup-Food_com-67172,Portuguese Sausage Soup,3,1800.0,[Soups],[Portuguese],"[hot Italian sausages, sausage links, chopped onion, potatoes, chicken, frozen chopped spinach, beer, pepper]"
Portuguese-Apple-Cake-Recipezaar,Portuguese Apple Cake,3,3600.0,[Desserts],[Portuguese],"[flour, sugar, oil, milk, eggs, baking powder, vanilla, apples, cinnamon]"
Portuguese-Potato-and-Cilantro-Soup-Food_com-157686,Portuguese Potato and Cilantro Soup,4,3600.0,[Soups],[Portuguese],"[onions, garlic cloves, olive oil, potatoes, vegetables, salt, cayenne, chopped cilantro]"
Portuguese-Soup-Recipezaar,Portuguese Soup,3,6600.0,[Soups],[Portuguese],"[sausages, kale, onions, chicken broth, beef broth, potatoes, pepper, salt]"
Portuguese-Torpedo-Meat-Recipezaar,Portuguese Torpedo Meat,0,4500.0,"[Lunch and Snacks, Main Dishes]",[Portuguese],"[lean ground beef, hamburger, chorizo sausage, green pepper, onions, tomato sauce, diced tomatoes, paprika, allspice, pepper, salt]"
Portuguese-Coriander-Soup-_sopa-De-Coentro_-Recipezaar,Portuguese Coriander Soup (Sopa De Coentro),4,3000.0,[Soups],[Portuguese],"[olive oil, onions, garlic cloves, chicken stock, potatoes, ground black pepper, salt, cayenne pepper, chopped cilantro]"
Portuguese-Roasted-Potatoes-Recipezaar,Portuguese Roasted Potatoes,4,8100.0,[Side Dishes],[Portuguese],"[water, red wine vinegar, smoked paprika, sugar, salt, ground pepper, spanish onion, tomatoes, fresh parsley, baking potatoes, smoked sausage, chorizo]"
Portuguese-Bean-Soup-Recipezaar_4,Portuguese Bean Soup,3,7200.0,"[Soups, Main Dishes]",[Portuguese],"[polish sausage, hot Italian sausages, garlic cloves, red kidney beans, italian tomatoes, onions, chopped celery, potatoes, green pepper, chopped parsley, water, chili powder, dry mustard, worcestershire sauce, oregano, pepper, salt]"
Caldo-Gallego-_-Galician-White-Bean-Soup_-_-Portuguese_-Recipezaar,Caldo Gallego ( Galician White Bean Soup) ( Portuguese),4,16800.0,[Soups],"[Spanish, Portuguese]","[white beans, cold water, serrano ham, salt pork, turnips, turnip greens, yukon gold potatoes, chorizo sausage, pepper, salt]"
Sardinhas-Assadas-_-Portuguese-Grilled-Sardines-Recipezaar,Sardinhas Assadas / Portuguese Grilled Sardines,4,1200.0,[Lunch and Snacks],[Portuguese],"[sardines, sea salt, olive oil]"
Portuguese-Barbequed-Chicken-Food_com-68647,Portuguese Barbequed Chicken,3,6000.0,[Main Dishes],[Portuguese],"[chicken, garlic cloves, olive oil, paprika, piri-piri sauce, lemon juice, salt, pepper, water]"
Portuguese_style-Sardines-On-Toast-Recipezaar,Portuguese-Style Sardines on Toast,4,1800.0,"[Lunch and Snacks, Appetizers]",[Portuguese],"[sardines, purple onion, tomatoes, lemon, cumin seed, parsley, extra-virgin olive oil, garlic cloves, feta cheese, french bread]"
Pasteis-de-Nata-_Custard-Tarts_-Food_com-70999,Pasteis de Nata (Custard Tarts),4,2400.0,[Desserts],[Portuguese],"[all-purpose flour, salt, granulated sugar, unsalted butter, ice water, corn starch, heavy cream, egg yolks]"
Marinated-Pork-Loin-With-Sweet-Red-Peppers-_Lombo-De-Porco-Com-P-Food_com-66662,Marinated Pork Loin With Sweet Red Peppers (Lombo De Porco Com P,4,23400.0,[Main Dishes],[Portuguese],"[chopped garlic, salt, ground black pepper, boneless pork loin, lard, red pepper, dry white wine, chicken stock, lemon]"
Linguado-Com-Salsa-Verde_-Portuguese-Fish-In-Parsley-Sauce-Recipezaar,Linguado Com Salsa Verde/ Portuguese Fish in Parsley Sauce,3,1200.0,"[Lunch and Snacks, Main Dishes]",[Portuguese],"[garlic cloves, fresh parsley, potatoes, white wine vinegar, olive oil, salt, pepper, flounder fillets, dry white wine, fish stock, water]"
Portuguese-Shrimp-and-Sausage-Soup-1156363,Portuguese Shrimp and Sausage Soup,3,21600.0,[Soups],[Portuguese],"[fire roasted diced tomatoes, red potato, chorizo sausage, cuban peppers, celery, white wine, finely chopped onion, smoked paprika, minced garlic, salt, dried thyme, medium shrimp]"
Portuguese-Shepherd_s-Potatoes-Food_com-292120,Portuguese Shepherd's Potatoes,3,2100.0,[Side Dishes],[Portuguese],"[potatoes, extra-virgin olive oil, chopped garlic, onions, dried rosemary, fresh rosemary, smoked paprika, water]"
Portuguese_style-Baked-Fish-Recipezaar,Portuguese-Style Baked Fish,4,3300.0,[Main Dishes],[Portuguese],"[fish fillets, olive oil, onions, leeks, garlic cloves, plum tomatoes, tomato paste, white wine, cumin, oregano, rosemary, pepper, salt, green pepper, lemon, fresh parsley]"
Portuguese-Fish-Stew-Recipezaar,Portuguese Fish Stew,3,3600.0,"[Soups, Main Dishes]",[Portuguese],"[extra-virgin olive oil, onions, garlic cloves, sausages, thyme sprigs, fresh oregano, bay leaves, yukon gold potatoes, chicken broth, kale, sea salt, ground black pepper, littleneck clams, perch, flat leaf parsley]"
Portuguese-Style-Chicken-One-Pot-Food_com-77370,Portuguese Style Chicken One Pot,3,3300.0,[Main Dishes],[Spanish],"[red bell pepper, bone in chicken thighs, salt, pepper, extra-virgin olive oil, smoked paprika, sausage casings, baby potatoes, portobello caps, fresh bay leaves, onions, garlic, kale, dry sherry, roasted tomatoes, chicken stock, flat leaf parsley, crusty bread, rolls]"
Portuguese-Style-Pork-Cutlets-Recipezaar,Portuguese Style Pork Cutlets,4,1800.0,[Main Dishes],[Portuguese],"[boneless chop pork, white wine, olive oil, garlic cloves, paprika, salt, water, red wine vinegar, oil]"
Green-Soup-_caldo-Verde_-Recipezaar,Green Soup (Caldo Verde),3,8700.0,[Soups],[Portuguese],"[olive oil, onions, large garlic cloves, potatoes, cold water, chorizo sausage, salt, black pepper, kale]"
Punahou-Portuguese-Bean-Soup-Recipezaar,Punahou Portuguese Bean Soup,3,12600.0,"[Soups, Main Dishes]",[Portuguese],"[ham hock, kidney beans, potatoes, carrots, onions, crushed tomatoes, tomato sauce, sausages, elbow macaroni, garlic cloves, sugar, salt, pepper, cabbage]"
Portuguese-Chicken-Food_com-102219,Portuguese Chicken,4,9600.0,[Main Dishes],[Portuguese],"[flour, paprika, chicken, olive oil, tomatoes, juice, prosciutto, onions, roasted red peppers, garlic cloves, parsley, bay leaves, port wine, dry white wine, dijon mustard, tomato paste, butter]"
Beefs-Portuguese-Style-Allrecipes,Beefs Portuguese Style,4,1800.0,[Main Dishes],[Portuguese],"[red wine, water, garlic, chile paste, white pepper, salt, beef tenderloin steaks, vegetable oil]"
New-England-Portuguese-Clam-Boil-Recipezaar,New England Portuguese Clam Boil,3,3300.0,[Main Dishes],[Portuguese],"[clams, mussels, potatoes, onions, chorizo sausage, beer, water, pepper, salt, red pepper flakes, melted butter, lemon]"
Portuguese-Steak-Recipezaar_1,Portuguese Steak,4,4200.0,[Main Dishes],[Portuguese],"[steak, garlic cloves, salt, pepper, chopped parsley, bay leaf, red wine, butter, olive oil, heavy cream, eggs, roasted red peppers]"
Portuguese-Chicken-Soup-Recipezaar,Portuguese Chicken Soup,4,3600.0,[Soups],[Portuguese],"[chicken breasts, onions, fresh parsley, lemon zest, fresh mint, chicken stock, egg noodles, salt, white pepper, fresh lemon juice]"
Portuguese-Custard-Tarts-_Pasteis-De-Nata_-542269,Portuguese Custard Tarts (Pasteis De Nata),4,2400.0,[Desserts],[Portuguese],"[milk, corn starch, vanilla beans, white sugar, egg yolks, frozen pastry puff sheets]"
Portuguese-One-Pot-Chicken-and-Potatoes-1018068,Portuguese One Pot Chicken and Potatoes,3,4200.0,[Main Dishes],[Spanish],"[skinless chicken thighs, freshly ground pepper, kosher salt, all-purpose flour, sweet paprika, extra-virgin olive oil, chorizo, yukon gold potatoes, chopped fresh thyme, garlic, celery, bay leaf, chile pepper, onions, dry sherry, chicken stock, grated lemon zest, grated orange, crushed tomatoes, flat leaf parsley, portuguese rolls]"
Portuguese-Rice-Recipezaar,Portuguese Rice,3,3300.0,[Side Dishes],"[Spanish, Portuguese]","[olive oil, garlic, tomato paste, spanish paprika, banana peppers, parboiled rice, boiling water, salt, pepper]"
Linguica-Portuguese-Sausage-Recipezaar,Linguica Portuguese Sausage,4,1800.0,,[Portuguese],"[pork butt, paprika, minced garlic, salt, liquid smoke, red wine, sugar, ground white pepper, dried oregano, ground black pepper, cayenne pepper]"
Portuguese-Clam-And-Sausage-Roast-Recipezaar,Portuguese Clam and Sausage Roast,3,7800.0,,[Portuguese],"[hot sausage, littleneck clams, cornmeal, olive oil, yellow onion, garlic cloves, dry white wine, flat leaf parsley]"
Portuguese-Brunchwich-Recipezaar,Portuguese Brunchwich,3,1200.0,,[Portuguese],"[extra-virgin olive oil, chorizo sausage, garlic cloves, diced tomatoes, baby spinach leaves, large eggs, salt, ground black pepper, portuguese rolls]"
Portuguese-Steamed-Clams-Recipezaar,Portuguese Steamed Clams,4,1200.0,"[Appetizers, Main Dishes]",[Portuguese],"[clams, chorizo sausage, onions, diced tomatoes, white wine, garlic cloves, crushed red pepper flakes, olive oil]"
Lori_s-Cataplana-Recipezaar,Lori's Cataplana,3,88200.0,[Main Dishes],[Portuguese],"[garlic cloves, paprika, crushed red pepper flakes, sea salt, olive oil, pork, onions, dry white wine, clams, parsley]"
Piri-Piri-Sauce-Recipezaar_3,Piri Piri Sauce,3,540.0,[Condiments and Sauces],[Portuguese],"[olive oil, jalapeno chilies, seeds, poblano peppers, crushed red pepper flakes, salt, ground black pepper, minced garlic]"
Portuguese-Tomato-Rice-Recipezaar,Portuguese Tomato Rice,4,2700.0,[Side Dishes],[Portuguese],"[olive oil, butter, yellow onion, garlic cloves, tomatoes, chicken broth, long-grain rice, pepper, salt]"
Chicken_-Bacon-And-White-Bean-Soup-Portuguese-Style-Recipezaar,"Chicken, Bacon and White Bean Soup Portuguese Style",4,9000.0,[Soups],[Portuguese],"[white beans, bacon, yellow onion, celery, shallots, minced garlic, bay leaves, salt, cayenne pepper, chicken stock, cooked chicken, pecorino romano cheese]"
Portuguese-Bean-Soup-Recipezaar,Portuguese Bean Soup,4,9000.0,"[Soups, Main Dishes]",[Portuguese],"[shanks, sausages, water, tomato sauce, onions, potatoes, carrots, salt, pepper, paprika, kidney beans, cabbage, macaroni]"
Portuguese-Kale-Soup-Food_com-287749,Portuguese Kale Soup,4,3300.0,[Soups],[Portuguese],"[olive oil, chopped garlic, diced onions, turnips, carrots, kale, chourico, bay leaves, fresh parsley leaves, fresh thyme leaves, beef stock, kidney beans, diced tomatoes, potatoes]"
Piri-Piri-Sauce-Food-Network,Piri Piri Sauce,5,2700.0,[Condiments and Sauces],"[Cajun & Creole, Southern & Soul Food, Portuguese, American]","[olive oil, seeds, jalapeno chilies, poblano peppers, crushed red pepper, salt, freshly ground pepper, minced garlic]"
Portuguese-Spicy-Shrimp-Recipezaar,Portuguese Spicy Shrimp,4,1200.0,[],[Portuguese],"[vegetable oil, minced garlic, purple onion, yellow onion, red chili peppers, tomatoes, large shrimp, tomato juice, scallions, chopped parsley, chopped cilantro]"
Portuguese-Cornbread-Recipezaar,Portuguese Cornbread,3,11700.0,[Breads],[Portuguese],"[cornmeal, ground pepper, salt, boiling water, yeast, sugar, hot water, olive oil, bread flour]"
Portuguese-Sweet-Bread-Recipezaar_4,Portuguese Sweet Bread,4,8100.0,[Breads],[Portuguese],"[active dry yeast, water, sugar, mashed potatoes, ground ginger, milk, salt, eggs, butter, flour]"
Smoky-Chorizo-Stuffing-Food_com-64296,Smoky Chorizo Stuffing,3,8100.0,,[Portuguese],"[brioche bread, extra-virgin olive oil, chorizo sausage, white onion, garlic cloves, beefsteak tomatoes, hot smoked paprika, dry white wine, flat leaf parsley, thyme, chicken stock, large eggs, salt, freshly ground pepper]"
Portuguese-Caramel-Cake-Recipezaar,Portuguese Caramel Cake,3,4200.0,[Desserts],[Portuguese],"[caster sugar, cream, milk, butter, eggs, vanilla, flour, baking powder]"
Lobster-Barraca-Recipezaar,Lobster Barraca,4,3600.0,[Main Dishes],[Portuguese],"[lobster meat, onions, olive oil, V8 Vegetable Juice, tomato sauce, cayenne pepper, sweet paprika, butter, cognac]"
Skinny-Portuguese-Kale-and-Potato-Soup-_Caldo-Verde_-Food_com-64295,Skinny Portuguese Kale and Potato Soup (Caldo Verde),4,2700.0,[Soups],[Portuguese],"[turkey sausage, chourico, kale, olive oil, onions, garlic cloves, fat-free chicken broth, boiling potatoes, red pepper flakes, salt, ground pepper]"
Arroz-Na-Gallinha-Recipezaar,Arroz Na Gallinha,3,4200.0,[Main Dishes],[Portuguese],"[tomatoes, yellow onion, chicken broth, chicken thighs, basmati rice, garlic powder, basil leaves, paprika, orange bell pepper, black beans, lemon juice, mild green chiles, tilapia fillets]"
Portuguese-Potato-Soup-Food_com-74301,Portuguese Potato Soup,4,3300.0,[Soups],[Portuguese],"[olive oil, onions, potatoes, carrots, celery, green beans, sea salt, water, savoy cabbage]"
Sopa-De-Cebola-_-Portuguese-Onion-Soup-Recipezaar,Sopa De Cebola / Portuguese Onion Soup,3,1500.0,[Soups],[Portuguese],"[bacon, olive oil, onions, chicken stock, vinegar, salt, pepper, eggs, croutons]"
Camarao-Mozambique-_portuguese_style-Shrimp_-Recipezaar,Camarao Mozambique (portuguese-style Shrimp),3,2700.0,[Main Dishes],[Portuguese],"[butter, onions, water, garlic, flat leaf parsley, tumeric, saffron, warm water, red wine, fresh lemon juice, coarse sea salt, black pepper, crushed red pepper flakes, shrimp]"
Potatoes-With-Bacon-And-Onion-Recipezaar,Potatoes With Bacon and Onion,4,2700.0,[Side Dishes],"[Portuguese, American]","[red potato, bacon, yellow onion, essence, salt, cayenne, minced garlic, olive oil, flat leaf parsley, green onions]"
Portuguese-Green-Soup-Epicurious,Portuguese Green Soup,4,3300.0,[Soups],[Portuguese],"[olive oil, onions, garlic, collard greens, spicy sausage, low salt chicken broth, russet potatoes, crushed red pepper]"
Portuguese-Cacoila-Recipezaar,Portuguese Cacoila,3,960.0,,[Portuguese],"[pork, onions, garlic cloves, crushed red pepper, salt, orange juice, table wine, paprika, black pepper, cinnamon, water, crisco]"
Portuguese-Pork-Ragout-With-Sweet-Peppers-Recipezaar,Portuguese Pork Ragout With Sweet Peppers,4,3900.0,[Main Dishes],[Portuguese],"[pork tenderloin, olive oil, shallots, garlic cloves, red bell pepper, paprika, ground cumin, cumin seed, salt, chicken broth, dry white wine, lemon, lemon juice, ground black pepper, chopped cilantro fresh, toasted slivered almonds]"
Linguica-Bread-Recipezaar,Linguica Bread,4,4500.0,"[Lunch and Snacks, Breads]",[Portuguese],"[bread dough, sausages]"
Poached-Chicken-Portuguese-Recipezaar,Poached Chicken Portuguese,2,2700.0,[Main Dishes],[Portuguese],"[olive oil, scallions, garlic cloves, hot pepper sauce, tomatoes, red wine vinegar, bay leaf, ground cloves, worcestershire sauce, saffron, pepper, boneless skinless chicken breast halves]"
Baked-Cod-Portuguese-Recipezaar_1,Baked Cod Portuguese,4,1800.0,[Main Dishes],[Portuguese],"[olive oil, onions, garlic cloves, green pepper, tomatoes, paprika, steak, fresh parsley, garlic powder, pepper, salt]"
Sopa-Da-Pedra-Rock-Soup-Recipezaar,Sopa Da Pedra Rock Soup,3,2700.0,[Soups],[Portuguese],"[olive oil, chorizo sausage, potatoes, celery ribs, carrots, onions, garlic cloves, bay leaf, salt, chickpeas, sweet paprika, tomatoes, hot sauce, chicken stock, water, bread, cilantro, flat leaf parsley]"
Marinated-Pork-Medallions-Recipezaar,Marinated Pork Medallions,4,1800.0,[Main Dishes],[Portuguese],"[garlic cloves, salt, Gochujang base, paprika, white wine, medaillons of pork, olive oil, onions]"
Portuguese-Baked-Cod-Fish-With-Potatoes-Food_com-288741,Portuguese Baked Cod Fish With Potatoes,3,4200.0,[Main Dishes],[Portuguese],"[cod, pepper, salt, garlic powder, potatoes, paprika, garlic cloves, ground cumin, black pepper, hot sauce, ketchup, onions, white wine, olive oil]"
Portuguese-Fried-Potatoes-_-Batas-a-Portuguesa-543451,Portuguese Fried Potatoes / Batas a Portuguesa,4,4800.0,[Side Dishes],[Portuguese],"[butter, oil, potatoes, salt, black pepper, parsley]"
Cape-Cod-Portuguese-Kale-Soup-Food_com-133310,Cape Cod Portuguese Kale Soup,4,12600.0,[Soups],[Portuguese],"[cannellini beans, red kidney beans, beef broth, water, kale, onions, chorizo sausage, sausages, red wine vinegar, pepper, salt, potatoes]"
Portuguese-Chicken-With-Tomato-Wine-Sauce-Recipezaar,Portuguese Chicken With Tomato Wine Sauce,3,3600.0,[Main Dishes],[Portuguese],"[butter, chicken, onions, flour, garlic cloves, white wine, chicken broth, tomatoes, pepper, salt, parsley]"
Slow-Cooked-Portuguese-Lamb-Recipezaar,Slow Cooked Portuguese Lamb,3,15000.0,[Main Dishes],[Portuguese],"[leg of lamb, red wine, tomato juice, canned tomatoes, spring onions, onions, garlic cloves, fresh rosemary, chopped fresh thyme, pepper, salt, chickpeas, butter beans]"
Chicken-Chorizo-Hotpot-Recipezaar,Chicken Chorizo Hotpot,4,4200.0,[Main Dishes],"[Spanish, Portuguese]","[boneless chicken skinless thigh, chorizo sausage, potatoes, capsicum, olives, onions, garlic cloves, dried rosemary, chili pepper flakes, dried oregano, fennel, black peppercorns, salt, lemon, white wine, olive oil, corn flour]"
Portuguese-Sweet-Bread-Recipezaar,Portuguese Sweet Bread,3,3000.0,[Breads],[Portuguese],"[dry yeast, warm water, milk, butter, salt, eggs, sugar, flour]"
Fish-Cakes_-Portuguese-Style-Food_com-167342,"Fish Cakes, Portuguese-Style",3,3600.0,[Main Dishes],[Portuguese],"[fish fillets, potatoes, eggs, onions, garlic cloves, hot sauce, ground pepper, fresh parsley, salt, oil]"
Portuguese-Alentejo_style-Carrots-_cenouras-A-Alentejana_-Recipezaar,Portuguese Alentejo-Style Carrots (Cenouras a Alentejana),3,3300.0,[Side Dishes],[Portuguese],"[olive oil, onions, carrots, beef, bay leaf, egg yolks, lemon juice, chopped parsley, ground black pepper, salt]"
Chicken-With-Port-And-Raisins-Recipezaar,Chicken With Port and Raisins,4,2100.0,[Main Dishes],"[Spanish, Portuguese]","[raisins, port wine, extra-virgin olive oil, boneless chicken breast, shallots, fresh mushrooms, balsamic vinegar, heavy cream, nutmeg, corn starch, water, ground black pepper, salt, herbs]"
Portuguese-Kale-Soup-_with-Veggie-Version_-Recipezaar,Portuguese Kale Soup (With Veggie Version),4,8400.0,[Soups],[Portuguese],"[potatoes, white onion, dry sherry, white wine, kale leaves, apples, garlic cloves, soy chorizo, chourico, tomatoes with juice, great northern beans, lemon, bay leaves, kosher salt, black pepper, hot sauce, tumeric, thyme]"
Portuguese-Chourico-Stew-Allrecipes,Portuguese Chourico Stew,4,4500.0,[Main Dishes],"[Portuguese, American]","[chourico, onions, garlic, tomato sauce, water, potatoes, red pepper flakes, paprika, green beans]"
Portuguese-Beans_feijao-A-Portuguesa-Recipezaar,Portuguese Beans/Feijao a Portuguesa,3,4800.0,"[Side Dishes, Main Dishes]",[Portuguese],"[great northern beans, dried navy beans, bacon, onions, garlic cloves, tomato paste, sausages, red pepper flakes, sweet paprika, salt, ground pepper]"
Portuguese-Baked-Fish-Recipezaar,Portuguese Baked Fish,3,2400.0,[Main Dishes],"[Spanish, Portuguese]","[haddock fillets, cod, salt, pepper, butter, sweet onion, celery ribs, diced tomatoes, vegetable juice, lemon juice, sugar, garlic cloves, bay leaf]"
Portuguese-Bean-And-Garlic-Omelet-Recipezaar,Portuguese Bean and Garlic Omelet,4,1920.0,[Breakfast and Brunch],[Portuguese],"[onions, olive oil, garlic cloves, ham, white beans, salt, pepper, cilantro, large eggs]"
South-Coast-Portuguese-Fish-Chowder-Food_com-131838,South Coast Portuguese Fish Chowder,4,7200.0,"[Soups, Main Dishes]",[Portuguese],"[olive oil, bay leaves, garlic cloves, onions, green bell pepper, ground allspice, yukon gold potatoes, water, fish stock, tomatoes with juice, chourico, ground black pepper, kosher salt, bass fillets, merluza, flat leaf parsley]"
Fresh-Figs-With-Fleur-De-Sel_-Aged-Balsamic-_-Hazelnuts-550959,"Fresh Figs With Fleur De Sel, Aged Balsamic & Hazelnuts",3,900.0,[Appetizers],"[Spanish, Portuguese]","[hazelnuts, figs, aged balsamic vinegar, fleur de sel]"
Andalucian-Pinchitos-Morunos---Moorish-Saffron-Meat-Skewers-Food_com-126648,Andalucian Pinchitos Morunos - Moorish Saffron Meat Skewers,4,43800.0,"[Lunch and Snacks, Appetizers]","[Spanish, Portuguese, Moroccan]","[boneless skinless chicken breasts, coriander seeds, cumin seed, fennel seeds, smoked paprika, garlic cloves, salt, saffron, boiling water, fresh oregano, bay leaf, sherry wine vinegar, olive oil, flat leaf parsley, coriander]"
Portuguese-Chicken-in-Piri-Piri-Sauce-Food_com-65800,Portuguese Chicken in Piri Piri Sauce,2,5400.0,[Main Dishes],[Portuguese],"[roasting chickens, garlic cloves, salt, lemon, bay leaf, paprika, butter, piri piri pepper, olive oil]"
Portuguese-Bean-Soup-Recipezaar_2,Portuguese Bean Soup,3,9000.0,[Soups],[Portuguese],"[smoked ham hocks, sausages, potatoes, onions, celery ribs, carrots, green bell pepper, fresh parsley leaves, kidney beans, tomato sauce, salt, ground pepper, hot sauce, bay leaf]"
Shrimp-And-Chorizo-Saute-Recipezaar,Shrimp and Chorizo Saute,4,1500.0,[Lunch and Snacks],[Portuguese],"[extra-virgin olive oil, chorizo sausage, garlic cloves, red pepper flakes, jumbo shrimp, dry white wine, salt, pepper, flat leaf parsley, Italian bread]"
Portuguese-Chicken-Recipezaar,Portuguese Chicken,4,3300.0,[Main Dishes],[Portuguese],"[potatoes, carrots, celery ribs, onions, dry white wine, sugar, salt, extra-virgin olive oil, chicken broth, chorizo sausage, boneless skinless chicken breasts, tomato sauce, flat leaf parsley, bread]"
Portuguese-Cornbread-Stuffing-Recipezaar,Portuguese Cornbread Stuffing,3,41400.0,[Side Dishes],[Portuguese],"[cornbread stuffing mix, onions, celery, garlic cloves, chorizo sausage, linguica, margarine, chicken broth, dry white wine, cumin, tumeric, paprika, cilantro, extra-virgin olive oil, black olives, kosher salt, ground black pepper]"
Queijadas-De-Sintra-_Portuguese-Cheese-Tarts-With-Cinnamon_-Food_com-150525,Queijadas De Sintra (Portuguese Cheese Tarts With Cinnamon),2,15600.0,[Desserts],[Portuguese],"[all-purpose flour, salt, vegetable shortening, ice water, chees fresh mozzarella, unsalted butter, sugar, ground cinnamon, large egg yolks]"
Cilantro-Potato-Soup-Recipezaar,Cilantro Potato Soup,3,2700.0,[Soups],[Portuguese],"[olive oil, onions, garlic cloves, chicken broth, potatoes, pepper, salt, red pepper flakes, fresh cilantro, lime juice]"
Portuguese-Greens-Soup-_caldo-Verde_-Recipezaar,Portuguese Greens Soup (Caldo Verde),3,2700.0,[Soups],[Portuguese],"[olive oil, onions, garlic cloves, chicken stock, potatoes, salt, black pepper, vegetable oil, sausages, collard greens, kale, fresh lemon juice]"
Portuguese-Madeira-Beef-Shanks-Recipezaar,Portuguese Madeira Beef Shanks,4,26400.0,[Main Dishes],[Portuguese],"[garlic cloves, onions, green pepper, jalapeno chilies, celery, parsley, beef shank, fresh rosemary, salt, beef broth, madeira wine, steamed rice, horseradish sauce]"
Mediterranean-Olive-Bread-Recipezaar,Mediterranean Olive Bread,2,11700.0,[Breads],[Portuguese],"[active dry yeast, warm water, sugar, butter, large eggs, all-purpose flour, pimentos, black olives, egg yolks, garlic cloves]"
Chili-and-Lemon-Shrimp-Skewers-Food_com-71739,Chili and Lemon Shrimp Skewers,4,1140.0,[Main Dishes],[Portuguese],"[purple onion, lemon, olive oil, sweet chili sauce, lemon juice, garlic cloves, red chili peppers, shrimp, pepper, salt]"
Portuguese-Egg-Pudding-Allrecipes,Portuguese Egg Pudding,4,4200.0,[Desserts],[Portuguese],"[butter, egg yolks, egg whites, white sugar, hot water, cinnamon sticks, lemon peel]"
Portuguese-Vinegar-Sauce-W_-Hot-Pepper-Paste-for-Fish-_Molhanga_-Food_com-63531,Portuguese Vinegar Sauce W/ Hot Pepper Paste for Fish (Molhanga),2,300.0,[Condiments and Sauces],[Portuguese],"[cumin seed, garlic cloves, coarse salt, paprika, edible flowers, ground nutmeg, ground black pepper, sugar, Gochujang base, hot chili sauce, chopped parsley, olive oil, water, wine vinegar]"
Portuguese-Piri-Piri-Chicken-Livers-Recipezaar,Portuguese Piri Piri Chicken Livers,4,1200.0,[Main Dishes],[Portuguese],"[chicken livers, olive oil, paprika, ground cloves, ground cumin, ground black pepper, bay leaf, table salt, pepper, onions, garlic cloves, white wine]"
Portuguese-Style-Steamed-Mussels-604493,Portuguese-Style Steamed Mussels,3,2700.0,[Main Dishes],[Spanish],"[extra-virgin olive oil, bay leaves, chopped garlic, onions, red bell pepper, tomatoes, chourico, dry white wine, mussels, flat leaf parsley, chopped cilantro, ground black pepper]"
Chestnut-Soup-Recipezaar,Chestnut Soup,3,7800.0,[Soups],"[Portuguese, American]","[chestnuts, olive oil, butter, onions, paprika, large garlic cloves, water, bread, coarse salt, white pepper, chopped parsley, light cream]"
Portuguese-Chicken-Casserole-Recipezaar,Portuguese Chicken Casserole,4,4200.0,[Main Dishes],[Portuguese],"[chicken, tomatoes, ham, boiling onions, dijon mustard, large garlic cloves, dry white wine, tawny port, salt, pepper, butter, brandy]"
Caldeirada-Fish-Stew-Food_com-280362,Caldeirada Fish Stew,3,2820.0,"[Soups, Main Dishes]",[Portuguese],"[fish fillets, green bell pepper, onions, garlic cloves, olive oil, tomatoes, dry white wine, tomato paste, parsley, bay leaf, ground coriander, ground nutmeg, ground red pepper, water, oysters, crabmeat, lemon, french bread]"
Wicklewood_s-Spanish-Pork-Food_com-135526,Wicklewood's Spanish Pork,3,2400.0,[Main Dishes],"[Spanish, Portuguese]","[olive oil, boneless chop pork, sausages, onions, garlic, dry white wine, plum tomatoes, bay leaf, sweet paprika, fresh parsley, seasoning]"
Frango-Na-Pucara-_chicken-In-Bean-Pot-_-Recipezaar,Frango Na Pucara (Chicken in Bean Pot ),4,51300.0,[Main Dishes],[Portuguese],"[chicken, onions, bacon, garlic cloves, salt, pepper, green olives, canned tomatoes, dijon mustard, butter, brandy, corn starch, water]"
Portuguese-Style-Chicken-Recipezaar,Portuguese Style Chicken,3,3900.0,[Main Dishes],[Portuguese],"[boneless chicken breast, flour, salt, pepper, olive oil, onions, mushrooms, white wine, garlic cloves, corn starch, dried rosemary]"
Mediterranean-Mayonnaise-Recipezaar,Mediterranean Mayonnaise,0,900.0,[Appetizers],"[Spanish, Portuguese]","[egg yolks, lemon juice, dijon mustard, coarse salt, canola oil, extra-virgin olive oil, hot water, salt, rosemary]"
Portuguese-Cod-Casserole-Recipezaar,Portuguese Cod Casserole,4,5700.0,[Main Dishes],[Portuguese],"[onions, olive oil, garlic cloves, potatoes, plum tomatoes, oil, fish fillets, chicken broth, pepper, salt]"
Potato-and-Tomato-Pie-Food_com-116058,Potato and Tomato Pie,4,3000.0,"[Side Dishes, Main Dishes]",[Portuguese],"[potatoes, red pepper, fresh parsley, garlic cloves, chiles, olive oil, lemon, salt, pepper, tomatoes, sea salt]"
Paradise-Of-Chocolate-Allrecipes,Paradise of Chocolate,3,5400.0,[Desserts],"[Portuguese, Kid-Friendly]","[unsweetened baking chocolate, margarine, confectioners sugar, egg yolks, egg whites, white sugar, all-purpose flour, active dry yeast, jelly]"
Portuguese-Bean-Soup-Food_com-89939,Portuguese Bean Soup,3,19200.0,"[Soups, Main Dishes]",[Portuguese],"[dried kidney beans, water, shanks, tomato sauce, chopped onion, garlic cloves, salt, pepper, potatoes, carrots, shredded cabbage, spaghetti]"
Portuguese-Pork-Tenderloin-Recipezaar,Portuguese Pork Tenderloin,4,4500.0,[Main Dishes],[Portuguese],"[pork tenderloin, flour, salt, pepper, paprika, butter, onions, mushrooms, dry white wine, rosemary, lemon juice, fresh parsley]"
Portuguese-Paella-Recipezaar_1,Portuguese Paella,4,3780.0,[Main Dishes],[Spanish],"[chicken, onions, ham hock, pepper, salt, extra-virgin olive oil, garlic cloves, rice, peeled shrimp, clams, mussels, sea scallops, sausages, red bell pepper, chicken stock, white wine, saffron, frozen peas]"
Caldeirada-De-Lulas-a-Madeirense-_Portuguese-Lulash_-Food_com-86387,Caldeirada De Lulas a Madeirense (Portuguese Lulash),2,1380.0,[Appetizers],[Portuguese],"[squid, white wine, extra-virgin olive oil, onions, fish stock, ginger, bay leaves, salt, pepper, granulated garlic, curry powder]"
Portuguese-Kale-Soup-_Caldo-Verde_-Food_com-74011,Portuguese Kale Soup (Caldo Verde),3,4500.0,[Soups],[Portuguese],"[olive oil, yellow onion, carrots, garlic cloves, chicken broth, yukon gold potatoes, herbes de provence, kale, tomatoes with juice, white beans, pork sausages, salt, pepper]"
Oh-My-Cod_-Food_com-127513,Oh My Cod!,4,1200.0,[Main Dishes],[Portuguese],"[fish fillets, olive oil, thyme leaves, dried parsley, smoked paprika, lemon zest, salt, pepper, brown sugar, roasted garlic, panko breadcrumbs]"
Hilda_s-Portuguese-Stewed-Chicken-Food_com-149416,Hilda's Portuguese Stewed Chicken,3,3600.0,[Main Dishes],[Portuguese],"[chicken, flour, emerils original essence, olive oil, chorizo sausage, onions, potatoes, red pepper, yellow peppers, chopped tomatoes, shallots, garlic, kalamata, white wine, chopped parsley, green onions, crushed red pepper flakes, black pepper, salt, white rice, spinach leaves, parmesan cheese]"
