id,recipeName,rating,totalTimeInSeconds,course,cuisine,ingredients
Jambalaya-1370876,Jambalaya,4,3300.0,[Main Dishes],[Cajun & Creole],"[olive oil, celery, white onion, red bell pepper, yellow bell pepper, green bell pepper, jalapeno chilies, garlic, boneless skinless chicken breasts, andouille sausage, chicken stock, crushed tomatoes, brown rice, creole seasoning, bay leaf, thyme, cayenne pepper, shrimp, okra, salt, pepper, fresh parsley, hot sauce, sliced green onions]"
Southern-Pecan-Pie-1365684,Southern Pecan Pie,4,3600.0,[Desserts],[Southern & Soul Food],"[eggs, sugar, light corn syrup, unsalted butter, vanilla, pecans, pie shell]"
Southern-Buttermilk-Biscuits-1368194,Southern Buttermilk Biscuits,4,1500.0,[Breads],[Southern & Soul Food],"[all purpose unbleached flour, baking soda, baking powder, kosher salt, unsalted butter, buttermilk, sugar]"
Southern-Cornbread-Dressing-with-Sausage-1368675,Southern Cornbread Dressing with Sausage,4,3300.0,[Side Dishes],[Southern & Soul Food],"[cornbread, sausages, onions, celery ribs, butter, College Inn Chicken Broth, cream of chicken soup, salt, poultry seasoning]"
Southern-Cornbread-1365555,Southern Cornbread,4,2100.0,[Breads],[Southern & Soul Food],"[self-rising cornmeal, flour, eggs, buttermilk, oil]"
Southern-Fried-Okra-1368355,Southern Fried Okra,4,1800.0,,[Southern & Soul Food],"[self-rising cornmeal, self rising flour, frozen okra, vegetable oil, salt]"
Sweet-Potato-Cornbread-1372334,Sweet Potato Cornbread,3,3300.0,[Breads],[Southern & Soul Food],"[cornmeal, all-purpose flour, brown sugar, baking powder, baking soda, salt, pumpkin pie spice, sweet potatoes, eggs, buttermilk, honey, butter]"
Southern-Style-Collard-Greens-1357273,Southern Style Collard Greens,4,4800.0,[Side Dishes],[Southern & Soul Food],"[bacon, onions, garlic cloves, chicken broth, collard greens]"
Southern-Fried-Chicken-Batter-1353010,Southern Fried Chicken Batter,4,3600.0,[Main Dishes],[Southern & Soul Food],"[beaten eggs, milk, paprika, poultry seasoning, garlic salt, black pepper, all-purpose flour]"
Savory-Sweet-Potato-Grits-1365525,Savory Sweet Potato Grits,4,2700.0,[Side Dishes],[Southern & Soul Food],"[milk, water, grits, sweet potatoes, green onions, salt, pepper, Tabasco Pepper Sauce]"
Southern-BBQ_-Georgia-Style-1363050,"Southern BBQ, Georgia Style",4,1200.0,,[Southern & Soul Food],"[bourbon whiskey, sea salt, granulated garlic, black pepper, chili powder, brown sugar, paprika, onion powder, cumin, cayenne pepper, apple cider vinegar, apple juice, ketchup, worcestershire sauce, garlic powder, kosher salt, dry mustard]"
Southern-Cornbread-Dressing-1357820,Southern Cornbread Dressing,4,3600.0,,[Southern & Soul Food],"[buttermilk cornbread, sandwich bread, salt, black pepper, rubbed sage, eggs, onions, celery, butter, cream of chicken soup, chicken stock]"
Southern-White-Beans-1366249,Southern White Beans,4,3600.0,[Side Dishes],[Southern & Soul Food],"[dried navy beans, water, ham hock, bacon, meat bones, onions, granulated garlic, sugar, pepper, cajun seasoning, bay leaves]"
Gluten-Free-Cornbread--Southern-Style-1363847,Gluten Free Cornbread- Southern Style,4,1800.0,[Breads],[Southern & Soul Food],"[cornmeal, gluten-free flour, baking powder, salt, milk, eggs, melted butter]"
Classic-coleslaw-303481,Classic Coleslaw,4,600.0,"[Salads, Side Dishes]","[American, Southern & Soul Food]","[hellmann' or best food real mayonnais, lemon juice, sugar, salt, cabbage, carrots, green bell pepper]"
Fried-Catfish-with-Cheese-Grits-1361816,Fried Catfish with Cheese Grits,4,5700.0,[Main Dishes],[Southern & Soul Food],"[catfish fillets, milk, fine grind white cornmeal, salt, peanut oil]"
Southern-Pecan-Pie-1332202,Southern Pecan Pie,4,4800.0,[Desserts],"[Southern & Soul Food, American]","[pie crust, eggs, light corn syrup, butter, light brown sugar, vanilla extract, chopped pecans]"
Southern-Pecan-Pie-1373579,Southern Pecan Pie,4,1800.0,[Desserts],[Southern & Soul Food],"[frozen pie crust, chopped pecans, eggs, granulated sugar, salted butter, dark corn syrup, ground cinnamon, vanilla extract, cinnamon]"
Southern-Cornbread-Dressing-1370315,Southern Cornbread Dressing,4,3600.0,[Side Dishes],[Southern & Soul Food],"[self-rising cornmeal, self rising flour, buttermilk, eggs, vegetable oil, butter, onions, celery, dried sage, poultry seasoning, salt, pepper, toast, milk, chicken stock]"
Southern-Fried-Quail-1367969,Southern Fried Quail,4,1200.0,[Main Dishes],[Southern & Soul Food],"[quail, salt, pepper, all-purpose flour, peanut oil]"
John-Beshs-Classic-Creole-Seafood-Jambalaya-1370668,John Besh’s Classic Creole Seafood Jambalaya,4,6600.0,[Main Dishes],[Cajun & Creole],"[andouille sausage, pork sausages, bacon fat, onions, bell pepper, celery, garlic cloves, white rice, cayenne pepper, bay leaves, crushed tomatoes, chicken stock, shrimp, salt, pepper, green onions]"
Chicken-And-Sausage-Gumbo-1367464,Chicken And Sausage Gumbo,4,11700.0,[Main Dishes],[Cajun & Creole],"[schmaltz, flour, onions, chicken, spices, smoked sausage, celery, green bell pepper, garlic, chicken stock, dried thyme, bay leaves, andouille sausage, okra, worcestershire sauce, Tabasco Pepper Sauce, salt, pepper, cooked white rice]"
Southern-Butter-Beans-1355873,Southern Butter Beans,4,2400.0,[Side Dishes],[Southern & Soul Food],"[lean bacon, diced yellow onion, firmly packed light brown sugar, chicken broth, butter beans, salt, pepper, cayenne pepper]"
Southern-sausage-gravy-308032,Southern Sausage Gravy,5,1200.0,[Breakfast and Brunch],"[Southern & Soul Food, American]","[pork sausages, all-purpose flour, milk, black pepper, kosher salt, biscuits]"
Chicken-Fried-Steak-with-White-Gravy-1356028,Chicken Fried Steak with White Gravy,4,1800.0,[Main Dishes],[Southern & Soul Food],"[cube steaks, all-purpose flour, baking powder, baking soda, black pepper, salt, buttermilk, eggs, hot sauce, garlic powder, vegetable shortening, milk, pepper]"
Turnip-Greens-Stew-1375805,Turnip Greens Stew,3,3600.0,,[American],"[chopped cooked ham, vegetable oil, chicken broth, turnip greens, seasoning, sugar, pepper]"
Sweet-Southern-Cornbread-1003591,Sweet Southern Cornbread,4,2400.0,[Breads],[Southern & Soul Food],"[honey, eggs, butter, milk, water, sugar, yellow corn meal, all-purpose flour, baking powder, salt]"
Easy-Fried-Green-Tomatoes-1301234,Easy Fried Green Tomatoes,4,1500.0,[Side Dishes],[Southern & Soul Food],"[green tomatoes, vegetable oil, eggs, all-purpose flour, Italian seasoned breadcrumbs, ground black pepper, sea salt, parsley]"
Southern-Style-Meatloaf-1318448,Southern Style Meatloaf,3,5220.0,[Main Dishes],[American],"[ground beef, saltines, finely chopped onion, chopped green bell pepper, large eggs, paprika, garlic salt, dri leav thyme, ground black pepper, ketchup, milk, worcestershire sauce]"
Southern-Fried-Okra-1282806,Southern Fried Okra,4,2700.0,[],"[Southern & Soul Food, American]","[okra, buttermilk, self-rising cornmeal, oil]"
Southern-Style-Deviled-Eggs-1359332,Southern-Style Deviled Eggs,3,1800.0,[Appetizers],[Southern & Soul Food],"[large eggs, mayonnaise, prepared mustard, sweet pickle relish, Tabasco Pepper Sauce, salt, freshly ground black pepper, paprika, pimentos, cornichons, cooked bacon]"
Spicy-Southern-Jambalaya-1320133,Spicy Southern Jambalaya,3,2400.0,[Main Dishes],[Cajun & Creole],"[chicken breasts, kielbasa, diced tomatoes, onions, celery, green bell pepper, garlic, cajun seasoning, cayenne pepper, broth, dried oregano, dried parsley, dried thyme, cooked rice]"
Southern-Fried-Chicken-1331211,Southern Fried Chicken,4,3000.0,[Main Dishes],[Southern & Soul Food],"[chicken, water, salt, all-purpose flour, lemon, buttermilk, chipotle, peanut oil]"
Mini-corn-dogs-348369,Mini Corn Dogs,5,1500.0,"[Appetizers, Lunch and Snacks]","[American, Southern & Soul Food, Kid-Friendly]","[hot dogs, pancake mix, eggs, vegetable oil]"
Southern-Collard-Greens-Allrecipes,Southern Collard Greens,5,11400.0,[Side Dishes],"[Southern & Soul Food, American]","[water, ham hock, collard greens, crushed red pepper flakes, vegetable oil, pepper, salt]"
Southern-As-You-Can-Get-Collard-Greens-Allrecipes,Southern as You Can Get Collard Greens,5,4500.0,[Side Dishes],[Southern & Soul Food],"[collard greens, smoked ham hocks, condensed chicken broth, water, white vinegar, pepper, salt]"
Baked-vidalia-onion-dip-300019,Baked Vidalia Onion Dip,4,2100.0,[Appetizers],"[American, Southern & Soul Food]","[onions, grated parmesan cheese, hellmann' or best food real mayonnais, garlic, hot pepper sauce]"
Crawfish-Cornbread-1344372,Crawfish Cornbread,4,5100.0,[Breads],[Southern & Soul Food],"[yellow corn meal, baking powder, salt, creole seasoning, eggs, vegetable oil, yellow onion, cheddar cheese, frozen corn, crawfish, jalapeno chilies]"
Classic-kentucky-mint-julep-357579,Classic Kentucky Mint Julep,5,3000.0,[Beverages],[Southern & Soul Food],"[bourbon whiskey, mint leaves, simple syrup, ice cubes, crushed ice, sugar, water]"
Banana-pudding-369019,Banana Pudding,5,1500.0,[Desserts],"[American, Southern & Soul Food]","[egg yolks, sugar, corn starch, whole milk, vanilla, butter, bananas, cooki vanilla wafer, heavy cream, powdered sugar]"
Southern-Fried-Cabbage-Allrecipes,Southern Fried Cabbage,5,900.0,[Side Dishes],"[Southern & Soul Food, American]","[bacon, vegetable oil, salt, ground black pepper, cabbage, white onion, white sugar]"
Hot-Southern-Buttermilk-Biscuits-1314190,Hot Southern Buttermilk Biscuits,4,2400.0,[Breads],[Southern & Soul Food],"[flour, baking powder, baking soda, salt, butter, shortening, buttermilk]"
Jambalaya-with-White-Quinoa-1368921,Jambalaya with White Quinoa,4,3900.0,[Main Dishes],[Cajun & Creole],"[andouille sausage, onions, green bell pepper, red bell pepper, celery, diced tomatoes, chicken stock, dried oregano, dried thyme, cajun seasoning, hot sauce, worcestershire sauce, bay leaves, kosher salt, ground pepper, shrimp, quinoa]"
Kentucky-hot-brown-bake-365176,Kentucky Hot Brown Bake,5,900.0,[Main Dishes],"[American, Southern & Soul Food]","[refrigerated crescent rolls, meat, cooked bacon, swiss cheese, roma tomatoes, eggs]"
Strawberry-lemonade-368973,Strawberry Lemonade,5,1500.0,[Beverages],"[American, Southern & Soul Food]","[sugar, water, lemon, strawberries, fresh lemon juice, ice cubes]"
Peach-Cobbler-TasteOfHome,Peach Cobbler,4,2400.0,[Desserts],"[American, Southern & Soul Food]","[butter, peaches, sugar, all-purpose flour, milk, baking powder, salt]"
Southern-Style-Black-Eyed-Peas-970825,Southern Style Black-Eyed Peas,4,4200.0,[Side Dishes],[Southern & Soul Food],"[black-eyed peas, water, butter, onions, smoked ham hocks, salt, black pepper]"
Buttermilk-Chess-Pie-Allrecipes,Buttermilk Chess Pie,5,4800.0,[Desserts],"[Southern & Soul Food, American]","[white sugar, all-purpose flour, eggs, buttermilk, melted butter, vanilla extract, unbaked pie crusts]"
Collards-With-Red-Onions-1375809,Collards With Red Onions,3,6000.0,[],[Southern & Soul Food],"[collard greens, purple onion, vegetable oil, vegetable broth, cider vinegar, dark brown sugar, salt, crushed red pepper]"
Easy-jambalaya-296488,Easy Jambalaya,4,1200.0,[Main Dishes],"[American, Cajun & Creole, Southern & Soul Food]","[sweet italian sausag links, cut into, green bell pepper, knorr cajun side   red bean & rice, water, celery, onion powder]"
Southern-Catfish-Tacos-and-Ruby-Princess-Cruise--Ensenada-Mexico-Excursion-1364575,Southern Catfish Tacos and Ruby Princess Cruise- Ensenada Mexico Excursion,4,1800.0,,[Southern & Soul Food],"[red cabbage, green cabbage, purple onion, pickled jalapenos, peaches, mayonnaise, sugar, liquid, filet, salt, pepper, flour, yellow corn meal, garlic salt, cayenne pepper, buttermilk, eggs, vegetable oil, flour tortillas, fresh cilantro]"
Southern-Mashed-Potatoes-638619,Southern Mashed Potatoes,4,2100.0,[Side Dishes],[American],"[potatoes, milk, salt, pepper, mayonnaise, butter]"
Southern-Fried-Cabbage-1008461,Southern Fried Cabbage,4,3000.0,,[Southern & Soul Food],"[bacon, cabbage, onions, worcestershire sauce, apple cider vinegar, brown sugar, garlic powder, black pepper]"
Southern-Fried-Chicken-Allrecipes,Southern Fried Chicken,5,2100.0,[Main Dishes],"[Southern & Soul Food, American]","[chicken, all-purpose flour, salt, ground black pepper, paprika, vegetable oil]"
Southern-Fried-Corn-631343,Southern Fried Corn,3,1800.0,[Side Dishes],[Southern & Soul Food],"[bacon, corn, salt, pepper, sugar, milk, butter]"
Southern-cornbread-304976,Southern Cornbread,5,2100.0,[Breads],[Southern & Soul Food],"[flour, cornmeal, baking soda, salt, sugar, buttermilk, eggs, unsalted butter, bacon drippings]"
Southern-Pulled-Pork-Allrecipes,Southern Pulled Pork,5,23400.0,[Main Dishes],"[Southern & Soul Food, American]","[butter, pork roast, cajun seasoning, onions, garlic, water, flavoring]"
Buttermilk-Marinated-Fried-Green-Tomatoes-Closet-Cooking-54995,Buttermilk Marinated Fried Green Tomatoes,5,2700.0,,[Southern & Soul Food],"[green tomatoes, buttermilk, masa harina, cornmeal, salt, pepper, oil]"
Cornbread-512424,Cornbread,5,2700.0,"[Breads, Side Dishes]","[Southern & Soul Food, Southwestern]","[all-purpose flour, yellow corn meal, baking powder, salt, eggs, buttermilk, maple syrup, unsalted butter]"
South-Carolina-Mustard-BBQ-Sauce-1230270,South Carolina Mustard BBQ Sauce,4,600.0,[Condiments and Sauces],[Barbecue],"[yellow mustard, brown sugar, white vinegar, worcestershire sauce, hot sauce, kosher salt, cracked black pepper]"
Chicken-And-Dumplings-My-Recipes_2,Chicken and Dumplings,5,3900.0,[Main Dishes],"[Southern & Soul Food, Kid-Friendly]","[chicken meat, frozen mixed vegetables, condensed cream of mushroom soup, kosher salt, black pepper, refrigerated biscuits]"
Country-Cooking-Slow-Cooker-Neck-Bones-Allrecipes,Country Cooking Slow Cooker Neck Bones,4,15300.0,,[Southern & Soul Food],"[pork, onions, garlic, salt, dri leav thyme, white vinegar, water]"
Cajun-Brined-Fried-Chicken-1339674,Cajun-Brined Fried Chicken,3,3600.0,[Main Dishes],[Cajun & Creole],"[water, kosher salt, cajun seasoning, chicken, all-purpose flour, ground black pepper, cayenne pepper, buttermilk, hot sauce, peanut oil]"
Southern-Biscuits-1238764,Southern Biscuits,3,3300.0,[Breads],[Southern & Soul Food],"[all-purpose flour, baking powder, baking soda, kosher salt, unsalted butter, shortening, low-fat buttermilk]"
Baked-Fried-Green-Tomatoes-1289578,Baked Fried Green Tomatoes,4,2100.0,[Side Dishes],[Southern & Soul Food],"[cooking oil, all-purpose flour, salt, pepper, large eggs, cornmeal, green tomatoes]"
Southern-Caramel-Cake-630834,Southern Caramel Cake,3,4200.0,[Desserts],[Southern & Soul Food],"[butter, sugar, eggs, flour, buttermilk, vanilla, icing]"
Southern-Fried-Fish-1274098,Southern Fried Fish,4,1500.0,[Main Dishes],[Southern & Soul Food],"[whitefish, salt, pepper, buttermilk, hot sauce, fish, cornmeal, flour, onion powder, black pepper, paprika]"
Down-Home-Chitterlings-Allrecipes,Down Home Chitterlings,4,28800.0,,[Southern & Soul Food],"[chitterlings, onions, salt, crushed red pepper flakes, minced garlic]"
Spicy-Southern-Fried-Chicken-485674,Spicy Southern Fried Chicken,5,3000.0,[Main Dishes],[Southern & Soul Food],"[large eggs, water, hot sauce, baking powder, self rising flour, ground black pepper, salt, garlic powder, chicken, vegetable oil]"
Southern-Style-Collard-Greens-970785,Southern Style Collard Greens,4,5100.0,[Side Dishes],[Southern & Soul Food],"[collard greens, bacon, bacon grease, onions, salt]"
Bayou-shrimp-300052,Bayou Shrimp,4,900.0,[Main Dishes],"[American, Cajun & Creole, Southern & Soul Food]","[onions, green bell pepper, slice, dri thyme leaves, crush, uncook medium shrimp, peel and devein, knorr vegetarian veget bouillon cube, cherry tomatoes]"
Sauteed-green-beans--297656,Sauteed Green Beans ,4,900.0,[Side Dishes],"[French, Southern & Soul Food]","[green beans, red bell pepper, garlic, I Can't Believe It's Not Butter!® Spread]"
Southern-Sweet-Potato-Pie-TasteOfHome,Southern Sweet Potato Pie,5,4200.0,[Desserts],[Southern & Soul Food],"[all-purpose flour, sugar, ground nutmeg, salt, sweet potatoes, eggs, light corn syrup, butter, evaporated milk, pastry shell]"
Southern-Skillet-Corn-1061519,Southern Skillet Corn,4,3600.0,[Side Dishes],[American],"[corn, flour, sugar, salt, pepper, water, butter]"
Southern-Cheese-Grits-513146,Southern Cheese Grits,5,3600.0,[],[Southern & Soul Food],"[grits, milk, butter, medium cheddar cheese, garlic cloves, eggs, salt, pepper, scallions]"
Southern-Chicken-Cornbread-Casserole-1299276,Southern Chicken-Cornbread Casserole,3,2700.0,[Main Dishes],[Southern & Soul Food],"[cooked chicken breasts, poultry seasoning, garlic powder, sour cream, milk, salt, pepper, shredded cheddar cheese, green onions, cornbread muffin mix, cream style corn, eggs, butter]"
Sugar-biscuits-307757,Sugar Biscuits,5,3300.0,"[Breakfast and Brunch, Breads]","[Southern & Soul Food, American]","[all-purpose flour, sugar, baking powder, salt, butter, heavy cream, powdered sugar, whole milk, vanilla extract]"
Southern-Style-Unsweetened-Cornbread-1371167,Southern-Style Unsweetened Cornbread,3,3300.0,[Breads],[Southern & Soul Food],"[stone-ground cornmeal, kosher salt, baking powder, baking soda, sugar, buttermilk, eggs, unsalted butter]"
South-Carolina-Mustard-BBQ-Sauce-574764,South Carolina Mustard BBQ Sauce,4,600.0,[Condiments and Sauces],[Barbecue],"[yellow mustard, brown sugar, white vinegar, worcestershire sauce, hot sauce, kosher salt, cracked black pepper]"
Southern-Fried-Chicken-Wings-518656,Southern Fried Chicken Wings,4,3600.0,[Appetizers],[Southern & Soul Food],"[chicken wings, all-purpose flour, grated parmesan cheese, paprika, dry mustard, dried oregano, salt, ground black pepper, milk, peanut oil]"
Hot-Water-Cornbread-Allrecipes,Hot Water Cornbread,4,900.0,[Breads],"[Southern & Soul Food, American]","[cornmeal, salt, white sugar, shortening, boiling water]"
Southern-Sweet-Tea-MyRecipes-244439,Southern Sweet Tea,4,1560.0,[Beverages],"[Southern & Soul Food, American]","[water, tea bags, sugar, cold water]"
Basic-Deviled-Eggs-My-Recipes,Basic Deviled Eggs,4,1800.0,[Appetizers],"[Southern & Soul Food, American]","[large eggs, mayonnaise, pickle relish, prepared mustard, salt, pepper, paprika]"
Southern-style-pickled-shrimp-308122,Southern-Style Pickled Shrimp,5,2400.0,[Appetizers],[Southern & Soul Food],"[vidalia onion, lemon, cider vinegar, canola oil, capers, celery seed, sugar, salt, Tabasco Pepper Sauce, cooked shrimp]"
Fried-green-tomatoes-305007,Fried Green Tomatoes,5,1200.0,[Side Dishes],[Southern & Soul Food],"[self rising flour, cornmeal, salt, pepper, buttermilk, green tomatoes, vegetable oil, mayonnaise, ketchup, cayenne]"
Fried-Chicken-Martha-Stewart-195305,Fried Chicken,5,,"[Lunch and Snacks, Main Dishes]","[Southern & Soul Food, American]","[coarse salt, sugar, organic chicken, paprika, cayenne pepper, ground black pepper, all-purpose flour, canola oil]"
Carolina-pulled-pork-304440,Carolina Pulled Pork,4,15000.0,[Main Dishes],"[American, Southern & Soul Food]","[pork, Lipton® Recipe Secrets® Onion Soup Mix, ketchup, firmly packed brown sugar, apple cider vinegar, hot pepper sauce, prepared mustard]"
Southern-Butter-Rolls-Allrecipes,Southern Butter Rolls,4,,[Breads],"[Southern & Soul Food, American]","[all-purpose flour, shortening, white sugar, salt, active dry yeast, cold water, vegetable oil]"
Broccoli-Casserole-My-Recipes,Broccoli Casserole,4,2700.0,[Side Dishes],"[Southern & Soul Food, American, Kid-Friendly]","[broccoli, cream of mushroom soup, large eggs, mayonnaise, shredded cheddar cheese, salted butter, pepper, Ritz Crackers]"
Southern-Grits-471386,Southern Grits,5,2100.0,,[Southern & Soul Food],"[grits, water, salt, butter]"
Southern-Candied-Sweet-Potatoes-Allrecipes,Southern Candied Sweet Potatoes,5,4800.0,[Side Dishes],"[Southern & Soul Food, American]","[sweet potatoes, butter, white sugar, ground cinnamon, ground nutmeg, vanilla extract, salt]"
Southern-Style-Green-Beans-686251,Southern-Style Green Beans,4,4500.0,[Side Dishes],[Southern & Soul Food],"[bacon, green beans, chicken broth, water, seasoning salt, black pepper, garlic powder, red pepper flakes, butter]"
Southern-Candied-Sweet-Potatoes-Allrecipes_1,Southern Candied Sweet Potatoes,5,5100.0,[Side Dishes],[Southern & Soul Food],"[white sugar, ground cinnamon, ground nutmeg, salt, butter, sweet potatoes, vanilla extract]"
Barbecue-Rub-My-Recipes,Barbecue Rub,3,3600.0,[Condiments and Sauces],"[Southern & Soul Food, American]","[paprika, brown sugar, dried oregano, coffee, kosher salt, pepper]"
Sausage-gravy-304839,Sausage Gravy,5,1500.0,"[Condiments and Sauces, Breakfast and Brunch]","[Southern & Soul Food, American]","[breakfast sausages, butter, all-purpose flour, whole milk, chopped fresh sage, crushed red pepper, kosher salt, ground black pepper]"
Mama_s-Southen-Fried-Chicken-1352994,Mama's Southen Fried Chicken,4,4500.0,[Main Dishes],[Southern & Soul Food],"[buttermilk, kosher salt, black pepper, eggs, Texas Pete Hot Sauce, all-purpose flour, accent, cayenne pepper, ground sage, paprika, ground coriander, ground thyme, garlic powder, peanut oil]"
Southern-style-cornbread-dressing-307950,Southern-style Cornbread Dressing,5,5400.0,[Side Dishes],"[Southern & Soul Food, American]","[yellow corn meal, all-purpose flour, sugar, baking powder, kosher salt, eggs, unsalted butter, buttermilk, herb seasoned stuffing, sweet onion, chopped celery, chicken stock, large eggs, dried sage, salt, pepper]"
Sweet-potato-casserole-304013,Sweet Potato Casserole,4,3600.0,[Side Dishes],[Southern & Soul Food],"[raisins, light cream or half and half, eggs, firmly packed brown sugar, cookies, sweet potatoes, hellmann' or best food real mayonnais]"
Southern-Hush-Puppies-760778,Southern Hush Puppies,4,4200.0,[],[Southern & Soul Food],"[yellow corn meal, all-purpose flour, baking powder, baking soda, sugar, salt, cayenne, buttermilk, milk, eggs, yellow onion, canola oil]"
Southern-Style-Yellow-Summer-Squash-1313130,Southern-Style Yellow Summer Squash,4,3600.0,[Side Dishes],[Southern & Soul Food],"[bacon drippings, vidalia onion, yellow summer squash, cracked black pepper, salt]"
Egg-Salad-Tea-Sandwiches-Real-Simple-199046,Egg Salad Tea Sandwiches,4,900.0,"[Lunch and Snacks, Appetizers]","[Southern & Soul Food, American]","[large eggs, mayonnaise, kosher salt, black pepper, white sandwich bread]"
Pecan-Pie-Martha-Stewart-191006,Pecan Pie,4,26700.0,[Desserts],"[Southern & Soul Food, American]","[pie dough, large eggs, light corn syrup, light brown sugar, granulated sugar, unsalted butter, vanilla extract, salt, pecan halves, cream sweeten whip]"
Southern-_LOVE_-Biscuits-1024298,Southern {LOVE} Biscuits,4,1620.0,[Breads],[Southern & Soul Food],"[bread flour, baking powder, salt, baking soda, sugar, vegetable shortening, buttermilk]"
Broccoli-Salad-TasteOfHome_1,Broccoli Salad,5,900.0,"[Salads, Side Dishes]","[American, Southern & Soul Food]","[broccoli florets, shredded cheddar cheese, bacon, finely chopped onion, mayonnaise, white vinegar, sugar]"
Southern-Buttermilk-Biscuits-568246,Southern Buttermilk Biscuits,4,2700.0,[Breads],[Southern & Soul Food],"[unsalted butter, self rising flour, buttermilk]"
BBQ-Turkey-Meatloaf-Once-Upon-A-Chef-200039,BBQ Turkey Meatloaf,5,4500.0,[Main Dishes],"[American, Southern & Soul Food]","[ketchup, light brown sugar, apple cider vinegar, dijon mustard, olive oil, yellow onion, minced garlic, salt, ground black pepper, paprika, dried thyme, worcestershire sauce, large eggs, glaze, ground turkey, bread crumbs, fresh parsley]"
Southern-Fried-Chicken-Thighs-634524,Southern Fried Chicken Thighs,3,1800.0,[Main Dishes],[Southern & Soul Food],"[boneless chicken skinless thigh, low-fat buttermilk, cayenne pepper, kosher salt, black pepper, all-purpose flour, canola oil]"
Southern-Chicken-and-Dumplings-1249660,Southern Chicken and Dumplings,4,2400.0,[Main Dishes],[Southern & Soul Food],"[chicken stock, lemon pepper, salt, basil dried leaves, bay leaves, garlic powder, black pepper, chicken, all-purpose flour, baking soda, unsalted butter, buttermilk, corn starch]"
Southern-Style-Cornbread-Dressing-1332437,Southern Style Cornbread Dressing,4,3600.0,[Breads],[Southern & Soul Food],"[celery, onions, muffin, biscuits, eggs, salt, pepper, chicken]"
Apple-Fritters-Serious-Eats-200460,Apple Fritters,5,1800.0,"[Lunch and Snacks, Desserts, Breakfast and Brunch]","[Southern & Soul Food, American]","[all-purpose flour, baking powder, cinnamon, nutmeg, salt, light brown sugar, whole milk, eggs, vanilla, melted butter, apples, vegetable oil, confectioners sugar]"
Lemon-Chess-Pie-513453,Lemon Chess Pie,5,3300.0,[Desserts],"[American, Southern & Soul Food]","[pie crust, unsalted butter, granulated sugar, large eggs, cornmeal, lemon]"
Collard-Greens-with-Bacon-Simply-Recipes-42771,Collard Greens with Bacon,5,3000.0,[Side Dishes],[Southern & Soul Food],"[thick-cut bacon, yellow onion, garlic cloves, sugar, kosher salt, ground black pepper, hot sauce, apple cider vinegar, collard greens, chicken broth]"
Lemon-Meringue-Pie-Martha-Stewart-195041,Lemon Meringue Pie,4,,[Desserts],[Southern & Soul Food],"[cold water, egg whites, sugar, coarse salt]"
Southern-Peach-Cobbler-1218623,Southern Peach Cobbler,4,3600.0,[Desserts],[Southern & Soul Food],"[peaches, white sugar, brown sugar, ground cinnamon, ground nutmeg, fresh lemon juice, corn starch, all-purpose flour, baking powder, salt, unsalted butter, boiling water]"
Virginia-style-Smoked-And-Spiced-Barbecue-Ham-Hocks-1349999,Virginia-style Smoked And Spiced Barbecue Ham Hocks,3,6300.0,,[Barbecue],"[ground cumin, cayenne pepper, salt, ham hock, cider vinegar, cider, dark brown sugar, yellow mustard seeds, dijon mustard, tomato purée, bacon]"
Fried-Green-Tomatoes-Martha-Stewart_1,Fried Green Tomatoes,5,1500.0,"[Lunch and Snacks, Appetizers, Side Dishes]","[Southern & Soul Food, American]","[green tomatoes, freshly ground pepper, coarse salt, yellow corn meal, pimenton, large eggs, vegetable oil]"
Sweet-Potato-Hash-Naturally-Ella-46403,Sweet Potato Hash,4,1800.0,"[Lunch and Snacks, Side Dishes, Breakfast and Brunch]","[Southern & Soul Food, American]","[olive oil, sweet potatoes, onions, pepper, basil, rosemary]"
Southern-Smothered-Chicken-1305573,Southern Smothered Chicken,4,6300.0,[Main Dishes],[Southern & Soul Food],"[fryer chickens, flour, salt, pepper, paprika, thyme leaves, poultry seasoning, garlic salt, yellow onion, oil, water]"
Cinnamon-Pie-Allrecipes,Cinnamon Pie,4,4800.0,[Desserts],"[Southern & Soul Food, American]","[white sugar, all-purpose flour, ground cinnamon, salt, eggs, butter, vanilla extract, milk, unbaked pie crusts]"
Fried-Soft-Shell-Crab-MyRecipes-212703,Fried Soft-Shell Crab,4,3000.0,"[Appetizers, Main Dishes]","[Southern & Soul Food, American]","[vegetable oil, evaporated milk, large eggs, soft shelled crabs, seasoning salt, self rising flour]"
Southern-Pecan-Pie-1294604,Southern Pecan Pie,3,3600.0,[Desserts],[Southern & Soul Food],"[light corn syrup, brown sugar, salt, melted butter, vanilla, large eggs, pecan halves, pie shell]"
Collard-Greens-Martha-Stewart-239061,Collard Greens,4,3000.0,[Side Dishes],"[Southern & Soul Food, American]","[applewood smoked bacon, yellow onion, garlic, ham, chicken broth, collard greens, coarse salt]"
Southern-Peach-Cobbler-1070470,Southern Peach Cobbler,4,4500.0,[Desserts],[Southern & Soul Food],"[butter, sugar, flour, baking powder, salt, milk, peaches]"
Southern-Pimento-Cheese-1109933,Southern Pimento Cheese,4,600.0,,[Southern & Soul Food],"[cream cheese, sharp cheddar cheese, mild cheddar cheese, pimentos, salt, mayonnaise]"
Pecan-Pralines-Martha-Stewart-196651,Pecan Pralines,5,2700.0,"[Lunch and Snacks, Desserts]",[Southern & Soul Food],"[sugar, baking soda, light cream, unsalted butter, pecan halves]"
Deep-South-Fried-Chicken-Allrecipes,Deep South Fried Chicken,5,2700.0,[Main Dishes],"[Southern & Soul Food, American]","[shortening, all-purpose flour, salt, ground black pepper, chicken]"
Southern_style-Chocolate-Gravy-Allrecipes,Southern-Style Chocolate Gravy,5,1200.0,,"[Southern & Soul Food, American]","[cocoa, all-purpose flour, white sugar, milk, butter, vanilla]"
Fried-Green-Tomato-Po_boys-MyRecipes-264072,Fried Green Tomato Po'boys,4,1800.0,[Lunch and Snacks],"[American, Southern & Soul Food]","[baguette, sauce, shredded lettuce, green tomatoes, cooked bacon, avocado]"
Sweet-Potato-Biscuits-Serious-Eats-289011,Sweet Potato Biscuits,5,2400.0,"[Side Dishes, Breakfast and Brunch, Breads]",[Southern & Soul Food],"[sweet potatoes, melted butter, all-purpose flour, sugar, baking powder, salt, milk]"
Shrimp-_-grits-371109,Shrimp & Grits,5,2100.0,"[Lunch and Snacks, Main Dishes]",[Southern & Soul Food],"[water, grits, salted butter, Tabasco Pepper Sauce, shredded sharp cheddar cheese, shrimp, bacon, lemon juice, chopped parsley, sliced green onions, garlic]"
Southern-Fried-Chicken-1101998,Southern Fried Chicken,4,3000.0,[Main Dishes],[Southern & Soul Food],"[kosher salt, cold water, chicken, buttermilk, Tabasco Pepper Sauce, all-purpose flour, baking powder, garlic powder, old bay seasoning, cayenne pepper, ground black pepper, vegetable oil]"
Plantation_style-Vanilla-Lemonade-Allrecipes,Plantation-Style Vanilla Lemonade,5,600.0,[Beverages],"[Southern & Soul Food, American]","[lemon, white sugar, vanilla extract, cold water]"
Country-Fried-Chicken-with-Gravy-1321580,Country Fried Chicken with Gravy,4,3300.0,[Main Dishes],[Southern & Soul Food],"[fillets, boneless skinless chicken breasts, fat-free buttermilk, fat-free chicken broth, panko breadcrumbs, onion powder, garlic powder, paprika, liquid egg substitute, wheat flour, light butter, poultry seasoning, pepper, salt]"
Southern-Peach-Cobbler-1277139,Southern Peach Cobbler,4,4200.0,[Desserts],"[Southern & Soul Food, American]","[peaches, lemon juice, sugar, corn starch, ground cinnamon, ground nutmeg, all-purpose flour, baking powder, baking soda, salt, unsalted butter, buttermilk, almond extract, vanilla ice cream]"
Sweet-potato-hash-297930,Sweet Potato Hash,4,1800.0,"[Breakfast and Brunch, Lunch and Snacks, Side Dishes]","[American, Southern & Soul Food]","[olive oil, ground beef, white onion, Knorr® Beef flavored Bouillon Cube, diced tomatoes, knorr garlic minicub, firmly packed brown sugar]"
Carolina-Pork-Twirl-Allrecipes,Carolina Pork Twirl,5,1800.0,[Main Dishes],[Barbecue],"[bacon, fat, mustard, salt, ground black pepper]"
Cuban-Ropa-Vieja-Allrecipes,Cuban Ropa Vieja,4,15300.0,[Main Dishes],"[Southern & Soul Food, Cuban]","[vegetable oil, flank steak, beef broth, tomato sauce, onions, green bell pepper, garlic, tomato paste, ground cumin, chopped cilantro fresh, olive oil, white vinegar]"
Southern-Fried-Chicken_-1226186,Southern Fried Chicken!,4,4500.0,[Main Dishes],[Southern & Soul Food],"[boneless skinless chicken breasts, buttermilk, flour, salt, black pepper, rub, chicken, cajun seasoning, oil]"
Toad-in-the-Hole-511488,Toad in the Hole,5,2100.0,"[Breakfast and Brunch, Lunch and Snacks, Main Dishes]",[Southern & Soul Food],"[bread, sausages, butter, large eggs, salt]"
Southern_style-Neck-Bones-Allrecipes,Southern-Style Neck Bones,5,10800.0,,"[Southern & Soul Food, American]","[onions, garlic, white vinegar, water, pork, salt, ground black pepper]"
Shrimp-and-andouille-grits-350860,Shrimp and Andouille Grits,5,2100.0,[],[Cajun & Creole],"[water, grits, oil, andouille sausage, cajun seasoning, shrimp, onions, green bell pepper, red bell pepper, celery, garlic, thyme, chicken broth, tomatoes, salt, pepper, heavy cream, green onions, parsley, butter, cheddar cheese]"
North-Carolina-Barbecue-Sauce-513991,North Carolina Barbecue Sauce,5,1800.0,[Condiments and Sauces],[Barbecue],"[apple cider vinegar, ketchup, ancho powder, light brown sugar, kosher salt, ground black pepper, chile de arbol]"
Southern-Style-Pulled-Pork-BBQ-471484,Southern Style Pulled Pork BBQ,5,1800.0,[Main Dishes],[Southern & Soul Food],"[pork roast, salt, black pepper, cider vinegar, brown sugar, hot sauce, crushed red pepper flakes]"
Red-Velvet-Cupcakes-484617,Red Velvet Cupcakes,4,3000.0,[Desserts],"[Southern & Soul Food, Kid-Friendly]","[butter, white sugar, eggs, buttermilk, red food coloring, vanilla extract, baking soda, white vinegar, all-purpose flour, unsweetened cocoa powder, salt]"
The-Perfect-Kentucky-Derby-Mint-Julep-1089642,The Perfect Kentucky Derby Mint Julep,4,1200.0,[Beverages],[Southern & Soul Food],"[bourbon whiskey, simple syrup, ice, mint sprigs]"
Braised-Collard-Greens-1249098,Braised Collard Greens,3,1200.0,[Side Dishes],[Southern & Soul Food],"[collard greens, meat bones, water, onions, sugar, crushed red pepper, salt]"
Best-Southern-Style-Fried-Chicken-624755,Best Southern Style Fried Chicken,3,600.0,[Main Dishes],[Southern & Soul Food],"[chicken, eggs, salt, white flour, ground pepper, milk, buttermilk]"
Cheese-Grits-My-Recipes_1,Cheese Grits,4,1800.0,"[Side Dishes, Breakfast and Brunch]","[Southern & Soul Food, American]","[water, quickcooking grits, reduced fat sharp cheddar cheese, butter, garlic powder, dried thyme, salt]"
Southern-Style-Spicy-Shrimp-and-Rice-1338853,Southern Style Spicy Shrimp and Rice,4,4200.0,[Main Dishes],[Southern & Soul Food],"[unsalted butter, all-purpose flour, green bell pepper, onions, celery ribs, carrots, plum tomatoes, low sodium chicken broth, flat leaf parsley, cajun seasoning, paprika, coarse salt, hot sauce, large shrimp, cooked white rice]"
Southern-Hush-Puppies-1016450,Southern Hush Puppies,4,4200.0,,[Southern & Soul Food],"[yellow corn meal, all-purpose flour, baking powder, baking soda, sugar, salt, cayenne, buttermilk, milk, eggs, yellow onion, canola oil]"
Southern-Style-Fried-Pickle-Spears-1313297,Southern Style Fried Pickle Spears,3,600.0,,[Southern & Soul Food],"[whole dill pickles, dill, milk, eggs, cornmeal, flour, paprika, salt, pepper, cayenne, pickle juice, peanut oil]"
Sweet-Tea-My-Recipes,Sweet Tea,4,1200.0,[Beverages],"[Southern & Soul Food, American]","[water, sugar, tea bags, ice, lemon]"
Southern-Fried-Chicken-_-Waffles-542003,Southern-Fried Chicken & Waffles,4,2400.0,[Breakfast and Brunch],[Southern & Soul Food],"[chicken breast halves, buttermilk, paprika, salt, black pepper, all-purpose flour, vegetable oil, eggs, unsalted butter, cornmeal, sugar, baking powder, baking soda]"
Cornmeal-Griddle-Cakes-513032,Cornmeal Griddle Cakes,5,1200.0,[Breakfast and Brunch],[Southern & Soul Food],"[yellow corn meal, baking powder, fine sea salt, large eggs, water, vegetable oil]"
Hoppin-john-349836,Hoppin John,3,1800.0,,"[American, Southern & Soul Food]","[bacon, onions, black-eyed peas, old bay seasoning]"
Southern-Style-Biscuits-1302724,Southern Style Biscuits,4,1800.0,[Breads],[Southern & Soul Food],"[flour, baking powder, salt, baking soda, butter, shortening, buttermilk]"
Pecan-Pralines-MyRecipes-238184,Pecan Pralines,4,4080.0,"[Lunch and Snacks, Desserts]","[Southern & Soul Food, American]","[pecan halves, firmly packed light brown sugar, whipping cream, butter, light corn syrup, vanilla extract]"
Easy-Pan-Biscuits-My-Recipes,Easy Pan Biscuits,4,2100.0,[Breads],[Southern & Soul Food],"[baking mix, sour cream, lime, butter]"
Gumbo-Gravy-over-Stone-ground-Grits-1373043,Gumbo Gravy over Stone-ground Grits,3,14700.0,[Main Dishes],"[Cajun & Creole, Southern & Soul Food]","[shrimp, cajun seasoning, andouille sausage, vegetable oil cooking spray, vegetable oil, sweet onion, green bell pepper, garlic cloves, flour, reduced sodium fat free chicken broth, okra, plum tomatoes, old fashioned stone ground grits, sliced green onions]"
Grilled-Pimiento-Cheese-and-Fried-Green-Tomato-Sandwich-_GPC_-1366022,Grilled Pimiento Cheese and Fried Green Tomato Sandwich (GPC),3,2400.0,[Lunch and Snacks],[Southern & Soul Food],"[shredded mozzarella cheese, shredded sharp cheddar cheese, mayonnaise, cream cheese, roasted red peppers, hot pepper sauce, garlic powder, kosher salt, green tomatoes, freshly ground pepper, large eggs, all-purpose flour, paprika, panko breadcrumbs, vegetable oil, Ciabatta rolls, bacon]"
Buffalo-Chicken-Dip-474737,Buffalo Chicken Dip,4,1800.0,"[Appetizers, Lunch and Snacks]",[Southern & Soul Food],"[chicken, ranch dressing, colby jack cheese, franks, cream cheese]"
Slow-Cooked-Black-Eyed-Peas-1249355,Slow Cooked Black Eyed Peas,4,18600.0,[Side Dishes],[Southern & Soul Food],"[thick-cut bacon, white onion, green bell pepper, garlic, black-eyed peas, chicken broth, tomatoes, dried oregano, cajun seasoning, black pepper, hot sauce, flavoring]"
Easy-Lima-Beans-Allrecipes,Easy Lima Beans,4,2700.0,[Side Dishes],"[Southern & Soul Food, American]","[cooking spray, onions, chicken broth, baby lima beans]"
New-Orleans-Hurricane-Allrecipes,New Orleans Hurricane,4,120.0,"[Beverages, Cocktails]","[Southern & Soul Food, American]","[ice, light rum, flavored syrup, lemon-lime soda, lime juice, rum]"
Cajun-Seafood-Boil-440850,Cajun Seafood Boil,5,4200.0,,"[Cajun & Creole, Southern & Soul Food, American]","[kosher salt, crawfish, celery, yellow onion, garlic, lemon, creole seasoning, old bay seasoning, worcestershire sauce, cayenne pepper, waxy potatoes, jumbo shrimp, corn, cocktail sauce, hot sauce]"
Southern-Spoonbread-1239706,Southern Spoonbread,4,5100.0,[],[Southern & Soul Food],"[eggs, cornmeal, whole milk, salt, sugar, unsalted butter]"
Southern-Pecan-Pralines-894151,Southern Pecan Pralines,4,2700.0,[Desserts],[Southern & Soul Food],"[brown sugar, granulated sugar, butter, evaporated milk, pecans, salt, vanilla extract, bourbon whiskey]"
Bourbon-Street-New-York-Strip-Steak-Allrecipes,Bourbon Street New York Strip Steak,4,5100.0,[Main Dishes],"[Southern & Soul Food, Barbecue, American]","[new york strip steaks, bourbon whiskey, dark brown sugar]"
Roasted-Turkey-Martha-Stewart,Roasted Turkey,5,13500.0,[Main Dishes],"[Southern & Soul Food, American]","[whole turkey, celery, bay leaves, carrots, onions, butter, poultry seasoning, coarse salt, ground pepper]"
Vicki_s-Hush-Puppies-Allrecipes,Vicki's Hush Puppies,4,2400.0,[Breads],"[Southern & Soul Food, American]","[eggs, white sugar, onions, self rising flour, self-rising cornmeal, oil]"
Southern-Fried-Catfish-624476,Southern Fried Catfish,3,1080.0,[Main Dishes],"[Southern & Soul Food, American]","[catfish, peanut oil, all-purpose flour, cornmeal, cayenne pepper, salt, ground black pepper]"
Southern-Sweet-Potato-Cake-1305633,Southern Sweet Potato Cake,4,4500.0,[Desserts],[Southern & Soul Food],"[all-purpose flour, baking soda, baking powder, salt, ground cinnamon, ground ginger, unsalted butter, granulated sugar, large eggs, vanilla extract, sweet potatoes, buttermilk]"
Southern-Fried-Catfish-1275302,Southern Fried Catfish,4,1800.0,[Main Dishes],[Southern & Soul Food],"[all-purpose flour, crab boil, salt, catfish fillets, cornmeal, oil]"
Okra-Fritters-Martha-Stewart-193770,Okra Fritters,5,1800.0,"[Appetizers, Side Dishes]","[Southern & Soul Food, American]","[vegetable oil, all-purpose flour, coarse salt, ground pepper, okra, yellow onion, large eggs, buttermilk]"
Southern-Fried-Salmon-Patties-1058976,Southern Fried Salmon Patties,4,1200.0,[Main Dishes],[Southern & Soul Food],"[pink salmon, eggs, onions, cornmeal, flour, salt, ground black pepper]"
Easy-Drop-Biscuits-MyRecipes-266383,Easy Drop Biscuits,4,,[Breads],[Southern & Soul Food],"[all-purpose flour, unsalted butter, baking powder, kosher salt, whole milk]"
Buttermilk-Biscuits-Martha-Stewart_4,Buttermilk Biscuits,5,2100.0,"[Breakfast and Brunch, Breads]",[Southern & Soul Food],"[all-purpose flour, baking powder, baking soda, coarse salt, unsalted butter, low-fat buttermilk, heavy cream]"
Southern-Style-Green-Beans-1126535,Southern Style Green Beans,4,4500.0,[Side Dishes],[Southern & Soul Food],"[bacon, fresh green bean, chicken broth, salt, ground black pepper]"
Southern-White-Gravy_-It_s-all-About-the-Bacon-Grease-1049758,"Southern White Gravy, It's all About the Bacon Grease",4,1800.0,[],[Southern & Soul Food],"[bacon drippings, all-purpose flour, milk, salt, ground black pepper]"
Jambalaya-984395,Jambalaya,4,3300.0,[Main Dishes],[Cajun & Creole],"[olive oil, celery, white onion, red bell pepper, yellow bell pepper, green bell pepper, jalapeno chilies, garlic, boneless skinless chicken breasts, andouille sausage, chicken stock, crushed tomatoes, brown rice, creole seasoning, bay leaf, thyme, cayenne pepper, shrimp, okra, salt, pepper, fresh parsley, hot sauce, sliced green onions]"
White-Bbq-Sauce-Allrecipes,White BBQ Sauce,4,1200.0,[Condiments and Sauces],"[Southern & Soul Food, American]","[mayonnaise, ground black pepper, salt, lemon juice, white vinegar, white sugar]"
Hurricane-Punch-My-Recipes,Hurricane Punch,4,1200.0,"[Beverages, Cocktails]",[Southern & Soul Food],"[fruit, frozen limeade concentrate, frozen orange juice concentrate, light rum, dark rum]"
Cheesy-Baked-Grits-Allrecipes,Cheesy Baked Grits,5,5100.0,[Breakfast and Brunch],"[Southern & Soul Food, American, Kid-Friendly]","[milk, butter, grits, salt, white pepper, shredded cheddar cheese, grated parmesan cheese]"
Easy-Crawfish-Etouffee-1325469,Easy Crawfish Étouffée,4,2700.0,[Main Dishes],"[Cajun & Creole, Southern & Soul Food]","[bacon, butter, white onion, celery, bell pepper, jalapeno chilies, garlic, flour, bay leaves, clam juice, water, worcestershire sauce, tomato paste, tomatoes, salt, pepper, cayenne pepper, crawfish, chopped parsley, green onions, hot sauce, brown rice]"
Fried-Chicken-Allrecipes,Fried Chicken,4,1800.0,"[Lunch and Snacks, Main Dishes]","[Southern & Soul Food, American]","[chicken, pepper, salt, all-purpose flour, vegetable oil]"
Sweet-Potato-Cornbread-511738,Sweet Potato Cornbread,5,3000.0,"[Breads, Side Dishes]","[American, Southern & Soul Food]","[white cornmeal, granulated sugar, pumpkin pie spice, large eggs, sweet potatoes, sour cream, unsalted butter]"
Easy-Chicken-and-Dumplings-Savour-the-Senses-58265,Easy Chicken and Dumplings,5,1800.0,[Main Dishes],"[American, Southern & Soul Food]","[chicken, green peas, carrots, broccoli, yellow onion, condensed cream, water, salt, black pepper, biscuits, mozzarella cheese]"
Southern-Baked-Beans-631349,Southern Baked Beans,3,3600.0,[Side Dishes],[American],"[navy beans, bacon, garlic, sweet onion, worcestershire sauce, unsulphured molasses, dark brown sugar, ketchup, yellow mustard, brown sugar]"
Easy-Southern-Biscuits-Allrecipes,Easy Southern Biscuits,4,2100.0,[Breads],"[Southern & Soul Food, American, Kid-Friendly]","[self rising flour, white sugar, milk, mayonnaise]"
Fried-green-tomatoes-349614,Fried Green Tomatoes,4,1800.0,"[Appetizers, Lunch and Snacks, Side Dishes]","[American, Southern & Soul Food]","[eggs, salt, panko breadcrumbs, fresh thyme, green tomatoes, flour, oil, sauce, mayonnaise]"
Southern-Fried-Grits-1298693,Southern Fried Grits,4,1200.0,[Breakfast and Brunch],[Southern & Soul Food],"[grit quick, flour, eggs, oil]"
Pan-Fried-Spinach-Allrecipes,Pan Fried Spinach,4,2100.0,"[Side Dishes, Main Dishes]",[Southern & Soul Food],"[bacon, butter, olive oil, minced garlic, sweet onion, baby spinach leaves, salt and ground black pepper]"
Cajun-Rub-My-Recipes,Cajun Rub,3,3300.0,[Condiments and Sauces],"[Southern & Soul Food, American]","[mustard powder, ground cumin, celery seed, black pepper, kosher salt, brown sugar, cayenne pepper]"
Buttermilk-Pie-Iii-Allrecipes,Buttermilk Pie III,5,4500.0,[Desserts],"[Southern & Soul Food, American]","[butter, white sugar, all-purpose flour, eggs, buttermilk, vanilla extract, ground nutmeg, unbaked pie crusts]"
Buttermilk-Pie-Martha-Stewart,Buttermilk Pie,4,4500.0,[Desserts],"[Southern & Soul Food, American]","[large eggs, all-purpose flour, sugar, low-fat buttermilk, unsalted butter, pure vanilla extract, pie crust, ground nutmeg]"
Sausage-Gravy-My-Recipes,Sausage Gravy,4,1500.0,"[Condiments and Sauces, Breakfast and Brunch]","[Southern & Soul Food, American]","[pork sausages, all-purpose flour, milk, salt, pepper]"
Southern-Tea-Cakes-TasteOfHome,Southern Tea Cakes,5,1800.0,"[Afternoon Tea, Desserts]","[American, Southern & Soul Food]","[shortening, sugar, eggs, milk, vanilla extract, self rising flour]"
Southern-Fried-Chicken-1016449,Southern Fried Chicken,4,3000.0,[Main Dishes],[Southern & Soul Food],"[large eggs, buttermilk, kosher salt, flour, corn starch, garlic powder, paprika, crushed red pepper, black pepper, chicken, peanut oil]"
Cajun-Black-Eyed-Peas-980465,Cajun Black-Eyed Peas,4,2700.0,[Side Dishes],"[Cajun & Creole, Southern & Soul Food]","[bacon, black-eyed peas, chicken broth, hot sauce, cajun seasoning, bay leaf]"
Southern-Buttermilk-Biscuits-1123238,Southern Buttermilk Biscuits,4,1800.0,[Breads],[Southern & Soul Food],"[butter, all-purpose flour, baking powder, kosher salt, buttermilk, unsalted butter]"
Pecan-Pralines-Allrecipes,Pecan Pralines,4,3600.0,"[Lunch and Snacks, Desserts]",[Southern & Soul Food],"[brown sugar, white sugar, water, butter, chopped pecans]"
Chicken-Gravy-My-Recipes,Chicken Gravy,4,1500.0,[Condiments and Sauces],"[Southern & Soul Food, American]","[butter, all-purpose flour, chicken broth, milk, dried minced onion, pepper]"
Southern-Fried-Chicken-757514,Southern Fried Chicken,3,3900.0,[Main Dishes],[Southern & Soul Food],"[onions, garlic, bay leaves, allspice berries, white wine vinegar, caster sugar, fine sea salt, chicken thighs, plain flour, ground white pepper, sweet paprika, coriander seeds, baking powder, buttermilk, sunflower oil]"
Southern-fried-chicken-349846,Southern Fried Chicken,5,3000.0,[Main Dishes],[Southern & Soul Food],"[buttermilk, worcestershire sauce, hot pepper sauce, chicken, flour, seasoning salt, pepper, vegetable shortening]"
Shrimp-and-Grits-512325,Shrimp and Grits,5,1800.0,"[Breakfast and Brunch, Main Dishes]","[American, Southern & Soul Food]","[grits, salt, butter, shredded sharp cheddar cheese, shrimp, bacon, fresh lemon juice, fresh parsley, sliced green onions, large garlic cloves]"
Cajun-Deviled-Eggs-Allrecipes,Cajun Deviled Eggs,4,2400.0,[Appetizers],"[Southern & Soul Food, American]","[eggs, mayonnaise, dijon style mustard, salt, ground black pepper, ground cayenne pepper]"
Southern-Style-Biscuits-with-Sweet-Maple-Sausage-Gravy-1331650,Southern Style Biscuits with Sweet Maple Sausage Gravy,4,3000.0,[Breakfast and Brunch],[Southern & Soul Food],"[all-purpose flour, baking powder, baking soda, salt, sugar, milk, half & half, vinegar, eggs, greek yogurt, butter, olive oil, onions, breakfast sausages, cayenne pepper, maple syrup, pepper]"
Cajun-Catfish-My-Recipes_1,Cajun Catfish,4,1200.0,[Main Dishes],"[Cajun & Creole, Southern & Soul Food, American]","[catfish fillets, fresh lemon juice, cajun seasoning, vegetable oil cooking spray, lemon wedge]"
Sweet-Potato-Cornbread-1109452,Sweet Potato Cornbread,4,3000.0,[Breads],[Southern & Soul Food],"[white cornmeal, granulated sugar, pumpkin pie spice, large eggs, sweet potatoes, sour cream, unsalted butter]"
Arkansas-Green-Beans-AllRecipes,Arkansas Green Beans,5,3300.0,[Side Dishes],"[Southern & Soul Food, American]","[green beans, bacon, brown sugar, butter, soy sauce, garlic powder]"
Sweet-Potato-Corn-Bread-1334023,Sweet Potato Corn Bread,4,5100.0,[Breads],[Southern & Soul Food],"[sweet potatoes, unsalted butter, eggs, buttermilk, lemon zest, full-fat plain yogurt, cornmeal, all-purpose flour, baking powder, baking soda, fine salt, granulated sugar, ground ginger, cayenne pepper]"
Old-fashioned-collard-greens-337717,Old-Fashioned Collard Greens,4,5400.0,,[Southern & Soul Food],"[smoked ham hocks, hot sauce, celery salt, collard greens, vinegar]"
Oven_Fried-Chicken-Martha-Stewart,Oven-Fried Chicken,5,3600.0,"[Lunch and Snacks, Main Dishes]","[Southern & Soul Food, American]","[chicken, low-fat buttermilk, garlic cloves, coarse salt, ground pepper, whole wheat bread, vegetable oil]"
Southern-Sauce-Allrecipes,Southern Sauce,4,180.0,[Condiments and Sauces],"[Southern & Soul Food, American]","[mayonnaise, yellow mustard, white sugar]"
Creamy-Southern-Grits-1088045,Creamy Southern Grits,4,2700.0,[],[Southern & Soul Food],"[water, milk, salt, quickcooking grits, butter]"
Big-B_s-Collard-Greens-AllRecipes,Big B's Collard Greens,5,8400.0,[],[Southern & Soul Food],"[chicken stock, ham hock, onions, garlic, crushed red pepper flakes, cider vinegar, black pepper, water, collard greens, salt, hot pepper sauce]"
Cream-Cheese-Frosting-TasteOfHome,Cream Cheese Frosting,4,600.0,[Desserts],"[American, Southern & Soul Food]","[cream cheese, softened butter, vanilla extract, salt, confectioners sugar]"
Green-Gumbo-Simply-Recipes-287088,Green Gumbo,5,9000.0,[],[Cajun & Creole],"[peanut oil, flour, chopped onion, chopped green bell pepper, chopped celery, garlic, bay leaves, cajun seasoning, ham hock, water, greens, salt, andouille sausage, file powder, black pepper, cayenne, celery seed, dried thyme, dried oregano, garlic powder, sweet paprika]"
Buttermilk-Fried-Chicken-Martha-Stewart,Buttermilk Fried Chicken,4,3600.0,"[Lunch and Snacks, Main Dishes]","[Southern & Soul Food, American]","[low-fat buttermilk, coarse salt, cayenne pepper, chicken, all-purpose flour, vegetable oil]"
Southern-Peach-Cobbler-933089,Southern Peach Cobbler,4,3600.0,[Desserts],[Southern & Soul Food],"[brown sugar, ground cinnamon, peaches, white sugar, fresh lemon juice, corn starch, ground nutmeg, salt, unsalted butter, all-purpose flour, baking powder, boiling water]"
Southern-Fried-Okra-977923,Southern Fried Okra,4,2700.0,[],"[Southern & Soul Food, American]","[okra, buttermilk, self-rising cornmeal, oil]"
Buttermilk-Fried-Chicken-Food-And-Wine,Buttermilk Fried Chicken,4,12600.0,[Main Dishes],[Southern & Soul Food],"[whole milk, kosher salt, sugar, chicken, buttermilk, large eggs, sweet paprika, hot sauce, freshly ground pepper, baking powder, baking soda, all-purpose flour, vegetable oil]"
Mississippi-Hush-Puppies-My-Recipes,Mississippi Hush Puppies,5,2100.0,,"[Southern & Soul Food, American]","[self-rising cornmeal, self rising flour, sugar, large eggs, milk, diced onions, chopped green bell pepper, jalapeno chilies, vegetable oil]"
Southern-Style-Collard-Greens-1298675,Southern Style Collard Greens,4,6300.0,[Side Dishes],[Southern & Soul Food],"[collard greens, smoked ham hocks, onions, garlic, black pepper, salt, sugar, Texas Pete Hot Sauce, butter, water]"
Virgin-Strawberry-Daiquiri-Allrecipes_1,Virgin Strawberry Daiquiri,4,300.0,[Beverages],"[Southern & Soul Food, American, Kid-Friendly]","[strawberries, white sugar, lemon juice, lemon-lime soda, ice]"
Creamy-crawfish-dip-314424,Creamy Crawfish Dip,5,2100.0,[Appetizers],"[Cajun & Creole, Southern & Soul Food, American]","[butter, green onions, red bell pepper, garlic, cream cheese, mayonnaise, creole seasoning, cayenne pepper, crawfish, kosher salt, crusty bread, Louisiana Hot Sauce]"
Southern-Hoecakes-1015580,Southern Hoecakes,4,1500.0,,[Southern & Soul Food],"[flour, cornmeal, fresh corn, salt, pepper, sugar, butter, buttermilk, eggs]"
Lynchburg-Lemonade-Allrecipes,Lynchburg Lemonade,4,300.0,"[Beverages, Cocktails]",[Southern & Soul Food],"[ice cubes, whiskey, sweet and sour mix, triple sec, lemon-lime soda]"
The-Best-Chicken-Salad-Ever-Allrecipes,The Best Chicken Salad Ever,5,600.0,"[Lunch and Snacks, Salads]",[Southern & Soul Food],"[boneless chicken breast halves, salad dressing, dressing, celery, onions, pepper, salt]"
Sweet-corn-spoonbread-305443,Sweet Corn Spoonbread,5,6300.0,[Side Dishes],[Southern & Soul Food],"[cornmeal, whole milk, unsalted butter, corn kernels, sugar, salt, cayenne, large eggs, cream of tartar]"
Smothered-Collard-Greens-and-Cabbage-AllRecipes,Smothered Collard Greens and Cabbage,5,2700.0,[Side Dishes],[Southern & Soul Food],"[bacon, onions, collard greens, salt and ground black pepper, seasoning, cabbage, white sugar]"
Lowcountry-Breakfast-Shrimp-Epicurious_1,Lowcountry Breakfast Shrimp,5,1500.0,[Breakfast and Brunch],[Southern & Soul Food],"[unsalted butter, onions, scallions, garlic cloves, kosher salt, large shrimp, water]"
Southern-Shrimp-_-Cheese-Grits-1336202,Southern Shrimp & Cheese Grits,4,2700.0,[Main Dishes],[Southern & Soul Food],"[bacon, shrimp, mushrooms, scallions, garlic, red pepper flakes, cracked black pepper, salt, flour, ham, grits, shredded cheddar cheese]"
Buttermilk-biscuits-365310,Buttermilk Biscuits,5,1200.0,"[Breads, Breakfast and Brunch]",[Southern & Soul Food],"[all-purpose flour, baking powder, baking soda, table salt, butter, buttermilk]"
Firecracker-Fried-Okra-1010616,Firecracker Fried Okra,4,1500.0,,[Southern & Soul Food],"[vegetable oil, self-rising cornmeal, all-purpose flour, salt, onion powder, garlic powder, paprika, cayenne, black pepper, okra, buttermilk, hot sauce]"
Crispy-Oven_fried-Drumsticks-My-Recipes,Crispy Oven-fried Drumsticks,4,2700.0,[Main Dishes],[Southern & Soul Food],"[cornflake cereal, grated parmesan cheese, salt, ground red pepper, ground black pepper, fat-free buttermilk, chicken drumsticks, vegetable oil cooking spray]"
Southern-Shrimp-and-Grits-677717,Southern Shrimp and Grits,4,4800.0,[Main Dishes],[Southern & Soul Food],"[chicken broth, milk, butter, salt, pepper, grits, shredded cheddar cheese, medium shrimp uncook, hot sauce, blackening seasoning, bacon, garlic cloves, green onions]"
Bourbon-Pralines-514493,Bourbon Pralines,5,3600.0,[Desserts],[Southern & Soul Food],"[sugar, baking soda, buttermilk, salt, pecans, butter, bourbon whiskey]"
Southern-Baked-Yellow-Squash-AllRecipes,Southern Baked Yellow Squash,5,5700.0,[Side Dishes],"[Southern & Soul Food, American, Kid-Friendly]","[yellow summer squash, dry bread crumbs, chopped onion, eggs, butter, white sugar, salt, black pepper]"
Biscuits-Martha-Stewart-196537,Biscuits,4,3300.0,"[Breakfast and Brunch, Breads]",[Southern & Soul Food],"[pastry flour, sugar, baking powder, coarse salt, unsalted butter, all-purpose flour, buttermilk, large eggs, heavy cream]"
Alabama-Pulled-Pig-Allrecipes,Alabama Pulled Pig,5,43200.0,[Main Dishes],"[Southern & Soul Food, American]","[apple cider vinegar, salt, brown sugar, ground black pepper, cayenne pepper, butter, water, roast]"
Southern-Boiled-Custard-Allrecipes,Southern Boiled Custard,4,2700.0,"[Desserts, Beverages]","[Southern & Soul Food, American]","[whole milk, eggs, white sugar, vanilla extract]"
Southern-Peach-Cobbler-Allrecipes_1,Southern Peach Cobbler,5,3600.0,[Desserts],"[American, Southern & Soul Food]","[peaches, white sugar, brown sugar, ground cinnamon, ground nutmeg, fresh lemon juice, corn starch, all-purpose flour, baking powder, salt, unsalted butter, boiling water]"
Creamy-crawfish-pasta-308243,Creamy Crawfish Pasta,5,3600.0,[Main Dishes],[Cajun & Creole],"[unsalted butter, green bell pepper, onions, celery, garlic, all-purpose flour, tomato paste, dry white wine, crawfish, heavy cream, creole seasoning, red pepper flakes, kosher salt, freshly ground pepper, penne pasta, chopped parsley]"
Garlic-And-Onion-Boiled-Peanuts-Allrecipes,Garlic and Onion Boiled Peanuts,4,19200.0,,"[Southern & Soul Food, American]","[butter, onions, garlic, peanuts, shells, salt]"
Classic-Cajun-Jambalaya-608320,Classic Cajun Jambalaya,3,3600.0,[Main Dishes],[Cajun & Creole],"[large shrimp, skinless chicken breasts, andouille sausage, garlic powder, cayenne pepper, paprika, dried thyme, dried oregano, olive oil, spanish onion, green bell pepper, red bell pepper, garlic cloves, bay leaves, Sriracha, white rice, chicken stock, lemon]"
Delicious-Southern-Cornbread-Allrecipes,Delicious Southern Cornbread,4,1800.0,[Breads],"[Southern & Soul Food, American]","[vegetable oil, self-rising cornmeal, buttermilk, eggs, honey]"
Mama_s-Tomato-Gravy-Allrecipes,Mama's Tomato Gravy,5,900.0,"[Condiments and Sauces, Main Dishes]","[Southern & Soul Food, American]","[bacon drippings, all-purpose flour, water, tomato paste, salt and ground black pepper]"
Sweet-potato-biscuits-358200,Sweet Potato Biscuits,4,4800.0,"[Side Dishes, Breakfast and Brunch, Breads]",[Southern & Soul Food],"[sweet potatoes, all-purpose flour, sugar, baking powder, fine sea salt, unsalted butter, milk]"
Lemon-Green-Beans-Martha-Stewart-191631,Lemon Green Beans,4,1500.0,[Side Dishes],"[Southern & Soul Food, American]","[lemon, salt, green beans, olive oil]"
Southern-Peanut-Butter-Pie-Allrecipes,Southern Peanut Butter Pie,5,2700.0,[Desserts],"[Southern & Soul Food, American]","[white sugar, salt, dark corn syrup, creamy peanut butter, eggs, salted peanuts, unbaked pie crusts]"
Buttermilk-Cornbread-Martha-Stewart_1,Buttermilk Cornbread,4,2700.0,[Breads],"[Southern & Soul Food, American]","[unsalted butter, yellow corn meal, all-purpose flour, sugar, baking powder, coarse salt, low-fat buttermilk, eggs]"
Southern-Style-Collard-Greens-In-A-Crockpot-1118315,Southern Style Collard Greens In A Crockpot,3,3000.0,,[Southern & Soul Food],"[collard greens, garlic cloves, italian salad dressing, pork, beef broth, dry mustard, sugar]"
Cheese-Straws-Allrecipes_2,Cheese Straws,4,1800.0,"[Lunch and Snacks, Appetizers]","[Southern & Soul Food, American]","[butter, shredded cheddar cheese, all-purpose flour, salt, ground red pepper]"
Bread-Pudding-456370,Bread Pudding,5,,[Desserts],"[American, Southern & Soul Food]","[baguette, eggs, firmly packed light brown sugar, vanilla extract, ground cinnamon, grated nutmeg, salt, milk, dried cranberries, confectioners sugar]"
Cajun-Gravy-1302192,Cajun Gravy,4,3300.0,,[Cajun & Creole],"[unsalted butter, celery, onions, red bell pepper, garlic cloves, bacon grease, all-purpose flour, low sodium beef broth, worcestershire sauce, Crystal Hot Sauce, Slap Ya Mama Cajun Seasoning, dried thyme, dried oregano, kosher salt, freshly ground pepper]"
Southern-Fried-Chicken-With-Smoky-Maple-Caramel-1320818,Southern Fried Chicken With Smoky Maple Caramel,3,2400.0,[Main Dishes],[Southern & Soul Food],"[chicken drumsticks, buttermilk, vegetable oil, plain flour, ground paprika, cayenne, lime wedges, maple syrup, bourbon whiskey, smoked paprika, red wine vinegar]"
