id,recipeName,rating,totalTimeInSeconds,course,cuisine,ingredients
Easy-30-Minute-Homemade-Chicken-Tortilla-Soup-1320620,Easy 30-Minute Homemade Chicken Tortilla Soup,4,2100.0,[Soups],[Southwestern],"[corn tortillas, olive oil, kosher salt, vidalia onion, jalapeno chilies, garlic cloves, low sodium chicken broth, diced tomatoes, black beans, cooked chicken, corn, lime juice, chili powder, cumin, salt, black pepper, smoked paprika, cayenne pepper, cilantro leaves, avocado, shredded cheese, sour cream]"
Butternut-Squash-Enchilada-Casserole-1374494,Butternut Squash Enchilada Casserole,4,4800.0,[Main Dishes],[Mexican],"[butternut squash, yellow onion, poblano peppers, jalapeno chilies, oil, ground cumin, pepper, salt, black beans, cilantro, baby spinach leaves, salsa, corn tortillas, Mexican cheese]"
Crunchy-Mexican-Tostadas-with-Shredded-Chicken-1360445,Crunchy Mexican Tostadas with Shredded Chicken,4,4200.0,[Main Dishes],[Mexican],"[water, apple cider vinegar, sugar, kosher salt, purple onion, white onion, roma tomatoes, large garlic cloves, serrano chile, vegetable oil, ground cumin, cracked black pepper, rotisserie chicken, black beans, tostadas, iceberg lettuce, avocado, radishes, chopped cilantro, crema mexican, cotija, lime wedges]"
Taco-Bell-Mexican-Pizza-1368560,Taco Bell Mexican Pizza,3,1500.0,[Main Dishes],[Mexican],"[ground beef, all-purpose flour, chili powder, salt, dried minced onion, paprika, garlic powder, onion powder, water, flour tortillas, crisco shortening, refried beans, salsa, shredded cheddar cheese, shredded Monterey Jack cheese, diced tomatoes, green onions]"
Southwestern-Bean-Salad-1373976,Southwestern Bean Salad,4,600.0,,[Southwestern],"[pinto beans, kidney beans, corn, green chile, chicken, onions, salsa, chili powder, cumin]"
Loaded-Nachos-1346529,Loaded Nachos,4,2700.0,[Appetizers],[Mexican],"[olive oil, yellow onion, ground beef, chili powder, paprika, cumin, crushed red pepper, salt, pepper, pinto beans, hot water, tortilla chips, cheddar cheese, monterey jack, roma tomatoes, jalapeno chilies, cilantro leaves, lime, avocado, sour cream]"
Chicken-Enchiladas-1374516,Chicken Enchiladas,4,4500.0,[Main Dishes],[Mexican],"[canola oil, onions, jalapeno chilies, salt, garlic cloves, chili powder, ground cumin, sugar, tomato sauce, water, beefsteak tomatoes, boneless skinless chicken breasts, shredded reduced fat cheddar cheese, Mexican cheese blend, cilantro, corn tortillas]"
Southwestern-Cheeseball-1359851,Southwestern Cheeseball,4,8100.0,[Appetizers],[Southwestern],"[shredded sharp cheddar cheese, cream cheese, butter, diced onions, garlic powder, green chile, chopped cilantro, crackers]"
Southwestern-Stuffed-Bell-Peppers-1360149,Southwestern Stuffed Bell Peppers,4,4200.0,[Main Dishes],[Southwestern],"[lean ground beef, onions, celery, garlic, tomatoes, tomato paste, cumin, chili powder, kosher salt, black beans, green chile, frozen corn, long-grain rice, cilantro leaves, bell pepper, cheese]"
Southwestern-Rice-Salad-1339816,Southwestern Rice Salad,4,2400.0,[Salads],[Southwestern],"[cooked brown rice, black beans, corn kernels, red bell pepper, purple onion, white wine vinegar, fresh cilantro, jalapeno chilies, chili powder]"
Southwestern-Egg-Rolls-with-Salsa-Dipping-Sauce-1376319,Southwestern Egg Rolls with Salsa Dipping Sauce,4,3900.0,[Appetizers],[Southwestern],"[nonstick spray, Mexican cheese blend, frozen corn, black beans, frozen chopped spinach, diced green chilies, scallions, ground cumin, chili powder, cayenne pepper, kosher salt, egg roll wrappers, eggs, salsa, plum tomatoes, garlic, jalapeno chilies, cilantro leaves, lime]"
Taco-Soup-1371013,Taco Soup,4,3600.0,[Soups],[Mexican],"[lean ground beef, yellow onion, garlic, jalapeno chilies, diced tomatoes, low sodium beef broth, tomato sauce, chili powder, ground cumin, ground paprika, dried oregano, ranch dressing, salt, freshly ground black pepper, frozen corn, black beans, pinto beans, tortilla strips, avocado, purple onion, Mexican cheese blend]"
Vegetarian-Slow-Cooker-Burritos-1363208,Vegetarian Slow Cooker Burritos,4,900.0,[Main Dishes],[Southwestern],"[black beans, rotelle, pearl barley, broth, frozen whole kernel corn, red bell pepper, green onions, lime juice, ground cumin, chili powder, garlic cloves, chopped cilantro fresh, flour tortillas, shredded cheese, baby spinach, mixed greens, salsa, sour cream]"
Chicken-Tostada-with-Roasted-Jalapeno-Salsa-1374759,Chicken Tostada with Roasted Jalapeño Salsa,4,2700.0,[Main Dishes],"[Southwestern, Mexican]","[jalapeno chilies, garlic, cilantro, yellow onion, white wine vinegar, cumin, salt, avocado oil, chicken, chili powder, corn tortillas, shredded lettuce, shredded cheddar cheese, guacamole, sour cream]"
Crockpot-Verde-Chicken-Chili-1356653,Crockpot Verde Chicken Chili,4,8400.0,[Main Dishes],[Southwestern],"[black beans, salsa, frozen corn kernels, chicken broth, chicken, ground cumin, fresh cilantro, avocado, tortilla chips, lime wedges]"
Southwestern-Breakfast-Pizza-1370489,Southwestern Breakfast Pizza,4,3000.0,[Breakfast and Brunch],[Southwestern],"[refrigerated pizza dough, salsa, eggs, frozen corn, black beans, Mexican cheese, hot sauce]"
Creamy-Pumpkin-Chicken-Tortilla-Soup-1374623,Creamy Pumpkin Chicken Tortilla Soup,4,1800.0,[Soups],[Southwestern],"[extra-virgin olive oil, onions, celery, carrots, garlic, chicken breasts, reduced sodium chicken broth, pumpkin purée, black beans, corn kernels, nonfat plain greek yogurt, ground cumin, chili powder, sea salt, freshly ground black pepper, garlic salt, tortilla chips, shredded cheddar cheese, avocado, chopped cilantro fresh]"
Chile-con-Queso-1358688,Chile con Queso,4,2100.0,[Appetizers],[Mexican],"[unsalted butter, yellow onion, tomatoes, serrano chile, jalapeno chilies, garlic, flour, cumin, whole milk, cilantro, cheese, shredded Monterey Jack cheese, shredded cheddar cheese, sour cream, salt]"
Crockpot-Verde-Chicken-Chili-1365521,Crockpot Verde Chicken Chili,3,2700.0,[Main Dishes],[Southwestern],"[black beans, salsa, frozen corn, chicken broth, chicken, ground cumin, cilantro leaves, avocado, lime, tortilla chips]"
Southwestern-Quinoa-Patties-1373120,Southwestern Quinoa Patties,4,2100.0,[],[Southwestern],"[cooked quinoa, black beans, large eggs, salsa, cheddar cheese, garlic, gluten-free breadcrumbs, cumin, chili powder, sea salt, coconut oil, avocado, yoghurt]"
Beef-Enchiladas-1339569,Beef Enchiladas,4,3300.0,[Main Dishes],[Mexican],"[onions, jalapeno chilies, garlic cloves, chili powder, ground cumin, sugar, tomato sauce, water, large tomato, ground beef, extra sharp white cheddar cheese, monterey jack, soft corn tortillas, cooking spray, salt, pepper]"
Southwestern-Chicken-and-Rice-Skillet-1320584,Southwestern Chicken and Rice Skillet,4,2400.0,[Main Dishes],[Southwestern],"[mayonnaise, chicken broth, rice, chili powder, boneless skinless chicken breasts, pepper, cheese, corn, tomatoes, black beans]"
Mexican-Ground-Beef-Casserole-1351715,Mexican Ground Beef Casserole,4,3600.0,[Main Dishes],[Mexican],"[extra lean ground beef, onions, jalapeno chilies, fresh tomatoes, corn, black beans, taco seasoning mix, corn tortillas, Mexican cheese blend, fresh cilantro]"
Guacamole-298512,Guacamole,4,600.0,"[Appetizers, Lunch and Snacks]","[Mexican, Southwestern]","[avocado, tomatoes, green onions, chopped cilantro fresh, lime juice, knorr garlic minicub]"
Chicken-Enchiladas-1333417,Chicken Enchiladas,4,3600.0,[Main Dishes],[Mexican],"[corn tortillas, boneless skinless chicken breasts, cumin, chili powder, vegetable oil, onions, green enchilada sauce, shredded cheddar cheese, sour cream, diced tomatoes, chopped cilantro]"
Southwestern-Turkey-Soup-1359619,Southwestern Turkey Soup,4,1800.0,[Soups],[Southwestern],"[onions, carrots, garlic, jalapeno chilies, olive oil, chili powder, cumin, coriander, oregano, turkey stock, cooked turkey, chili beans, diced tomatoes, frozen corn, sour cream, avocado, grating cheese, tortilla chips, lime juice, fresh cilantro]"
Skillet-Chilaquiles-1372775,Skillet Chilaquiles,3,2400.0,,[Mexican],"[chipotle salsa, vegetables, chicken broth, heavy cream, corn tortilla chips, queso panela, avocado, purple onion, jalapeno chilies, cilantro, lime, sour cream, chipotle chile, roma tomatoes, garlic cloves, water, salt, freshly ground black pepper]"
Huevos-rancheros-370964,Huevos Rancheros,5,2400.0,"[Breakfast and Brunch, Lunch and Snacks]","[American, Mexican, Southwestern]","[olive oil, minced onion, garlic, jalapeno chilies, ground cumin, kosher salt, black pepper, tomatoes, tortillas, refried beans, eggs, feta cheese, chopped cilantro]"
Crockpot-Enchilada-Pie-1372822,Crockpot Enchilada Pie,4,600.0,[Main Dishes],[Southwestern],"[ground beef, onions, green pepper, garlic cloves, flour tortillas, diced tomatoes, black beans, salsa, corn, chili powder, cumin, paprika, salt, pepper, shredded cheddar cheese, cilantro, avocado, olives, fresh tomatoes]"
Southwestern-Breakfast-Skillet-Scramble-1330026,Southwestern Breakfast Skillet Scramble,4,1800.0,[Breakfast and Brunch],[Southwestern],"[canola oil, potatoes, frozen corn kernels, sweet onion, green pepper, red pepper, eggs, nonfat milk, kosher salt, Mexican cheese blend, crumbled bacon, salsa, hot sauce, fresh cilantro]"
Mexican-Breakfast-Cassserole-1357348,Mexican Breakfast Cassserole,4,90600.0,[Breakfast and Brunch],[Mexican],"[chile pepper, sausages, yellow onion, poblano, chili powder, corn tortillas, large eggs, half & half, Mexican cheese, pepper sauce, salt, freshly ground black pepper, condiments, salsa, avocado]"
Mexican-Enchilada-Casserole-with-Black-Beans-1368923,Mexican Enchilada Casserole with Black Beans,3,1500.0,[Main Dishes],[Mexican],"[chopped onion, red pepper, garlic cloves, salsa, ground cumin, black beans, corn tortillas, monterey jack, tomatoes, sour cream, sliced black olives]"
Chicken-Enchiladas-1311819,Chicken Enchiladas,4,2700.0,[Main Dishes],[Mexican],"[rotisserie chicken, white corn tortillas, shredded mozzarella cheese, green chilies, white onion, cilantro, tomatillos, enchilada sauce]"
Spicy-Southwestern-Grilled-Chicken-Salad-with-Creamy-Jalapeno-Dressing-1364368,Spicy Southwestern Grilled Chicken Salad with Creamy Jalapeno Dressing,4,900.0,[Salads],[Southwestern],"[romaine lettuce, shredded cheddar cheese, pickled jalapenos, avocado, black beans, corn, roma tomatoes, crumbled bacon, boneless skinless chicken breasts, salt, black pepper, cumin, cayenne, chili powder, cream cheese, plain greek yogurt, buttermilk, jalapeno chilies, garlic, green onions, fresh cilantro, pepper]"
Double-Decker-Tacos-1349380,Double Decker Tacos,4,2400.0,[Main Dishes],[Mexican],"[ground beef, finely chopped onion, tomato sauce, fresh cilantro, ground cumin, garlic powder, chili powder, lime, salt, pepper, taco shells, flour tortillas, refried beans, chees fresco queso, romaine lettuce, diced tomatoes, chopped cilantro]"
Easy-Enchiladas-1349384,Easy Enchiladas,4,4500.0,[Main Dishes],[Mexican],"[boneless skinless chicken breasts, cream of chicken soup, sour cream, chili powder, butter, onions, chopped green chilies, taco seasoning mix, green onions, water, lime juice, onion powder, garlic powder, flour tortillas, Mexican cheese blend, enchilada sauce, sliced black olives]"
Super-Simple-Burritos-1371524,Super Simple Burritos,4,1800.0,[Main Dishes],[Mexican],"[ground beef, sea salt, shredded cheese, salsa, whole wheat tortillas, pinto beans, chopped onion, chili powder, olives, sweet corn]"
Spicy-Green-Chile-Turkey_-Butternut-Squash-and-Crispy-Sage-Enchiladas_-1367598,"Spicy Green Chile Turkey, Butternut Squash and Crispy Sage Enchiladas.",4,1500.0,[Main Dishes],"[Southwestern, Mexican]","[olive oil, butternut squash, chili powder, cumin, fresh sage, enchilada sauce, mild green chiles, diced green chilies, milk, turkey, dried cranberries, sharp cheddar cheese, smoked gouda, red enchilada sauce, Old El Paso Flour Tortillas, sage leaves, cranberry sauce, fresh pineapple, jalapeno chilies, fresh cilantro, lime]"
Chicken-Enchilada-Casserole-1367494,Chicken Enchilada Casserole,4,3900.0,[Main Dishes],"[Southwestern, Mexican]","[vegetable oil, flour, chili powder, garlic powder, salt, onion powder, cumin, tomato sauce, chicken stock, corn tortillas, black beans, corn, cheddar cheese, monterey jack, rotisserie chicken, sliced green onions, grape tomatoes, chopped cilantro fresh]"
Skillet-Chilaquiles-1366583,Skillet Chilaquiles,4,2100.0,[],[Mexican],"[tortillas, canola oil, tomato sauce, tomato paste, garlic cloves, chipotles in adobo, ancho powder, cumin, smoked paprika, monterey jack, eggs, avocado, purple onion, fresh cilantro, jalapeno chilies, scallions, tomatoes, queso fresco]"
Chicken-and-Chile-Enchiladas-for-a-Crowd-1357542,Chicken and Chile Enchiladas for a Crowd,4,2700.0,[Main Dishes],[Mexican],"[chicken, poblano chiles, shredded Monterey Jack cheese, oil, corn tortillas, enchilada sauce, sliced black olives, scallions]"
Chipotle_s-Chicken-Burrito-1316321,Chipotle's Chicken Burrito,3,1500.0,[Main Dishes],"[Southwestern, Mexican]","[vegetable oil, salsa, chipotle chile, pinto beans, water, rotisserie chicken, cilantro, salt, pepper, tortillas, white rice, monterey jack, romaine lettuce, avocado, roma tomatoes]"
Roasted-Butternut-Squash-Enchilada-Casserole-1370436,Roasted Butternut Squash Enchilada Casserole,4,5400.0,[Main Dishes],"[Southwestern, Mexican]","[butternut squash, yellow onion, poblano peppers, jalapeno chilies, olive oil, ground cumin, pepper, salt, black beans, cilantro, baby spinach leaves, salsa, tortillas, shredded cheddar cheese]"
Chicken-Enchiladas-631083,Chicken Enchiladas,3,16200.0,[Main Dishes],[Mexican],"[boneless chicken skinless thigh, enchilada sauce, green chilies, onions, flour tortillas, jack cheese, green onions]"
Freezer-Black-Bean-Fajita-Burritos-1363211,Freezer Black Bean Fajita Burritos,4,1920.0,"[Lunch and Snacks, Main Dishes]",[Mexican],"[bell pepper, purple onion, chili powder, fajita seasoning mix, cooked brown rice, salt, black beans, lime, shredded cheddar cheese, tortilla shells]"
Chicken-Enchiladas-634207,Chicken Enchiladas,3,3600.0,[Main Dishes],[Mexican],"[skinless chicken breasts, tomatoes, taco seasoning mix, flour tortillas, shredded cheese, garlic, cilantro, enchilada sauce]"
Steak-Fajitas-1336362,Steak Fajitas,4,2400.0,[Main Dishes],[Mexican],"[flank steak, olive oil, worcestershire sauce, lime juice, garlic, cumin, chili powder, red pepper flakes, salt, black pepper, sugar, onions, red bell pepper, orange bell pepper, green bell pepper, slice, yellow bell pepper, oil, flour tortillas, cheese, salsa, sour cream, cilantro leaves]"
Mom_s-Chicken-Enchiladas-1314007,Mom's Chicken Enchiladas,3,2400.0,[Main Dishes],[Mexican],"[chicken breasts, green onions, fresh cilantro, jalapeno chilies, green enchilada sauce, corn tortillas, reduced fat cheddar cheese, lettuce, salsa, light sour cream, tomatoes, ripe olives]"
Quesadilla-Casserole-1321216,Quesadilla Casserole,3,2700.0,[Main Dishes],[Southwestern],"[ground beef, chopped onion, tomato sauce, black beans, corn kernel whole, green chile, McCormick Chili Powder, McCormick Ground Cumin, McCormick Garlic, McCormick Oregano Leaves, mccormick red pepper, crushed, flour tortillas, shredded cheddar cheese]"
Recipe-For-Chipotle-Burritos-_Copycat_-1235049,Recipe For Chipotle Burritos (Copycat),3,1500.0,[Main Dishes],"[Southwestern, Mexican]","[chicken, cumin, garlic, sweet onion, salt, pepper, diced tomatoes, diced red onions, jalapeno chilies, cooked rice, lemon juice, lime juice, cilantro, black beans, sour cream, guacamole, flour tortillas]"
Southwestern-Egg-Rolls-962647,Southwestern Egg Rolls,4,3600.0,[Appetizers],[Southwestern],"[frozen corn, black beans, Mexican cheese blend, frozen chopped spinach, scallions, green chile, ground cumin, chili powder, salt, black pepper, cayenne pepper, egg roll wrappers]"
Chicken-Quesadillas-1237957,Chicken Quesadillas,3,2700.0,[Main Dishes],[Mexican],"[tomatoes, chicken, oil, onions, garlic cloves, chopped bell pepper, chili pepper, plum tomatoes, flour tortillas, shredded cheddar cheese, cooked chicken, salsa, sour cream]"
Chili-mango-chicken-quesadillas-333791,Chili Mango Chicken Quesadillas,5,1500.0,[Main Dishes],"[Mexican, Southwestern]","[whole wheat tortillas, chicken, mango, chili powder, sweet onion, bacon, smoked cheddar cheese, pepper jack]"
Prize-Winning-Baby-Back-Ribs-Allrecipes,Prize Winning Baby Back Ribs,5,5700.0,[Main Dishes],"[Barbecue, Southwestern, American]","[ground cumin, chili powder, paprika, pepper, salt, pork baby back ribs, barbecue sauce]"
Home-1369719,Home,3,10800.0,[Main Dishes],"[Southwestern, Mexican]","[unsalted butter, onions, chili powder, garlic cloves, grated orange, juice, lime zest, honey, ground cumin, kosher salt, pepper, chicken, poblano peppers, jalapeno chilies, extra-virgin olive oil, Dr. Pepper®, canola oil, corn tortillas, flour tortillas, chihuahua cheese, black beans, white onion, sour cream, fresh lime juice, lime wedges, chopped cilantro, avocado, salsa]"
Stuffed-Jalapenos-Martha-Stewart,Stuffed Jalapenos,4,1800.0,"[Lunch and Snacks, Appetizers]",[Southwestern],"[cream cheese, cheddar cheese, jalapeno chilies, coarse salt, ground pepper]"
Anytime-quesadillas-297393,Anytime Quesadillas,4,900.0,"[Lunch and Snacks, Main Dishes]",[Southwestern],"[country crock calcium plus vitamin d, flour tortillas, prepar salsa, shredded cheddar cheese, pitted olives]"
Poblano-Chile-Enchiladas-1322190,Poblano Chile Enchiladas,4,2700.0,[Main Dishes],[Mexican],"[sour cream, salsa verde, corn tortillas, poblano chiles, grating cheese]"
Skinny-Slow-Cooker-Southwestern-Chicken-and-Veggies-1237779,Skinny Slow Cooker Southwestern Chicken and Veggies,4,2100.0,[Main Dishes],[Southwestern],"[corn, bell pepper, onions, chopped cilantro fresh, lime, chicken, cumin, chili powder]"
Chipotle-Hummus-and-Fajita-Veggie-Taco-Bowls-_Vegan_-1356197,Chipotle Hummus and Fajita Veggie Taco Bowls [Vegan],3,2700.0,,[Mexican],"[vegan cheddar cheese, avocado, black beans, corn kernel whole, iceberg lettuce, prepar salsa, vegan sour cream, lemon wedge, cilantro]"
Beef-fajitas-336296,Beef Fajitas,5,8100.0,[Main Dishes],[Mexican],"[flank steak, olive oil, worcestershire sauce, lime juice, garlic, cumin, chili powder, red pepper flakes, salt, black pepper, sugar, onions, red bell pepper, orange bell pepper, green bell pepper, slice, yellow bell pepper, oil, flour tortillas, cheese, salsa, sour cream, cilantro leaves]"
Easy-Chicken-Enchiladas-1370928,Easy Chicken Enchiladas,4,3900.0,[Main Dishes],[Mexican],"[canola oil, yellow onion, garlic, jalapeno chilies, chili powder, ground cumin, ground oregano, granulated sugar, tomato sauce, chicken broth, roma tomatoes, chicken, sharp cheddar cheese, monterey jack, fresh cilantro, black olives, green onions, soft corn tortillas]"
Easy-Weeknight-Slow-Cooker-Chicken-Tacos-1353935,Easy Weeknight Slow Cooker Chicken Tacos,3,2700.0,[Main Dishes],[Southwestern],"[boneless skinless chicken breasts, taco seasoning, tomatoes, chipotle chile, salt, pepper, flour tortillas, guacamole, sour cream, salsa, cheese, cilantro, lettuce]"
Tortilla-Soup-1324700,Tortilla Soup,4,2400.0,[Soups],[Southwestern],"[canola oil, onions, garlic, chipotles in adobo, chili powder, low sodium chicken broth, corn kernels, tomatoes, cooked turkey, lime juice, low sodium canned black beans, cilantro leaves, tortilla strips]"
Green-Chicken-Enchiladas-_Gluten-Free_-483003,Green Chicken Enchiladas (Gluten Free),4,2400.0,[Main Dishes],[Mexican],"[chicken, salsa verde, shredded sharp cheddar cheese, chopped cilantro, ground cumin, sour cream, jalapeno chilies, salt, pepper, corn tortillas]"
Mexican-Pizza-960106,Mexican Pizza,4,2400.0,[Main Dishes],[Mexican],"[ground beef, taco seasoning, beans, salsa, shredded cheddar cheese, flour tortillas, tomatoes, green onions, olives]"
Stuffed-Sweet-Potatoes-Southwestern-Style-1014322,Stuffed Sweet Potatoes Southwestern Style,4,3300.0,,[Southwestern],"[sweet potatoes, olive oil, purple onion, garlic, ground cumin, chili powder, juice, black beans, frozen corn kernels, chopped cilantro, sea salt, freshly ground pepper]"
Churros-Martha-Stewart-190501,Churros,4,2400.0,"[Lunch and Snacks, Appetizers, Desserts]","[Spanish, Southwestern, American]","[unsalted butter, granulated sugar, coarse salt, all-purpose flour, large eggs, vegetable oil, confectioners sugar, dipping sauces]"
Southwestern-Stuffed-Spaghetti-Squash-486667,Southwestern Stuffed Spaghetti Squash,5,5100.0,,[Southwestern],"[spaghetti squash, olive oil, purple onion, garlic cloves, jalapeno chilies, red bell pepper, ground cumin, oregano, chili powder, cracked black pepper, kosher salt, black beans, frozen corn, cilantro, lime, cheddar cheese]"
Corn-and-Black-Bean-Enchiladas-with-Chipotle-Stout-Red-Sauce-1372302,Corn and Black Bean Enchiladas with Chipotle Stout Red Sauce,4,2100.0,[Main Dishes],[Mexican],"[corn starch, tomato paste, tomato sauce, chipotle chile, adobo sauce, garlic powder, onion powder, salt, cumin, stout, avocado, pepper, corn tortillas, black beans, ear of corn, cotija, chopped cilantro]"
Carne-Adovada-Allrecipes_1,Carne Adovada,4,73200.0,,"[Southwestern, American]","[new mexico red chile powder, corn starch, fresh lemon juice, water, beef roast]"
Mexican-lasagna-303683,Mexican Lasagna,4,3000.0,"[Lunch and Snacks, Main Dishes]","[Mexican, Southwestern]","[ragu old world style pasta sauc, ground beef, whole kernel corn, drain, chili powder, flour tortillas, shredded cheddar cheese]"
Sweet-Potato-Enchilada-Casserole-1372483,Sweet Potato Enchilada Casserole,4,4800.0,[Main Dishes],[Southwestern],"[large flour tortillas, sweet potatoes, black beans, corn kernels, green chilies, cilantro, bell pepper, yellow onion, garlic, roasted tomatoes, lime juice, avocado, non dairy sour cream, enchilada sauce, vegetable stock, tomato paste, cayenne pepper, cumin, taco seasoning, onion powder, garlic powder]"
One-Pot-Enchilada-Soup-1357925,One Pot Enchilada Soup,4,3900.0,"[Soups, Main Dishes]",[Mexican],"[canola oil, white onion, garlic cloves, ground beef, cumin, chili powder, kosher salt, cracked black pepper, tomato paste, rotelle, diced tomatoes, pinto beans, corn, enchilada sauce, beef broth, cornmeal, cheddar cheese, tortilla strips, cilantro]"
Amazing-Ribs-Allrecipes,Amazing Ribs,5,18600.0,[Main Dishes],"[Southwestern, American]","[pork baby back ribs, black pepper, salt, crushed red pepper, barbecue sauce, beer]"
Cook-the-Book_-Chili-Con-Queso-Serious-Eats-45801,Chili Con Queso,5,2100.0,[Appetizers],"[Southwestern, American]","[unsalted butter, yellow onion, serrano chile, chiles, garlic, all-purpose flour, whole milk, chopped cilantro, diced tomatoes, cheddar cheese, grated jack cheese, sour cream, salt, tortilla chips]"
5-Ingredient-Mexican-Brown-Rice-1298711,5 Ingredient Mexican Brown Rice,4,900.0,[Side Dishes],[Mexican],"[corn, black beans, brown rice, chili powder, salsa, avocado, fresh cilantro]"
Pico-de-gallo-304055,Pico De Gallo,4,8100.0,"[Appetizers, Condiments and Sauces]","[Mexican, Southwestern]","[tomatoes, white onion, knorr garlic minicub, lime juice, chopped cilantro fresh, serrano chilies]"
Slow-Cooker-Chicken-Enchiladas-1023159,Slow Cooker Chicken Enchiladas,4,2700.0,[Main Dishes],[Mexican],"[chicken, salsa, flour tortillas, enchilada sauce, mild green chiles, cheddar cheese]"
Mexican-Stuffed-Peppers-Recipe-_vegetarian_-1335432,Mexican Stuffed Peppers Recipe (vegetarian),4,4200.0,[Main Dishes],[Mexican],"[olive oil, zucchini, chile pepper, green onions, cooked rice, black beans, salsa verde, ground cumin, fine sea salt, yellow bell pepper, colby jack cheese]"
Chilis-Salsa-1337196,Chili’s Salsa,4,1800.0,[Appetizers],[Mexican],"[diced tomatoes and green chilies, canned tomatoes, jalapeno chilies, diced yellow onion, garlic salt, cumin, sugar, garlic cloves, fresh lime juice, chopped cilantro fresh]"
Huevos-rancheros-352493,Huevos Rancheros,5,,"[Breakfast and Brunch, Lunch and Snacks]","[American, Mexican, Southwestern]","[oil, onions, tomatoes, green chile, pepper, salt, cumin, large eggs, shredded lettuce, cheese, chopped cilantro, olive oil spray, corn tortillas]"
Beef-empanadas-365314,Beef Empanadas,5,3300.0,"[Appetizers, Lunch and Snacks, Main Dishes]",[Southwestern],"[puff pastry, ground beef, onions, garlic cloves, olive oil, hot sauce, ground cumin, brown sugar, pepper, salt, oregano, smoked paprika, beef broth, eggs]"
Southwestern-Dip-1070154,Southwestern Dip,4,11100.0,[Appetizers],[Southwestern],"[chicken breasts, salsa, black beans, corn, creamed spinach, cheese, jalapeno chilies]"
Duck-Carnitas-Nachos-1367467,Duck Carnitas Nachos,4,14400.0,"[Appetizers, Main Dishes]",[Mexican],"[chiles, duck drumsticks, orange peel, garlic cloves, sea salt, lager, corn tortilla chips, black beans, mexican style 4 cheese blend, jalapeno chilies, green onions, cilantro leaves, radishes, crema mexican, salsa, lime wedges]"
Chicken-and-Green-Chile-Enchiladas-1320757,Chicken and Green Chile Enchiladas,4,4800.0,[Main Dishes],[Mexican],"[chicken fingers, salt, pepper, whipped cream cheese, green chile, chopped cilantro, butter, white onion, flour, chicken broth, milk, green enchilada sauce, sour cream, shredded cheese, flour tortillas]"
My-Tacos-Al-Pastor-1112722,My Tacos Al Pastor,3,2700.0,[Main Dishes],[Mexican],"[corn tortillas, pork meat, ancho, chiles, achiote, garlic cloves, garlic powder, ground cumin, pineapple juice, olive oil, pepper, salt, finely chopped onion, cilantro, fresh pineapple, lime, salsa]"
Cornbread-512424,Cornbread,5,2700.0,"[Breads, Side Dishes]","[Southern & Soul Food, Southwestern]","[all-purpose flour, yellow corn meal, baking powder, salt, eggs, buttermilk, maple syrup, unsalted butter]"
Skillet-Enchilada-Bake-1274886,Skillet Enchilada Bake,4,1800.0,[Main Dishes],"[Southwestern, Mexican]","[canola oil, meat, onions, diced green chilies, frozen corn, black beans, enchilada sauce, shredded cheddar cheese, tortillas, tomatoes, sour cream, salsa, fresh cilantro]"
Chicken-burritos-365363,Chicken Burritos,5,1800.0,[Main Dishes],"[Southwestern, Mexican]","[boneless skinless chicken breasts, beans, onions, garlic, tomatoes, olive oil, salt, pepper, chili powder, cumin, jalapeno chilies, cheddar cheese, tortillas, sour cream, salsa]"
Mini-Mexican-Meatloaves-1247371,Mini Mexican Meatloaves,4,3000.0,[],[Mexican],"[extra lean ground beef, onions, taco seasoning, salsa, green chilies, eggs, 2% low fat cheddar chees, tortilla chips]"
Roasted-Vegetable-Quesadillas-1369676,Roasted Vegetable Quesadillas,4,3300.0,[],[Mexican],"[eggplant, red bell pepper, zucchini, onions, jalapeno chilies, cumin, olive oil, tomatoes, tortillas, shredded cheddar cheese, salsa]"
CrockPot-Chicken-Enchiladas-1356167,CrockPot Chicken Enchiladas,4,3300.0,[Main Dishes],"[Southwestern, Mexican]","[chicken breasts, black beans, corn, red bell pepper, onions, salsa, taco seasoning, water, corn tortillas, shredded cheddar cheese, avocado, ranch dressing, cilantro]"
Creamy-Chicken-Enchiladas-My-Recipes_2,Creamy Chicken Enchiladas,4,3900.0,[Main Dishes],"[Southwestern, American, Mexican]","[butter, onions, green chile, cream cheese, cooked chicken breasts, flour tortillas, monterey jack, whipping cream]"
Best-Chicken-Enchiladas-Ever_-901894,Best Chicken Enchiladas Ever!,4,3600.0,[Main Dishes],"[Southwestern, Mexican]","[vegetable oil, white onion, boneless skinless chicken breasts, salt, pepper, diced green chilies, black beans, flour tortillas, shredded cheese, red enchilada sauce, chopped cilantro fresh]"
Grilled-Corn-on-the-Cob-Martha-Stewart,Grilled Corn on the Cob,5,1500.0,[Side Dishes],"[Barbecue, Southwestern, American]","[ear of corn, oil, butter, coarse salt, ground pepper, chili powder]"
Carne-Asada-Street-Tacos-1068485,Carne Asada Street Tacos,4,1800.0,[Main Dishes],[Mexican],"[skirt steak, corn tortillas, lime, orange, oil, garlic, jalapeno chilies, cumin, chile powder, oregano, salt, black pepper, chopped cilantro fresh, chopped cilantro, white onion, lime wedges, avocado, pico de gallo]"
Breakfast-Burritos-MyRecipes-237423,Breakfast Burritos,3,,"[Lunch and Snacks, Breakfast and Brunch]","[Southwestern, American, Mexican]","[bacon, eggs, salt, pepper, flour tortillas, shredded cheddar cheese, sliced green onions]"
Healthy-Mexican-Casserole-970880,Healthy Mexican Casserole,4,3000.0,[Main Dishes],"[Southwestern, Mexican]","[lean ground turkey, extra-virgin olive oil, cumin, chili powder, red pepper flakes, coriander, black beans, pinto beans, plum tomatoes, chili pepper, frozen corn, reduced fat Mexican cheese, chopped cilantro fresh]"
Beef-Picadillo-Puffy-Tacos-1358791,Beef Picadillo Puffy Tacos,3,4500.0,[Main Dishes],[Mexican],"[vegetable oil, onions, yukon gold potatoes, carrots, poblano chiles, garlic cloves, kosher salt, chili powder, ground chuck, salsa, corn tortillas, chopped tomatoes, iceberg lettuce, cilantro, sharp cheddar cheese, lime wedges]"
Skinny-Mexican-Casserole-968659,Skinny Mexican Casserole,4,3000.0,[Main Dishes],"[Southwestern, Mexican]","[olive oil, garlic, onions, red bell pepper, green bell pepper, black beans, corn kernels, chili powder, cumin, kosher salt, ground black pepper, Old El Paso™ chopped green chiles, cilantro leaves, whole wheat tortillas, fat-free refried beans, enchilada sauce, Mexican cheese blend]"
Spicy-Southwestern-Salad-with-Avocado-Dressing-1227475,Spicy Southwestern Salad with Avocado Dressing,4,2400.0,[Salads],[Southwestern],"[sweet potatoes, oil, ground cumin, salt, pepper, black beans, sweet corn, romaine lettuce, avocado, greek yogurt, water, cilantro leaves, garlic, lime juice]"
Mexican-baked-eggs-with-black-beans_-tomatoes_-green-chiles_-and-cilantro-309552,"Mexican Baked Eggs with Black Beans, Tomatoes, Green Chiles, and Cilantro",5,3300.0,[Main Dishes],[Mexican],"[onions, olive oil, ground cumin, ancho chili ground pepper, tomatoes with juice, black beans, diced green chilies, eggs, grating cheese, chopped cilantro]"
Jalapeno-lime-dip-298166,Jalapeno Lime Dip,4,300.0,[Appetizers],"[Mexican, Southwestern]","[milk, hellmann' or best food light mayonnais, chopped cilantro fresh, jalapeno chilies, olive oil, lime]"
7-layer-mexican-ranch-salad-298522,7-layer Mexican Ranch Salad,4,900.0,[Salads],"[Mexican, Southwestern]","[refried beans, prepared guacamole, pitted olives, prepar salsa, wish bone ranch dress, shredded lettuce, shredded cheddar cheese, tortilla chips]"
Roasted-habanero-salsa-350884,Roasted Habanero Salsa,5,600.0,"[Appetizers, Condiments and Sauces]","[American, Mexican, Southwestern]","[chiles, garlic, lime juice, salt]"
Roasted-Vegetable-Enchiladas-1350402,Roasted Vegetable Enchiladas,4,4500.0,[Main Dishes],"[Southwestern, Mexican]","[sweet potatoes, corn, poblano peppers, black beans, corn tortillas, enchilada sauce, monterey jack, fresh cilantro, salsa, green onions, sour cream, avocado]"
Baked-Chicken-Fajitas-1345898,Baked Chicken Fajitas,4,2700.0,[Main Dishes],[Mexican],"[boneless skinless chicken breasts, diced tomatoes, onions, pepper, jalapeno chilies, garlic, canola oil, lime, chili powder, ground cumin, hot sauce, salt, tortillas, shredded lettuce, guacamole, salsa, sour cream, shredded cheese]"
Southwestern-Breakfast-Muffins-1064162,Southwestern Breakfast Muffins,4,3600.0,[Breakfast and Brunch],[Southwestern],"[butter, diced red onions, jalapeno chilies, bell pepper, garlic, breakfast sausages, diced green chilies, eggs, chopped cilantro fresh, ground cumin, ground coriander, pepato cheese, shredded pepper jack cheese, russet potatoes, sour cream, cilantro]"
Chipotle-Chicken-Quesadillas-628495,Chipotle Chicken Quesadillas,4,2700.0,"[Appetizers, Main Dishes]","[Mexican, Southwestern]","[olive oil, purple onion, garlic cloves, chipotles in adobo, vine ripened tomatoes, scallions, honey, chicken, salt, chopped cilantro, flour tortillas, shredded sharp cheddar cheese, sour cream, lime wedges]"
Salsa-Fresca-473118,Salsa Fresca,5,3300.0,"[Appetizers, Condiments and Sauces, Lunch and Snacks]",[Southwestern],"[vine ripened tomatoes, onions, garlic, jalapeno chilies, olive oil, lime juice, chopped cilantro fresh, sea salt]"
Rainbow-Salsa-1105557,Rainbow Salsa,4,600.0,,[Mexican],"[roma tomatoes, jalapeno chilies, red bell pepper, orange bell pepper, yellow bell pepper, black beans, whole kernel corn, drain, chopped cilantro fresh, purple onion, lime juice, garlic powder, ground cumin, salt, Garden of Eatin Tortilla Chips]"
Fresh-tomato-salsa-296549,Fresh Tomato Salsa,4,,"[Appetizers, Condiments and Sauces, Lunch and Snacks]","[American, Mexican, Southwestern]","[Wish-Bone Italian Dressing, tomatoes, cucumber, purple onion, fresh basil leaves]"
Enchiladas-Allrecipes,Enchiladas,4,3000.0,[Main Dishes],"[Southwestern, Mexican]","[lean ground beef, chopped onion, garlic salt, flour tortillas, vegetable oil, colby cheese, enchilada sauce]"
Quick-Chicken-Enchiladas-946658,Quick Chicken Enchiladas,4,2700.0,[Main Dishes],"[Southwestern, Mexican]","[cooked chicken, shredded cheddar cheese, enchilada sauce, chopped green chilies, chopped cilantro, corn tortillas, sour cream]"
Southwestern-Breakfast-Stack-1283698,Southwestern Breakfast Stack,4,2100.0,[Breakfast and Brunch],[Southwestern],"[hash brown patties, bacon, cheese, fried eggs, green chilies, guacamole, salsa, chopped cilantro]"
Corn-salsa-296744,Corn Salsa,4,2700.0,"[Appetizers, Condiments and Sauces, Side Dishes]","[American, Mexican, Southwestern]","[Wish-Bone Italian Dressing, whole kernel corn, drain, tomatoes, cucumber, purple onion, jalapeno chilies, chopped cilantro fresh, grate lime peel]"
Roasted-corn-salsa-327045,Roasted Corn Salsa,0,1800.0,"[Appetizers, Condiments and Sauces]","[American, Southwestern]","[sweet corn, purple onion, cilantro, lime, olive oil, sea salt, cumin]"
Sour-Cream-Enchiladas-The-Pioneer-Woman-Cooks-_-Ree-Drummond-41194,Sour Cream Enchiladas,5,,[Lunch and Snacks],"[Southwestern, American, Mexican]","[corn tortillas, canola oil, enchilada sauce, sour cream, sharp cheddar cheese, green onions, ground cumin, cayenne pepper]"
Our-Favorite-Casserole-Enchiladas-Never-Tasted-This-Good_-1331592,Our Favorite Casserole – Enchiladas Never Tasted This Good!,4,4200.0,[Main Dishes],[Mexican],"[cooked chicken, shredded Monterey Jack cheese, chop green chilies, undrain, flour tortillas, refried beans, enchilada sauce, green onions]"
Baked-Mexican-Tostadas-485325,Baked Mexican Tostadas,4,1500.0,[],"[Southwestern, Mexican]","[flour tortillas, nonstick spray, chili powder, black beans, cooked chicken, roasted red peppers, sliced green onions, shredded pepper jack cheese, salt, pepper, light sour cream, guacamole]"
Chicken-flautas-with-lime-sour-cream-308299,Chicken Flautas with Lime Sour Cream,5,3600.0,[Main Dishes],[Mexican],"[peanut oil, butter, chicken, paprika, kosher salt, garlic powder, ground cumin, ground chipotle chile pepper, chili powder, cayenne pepper, ground black pepper, corn tortillas, chees fresco queso, sour cream, lime, guacamole, salsa verde]"
Cheesy-Southwest-Chicken-Soup-1327212,Cheesy Southwest Chicken Soup,4,3000.0,[Soups],[Southwestern],"[butter, olive oil, onions, green bell pepper, poblano, diced green chilies, chili powder, cumin, flour, chicken broth, boneless skinless chicken breasts, creole seasoning, heavy cream, corn, black beans, shredded Monterey Jack cheese, cilantro, tortilla chips]"
White-Chicken-Chili-1342489,White Chicken Chili,4,21600.0,"[Soups, Main Dishes]",[Southwestern],"[chicken breasts, chicken broth, onions, salsa, tomatoes, great northern beans, kidney beans, white corn, ground cumin, chili powder, kosher salt, sour cream, shredded cheese, chopped cilantro, tortilla strips]"
Layered-Mexican-Casserole-1306988,Layered Mexican Casserole,4,3000.0,[Main Dishes],[Mexican],"[extra lean ground beef, green pepper, red pepper, chunky salsa, diced tomatoes, frozen corn, gluten free corn tortillas, shredded sharp cheddar cheese]"
Mexican-rice-303434,Mexican Rice,4,2100.0,[Side Dishes],"[Mexican, Southwestern]","[vegetable oil, regular or convert rice, water, carrots, Knorr Onion Minicubes, knorr garlic minicub, green peas]"
Pomegranate-Margaritas-Once-Upon-A-Chef-200004,Pomegranate Margaritas,5,1500.0,"[Beverages, Cocktails]",[Southwestern],"[pomegranate juice, lime juice, tequila, orange liqueur, lime wedges, coarse salt, ice cubes]"
Mexican-Corn-Martha-Stewart-239536,Mexican Corn,4,1500.0,[Side Dishes],"[Southwestern, Mexican]","[corn, crema mexican, chopped cilantro, lime, queso fresco, chili powder]"
Salsa-verde-303909,Salsa Verde,4,1500.0,"[Appetizers, Condiments and Sauces]","[Mexican, Southwestern]","[tomatillos, jalapeno chilies, chopped cilantro fresh, knorr garlic minicub, lime juice, water, white onion]"
Skinny-Enchilada-Casserole-1353338,Skinny Enchilada Casserole,4,1500.0,[Main Dishes],[Mexican],"[cooked brown rice, cooked chicken, tomato soup, green chile, corn kernels, canned black beans, fresh cilantro, cumin, chili powder, garlic salt, pepper, salt, shredded cheese, tomatoes, avocado]"
Tex-Mex-Mayonnaise-Martha-Stewart-191441,Tex-Mex Mayonnaise,3,1500.0,[Condiments and Sauces],"[Southwestern, American]","[light mayonnaise, fresh lime juice, ground cumin, chili powder]"
Chicken-Fajitas-1216663,Chicken Fajitas,4,2400.0,[Main Dishes],[Mexican],"[dried oregano, ground cumin, garlic powder, onion powder, salt, chili powder, cayenne pepper, boneless skinless chicken breasts, red bell pepper, green pepper, yellow peppers, onions, lime, flour tortillas]"
Fresh-tomato-salsa-306574,Fresh Tomato Salsa,5,3000.0,"[Lunch and Snacks, Appetizers, Condiments and Sauces]","[Southwestern, American, Mexican]","[tomatoes, purple onion, jalapeno chilies, lime juice, cilantro, salt]"
Easy-Quesadillas-My-Recipes,Easy Quesadillas,4,1200.0,[Lunch and Snacks],"[Southwestern, Mexican]","[refried beans, flour tortillas, Mexican cheese blend, taco sauce, sour cream]"
Corn-and-Black-Bean-Enchiladas-with-Chipotle-Stout-Red-Sauce-1357467,Corn and Black Bean Enchiladas with Chipotle Stout Red Sauce,4,2100.0,[Main Dishes],"[Southwestern, Mexican]","[corn starch, tomato paste, tomato sauce, chipotle chile, adobo sauce, garlic powder, onion powder, salt, cumin, stout, avocado, pepper, corn tortillas, black beans, ear of corn, cotija, chopped cilantro]"
Chipotle-Lime-Chicken-Tacos-1226014,Chipotle Lime Chicken Tacos,3,1800.0,[Main Dishes],"[Southwestern, Mexican]","[boneless skinless chicken breasts, corn tortillas, green pepper, purple onion, garlic, lime, lime zest, jalapeno chilies, salt, pepper, ground cumin, chipotle, salsa, fresh cilantro]"
Salsa-peanut-butter-dip-299628,Salsa-peanut Butter Dip,4,600.0,[Appetizers],[Southwestern],"[salsa, Skippy Creamy Peanut Butter, chopped cilantro fresh, baked tortilla chips, red bell pepper]"
Creamy-Green-Chile-Chicken-Enchiladas-1266988,Creamy Green Chile Chicken Enchiladas,4,2700.0,[Main Dishes],[Mexican],"[green enchilada sauce, cooked chicken, green chile, sour cream, flour tortillas, Mexican cheese blend]"
Mojo-Carne-Asada-Tacos-1339472,Mojo Carne Asada Tacos,4,12060.0,[Main Dishes],[Mexican],"[skirt steak, Corona Beer, orange, serrano peppers, guajillo chiles, garlic cloves, ground cumin, onion powder, kosher salt, olive oil, corn tortillas, refried beans, cotija, lime, cilantro]"
Black-_-White-Tacos-494713,Black & White Tacos,4,1200.0,[],[Mexican],"[black beans, flour tortillas, jack cheese, sour cream, pico de gallo, lime wedges, jalapeno chilies]"
Tex-Mex-Quinoa-Lasagna-1360740,Tex-Mex Quinoa Lasagna,4,3300.0,[Main Dishes],[Southwestern],"[ground beef, purple onion, red pepper, cooked quinoa, chipotle salsa, chili powder, ground cumin, smoked paprika, diced tomatoes, tomato sauce, frozen corn, black beans, cheese, green onions, greek yogurt, sour cream, tomatoes, guacamole, avocado]"
Vegetarian-Burrito-1340164,Vegetarian Burrito,4,2100.0,[Main Dishes],"[Southwestern, Mexican]","[beans, garlic paste, salsa, salt, black pepper, ground cumin, oil, red chili powder, tortillas, guacamole, sour cream, cooked rice, sweet corn, chopped onion, capsicum, tomatoes, lettuce, grating cheese]"
Vegan-Black-Bean---Spinach---Mushroom-Tinga-Enchiladas-_Dairy-Free_-1361844,Vegan Black Bean - Spinach - Mushroom Tinga Enchiladas (Dairy Free),4,7200.0,[Main Dishes],[Mexican],"[cream, raw cashews, garlic, lemon juice, tapioca starch, sea salt, annatto, hot water, black beans, water, chili powder, cumin, garlic powder, black pepper, avocado oil, mushroom caps, purple onion, orange, poblano chilies, cilantro leaves, smoked paprika, enchilada sauce, vegetable broth, cocoa powder, cinnamon, all-purpose flour, tomato paste, salt, sauce, spinach, flour tortillas]"
Mexican-Lasagna-1065517,Mexican Lasagna,4,1500.0,[Main Dishes],"[Southwestern, Mexican]","[chicken breasts, taco seasoning, chicken broth, enchilada sauce, black beans, corn, sliced black olives, jalapeno chilies, shredded cheese, corn tortillas]"
Breakfast-Tortillas-My-Recipes,Breakfast Tortillas,4,1800.0,"[Lunch and Snacks, Breakfast and Brunch]","[Southwestern, American]","[fajita size flour tortillas, pork sausages, large eggs, vegetable oil cooking spray, colby jack cheese, salsa, sour cream]"
Taco-bites-351586,Taco Bites,4,1800.0,[Appetizers],[Mexican],"[flour tortillas, ground beef, salsa verde, taco seasoning, refried beans, shredded cheddar cheese, diced tomatoes, chopped cilantro, sour cream, sliced olives]"
Easy-chicken-enchiladas-365429,Easy Chicken Enchiladas,5,3900.0,[Main Dishes],"[Mexican, Southwestern]","[unsalted butter, rotisserie chicken, mozzarella cheese, cheddar cheese, sour cream, purple onion, flour tortillas, salsa, pepper, salt, parsley]"
Crock-Pot-Chicken-Tacos-761439,Crock-Pot Chicken Tacos,4,22500.0,[Main Dishes],[Mexican],"[boneless chicken breast, taco seasoning, diced onions, tomatoes, chop green chilies, undrain, chopped cilantro fresh, corn tortillas, vegetable oil, cheese, lettuce, avocado]"
Easy-Chicken-Enchilada-Skillet-1319752,Easy Chicken Enchilada Skillet,4,1200.0,[Main Dishes],[Mexican],"[olive oil, white onion, red bell pepper, Old El Paso™ chopped green chiles, black beans, corn kernel whole, cooked chicken, red enchilada sauce, Mexican cheese blend, tortilla strips, flour tortillas, avocado, cilantro leaves, diced red onions, sour cream]"
Mexican-jicama-salad-297433,Mexican Jicama Salad,4,1800.0,[Salads],"[Mexican, Southwestern]","[jicama, lime juice, jalapeno chilies, purple onion, in juic natur pineappl slice, knorr cilantro minicub, grate lime peel]"
Homemade-Enchiladas-1078716,Homemade Enchiladas,4,3300.0,[Main Dishes],[Mexican],"[whole wheat tortillas, enchilada sauce, chicken breasts, sour cream, cheddar cheese, green chilies, green pepper]"
Easy-Southwestern-Rice-and-Beef-Casserole-1296171,Easy Southwestern Rice and Beef Casserole,4,2700.0,[Main Dishes],[Southwestern],"[cooked white rice, ground beef, sour cream, shredded Monterey Jack cheese, shredded cheddar cheese, chopped green chilies, salt, pepper]"
Southwestern-Chicken-Bread-Boats-1348002,Southwestern Chicken Bread Boats,4,2700.0,[],[Southwestern],"[Equal Sweetener, french bread, cooking spray, olive oil, yellow onion, garlic cloves, diced tomatoes, chili powder, ground cumin, paprika, salt, ground pepper, chicken meat, corn kernels, black beans, Mexican cheese blend, chopped parsley, light sour cream]"
Southwestern-Chopped-Salad-1237183,Southwestern Chopped Salad,4,1200.0,[Salads],[Southwestern],"[romaine lettuce, red bell pepper, jalapeno chilies, roma tomatoes, corn, black beans, cooked chicken breasts, lime dressing, salsa, avocado, jack cheese, shredded cheddar cheese, tortillas]"
Chipotle-Mayonnaise-532811,Chipotle Mayonnaise,5,1500.0,[Condiments and Sauces],"[Southwestern, American, Mexican]","[mayonnaise, sour cream, chipotle chile, chipotles in adobo, lime juice]"
Candy-Corn-Chicken-Quesadillas-1347478,‘Candy Corn’ Chicken Quesadillas,4,2100.0,[],[Mexican],"[corn tortillas, roasting chickens, salsa, sour cream, green chilies, salt, pepper, monterey jack, cheddar cheese, cheese]"
Southwestern-Chicken-Wraps-1192710,Southwestern Chicken Wraps,4,1800.0,[],[Southwestern],"[chicken breast fillets, cilantro, lime, flour tortillas, Mexican cheese blend, salsa]"
Chile-con-Queso-482661,Chile con Queso,4,2400.0,"[Appetizers, Lunch and Snacks]","[Mexican, Southwestern]","[unsalted butter, yellow onion, serrano chile, jalapeno chilies, garlic, all-purpose flour, whole milk, chopped cilantro, diced tomatoes, cheddar cheese, monterey jack, sour cream]"
Little-dipper-southwestern-salsa-dip-310287,Little Dipper Southwestern Salsa Dip,4,,"[Appetizers, Condiments and Sauces, Lunch and Snacks]",[Southwestern],"[prepar salsa, ranch dressing, white cheese]"
Fresh-Mexican-Salsa-1266886,Fresh Mexican Salsa,4,900.0,[Appetizers],[Mexican],"[vine ripened tomatoes, purple onion, garlic, jalapeno chilies, chopped cilantro fresh, fresh lime juice, ground cumin, salt]"
The-Best-Homemade-Tacos-1255761,The Best Homemade Tacos,4,1800.0,[Main Dishes],[Mexican],"[olive oil, garlic cloves, onions, tomato paste, chili powder, lean ground beef, salt, corn tortillas, cheese, salsa, tomatoes, lettuce, sour cream, avocado]"
Slow-Cooker-_One-Pot_-Mexican-Rice-and-Beans-with-Avocados-1187044,Slow Cooker (One Pot) Mexican Rice and Beans with Avocados,4,10800.0,[Main Dishes],"[Southwestern, Mexican]","[garlic cloves, jalapeno chilies, brown rice, vegetable broth, green chile, black beans, picante sauce, frozen corn, chili powder, cumin, black pepper, salt, bay leaf, shredded cheddar cheese, cilantro leaves, sour cream, avocado]"
Slow-Cooker-Chicken-Tortilla-Soup-1354108,Slow Cooker Chicken Tortilla Soup,4,22200.0,[Soups],"[Southwestern, Mexican]","[boneless skinless chicken breasts, onions, green bell pepper, jalapeno chilies, mexicorn, black beans, pinto beans, enchilada sauce, chunky salsa, chicken broth, cumin, chili powder, garlic powder, pepper, salt, corn tortillas, fresh cilantro, shredded cheese, sour cream, guacamole, pico de gallo, green onions, tortilla chips]"
Southwestern-Omelet-Martha-Stewart,Southwestern Omelet,3,600.0,[Breakfast and Brunch],"[Southwestern, American]","[large eggs, coarse salt, olive oil, pepper jack, salsa, cilantro leaves]"
Santa-Fe-Chicken-Salad-1193471,Santa Fe Chicken Salad,3,900.0,[],[Southwestern],"[chicken breasts, mixed greens, cilantro leaves, black beans, corn kernels, purple onion, red pepper, vinaigrette, tortillas]"
Burrito-Casserole-1289454,Burrito Casserole,4,2400.0,[Main Dishes],[Mexican],"[fajita size flour tortillas, refried beans, canola oil, purple onion, ground beef, salsa, jalapeno chilies, cheddar cheese]"
Quesadilla-Casserole-1329039,Quesadilla Casserole,3,2400.0,[Main Dishes],[Southwestern],"[ground beef, chopped onion, tomato sauce, black beans, corn kernel whole, green chile, McCormick Chili Powder, McCormick Ground Cumin, McCormick Garlic, McCormick Oregano Leaves, mccormick red pepper, crushed, flour tortillas, shredded cheddar cheese]"
Chicken-chili-299950,Chicken Chili,4,1800.0,"[Lunch and Snacks, Main Dishes]","[American, Southwestern]","[boneless skinless chicken breast halves, vegetable oil, chili powder, chunky pasta sauce, frozen whole kernel corn, chopped cilantro fresh]"
Chipotle-roast-beef-sandwich-with-pepper-jack-296736,Chipotle Roast Beef Sandwich With Pepper Jack,4,600.0,[Lunch and Snacks],[Southwestern],"[roast, kaiser rolls, shredded cheddar cheese, watercress, hellmann' or best food light mayonnais, ground chipotle chile pepper]"
Slow-Cooker-Chicken-Tortilla-Soup-1310695,Slow Cooker Chicken Tortilla Soup,4,30000.0,[Soups],[Mexican],"[garlic, onions, jalapeno chilies, chicken broth, diced tomatoes, salsa, tomato paste, chicken thighs, ground cumin, chili powder, oregano, salt, pepper, hominy, vegetable oil, corn tortillas, avocado, monterey jack, fresh cilantro, sour cream]"
Spicy-Italian-Crescent-Ring-772394,Spicy Italian Crescent Ring,4,600.0,[Main Dishes],"[Italian, Southwestern]","[Pillsbury™ Refrigerated Crescent Dinner Rolls, roasted red peppers, provolone cheese, spicy salami, sliced ham, capocollo, hot pepper rings]"
Chicken-fajita-quesadillas-350942,Chicken Fajita Quesadillas,5,2400.0,[Main Dishes],[Mexican],"[chicken breasts, oil, lime juice, chili powder, cumin, oregano, garlic, salt, pepper, onions, green bell pepper, slice, red bell pepper, tortillas, jack, salsa, guacamole, sour cream]"
Copycat-Meximelts-960390,Copycat Meximelts,4,1800.0,,[Mexican],"[ground beef, taco seasoning, beef stock, tomatoes, onions, jalapeno chilies, chopped cilantro, lime, flour tortillas, cheddar cheese, salt, pepper]"
Fire-Roasted-Chicken-Enchiladas-1338548,Fire-Roasted Chicken Enchiladas,4,2400.0,[Main Dishes],[Mexican],"[fire roasted diced tomatoes, vegetable oil, flour, chili powder, low sodium chicken broth, cumin, garlic salt, onion powder, rotisserie chicken, corn, black beans, shredded cheddar cheese, corn tortillas, sour cream, cilantro]"
Fiesta-Chicken-and-Rice-1072571,Fiesta Chicken and Rice,3,1500.0,[Main Dishes],[Southwestern],"[black beans, corn, chop green chilies, undrain, cooked chicken, prepar salsa, cilantro leaves, sour cream]"
Guacamole-chicken-enchiladas-351327,Guacamole Chicken Enchiladas,4,2400.0,[Main Dishes],"[Southwestern, Mexican]","[chicken, tomatoes, green onions, chopped cilantro, prepared guacamole, corn tortillas, red enchilada sauce, shredded cheddar cheese]"
Chicken-fajitas-298866,Chicken Fajitas,4,1500.0,"[Lunch and Snacks, Main Dishes]","[American, Mexican, Southwestern]","[vegetable oil, boneless, skinless chicken breast, chili powder, green bell pepper, slice, onions, lime juice, knorr homestyl stock   chicken, flour tortillas]"
Slow-Cooker-Chicken-Tortilla-Soup-1331503,Slow Cooker Chicken Tortilla Soup,4,3300.0,[Soups],[Southwestern],"[boneless skinless chicken breasts, onions, garlic, green chile, chili powder, ground cumin, paprika, ground coriander, chicken broth, diced tomatoes, black beans, pinto beans, corn, lime juice, salt, pepper, tortilla chips, shredded cheddar cheese, sour cream]"
Spicy-Southwestern-Deviled-Eggs-My-Recipes,Spicy Southwestern Deviled Eggs,4,4500.0,"[Appetizers, Side Dishes]",[Southwestern],"[large eggs, mayonnaise, jalapeno chilies, mustard, cumin, salt, chopped cilantro fresh]"
Southwestern-Black-Bean-Salad-1046021,Southwestern Black Bean Salad,4,1200.0,[Salads],[Southwestern],"[black beans, corn kernels, red bell pepper, chopped tomatoes, chopped cilantro, purple onion, olive oil, paprika, cayenne pepper, lime juice, salt]"
Pulled-Pork-Enchiladas-with-Red-Chile-Sauce-487053,Pulled Pork Enchiladas with Red Chile Sauce,4,3000.0,[Main Dishes],[Southwestern],"[pork, corn tortillas, red chile sauce, pepper jack, sour cream, chopped cilantro]"
Easy-Southwestern-Dressing-for-Taco-Salad-1105375,Easy Southwestern Dressing for Taco Salad,4,300.0,[Salads],[Southwestern],"[sour cream, salsa, avocado, cilantro leaves]"
Mexican-Hot-Chocolate-485169,Mexican Hot Chocolate,4,1200.0,[Beverages],"[American, Mexican, Southwestern]","[milk, semi-sweet chocolate morsels, vanilla extract, cinnamon sticks, chili powder]"
Mexican-lasagna-303744,Mexican Lasagna,4,3000.0,"[Lunch and Snacks, Main Dishes]","[Mexican, Southwestern]","[ragu old world style pasta sauc, ground beef, whole kernel corn, drain, chili powder, flour tortillas, shredded cheddar cheese]"
Skinny-chicken-enchiladas-352044,Skinny Chicken Enchiladas,5,3300.0,[Main Dishes],"[Southwestern, Mexican]","[garlic cloves, chipotles in adobo, tomato sauce, chili powder, ground cumin, fat-free chicken broth, pepper, kosher salt, vegetable oil, chicken breasts, diced onions, garlic, cilantro, cumin, dried oregano, chicken broth, whole wheat tortillas, Mexican cheese, nonstick spray, scallions]"
Smoked-Chicken-Enchiladas-w_-Fresh-Corn-and-Roasted-Poblano-Chilies-1369274,Smoked Chicken Enchiladas w/ Fresh Corn and Roasted Poblano Chilies,4,6000.0,[Main Dishes],[Mexican],"[chicken thighs, olive oil, onions, corn-on-the-cob, sauce, poblano chiles, cilantro, cumin, salt, pepper, chees fresco queso, flour tortillas, tomatillos, white onion, garlic cloves, poblano chilies, water, coriander, vegetable oil, lime juice, sugar, fresh cilantro, sour cream, hot sauce]"
Slow-Cooker-Lime-Chicken-Tacos-1332156,Slow Cooker Lime Chicken Tacos,4,18600.0,[Main Dishes],[Mexican],"[boneless skinless chicken breasts, lime juice, chili powder, frozen corn, chunky salsa, corn tortillas, sour cream, shredded cheddar cheese, shredded lettuce]"
Nachos-306948,Nachos,5,1800.0,"[Appetizers, Lunch and Snacks]","[American, Southwestern]","[corn tortillas, cheddar cheese, pickled jalapenos, refried beans, peanut oil, salt]"
Cheesy-Chicken-Enchilada-Skillet-1330801,Cheesy Chicken Enchilada Skillet,4,1200.0,[Main Dishes],[Mexican],"[extra-virgin olive oil, frozen corn kernels, diced chicken, fire roasted diced tomatoes, black beans, diced green chilies, enchilada sauce, tortilla strips, shredded cheddar cheese, Mexican cheese, chopped cilantro, cayenne pepper]"
Southwestern-Black-Bean-Corn-Salad-1199305,Southwestern Black Bean Corn Salad,4,900.0,[Salads],[Southwestern],"[corn, black beans, hearts of palm, roasted red peppers, salad greens, plain yogurt, apple cider vinegar, jalapeno chilies, cilantro, cumin, lime juice, salt]"
Vegan-Nacho-Sauce-MyRecipes-247776,Vegan Nacho Sauce,4,1200.0,[Condiments and Sauces],[Southwestern],"[water, raw cashews, roasted red peppers, nutritional yeast, corn starch, lemon juice, salt, onion powder, garlic powder, cumin]"
Mexican-Casserole-1095266,Mexican Casserole,4,2700.0,[Main Dishes],[Mexican],"[cooked chicken, salsa, light cream cheese, diced green chilies, black beans, tomatoes, green onions, shredded cheese, tortilla chips]"
Steak-Tacos-1309962,Steak Tacos,4,2100.0,[Main Dishes],[Mexican],"[cooking oil, bell pepper, onions, garlic cloves, lime, jalapeno chilies, cilantro leaves, cumin, salt, flank steak, corn tortillas, goat cheese, salsa, cilantro, taco sauce]"
Crazy-Delicious-Beef-Enchiladas-1344239,Crazy Delicious Beef Enchiladas,4,9000.0,[Main Dishes],[Mexican],"[garlic, chili powder, ground cumin, ground coriander, smoked paprika, granulated sugar, salt, short rib, chuck steaks, vegetable oil, onions, tomato sauce, water, monterey jack, sharp cheddar cheese, fresh cilantro, jalapeno chilies, corn tortillas]"
Easy-Chicken-Enchiladas-TasteOfHome_1,Easy Chicken Enchiladas,5,2400.0,[Main Dishes],"[American, Mexican, Southwestern]","[shredded cheddar cheese, shredded Monterey Jack cheese, cooked chicken, sour cream, cream of chicken soup, green chilies, finely chopped onion, pepper, salt, flour tortillas]"
Homemade-corn-tortillas-302445,Homemade Corn Tortillas,5,3300.0,[Breads],"[Southwestern, American]","[masa harina, warm water, salt]"
Southwestern-Eggrolls-1342335,Southwestern Eggrolls,4,2700.0,[Main Dishes],[Southwestern],"[oil, scallions, garlic, cumin, chili powder, cayenne, black beans, cooked chicken breasts, frozen spinach, fresh cilantro, water, kosher salt, black pepper, frozen corn, red bell pepper, pepper jack, flour tortillas]"
Slow-cooked-chicken-enchilada-chili-over-rice-334624,Slow Cooked Chicken Enchilada Chili Over Rice,5,3000.0,[Main Dishes],[Kid-Friendly],"[boneless skinless chicken breasts, corn, black beans, rotelle, red enchilada sauce, kosher salt, ground black pepper, garlic salt, chicken broth, steamed rice]"
Loaded-Nachos-793074,Loaded Nachos,3,2220.0,,[Mexican],"[lean ground beef, chopped onion, green bell pepper, chili powder, ground cumin, refried beans, tomato sauce, ground black pepper, salt, tortilla chips, plum tomatoes, green onions, jalapeno chilies, shredded cheddar cheese, chopped cilantro, sour cream, salsa, guacamole]"
Spicy-Chipotle-Grilled-Chicken-Epicurious,Spicy Chipotle Grilled Chicken,4,5400.0,[Main Dishes],[Southwestern],"[chipotle chile, olive oil, garlic cloves, onions, chopped cilantro fresh, paprika, ground cumin, chili powder, salt, chicken, vegetable oil spray]"
Fajita-Street-Tacos-1214402,Fajita Street Tacos,3,1800.0,[Main Dishes],[Mexican],"[pico de gallo, roma tomatoes, white onion, jalapeno chilies, cilantro, lime, fajita meat, corn tortillas, avocado, cheese]"
Chicken-Enchilada-Skillet-895598,Chicken Enchilada Skillet,4,2100.0,[Main Dishes],[Mexican],"[canola oil, onions, garlic cloves, chili powder, salt, cumin, sugar, tomato sauce, water, cooked chicken breasts, canned black beans, corn tortillas, green chile, reduced fat sharp cheddar cheese, scallions]"
Southwestern-Egg-Rolls-1342048,Southwestern Egg Rolls,4,3000.0,[],[Southwestern],"[vegetable oil, boneless skinless chicken breasts, green onions, red bell pepper, frozen corn kernels, black beans, frozen chopped spinach, jalapeno chilies, fresh parsley, ground cumin, chili powder, salt, ground cayenne pepper, shredded Monterey Jack cheese, flour tortillas, oil]"
Slow-Cooker-Southwestern-Pork-Stew-1331529,Slow Cooker Southwestern Pork Stew,4,29400.0,[Main Dishes],[Southwestern],"[baking potatoes, pork shoulder, onions, green chile, cumin, dried oregano, salsa verde, cooked rice, tortillas, cilantro, lime wedges]"
Chimichangas-de-Carne-de-Res-_Shredded-Beef-Chimichangas-_-1178425,Chimichangas de Carne de Res (Shredded Beef Chimichangas ),4,1500.0,[],[Mexican],"[flour tortillas, beef, avocado, sour cream, jalapeno chilies, juice, cilantro]"
Roasted-tomato-salsa-297746,Roasted Tomato Salsa,4,2220.0,"[Appetizers, Condiments and Sauces, Lunch and Snacks]","[American, Barbecue, Mexican, Southwestern]","[white onion, tomatoes, lime juice, jalapeno chilies, knorr cilantro minicub, garlic]"
One-Pot-Mexican-Chicken-Pasta-940093,One-Pot Mexican Chicken Pasta,4,1800.0,[Main Dishes],[Mexican],"[olive oil, chicken, taco seasoning, fusilli, salsa, chicken stock, crushed tomatoes, corn, black beans, shredded cheddar cheese, cilantro leaves]"
White-Chicken-and-Cheese-Enchilada-Casserole-1311371,White Chicken and Cheese Enchilada Casserole,4,2700.0,[Main Dishes],[Mexican],"[boneless skinless chicken breasts, purple onion, zucchini, whole wheat tortillas, non-fat sour cream, reduced-fat sour cream, green chile, wheat, fat-free chicken broth, Mexican cheese blend, fresh cilantro, green onions, jalapeno chilies, light butter, cumin, salt, black pepper, lime]"
Southwest-Chicken-Chimichanga-1316379,Southwest Chicken Chimichanga,3,2100.0,[Main Dishes],[Southwestern],"[rotisserie chicken, sour cream, green chile, frozen corn, onions, garlic, smoked mozzarella, extra sharp cheddar cheese, cumin, chipotle chile powder, ground black pepper, flour tortillas, vegetable oil, guacamole]"
Easy-Beef-Enchiladas-_Freezer-Friendly_-1104491,Easy Beef Enchiladas (Freezer Friendly),4,2700.0,[Main Dishes],"[Southwestern, Mexican]","[enchilada sauce, ground beef, onions, olive oil, jalapeno chilies, cayenne pepper, black beans, colby jack cheese, shredded cheddar cheese, tortillas, chopped cilantro, green onions, chopped tomatoes, salt, pepper]"
Spicy-Queso-Dip-MyRecipes-264371,Spicy Queso Dip,4,1200.0,[Appetizers],[Southwestern],"[onions, oil, garlic cloves, cheese, pepper jack, diced tomatoes, green chile, chopped cilantro fresh, tortilla chips]"
Southwestern-Quinoa-Stuffed-Peppers-1020386,Southwestern Quinoa Stuffed Peppers,4,3600.0,,[Southwestern],"[butter, bell pepper, vegetable broth, quinoa, olive oil, yellow onion, salt, sweet corn, canned black beans, grape tomatoes, chili powder, cayenne pepper, dried parsley, ground pepper, mexican style 4 cheese blend, plain yogurt]"
Chicken-Tamale-Pie-499220,Chicken Tamale Pie,4,3000.0,[Main Dishes],"[American, Southwestern]","[fat free milk, egg substitute, taco seasoning, ground red pepper, cream style corn, corn mix muffin, green chile, enchilada sauce, cooked chicken breasts, white cheese, cheese, cilantro]"
White-bean-turkey-chili-352218,White Bean Turkey Chili,5,,"[Main Dishes, Soups]","[American, Southwestern]","[cooking spray, onions, garlic cloves, chili powder, bay leaf, cumin, oregano, red pepper flakes, ground turkey, cannellini beans, fat-free chicken broth, non-fat sour cream, pepper, salt]"
Mexican-Layered-Spinach-Salad-1339580,Mexican Layered Spinach Salad,4,2100.0,[Salads],[Mexican],"[yoghurt, greek yogurt, taco seasoning mix, fire roasted diced tomatoes, green chile, tortilla chips, chili beans, red bell pepper, frozen corn, green onions, cilantro, shredded cheddar cheese, baby spinach leaves, dressing, salsa, guacamole]"
South-of-the-border-chicken-salad-299205,South-of-the-border Chicken Salad,4,600.0,"[Lunch and Snacks, Main Dishes, Salads]",[Southwestern],"[cut up cooked chicken, hellmann' or best food real mayonnais, wish bone western origin dress, sliced green onions, avocado, chopped cilantro fresh]"
Slow-Cooker-Quinoa-Tortilla-Soup-1320921,Slow Cooker Quinoa Tortilla Soup,4,3300.0,[Soups],[Southwestern],"[red bell pepper, green bell pepper, jalapeno chilies, diced tomatoes, diced tomatoes and green chilies, cilantro, chicken broth, quinoa, black beans, white onion, enchilada sauce, frozen corn, cumin, chili powder, salt, pepper]"
Creamy-salsa-dip-297266,Creamy Salsa Dip,4,300.0,"[Appetizers, Condiments and Sauces, Lunch and Snacks]","[American, Mexican, Southwestern]","[hellmann' or best food real mayonnais, prepar salsa]"
Shrimp-Fajitas-1296932,Shrimp Fajitas,4,2100.0,[Main Dishes],[Mexican],"[poblano peppers, red bell pepper, yellow peppers, yellow onion, purple onion, medium shrimp, lime juice, olive oil, garlic cloves, salt, ground cumin, chili powder, red pepper flakes, guacamole, sour cream, lime wedges]"
Steak-fajitas-300180,Steak Fajitas,4,1800.0,"[Lunch and Snacks, Main Dishes]","[Mexican, Southwestern]","[flank steak, green bell pepper, slice, onions, chili powder, vegetable oil, Knorr® Fiesta Sides™ - Mexican Rice, flour tortillas]"
Southwestern-Chopped-Salad-with-Cilantro-Lime-Dressing-595945,Southwestern Chopped Salad with Cilantro Lime Dressing,4,900.0,[Salads],[Southwestern],"[romaine lettuce, cherry tomatoes, corn kernels, canned black beans, cilantro leaves, avocado, tortillas, cilantro stems, plain greek yogurt, garlic, lime, salt, olive oil, apple cider vinegar]"
Salsa-Picante-My-Recipes,Salsa Picante,4,1200.0,"[Appetizers, Condiments and Sauces]","[Southwestern, American, Mexican]","[chopped onion, cilantro sprigs, jalapeno chilies, garlic cloves, diced tomatoes, fresh lime juice, salt]"
Weight-Watcher_s-Mexican-Casserole-676288,Weight Watcher's Mexican Casserole,4,3900.0,[Main Dishes],"[Southwestern, Mexican]","[extra-lean ground beef, onions, jalapeno chilies, fresh tomatoes, corn, black beans, taco seasoning mix, corn tortillas, non-fat sour cream, Mexican cheese blend, fresh cilantro]"
Mexican-Casserole---6_5-Weight-Watcher-Points-1178769,Mexican Casserole - 6.5 Weight Watcher Points,4,3600.0,[Main Dishes],"[Southwestern, Mexican]","[extra lean ground beef, onions, jalapeno chilies, fresh tomatoes, corn, black beans, taco seasoning mix, corn tortillas, non-fat sour cream, Mexican cheese blend, fresh cilantro]"
Mexican-Eggs-MyRecipes-243656,Mexican Eggs,4,1500.0,[Breakfast and Brunch],"[Southwestern, American, Mexican]","[bacon, refried beans, green chile, large eggs, jack cheese, green onions, tomatoes, chopped cilantro, avocado, corn tortillas]"
Southwestern-Egg-Rolls-1030892,Southwestern Egg Rolls,4,4800.0,[Appetizers],[Southwestern],"[olive oil, purple onion, red bell pepper, garlic, cumin, chili powder, canned black beans, frozen corn, frozen chopped spinach, cooked chicken, fresh cilantro, salt, monterey jack, cheddar cheese, egg roll wrappers, vegetable oil, avocado meat, buttermilk ranch dressing]"
Southwestern-Chicken-Salad-1329054,Southwestern Chicken Salad,3,600.0,[Salads],[Southwestern],"[romaine lettuce, rotisserie chicken, red bell pepper, canned black beans, sour cream, lime juice, chili powder, kosher salt, tortilla chips]"
Southwestern-Fry-Sauce-1142403,Southwestern Fry Sauce,4,300.0,[Condiments and Sauces],[Southwestern],"[mayonnaise, ketchup, chipotles in adobo, green chile]"
Chicken-Enchilada-Soup-1339678,Chicken Enchilada Soup,4,3000.0,[Soups],[Mexican],"[olive oil, diced onions, garlic, masa harina, chicken stock, chicken, red enchilada sauce, black beans, diced tomatoes, green chile, ground cumin, sharp cheddar cheese, salt, pico de gallo, chopped cilantro fresh, sour cream, grating cheese, avocado, tortilla strips]"
Black-Bean-_-Veggie-Stuffed-Spaghetti-Squash-1350664,Black Bean & Veggie Stuffed Spaghetti Squash,4,3600.0,[Main Dishes],[Southwestern],"[spaghetti squash, seeds, olive oil, zucchini, purple onion, black beans, cumin, chili powder, garlic powder, salt, pepper, shredded sharp cheddar cheese, chopped cilantro, pico de gallo, sour cream, avocado]"
Southwestern-steak-salad-304109,Southwestern Steak Salad,4,12900.0,"[Main Dishes, Salads]",[Southwestern],"[Wish-Bone Italian Dressing, boneless sirloin steak, jalapeno chilies, red bell pepper, sliced, corn-on-the-cob, chopped cilantro fresh, iceberg lettuce]"
Southwestern-Salad-I-Adore-Food_-200344,Southwestern Salad,4,1500.0,[Salads],[Southwestern],"[mixed greens, cheddar cheese, black beans, corn, chicken breasts, salsa, olive oil, lime juice, garlic cloves, fresh cilantro, salt, ground chipotle chile pepper, cumin, avocado]"
Pomegranate-margaritas-333260,Pomegranate Margaritas,5,300.0,"[Beverages, Cocktails]",[Southwestern],"[Grand Marnier, tequila, pomegranate juice, lime juice, simple syrup, coarse salt, lime, pomegranate seeds]"
Guacamole-314413,Guacamole,5,,"[Appetizers, Condiments and Sauces, Lunch and Snacks]","[Mexican, Southwestern]","[hass avocado, lime, purple onion, garlic, chopped cilantro, pepper, kosher salt]"
Frosty-Raspberry-Lime-Margarita-MyRecipes-245305,Frosty Raspberry-Lime Margarita,4,900.0,"[Beverages, Cocktails]",[Southwestern],"[tequila, orange liqueur, raspberries, fresh lime juice, sugar, ice]"
Chicken-Tortilla-Soup-_My-Husband_s-Favorite-Recipe__-1065837,Chicken Tortilla Soup (My Husband's Favorite Recipe!),4,4800.0,[Soups],"[Southwestern, Mexican]","[onions, garlic, olive oil, chili powder, cumin, lime juice, crushed tomatoes, chicken broth, water, whole kernel corn, drain, chile pepper, black beans, chopped cilantro fresh, boneless chicken breast halves, tortilla chips, sour cream, shredded Monterey Jack cheese]"
Cheesy-Chicken-Enchilada-Skillet-1330365,Cheesy Chicken Enchilada Skillet,4,1200.0,[Main Dishes],[Mexican],"[extra-virgin olive oil, frozen corn kernels, diced chicken, fire roasted diced tomatoes, black beans, diced green chilies, enchilada sauce, tortilla strips, shredded cheddar cheese, Mexican cheese, chopped cilantro, cayenne pepper]"
Layered-Mexican-Bake-1252327,Layered Mexican Bake,3,5700.0,[Main Dishes],[Mexican],"[extra-lean ground beef, onions, green pepper, chili powder, TACO BELL® Thick & Chunky Mild Salsa, frozen corn, whole wheat tortillas, Knudsen Light Sour Cream, KRAFT 2% Milk Shredded Sharp Cheddar Cheese]"
Flautas-299802,Flautas,4,2100.0,"[Appetizers, Lunch and Snacks]","[Mexican, Southwestern]","[tomatoes, onions, garlic, knorr tomato bouillon with chicken flavor cube, cooked chicken, lard, corn tortillas, vegetable oil]"
Mexican-Tortilla-Rollups-1021920,Mexican Tortilla Rollups,4,900.0,[Appetizers],[Mexican],"[sour cream, cream cheese, green chilies, black olives, shredded cheddar cheese, garlic powder, seasoning salt, flour tortillas]"
Skinny-Chicken-Fajitas-1201973,Skinny Chicken Fajitas,4,2700.0,[Main Dishes],[Southwestern],"[boneless skinless chicken breasts, olive oil, green bell pepper, red bell pepper, purple onion, jalapeno chilies, garlic, black pepper, cumin, chili powder, cayenne pepper, sea salt, chopped cilantro fresh, chicken broth low fat, flour tortillas, plain greek yogurt, reduced fat cheddar cheese, taco seasoning]"
Layered-Bean-Dip-My-Recipes_2,Layered Bean Dip,4,2700.0,"[Appetizers, Lunch and Snacks]",[Southwestern],"[refried beans, black beans, reduced-fat sour cream, salsa, cheddar cheese, chopped cilantro]"
Green-Chicken-Enchiladas-1048030,Green Chicken Enchiladas,4,5400.0,[Main Dishes],[Mexican],"[tomatillo salsa, extra-virgin olive oil, onions, garlic cloves, ground cumin, all-purpose flour, chicken stock, cilantro leaves, boneless skinless chicken breasts, salt, ground black pepper, flour tortillas, monterey jack, sour cream, chopped tomatoes]"
Tamarind-cooler-303886,Tamarind Cooler,4,600.0,[Beverages],"[Asian, Southwestern]","[water, tamarind juice, Lipton Green Tea Sweetened Iced Tea Mix]"
Creamy-Turkey-Enchiladas-1344006,Creamy Turkey Enchiladas,4,3600.0,[Main Dishes],[Mexican],"[butter, finely chopped onion, garlic, flour, milk, chicken stock, green chile, jalapeno chilies, cumin, chili powder, ground black pepper, kosher salt, corn tortillas, pepper jack, turkey]"
Dump-and-Bake-Chicken-Taco-Casserole-1343688,Dump and Bake Chicken Taco Casserole,4,3000.0,[Main Dishes],[Mexican],"[tortilla chips, boneless skinless chicken breasts, chopped green chilies, frozen corn, taco seasoning, sauce, diced tomatoes, shredded cheddar cheese, sliced green onions, sliced black olives, avocado, sour cream, salsa, chips]"
Mexican-Bean-Wraps-1290799,Mexican Bean Wraps,3,1200.0,[],[Mexican],"[Old El Paso™ refried beans, Old El Paso™ Thick 'n Chunky salsa, chili powder, Old El Paso Flour Tortillas, shredded lettuce, shredded Monterey Jack cheese, cherry tomatoes]"
Enchilada-Casserole_-1341476,Enchilada Casserole!,4,3600.0,[Main Dishes],"[Southwestern, Mexican]","[ground chicken, onions, jalapeno chilies, tomato sauce, garlic, cumin, chili powder, cilantro, salt, pinto beans, corn kernels, corn tortillas, enchilada sauce, shredded cheddar cheese]"
Chicken-fajitas-303767,Chicken Fajitas,4,1080.0,"[Lunch and Snacks, Main Dishes]","[American, Mexican, Southwestern]","[olive oil, red bell pepper, sliced, boneless skinless chicken breast halves, lipton recip secret onion mushroom soup mix, water, flour tortillas]"
Healthy-Mexican-Casserole-with-Roasted-Corn-and-Peppers-565987,Healthy Mexican Casserole with Roasted Corn and Peppers,4,,[Main Dishes],[Mexican],"[red bell pepper, green bell pepper, jalapeno chilies, purple onion, frozen corn, chili powder, cumin, salt, Mexican cheese, corn tortillas, refried beans, red enchilada sauce, cilantro, sour cream, guacamole]"
Tomatillo-Salsa-Real-Simple-199082,Tomatillo Salsa,3,600.0,"[Lunch and Snacks, Appetizers, Condiments and Sauces]","[Southwestern, Mexican]","[garlic cloves, tomatillos, white onion, jalapeno chilies, fresh lime juice, chopped cilantro fresh]"
Cheesy-enchiladas-340509,Cheesy Enchiladas,4,2100.0,[Main Dishes],[Southwestern],"[boneless skinless chicken breasts, chili powder, low sodium black beans, frozen corn, salsa, whole wheat tortillas, shredded reduced fat cheddar cheese]"
Chile-Chicken-Enchiladas-1238576,Chile-Chicken Enchiladas,3,3900.0,[Main Dishes],[Mexican],"[Old El Paso Enchilada Sauce, cooked chicken, shredded Monterey Jack cheese, sour cream, Old El Paso™ chopped green chiles, Old El Paso Flour Tortillas, shredded cheddar cheese, avocado]"
Chipotle_s-Signature-Guacamole-1023440,Chipotle's Signature Guacamole,3,1200.0,[Appetizers],[Mexican],"[avocado, citrus, fresh cilantro, purple onion, serrano peppers, salt, tortilla chips]"
Chili-mac-casserole-298157,Chili Mac Casserole,4,1800.0,[Main Dishes],[Southwestern],"[ground beef, yellow onion, tomatoes, chili powder, black beans, knorr pasta side   cheesi cheddar, shredded cheddar cheese, chip plain tortilla]"
Costa-Vida-Copycat-Steak-Tacos-1334513,Costa Vida Copycat Steak Tacos,4,1200.0,[Main Dishes],[Mexican],"[sirloin steak, olive oil, minced garlic, jalapeno chilies, kosher salt, ground cumin, chili powder, lime, flour tortillas, lettuce, salsa, fresh lime]"
Layered-guacamole-ranch-party-dip-298342,Layered Guacamole Ranch Party Dip,4,900.0,[Appetizers],[Southwestern],"[wish bone guacamol ranch dress, refried beans, whole kernel corn, drain, tomatoes, pitted olives, pickled jalapenos]"
Southwestern-ranch-salad-296888,Southwestern Ranch Salad,4,1500.0,"[Lunch and Snacks, Salads]",[Southwestern],"[torn romain lettuc leav, black beans, purple onion, wish bone ranch dress, cut up cooked chicken, avocado, shredded Monterey Jack cheese, chip plain tortilla, frozen whole kernel corn, tomatoes]"
DASH-Cheesy-Enchiladas-982151,DASH Cheesy Enchiladas,4,3000.0,[Main Dishes],[Mexican],"[black beans, salsa, shredded cheese, whole wheat tortillas, corn, enchilada sauce]"
Slow-Cooker-Southwestern-Casserole-1237780,Slow Cooker Southwestern Casserole,4,2400.0,[Main Dishes],[Southwestern],"[cheddar cheese, ground beef, onions, bell pepper, corn, kidney beans, diced tomatoes, tomato sauce, water, chili powder, cumin, chopped cilantro fresh, instant rice]"
Cheese-Quesadillas-My-Recipes_1,Cheese Quesadillas,4,1200.0,"[Lunch and Snacks, Appetizers, Main Dishes]","[Southwestern, Mexican, Kid-Friendly]","[jack cheese, flour tortillas]"
Ragu-chili-con-carne-300122,Ragu Chili Con Carne,4,1800.0,[Main Dishes],[Southwestern],"[ground beef, onions, garlic, pasta sauce, red kidney beans, chili powder]"
Caldo-De-Res-My-Recipes,Caldo de Res,4,6300.0,"[Soups, Main Dishes]",[Southwestern],"[beef shank, water, green cabbage, zucchini, onions, celery, carrots, garlic cloves, bouillon, lime wedges, chopped cilantro fresh]"
Enchilada-Casserole-1015947,Enchilada Casserole,4,3300.0,[Main Dishes],[Mexican],"[ground meat, shredded cheddar cheese, green chilies, onions, garlic cloves, corn tortillas, red enchilada sauce]"
Chicken-Enchilada-Recipe-Easy-Weeknight-Meal-1037969,Chicken Enchilada Recipe Easy Weeknight Meal,4,1800.0,[Main Dishes],[Mexican],"[chicken, colby jack cheese, salsa, green onions, chili powder, garlic powder, salt, black pepper, flour tortillas, butter, flour, chicken broth, sour cream, cilantro]"
Mexican-Zucchini-Burrito-Boats-1246995,Mexican Zucchini Burrito Boats,4,3300.0,[Main Dishes],"[Southwestern, Mexican]","[zucchini, black beans, cooked brown rice, salsa, red bell pepper, purple onion, corn kernels, jalapeno chilies, olive oil, cumin, chili powder, fresh cilantro, salt, shredded cheddar cheese]"
Skinny-Vegetarian-Enchiladas-1256567,Skinny Vegetarian Enchiladas,4,2400.0,[Main Dishes],[Mexican],"[corn husks, reduced fat cream cheese, greek yogurt, Mexican cheese blend, black beans, salsa, cilantro, scallions, chili powder, cumin, flour tortillas, red enchilada sauce]"
Creamy-_Work-Week_-Chicken-Enchiladas-1360490,"Creamy ""Work Week"" Chicken Enchiladas",4,3900.0,[Main Dishes],[Mexican],"[boneless skinless chicken breasts, butter, finely chopped onion, green chile, reduced fat cream cheese, whipping cream, flour tortillas, cheddar cheese, grated jack cheese, cheese, salsa, cumin, salt, pepper]"
Chicken-Enchilada-Casserole-1055011,Chicken Enchilada Casserole,4,2700.0,[Main Dishes],[Mexican],"[enchilada sauce, shredded cheese, chicken, tomatoes, refried beans, flour tortillas, onion tops]"
Southwestern-Pasta-Salad-1308952,Southwestern Pasta Salad,4,1800.0,[Salads],[Southwestern],"[pasta, red bell pepper, green bell pepper, cherry tomatoes, canned corn, black beans, chopped cilantro, green onions, mayonnaise, plain greek yogurt, seasoning, taco seasoning]"
Corn-Chowder-with-Chilies-The-Pioneer-Woman-Cooks-_-Ree-Drummond-41223,Corn Chowder with Chilies,5,2700.0,[Soups],"[American, Southwestern]","[bacon, butter, yellow onion, corn, chipotles in adobo, green chilies, low sodium chicken broth, heavy whipping cream, kosher salt, cornmeal, water]"
Chunky-Chicken-Enchilada-Soup-987408,Chunky Chicken Enchilada Soup,4,1500.0,[Soups],[Mexican],"[chicken, corn kernels, enchilada sauce, diced tomatoes, Old El Paso™ chopped green chiles, green enchilada sauce, ground cumin]"
Pulled-Pork-Enchiladas-1313404,Pulled Pork Enchiladas,3,42000.0,[Main Dishes],"[Southwestern, Mexican]","[boneless pork shoulder, chicken broth, chopped onion, garlic, ground cumin, ground chipotle chile pepper, salt, enchilada sauce, fresh cilantro, chile pepper, cotija, flour tortillas, grape tomatoes, diced tomatoes, sour cream]"
Tostada-Enchilada-Stacker-1325586,Tostada Enchilada Stacker,3,1200.0,[Main Dishes],[Southwestern],"[canola oil, onions, poblano chiles, garlic, chile powder, salt, diced tomatoes, tomato sauce, rotisserie chicken breast, yellow corn, black beans, chicken stock, tostadas, reduced fat sharp cheddar cheese, cilantro sprigs]"
Chorizo-Calabaza-Tacos-1312969,Chorizo-Calabaza Tacos,3,2400.0,[Main Dishes],[Mexican],"[ground pork, chopped onion, zucchini, salsa, pasilla chile pepper, Mexican oregano, ground cumin, ground cinnamon, corn tortillas, flat leaf parsley, queso fresco, asadero]"
Ground-Turkey-Enchiladas-with-Corn-and-Cilantro-Topping-1315328,Ground Turkey Enchiladas with Corn and Cilantro Topping,4,3900.0,[Main Dishes],[Mexican],"[frozen corn, chopped green chilies, cilantro leaves, whipping cream, salt, pepper, ground turkey, chopped onion, garlic, olive oil, salsa, cornmeal, chili powder, ground cumin, ground oregano, corn tortillas, cheese, sliced olives]"
Crock-Pot-Enchiladas-1064269,Crock Pot Enchiladas,4,10800.0,[Main Dishes],[Mexican],"[ground beef, white onion, green bell pepper, refried beans, rotel tomatoes, chili powder, ground cumin, garlic powder, salt, ground pepper, colby jack cheese, flour tortillas, enchilada sauce]"
