id,recipeName,rating,totalTimeInSeconds,course,cuisine,ingredients
Spanish-Rice-One-Pot-1353837,Spanish Rice One Pot,4,2400.0,[],[Spanish],"[olive oil, garlic, onions, chorizo, yellow peppers, rice, water, chopped tomatoes, smoked paprika]"
Paella-1362635,Paella,4,3300.0,[Main Dishes],[Spanish],"[extra-virgin olive oil, cured chorizo, yellow onion, red bell pepper, garlic, salt, freshly ground pepper, long grain white rice, saffron threads, chicken broth, clams, large shrimp, peas, lemon wedge]"
Quinoa-_-Shrimp-Paella-1359819,Quinoa & Shrimp Paella,4,2700.0,[Main Dishes],[Spanish],"[yellow onion, garlic, olive oil, quinoa, chicken broth, crushed red pepper flakes, bay leaf, saffron threads, spanish paprika, black pepper, sea salt, sun-dried tomatoes, red bell pepper, frozen peas, seafood seasoning, large shrimp]"
Spanish-style-garlic-shrimp-298317,Spanish-style Garlic Shrimp,4,1800.0,[Appetizers],[Spanish],"[I Can't Believe It's Not Butter!® Spread, uncook medium shrimp, peel and devein, salt, garlic, jalapeno chilies, finely chopped fresh parsley, lime juice]"
Spanish-Style-Baked-Eggs-1346988,Spanish-Style Baked Eggs,4,2400.0,[Breakfast and Brunch],[Spanish],"[new potatoes, eggs, chorizo, pasta sauce, olive oil]"
Caprese-Salad-The-Pioneer-Woman-Cooks-_-Ree-Drummond-41155,Caprese Salad,5,2100.0,"[Lunch and Snacks, Side Dishes, Salads]","[Spanish, Italian]","[balsamic vinegar, tomatoes, mozzarella cheese, fresh basil leaves, olive oil, ground black pepper, kosher salt]"
Spanish-Salmon-Stew-_Marmitako-de-Salmon_-1375035,Spanish Salmon Stew (Marmitako de Salmón),4,3300.0,[Main Dishes],[Spanish],"[salmon fillets, tomatoes, potatoes, bell pepper, garlic, onions, fish broth, paprika, parsley, olive oil, freshly ground black pepper, salt]"
Spanish-omelette-304333,Spanish Omelette,4,2400.0,"[Breakfast and Brunch, Lunch and Snacks]",[Spanish],"[Country Crock® Spread, all purpose potatoes, onions, eggs, water, ground black pepper, achiote powder]"
Portuguese-Stew-1320868,Portuguese Stew,3,1800.0,[],[Portuguese],"[olive oil, spanish chorizo, garlic, stewed tomatoes, chickpeas, chicken stock, lacinato kale]"
Spanish-Tortilla-Simply-Recipes-42556,Spanish Tortilla,5,1800.0,,[Spanish],"[eggs, yukon gold potatoes, green onions, olive oil, salt]"
Spanish-Inspired-Prawns-_Shrimp_-Risoni-1368848,Spanish Inspired Prawns (Shrimp) Risoni,4,2400.0,[Main Dishes],[Spanish],"[olive oil, meat, yellow onion, risoni, chicken stock, smoked paprika, saffron threads, salt, black pepper, white wine, frozen peas, red pepper, marinated artichoke hearts]"
Spanish-Chicken-with-Chorizo-and-Potatoes-1338156,Spanish Chicken with Chorizo and Potatoes,4,4800.0,[Main Dishes],[Spanish],"[olive oil, chicken thighs, chorizo sausage, baby potatoes, purple onion, dried oregano, orange, salt]"
Flan-457789,Flan,5,,[Desserts],"[Mexican, Spanish]","[sugar, water, milk, vanilla extract, vanilla beans, eggs]"
Garlic-shrimp-352388,Garlic Shrimp,5,,"[Appetizers, Main Dishes]","[Mediterranean, Spanish]","[shrimp, garlic, olive oil, crushed red pepper flakes, paprika, salt, herbs, lime]"
Vegan-Spanish-Paella-1340600,Vegan Spanish Paella,4,2700.0,[Main Dishes],[Spanish],"[extra-virgin olive oil, garlic, onions, red bell pepper, green pepper, tomatoes, frozen artichoke hearts, frozen green beans, frozen peas, basmati rice, vegetable stock, ground turmeric, sweet paprika, black pepper, salt]"
Spanish-Chicken-with-Chorizo-and-Potatoes-1205284,Spanish Chicken with Chorizo and Potatoes,4,4800.0,[Main Dishes],[Spanish],"[olive oil, chicken thighs, chorizo sausage, baby potatoes, purple onion, dried oregano, orange, salt]"
Chimichurri-Sauce-533101,Chimichurri Sauce,5,900.0,[Condiments and Sauces],[Spanish],"[fresh parsley, garlic, oregano, extra-virgin olive oil, red wine vinegar, kosher salt, red pepper flakes]"
Spanish-flan-310592,Spanish Flan,5,4800.0,[Desserts],[Spanish],"[white sugar, eggs, sweetened condensed milk, evaporated milk, vanilla extract]"
Paella-578302,Paella,4,3300.0,[Main Dishes],[Spanish],"[saffron, chicken thighs, large shrimp, ground black pepper, salt, extra-virgin olive oil, chorizo, smoked paprika, garlic, tomatoes, onions, chicken broth, short-grain rice, red pepper, clams]"
Spanish-Gazpacho-1046573,Spanish Gazpacho,4,600.0,[],[Spanish],"[tomatoes, cucumber, green pepper, extra-virgin olive oil, white wine vinegar, garlic cloves, celtic salt]"
Classic-Sangria-Martha-Stewart-197824,Classic Sangria,5,4800.0,"[Beverages, Cocktails]",[Spanish],"[orange, lime, granny smith apples, green grape, brandy, dry red wine, lemon-lime soda, ice]"
Churros-Martha-Stewart-190501,Churros,4,2400.0,"[Lunch and Snacks, Appetizers, Desserts]","[Spanish, Southwestern, American]","[unsalted butter, granulated sugar, coarse salt, all-purpose flour, large eggs, vegetable oil, confectioners sugar, dipping sauces]"
Home-Fried-Potatoes-with-Smoked-Paprika-Martha-Stewart-193199,Home-Fried Potatoes with Smoked Paprika,5,1800.0,"[Side Dishes, Breakfast and Brunch]",[Spanish],"[olive oil, russet potatoes, coarse salt, onions, pimenton, flat leaf parsley]"
Classic-Spanish-Sangria-Allrecipes,Classic Spanish Sangria,5,7800.0,"[Beverages, Cocktails]",[Spanish],"[lemon, lime, orange, rum, white sugar, dry red wine, orange juice]"
Spanish-Omelette-1353043,Spanish Omelette,4,4200.0,[Breakfast and Brunch],[Spanish],"[olive oil, onions, new potatoes, red pepper, large eggs, flat leaf parsley, pepper, salt]"
Spanish-Lentil-Stew-_Lentejas_-1354135,Spanish Lentil Stew (Lentejas),4,5400.0,[Main Dishes],[Spanish],"[green lentil, water, chorizo sausage, roasted tomatoes, carrots, gold potatoes, onions, garlic, bay leaves, salt, smoked paprika, olive oil, crusty bread]"
Flan-TasteOfHome,Flan,5,2700.0,[Desserts],"[Mexican, Spanish]","[eggs, sugar, salt, evaporated milk, vanilla, brown sugar]"
White-citrus-sangria-299365,White Citrus Sangria,4,7800.0,[Beverages],[Spanish],"[Lipton Diet Green Tea with Citrus, grape juice, orange juice, orange, lemon, lime]"
Sofrito-Martha-Stewart-241030,Sofrito,4,3300.0,,"[Spanish, Cuban]","[plum tomatoes, red bell pepper, yellow onion, garlic cloves, cilantro, extra-virgin olive oil]"
Spanish-Spinach-with-Chickpeas-1014181,Spanish Spinach with Chickpeas,4,1200.0,[Side Dishes],[Spanish],"[extra-virgin olive oil, garlic, sweet paprika, spinach, water, chickpeas, sea salt]"
Classic-Paella-898818,Classic Paella,3,3300.0,[Main Dishes],[Spanish],"[extra-virgin olive oil, skinless chicken breasts, chicken stock, saffron, onions, garlic cloves, chopped tomatoes, parsley leaves, paprika, paella rice, pepper, lemon]"
Spanish-Gazpacho-1212546,Spanish Gazpacho,4,600.0,[Soups],[Spanish],"[tomatoes, cucumber, green pepper, garlic, apple cider vinegar, extra-virgin olive oil, sea salt]"
Spanish-Omelette-With-Chorizo-And-Sweet-Potato-1333388,Spanish Omelette With Chorizo And Sweet Potato,3,2400.0,[Main Dishes],[Spanish],"[olive oil, chorizo sausage, shallots, sweet potatoes, large eggs, flat leaf parsley]"
Spanish-Style-Gigante-Beans-1358713,Spanish-Style Gigante Beans,3,,[Side Dishes],[Spanish],"[butter beans, olive oil, onions, garlic, grape tomatoes, sweet pepper, smoked paprika, saffron threads, bay leaves, salt, flat leaf parsley, Marcona almonds]"
Spanish-Garlic-Shrimp-on-Skewers-1089220,Spanish Garlic Shrimp on Skewers,3,2700.0,[],[Spanish],"[extra-virgin olive oil, adobo, garlic, crushed red pepper, jumbo shrimp, red bell pepper, lemon]"
Classic-Spanish-Sangria-1250674,Classic Spanish Sangria,4,1200.0,[Beverages],[Spanish],"[red wine, brandy, orange, lemon, sugar, red apples]"
Fried-Olives-Martha-Stewart-196321,Fried Olives,5,2400.0,[Appetizers],[Spanish],"[green olives, blue cheese, all-purpose flour, large eggs, dry bread crumbs, vegetable oil]"
Gazpacho-345110,Gazpacho,5,3900.0,[Soups],[Spanish],"[country bread, garlic cloves, ground cumin, kosher salt, tomatoes, seedless cucumber, red bell pepper, purple onion, extra-virgin olive oil, spring water, sherry vinegar]"
Spanish-Chorizo-With-Chickpeas-_Vegan_-Gluten-Free_-1351633,"Spanish Chorizo With Chickpeas [Vegan, Gluten-Free]",3,2700.0,[Main Dishes],[Spanish],"[olive oil spray, chorizo, sofrito, garbanzo beans, no-salt-added diced tomatoes, mixed spice, vegetable broth, ground black pepper, salt, green onions, yellow onion, plum tomatoes, jalapeno chilies, garlic, cilantro, red bell pepper, pepper]"
Spanish-Potato-Omelet-1344345,Spanish Potato Omelet,4,2100.0,[Breakfast and Brunch],[Spanish],"[olive oil, potatoes, pepper, salt, onions, eggs, tomatoes, green onions]"
Spanish-Pisto-1275288,Spanish Pisto,4,2700.0,,[Spanish],"[potatoes, zucchini, extra-virgin olive oil, garlic, diced onions, green bell pepper, red bell pepper, sea salt, tomato sauce]"
Portuguese-seafood-stew-352142,Portuguese Seafood Stew,5,2700.0,[Main Dishes],[Spanish],"[littleneck clams, large shrimp, scallops, extra-virgin olive oil, garlic, onions, chorizo sausage, tomatoes, dry white wine, water, bay leaf, fresh parsley, pepper, salt]"
Gazpacho-The-Pioneer-Woman-Cooks-_-Ree-Drummond-41342,Gazpacho,5,4500.0,"[Lunch and Snacks, Appetizers, Soups]",[Spanish],"[garlic, purple onion, cucumber, roma tomatoes, zucchini, celery, salt, tomato juice, extra-virgin olive oil, red wine vinegar, white sugar, Tabasco Pepper Sauce, black pepper]"
Garlic-Shrimp-Martha-Stewart,Garlic Shrimp,5,600.0,"[Appetizers, Main Dishes]",[Spanish],"[extra-virgin olive oil, garlic cloves, red pepper flakes, large shrimp, unsalted butter, freshly ground pepper]"
Spanish-Zucchini-Tortilla-1340907,Spanish Zucchini Tortilla,4,3000.0,,[Spanish],"[olive oil, zucchini, large garlic cloves, purple onion, large eggs, salt, pepper, pico de gallo]"
Spanish-Chicken-1314834,Spanish Chicken,4,5100.0,[Main Dishes],[Spanish],"[olive oil, chicken thighs, chorizo sausage, potatoes, purple onion, dried oregano, pepper, salt, orange, basil]"
Spanish-Tortilla-1208417,Spanish Tortilla,3,2400.0,[],[Spanish],"[extra-virgin olive oil, yukon gold potatoes, onions, kosher salt, large eggs]"
Spanish-Frittata-Martha-Stewart-196232,Spanish Frittata,4,2100.0,[Breakfast and Brunch],[Spanish],"[extra-virgin olive oil, onions, potatoes, coarse salt, large eggs]"
White-Sangria-460537,White Sangria,5,,"[Beverages, Cocktails]",[Spanish],"[peaches, peach nectar, orange liqueur, white wine, club soda, ice cubes]"
Spanish-Rice-Martha-Stewart,Spanish Rice,3,3000.0,[Side Dishes],"[Spanish, American, Mexican]","[vegetable oil, white onion, garlic cloves, carrots, long-grain rice, store bought low sodium chicken stock, tomato paste, coarse salt, freshly ground pepper]"
Empanadas-Allrecipes,Empanadas,5,6300.0,"[Lunch and Snacks, Appetizers, Desserts]",[Spanish],"[butter, cream cheese, all-purpose flour, preserves, white sugar, ground cinnamon]"
Spanish-Style-Shrimp-With-Garlic-1218649,Spanish-Style Shrimp With Garlic,3,1800.0,[],[Spanish],"[medium shrimp, sea salt, extra-virgin olive oil, garlic cloves, bay leaf, dried red chile peppers, parsley]"
Easy-Seafood-Paella-1069454,Easy Seafood Paella,4,3600.0,[Main Dishes],[Spanish],"[lobster tails, water, olive oil, yellow onion, spanish rice, garlic cloves, saffron threads, paprika, cayenne pepper, pepper flakes, salt, roma tomatoes, haricots verts, prawns, fresh parsley]"
Spanish-Omelette-1295800,Spanish Omelette,3,2700.0,[Breakfast and Brunch],[Spanish],"[new potatoes, onions, eggs, parsley, olive oil, salt, pepper]"
Spanish-Style-Brined-Pork-Tenderloin-1369843,Spanish-Style Brined Pork Tenderloin,3,3600.0,[Main Dishes],"[Barbecue, Spanish]","[water, kosher salt, sugar, sherry vinegar, ice cubes, pork tenderloin, paprika, freshly ground black pepper, chopped fresh sage, chopped fresh thyme, garlic cloves, olive oil, cooking spray]"
Chicken-And-Prawn-Paella-565884,Chicken And Prawn Paella,3,3300.0,[Main Dishes],[Spanish],"[olive oil, chorizo sausage, chicken fillets, onions, garlic cloves, red pepper, paella rice, saffron, chicken stock, green beans, tiger prawn, ground paprika]"
Chicken-_-Shrimp-Orzo-Paella-1307340,Chicken & Shrimp Orzo Paella,3,2100.0,[Main Dishes],[Spanish],"[olive oil, boneless chicken skinless thigh, smoked paprika, dried oregano, sea salt, small yellow onion, garlic, red bell pepper, plum tomatoes, orzo, low sodium chicken broth, saffron, fresh lemon juice, lemon zest, large shrimp, Italian parsley leaves]"
Spanish-Spaghetti-with-Olives-1325701,Spanish Spaghetti with Olives,4,1800.0,[Main Dishes],[Spanish],"[thin spaghetti, oil, onions, garlic, oregano, saffron threads, paprika, ground beef, red wine, pasta sauce, green olives, salt, pepper, parsley]"
Flan-de-Leche-472392,Flan de Leche,4,,[Desserts],[Spanish],"[white sugar, large eggs, water, vanilla extract, whole milk, sweetened condensed milk]"
Spanish-Omelette-Casserole-1342820,Spanish Omelette Casserole,4,1800.0,[],[Spanish],"[onions, chorizo sausage, hand, potatoes, olive oil, eggs, cheddar cheese, parsley, salt, pepper]"
Spanish-Style-Toast-with-Tomato-_Pan-Con-Tomate_-442713,Spanish-Style Toast with Tomato (Pan Con Tomate),5,1800.0,,[Spanish],"[baguette, garlic, extra-virgin olive oil, tomatoes, coarse sea salt]"
Spanish-Roasted-Sweet-Potatoes-1229843,Spanish Roasted Sweet Potatoes,3,3000.0,[Side Dishes],[Spanish],"[sweet potatoes, sage leaves, olive oil, sea salt, smoked paprika, sherry vinegar, honey]"
Spanish-garlic-soup_-Sopa-the-ajo_-traditionally-Spanish_-758180,"Spanish garlic soup. Sopa the ajo, traditionally Spanish.",4,1800.0,[Soups],[Spanish],"[garlic cloves, sweet paprika, eggs, bread, olive oil, pepper, salt]"
Sofrito-AllRecipes,Sofrito,4,29700.0,,[Spanish],"[garlic, green bell pepper, red bell pepper, chile pepper, onions]"
Spanish-Style-Skirt-Steak-Pinwheels-1315682,Spanish-Style Skirt Steak Pinwheels,3,2400.0,[Main Dishes],[Spanish],"[olive oil, salt, pepper, garlic, skirt steak, flat leaf parsley, spanish chorizo, manchego cheese, lemon]"
Spanish-Eggs-1092468,Spanish Eggs,4,2100.0,[],[Spanish],"[olive oil, onions, chorizo, tomatoes, red kidney beans, eggs, smoked paprika, cumin, water, rosemary]"
Winter-sangria-346684,Winter Sangria,5,5100.0,[Beverages],[Spanish],"[cherry juice, pomegranate seeds, navel oranges, granny smith apples, pure maple syrup, seltzer, ginger ale, ice]"
Spanish-Roasted-Potatoes-with-Tomato-Sauce-Simply-Recipes-55155,Spanish Roasted Potatoes with Tomato Sauce,5,3900.0,[Side Dishes],[Spanish],"[yukon gold potatoes, olive oil, salt, yellow onion, garlic cloves, white wine, tomato paste, crushed tomatoes, Tabasco Pepper Sauce, smoked paprika, sugar]"
Pico-de-Gallo-Martha-Stewart_2,Pico de Gallo,3,2400.0,"[Lunch and Snacks, Appetizers, Condiments and Sauces]","[Spanish, Southwestern, American, Mexican]","[plum tomatoes, minced onion, jalapeno chilies, fresh lime juice, coarse salt]"
Sparkling-White-Sangria-MyRecipes-235927,Sparkling White Sangria,4,29280.0,"[Beverages, Cocktails]",[Spanish],"[granny smith apples, red apples, orange, lemon, dry white wine, triple sec, fresh orange juice, club soda]"
Shrimp-and-Spanish-Chorizo-Bites-568054,Shrimp and Spanish Chorizo Bites,4,3000.0,[Appetizers],[Spanish],"[medium shrimp, spanish chorizo, garlic, dried oregano, red wine vinegar, dry sherry, extra-virgin olive oil, flat leaf parsley]"
Spicy-honey-glazed-chicken-breasts-349356,Spicy Honey-Glazed Chicken Breasts,5,2700.0,[Main Dishes],[Spanish],"[extra-virgin olive oil, onions, clove garlic, fine chop, honey, hot pepper sauce, chili powder, lemon juice, boneless skinless chicken breasts, salt, pineapple]"
White-Sangria-Martha-Stewart,White Sangria,5,900.0,"[Beverages, Cocktails]",[Spanish],"[brandy, sugar, peaches, honeydew melon, white wine, seltzer, ice cubes]"
Gazpacho-352209,Gazpacho,5,,"[Appetizers, Lunch and Snacks, Soups]","[American, Spanish]","[tomatoes, cucumber, red bell pepper, garlic cloves, red wine vinegar, extra-virgin olive oil, black pepper, kosher salt, purple onion]"
Sangria-I-Adore-Food_-288946,Sangria,5,,"[Beverages, Cocktails]",[Spanish],"[lemon juice, orange juice, ginger ale, red wine, sugar, orange, lemon, lime, ice, triple sec]"
Arroz-con-pollo-309135,Arroz con Pollo,5,6300.0,[Main Dishes],"[Cuban, Spanish]","[dry white wine, saffron threads, chicken thighs, salt, pepper, olive oil, onions, garlic, diced tomatoes, bay leaf, ground black pepper, chicken broth, white rice, olives]"
Spanish-Style-Lamb-Stew-1265338,Spanish-Style Lamb Stew,3,9000.0,[Main Dishes],[Spanish],"[olive oil, lamb stew meat, salt, pepper, onions, red bell pepper, garlic cloves, pimenton, whole peeled tomatoes, red wine, chicken stock, sherry vinegar, bay leaves, white beans, fresh parsley]"
Spanish-Bacon-And-Potato-Tortilla-599850,Spanish Bacon And Potato Tortilla,3,2100.0,,[Spanish],"[new potatoes, cooking spray, onions, peppadews, back bacon rashers, eggs, paprika, sherry vinegar, salad]"
Potato-tortilla-with-artichokes-and-red-peppers-305553,Potato Tortilla with Artichokes and Red Peppers,5,3600.0,[Main Dishes],[Spanish],"[olive oil, onions, yukon gold potatoes, marinated artichoke hearts, pepper, eggs, stock, coarse salt]"
Portuguese-Style-Braised-Peas-with-Eggs-Crumb-198180,Portuguese-Style Braised Peas with Eggs,5,2400.0,[],[Spanish],"[sausages, olive oil, onions, garlic, hot pepper, dry sherry, plum tomatoes, frozen peas, smoked paprika, bay leaf, salt, pepper, eggs, fresh parsley]"
Allioli-MyRecipes-245793,Allioli,4,300.0,[Condiments and Sauces],[Spanish],"[large garlic cloves, large eggs, large egg yolks, lemon juice, kosher salt, extra-virgin olive oil, canola oil]"
Spanish-Monkfish-608190,Spanish Monkfish,3,3000.0,[Main Dishes],[Spanish],"[oil, garlic, tomatoes, saffron, salt, pepper, fish, parsley]"
Lobster-Paella-458257,Lobster Paella,5,,[Main Dishes],[Spanish],"[salt, lobster, olive oil, yellow onion, garlic cloves, fennel bulb, rice, pernod, saffron, lemon juice, pepper, freshly ground pepper, flat leaf parsley, fresh tarragon, lemon]"
Lentejas-con-Chorizo-_Spanish-Lentil-Soup_-604297,Lentejas con Chorizo (Spanish Lentil Soup),3,3600.0,[Soups],[Spanish],"[lentils, chorizo, garlic, carrots, potatoes, onions, olive oil, spanish paprika, salt]"
Spanish-Chicken-with-Chorizo-and-Potatoes-982885,Spanish Chicken with Chorizo and Potatoes,4,4800.0,[Main Dishes],[Spanish],"[olive oil, chicken thighs, chorizo sausage, baby potatoes, purple onion, dried oregano, orange, salt]"
Guacamole-Martha-Stewart,Guacamole,4,1200.0,"[Appetizers, Condiments and Sauces, Lunch and Snacks]","[American, Mexican, Southwestern, Spanish]","[avocado, minced onion, jalapeno chilies, plum tomatoes, chopped cilantro, fresh lime juice, coarse salt]"
White-Gazpacho-Simply-Recipes-42762,White Gazpacho,5,1800.0,[Soups],[Spanish],"[bread, chicken stock, salt, blanched almonds, grapes, cucumber, garlic cloves, sherry vinegar, olive oil, chives]"
Tomato-paella-with-chorizo-345809,Tomato Paella with Chorizo,5,3600.0,[Main Dishes],[Spanish],"[chicken broth, tomatoes, salt, ground black pepper, extra-virgin olive oil, onions, garlic, tomato paste, saffron threads, smoked paprika, arborio rice, spanish chorizo, parsley]"
Holiday-sparkler-wine-354499,Holiday Sparkler Wine,0,1500.0,"[Beverages, Cocktails]",[Spanish],"[yellowtail, liqueur, cranberry juice, orange bitters, sugar]"
Sangria-352775,Sangria,5,3900.0,"[Beverages, Cocktails]",[Spanish],"[lemon, orange, apples, strawberries, sugar, dry red wine, brandy, soda water]"
Spanish-Scramble-490206,Spanish Scramble,0,600.0,[Breakfast and Brunch],[Spanish],"[egg whites, egg yolks, dried oregano, paprika, saffron, cooking oil, whole grain bread, zucchini, red bell pepper, plum tomatoes]"
Garlic-Shrimp-Epicurious_1,Garlic Shrimp,5,4800.0,"[Appetizers, Main Dishes]","[Mediterranean, Spanish]","[olive oil, white onion, large garlic cloves, fine sea salt, ground black pepper, shrimp shells]"
White-Peach-Sangria-472904,White Peach Sangria,5,,"[Beverages, Cocktails]",[Spanish],"[brandy, dry white wine, pineapple juice, orange juice, peaches, simple syrup, triple sec]"
Garlic-Aioli-Martha-Stewart-195308,Garlic Aioli,3,,"[Appetizers, Condiments and Sauces]",[Spanish],"[garlic, extra-virgin olive oil, large egg yolks, coarse salt, fresh lemon juice, heavy cream]"
SPANISH-CHICKEN-WITH-CHORIZO-AND-POTATOES-569892,SPANISH CHICKEN WITH CHORIZO AND POTATOES,3,5400.0,[Main Dishes],[Spanish],"[olive oil, chicken thighs, chorizo, new potatoes, purple onion, dried oregano, orange]"
Pico-De-Gallo-My-Recipes_2,Pico de Gallo,4,4200.0,"[Lunch and Snacks, Appetizers, Condiments and Sauces]","[Spanish, Mexican]","[tomatoes, avocado, white onion, serrano peppers, lime juice, extra-virgin olive oil, salt]"
Authentic-Paella-Valenciana-Allrecipes,Authentic Paella Valenciana,4,7200.0,[Main Dishes],[Spanish],"[olive oil, chicken, rabbit, garlic cloves, tomatoes, butter beans, green peas, green beans, salt, paprika, saffron threads, dried thyme, dried rosemary, white rice]"
Simple-Vegan-Spanish-Rice-with-Chorizo-1009415,Simple Vegan Spanish Rice with Chorizo,4,2700.0,[],[Spanish],"[extra-virgin olive oil, chorizo, garlic, onions, green bell pepper, red bell pepper, frozen peas, chopped tomatoes, basmati rice, thyme, salt, black pepper]"
Orange-Flan-512861,Orange Flan,5,32400.0,[Desserts],[Spanish],"[fresh orange juice, sugar, large eggs, large egg yolks]"
Spanish-Mussels-In-Chorizo-And-Wine-Sauce-1330733,Spanish Mussels In Chorizo And Wine Sauce,4,600.0,[Main Dishes],[Spanish],"[mussels, chorizo sausage, onions, tomatoes, bay leaf, white wine, chili flakes, flat leaf parsley]"
Guacamole-My-Recipes_3,Guacamole,4,4200.0,"[Lunch and Snacks, Appetizers, Condiments and Sauces]","[Spanish, Southwestern, American, Mexican]","[avocado, purple onion, fresh lime juice, jalapeno chilies, garlic cloves, salt, tortilla chips]"
Spanish-Seafood-Crostini-1329248,Spanish Seafood Crostini,4,900.0,[Appetizers],[Spanish],"[mussels, olive oil, garlic, bay leaf, red wine vinegar, orange, smoked paprika, fresh oregano, salt, baguette, baby arugula]"
Spanish-Shrimp-1292392,Spanish Shrimp,4,900.0,[Main Dishes],[Spanish],"[shrimp, olive oil, garlic, chopped parsley, paprika, cumin, nutmeg, chili powder, cayenne, onion powder, garlic powder, sugar, salt, pepper]"
White-Sangria-BB,White Sangria,4,900.0,"[Beverages, Cocktails]",[Spanish],"[orange, lemon, granulated sugar, Grand Marnier, white wine, ice cubes]"
Spanish-tortilla-frittata-297464,Spanish Tortilla Frittata,4,2100.0,[Breakfast and Brunch],[Spanish],"[red bell pepper, sliced, onions, large eggs, milk, knorr parslei minicub, knorr tomato bouillon with chicken flavor, new potatoes, Mexican cheese blend, olive oil]"
Spanish-Style-Quinoa-498073,Spanish Style Quinoa,4,2400.0,,[Spanish],"[olive oil, quinoa, minced garlic, chicken broth, water, bay leaf, saffron threads, kosher salt, frozen peas, dried mission figs, sliced Spanish olives]"
Paella-a-la-Valenciana-458624,Paella a la Valenciana,5,,[Main Dishes],[Spanish],"[white beans, olive oil, chicken, freshly ground pepper, yellow onion, garlic cloves, saffron threads, tomatoes, chicken stock, green beans, rosemary sprigs, rice, shrimp, lemon]"
Spanish-Recipes-_-Easy-porra-1328492,Spanish Recipes | Easy porra,3,900.0,,[Spanish],"[tomatoes, white bread, water, garlic cloves, roasted red peppers, green pepper, sherry vinegar, salt, ground black pepper, hard-boiled egg, extra-virgin olive oil, anchovy fillets, garlic, eggs, olive oil, pepper, soup]"
Guacamole-My-Recipes_10,Guacamole,4,900.0,"[Lunch and Snacks, Appetizers]","[Spanish, Southwestern, Mexican]","[hass avocado, scallions, jalapeno chilies, tomatoes, lime, salt]"
Turkey-picadillo-352288,Turkey Picadillo,5,,[Main Dishes],"[Cuban, Mexican, Spanish]","[ground turkey, tomato sauce, kosher salt, ground pepper, ground cumin, bay leaves, capers, onions, minced garlic, tomatoes, bell pepper, cilantro]"
Spanish-Migas-930835,Spanish Migas,4,2700.0,[],[Spanish],"[garlic, poblano chiles, chorizo, demi baguette, paprika, chile powder, cayenne, salt, pepper]"
Caprese-Salad-My-Recipes,Caprese Salad,4,1200.0,"[Lunch and Snacks, Side Dishes, Salads]","[Spanish, Italian]","[fresh mozzarella, heirloom tomatoes, fresh basil, sea salt, cracked black pepper, balsamic vinegar, extra-virgin olive oil]"
The-Perfect-Sangria-_-Simplicity-in-Spanish-Crab-Toast-1342024,The Perfect Sangria + Simplicity in Spanish Crab Toast,4,1800.0,[Appetizers],[Spanish],"[red wine, brandy, orange juice, ruby port, strawberries, blackberries, lime, orange, lemon slices, fresh mint, lump crab meat, extra-virgin olive oil, sea salt, ground black pepper, paprika, lemon, fresh chives, fresh thyme leaves, roasted piquillo pepper, garlic cloves, mayonnaise, baguette]"
Pan-con-tomate-_spanish-tomato-bread_-352035,Pan con Tomate (Spanish Tomato Bread),5,,[Appetizers],[Spanish],"[french baguette, garlic cloves, tomatoes, kosher salt, cracked black pepper, extra-virgin olive oil]"
Spanish-rice-bake-recipe-with-brown-rice-344863,Spanish Rice Bake Recipe with Brown Rice,5,3900.0,,[Spanish],"[brown rice, extra-virgin olive oil, garlic, purple onion, bell pepper, yellow tomato, corn kernels, green chile, lime juice, sea salt, chili powder, cumin, cinnamon, flat leaf parsley, rice, tomatoes]"
Spanish-Spaghetti-with-Shrimp-and-Chorizo-685914,Spanish Spaghetti with Shrimp and Chorizo,4,1200.0,[Main Dishes],[Spanish],"[jumbo shrimp, chorizo sausage, thin spaghetti, olive oil, onions, garlic, sherry, cherry tomatoes, ground black pepper, salt, fresh parsley]"
Spanish_style-Halibut-My-Recipes,Spanish-Style Halibut,4,1200.0,[Main Dishes],[Spanish],"[applewood smoked bacon, salt, smoked paprika, black pepper, halibut fillets, minced garlic, baby spinach]"
Spicy-Lime-Chicken-With-Spanish-Style-Rice-MyRecipes-253653,Spicy Lime Chicken With Spanish-Style Rice,4,6300.0,[Main Dishes],[Spanish],"[bone-in chicken breast halves, fresh lime juice, ground cumin, chili powder, ground red pepper, cooking spray, rice]"
Slow-Cooker-Spanish-Chickpea-Soup-1336678,Slow-Cooker Spanish Chickpea Soup,4,18900.0,[Soups],[Spanish],"[dried chickpeas, chicken drumsticks, serrano ham, chorizo, red potato, leeks, carrots, celery, garlic, bay leaves, fresh oregano, smoked paprika, saffron threads, low sodium chicken broth, cabbage, ground pepper, fresh parsley]"
Easy-Paella-Martha-Stewart,Easy Paella,4,3000.0,[Main Dishes],[Spanish],"[olive oil, medium shrimp, chicken sausage, onions, garlic, long-grain rice, paprika, ground turmeric, diced tomatoes, reduced sodium chicken broth, coarse salt, ground pepper, green peas]"
Traditional-Spanish-Paella-MyRecipes-215765,Traditional Spanish Paella,4,4500.0,[Main Dishes],[Spanish],"[fresh parsley, fresh lemon juice, olive oil, large garlic cloves, water, saffron threads, fat free less sodium chicken broth, jumbo shrimp, boneless chicken thighs, chorizo sausage, prosciutto, finely chopped onion, red bell pepper, diced tomatoes, sweet paprika, arborio rice, green peas, mussels, lemon wedge]"
Andalusian-Gazpacho-Serious-Eats-41580,Andalusian Gazpacho,5,3600.0,[Soups],[Spanish],"[tomatoes, cucumber, purple onion, red bell pepper, garlic, kosher salt, sandwiches, extra-virgin olive oil, sherry vinegar, chives, ground black pepper]"
Spanish-Paella-1246166,Spanish Paella,4,3600.0,[Main Dishes],[Spanish],"[olive oil, boneless skinless chicken breasts, chorizo, yellow onion, garlic, rice, tomatoes, peas, pinot grigio, chicken broth, paprika, chili powder, ground cayenne pepper, tumeric, shrimp]"
Spanish-Chicken-with-Rice---Arroz-con-Pollo-1119483,Spanish Chicken with Rice - Arroz con Pollo,4,4200.0,[Main Dishes],[Spanish],"[dry white wine, saffron threads, bone in skin on chicken thigh, freshly ground pepper, kosher salt, extra-virgin olive oil, onions, minced garlic, roma tomatoes, bay leaf, chicken stock, short-grain rice, pimento stuffed green olives, chopped parsley]"
Spanish-Asparagus-Revuelto-1264247,Spanish Asparagus Revuelto,3,1800.0,,[Spanish],"[olive oil, garlic cloves, minced garlic, cubed bread, salt, pepper, spanish chorizo, asparagus, green onions, large eggs, pimenton, flat leaf parsley]"
Potatoes-Rioja-Style-with-Chorizo-Martha-Stewart-192219,Potatoes Rioja-Style with Chorizo,4,4500.0,[Main Dishes],[Spanish],"[extra-virgin olive oil, garlic, onions, spanish chorizo, idaho potatoes, pimenton, coarse salt]"
Pico-de-Gallo-Martha-Stewart_3,Pico de Gallo,3,1200.0,"[Lunch and Snacks, Appetizers, Condiments and Sauces]","[Spanish, Mexican]","[tomatoes, white onion, serrano chile, coarse salt, fresh lime juice, extra-virgin olive oil, cilantro leaves]"
Chicken-and-Chorizo-Paella-Martha-Stewart-197099,Chicken and Chorizo Paella,5,4200.0,[Main Dishes],[Spanish],"[chicken stock, saffron, freshly ground pepper, coarse salt, bone in skin on chicken thigh, pimenton, extra-virgin olive oil, chorizo, white onion, garlic cloves, tomatoes, arborio rice, peas]"
Garlic-Shrimp-My-Recipes_1,Garlic Shrimp,4,900.0,"[Appetizers, Main Dishes]","[Mediterranean, Spanish]","[minced garlic, olive oil, deveined shrimp, dry sherry, chopped parsley, chili flakes, salt]"
Potaje-de-Garbanzo-_-Cuban-Chickpea-and-Chorizo-Stew-1330167,Potaje de Garbanzo / Cuban Chickpea and Chorizo Stew,4,5100.0,[Main Dishes],"[Spanish, Cuban]","[olive oil, vidalia onion, garlic cloves, bell pepper, spanish chorizo, smoked sweet Spanish paprika, garlic powder, bay leaf, tomato sauce, chicken stock, dry white wine, garbanzo beans, pork shanks, ham steak, squash, red potato, salt]"
Spanish-Spiced-Almonds-1217321,Spanish Spiced Almonds,4,900.0,,[Spanish],"[raw almond, extra-virgin olive oil, paprika, coarse salt]"
Cucumber-Gazpacho-574481,Cucumber Gazpacho,3,900.0,[Soups],[Spanish],"[cucumber, seedless green grape, garlic cloves, extra-virgin olive oil, white vinegar, water, salt, cooked shrimp, roasted almonds]"
Pork-picadillo-empanadas-303446,Pork Picadillo Empanadas,4,2100.0,"[Appetizers, Main Dishes]","[Cuban, Mexican, Spanish]","[ground beef, onions, pimento stuffed olives, raisins, disco empanada frozen, Knorr Chicken Flavor Bouillon, water, vegetable oil, knorr garlic minicub, eggs]"
Real-Spanish-Gazpacho-1209747,Real Spanish Gazpacho,4,600.0,[Soups],[Spanish],"[tomatoes, garlic, cucumber, green bell pepper, white onion, red wine vinegar, balsamic vinegar, olive oil, cumin, cayenne pepper, salt, french bread]"
Quinoa-Vegetable-Paella-481016,Quinoa Vegetable Paella,4,4200.0,[Main Dishes],[Spanish],"[onions, garlic, quinoa, saffron, smoked paprika, ground cumin, cayenne, diced tomatoes, yellow bell pepper, red kidnei beans, rins and drain, vegetable broth, zucchini, frozen peas, artichoke hearts]"
Empanadas-Martha-Stewart,Empanadas,4,7200.0,"[Lunch and Snacks, Appetizers]",[Spanish],"[ground pork, onions, chiles, chili powder, tomatoes, coarse salt, ground pepper, fresh cilantro, all-purpose flour, baking powder, salt, butter, cold water, large eggs]"
Peach-Sangria-MyRecipes-212932,Peach Sangria,4,,"[Beverages, Cocktails]",[Spanish],"[white wine, peach schnapps, frozen lemonade concentrate, nectarines, red grape]"
Revueltos-_creamy-spanish-style-scrambled-eggs_-304761,Revueltos (Creamy Spanish-Style Scrambled Eggs),3,1200.0,[Breakfast and Brunch],[Spanish],"[extra-virgin olive oil, potatoes, cooking greens, garlic cloves, ground black pepper, kosher salt, eggs]"
Spanish-Skillet-Creamer-Potatoes-1240301,Spanish Skillet Creamer Potatoes,4,2700.0,[Side Dishes],[Spanish],"[potatoes, olive oil, onions, roasted red peppers, garlic, salt, cumin, paprika, olives]"
Spicy-spanish-shrimp-296893,Spicy Spanish Shrimp,4,1500.0,[Main Dishes],[Spanish],"[fillet red snapper, i can't believ it' not butter! made with olive oil spread, yellow onion, garlic, crushed red pepper flakes, diced tomatoes, chicken broth, pimento stuffed olives, small capers, rins and drain]"
Potato-and-Kale-Spanish-Tortilla-488605,Potato and Kale Spanish Tortilla,4,4800.0,[Breakfast and Brunch],[Spanish],"[boiling potatoes, olive oil, onions, salt, kale, large eggs]"
Spanish-Omelette---Tortilla-de-Patatas-1171289,Spanish Omelette - Tortilla de Patatas,4,2100.0,[Breakfast and Brunch],[Spanish],"[eggs, milk, potatoes, onions, olive oil, salt, black pepper]"
Tortilla-Espanola-with-Chorizo-459412,Tortilla Española with Chorizo,5,,[Main Dishes],[Spanish],"[olive oil, yellow onion, salt, chorizo sausage, eggs, freshly ground pepper, yukon gold potatoes, red bell pepper]"
Spanish-Omelette-631777,Spanish Omelette,4,2100.0,[Breakfast and Brunch],[Spanish],"[onions, extra-virgin olive oil, eggs, white wine, potatoes, salt]"
Escarole-and-Endive-Salad-with-Valencia-Oranges-and-Fig-Molasses-Vinaigrette-Food-_-Style-58182,Escarole and Endive Salad with Valencia Oranges and Fig Molasses Vinaigrette,4,900.0,[Salads],[Spanish],"[orange zest, sherry wine vinegar, fresh orange juice, maple syrup, extra-virgin olive oil, sea salt, freshly ground pepper, escarole, endive, radicchio, orange peel, blanched almonds]"
Spanish-Tortilla-627033,Spanish Tortilla,4,2100.0,,[Spanish],"[onions, potatoes, cooking spray, olive oil, eggs, salt, ground black pepper]"
Spanish-Style-Chicken-541076,Spanish-Style Chicken,3,3600.0,,[Spanish],"[chicken, coarse salt, sweet paprika, extra-virgin olive oil, garlic, tomato paste, sherry vinegar, chicken broth, pepper, green olives, Italian parsley leaves]"
Low_fat-Spanish-Rice-My-Recipes,Low-Fat Spanish Rice,3,1500.0,"[Lunch and Snacks, Side Dishes]","[Spanish, American]","[vegetable oil cooking spray, instant rice, chopped onion, green bell pepper, prepared mustard, pepper, tomatoes, tomato juice]"
Spanish-Fish-in-Saffron-Sauce-632183,Spanish Fish in Saffron Sauce,4,1800.0,[Main Dishes],[Spanish],"[onions, olive oil, garlic, dry sherry, ground almonds, saffron, dogfish]"
Spanish-Gigante-Bean-Salad-1266270,Spanish Gigante Bean Salad,4,2400.0,,[Spanish],"[giant white beans, bay leaf, fresh thyme, garlic, shallots, ground black pepper, kosher salt, extra-virgin olive oil, tomato paste, smoked paprika, celery, sherry vinegar, fresh parsley leaves]"
Spanish-Shrimp-1316609,Spanish Shrimp,4,900.0,[Main Dishes],[Spanish],"[shrimp, olive oil, garlic, chopped parsley, paprika, cumin, nutmeg, chili powder, cayenne, onion powder, garlic powder, sugar, salt, pepper]"
Classic-Shrimp-Al-Ajillo-My-Recipes,Classic Shrimp al Ajillo,4,1500.0,[Main Dishes],[Spanish],"[olive oil, garlic, dry white wine, spanish paprika, lemon, salt, ground black pepper, large shrimp, flat leaf parsley]"
A-Very-Vegan-Paella-1205833,A Very Vegan Paella,4,3300.0,[Main Dishes],[Spanish],"[olive oil, onions, roast red peppers, drain, red pepper, garlic cloves, zucchini, tomatoes, saffron threads, smoked paprika, cayenne, white rice, vegetable broth, salt, parsley, lemon]"
Empanadas-My-Recipes,Empanadas,4,2100.0,"[Lunch and Snacks, Appetizers]",[Spanish],"[olive oil, refrigerated pizza dough, flour, refried beans, salsa, shredded cheddar cheese, sour cream]"
Seafood-Paella-1217179,Seafood Paella,4,4200.0,[Main Dishes],[Spanish],"[medium tomatoes, large shrimp, spanish paprika, pepper, chicken, spanish chorizo, oil, onions, garlic cloves, saffron threads, paella rice, salt, chicken broth, mussels, parsley, lemon]"
Classic-Seafood-Paella-1315959,Classic Seafood Paella,4,4500.0,[Main Dishes],[Spanish],"[large shrimp, scallops, calamari, water, saffron threads, salt, extra-virgin olive oil, garlic cloves, yellow onion, beefsteak tomatoes, red bell pepper, smoked paprika, bomba rice, lemon]"
Vegan-Spanish-Tofu-Scramble-with-Potatoes-and-Chorizo-1211974,Vegan Spanish Tofu Scramble with Potatoes and Chorizo,4,2400.0,[Main Dishes],[Spanish],"[extra-virgin olive oil, chorizo, onions, potatoes, tofu, ground turmeric, black pepper, sea salt, black salt]"
Spanish-Chicken-and-Rice-1144954,Spanish Chicken and Rice,4,4500.0,[Main Dishes],[Spanish],"[garlic, red pepper flakes, lime juice, salt, ground black pepper, chicken pieces, olive oil, chicken broth, saffron threads, purple onion, bell pepper, diced tomatoes, ground cumin, bay leaves, long grain brown rice, green olives, cilantro]"
Gazpacho-1003967,Gazpacho,3,900.0,[Soups],[Spanish],"[white bread, tomatoes, red bell pepper, cucumber, white onion, garlic, extra-virgin olive oil, sherry vinegar, salt, pepper]"
Roasted-Cauliflower-And-Manchego-Hand-Pies-Martha-Stewart,Roasted Cauliflower and Manchego Hand Pies,5,5100.0,[Side Dishes],[Spanish],"[cauliflower florets, extra-virgin olive oil, freshly ground pepper, coarse salt, hazelnuts, garlic, grated lemon zest, cheese, fresh rosemary, all-purpose flour, manchego cheese, heavy cream, large egg yolks]"
Mango-Gazpacho-Martha-Stewart-193052,Mango Gazpacho,4,2100.0,[Soups],[Spanish],"[mango, english cucumber, white onion, garlic, olive oil, rice vinegar, fresh tarragon, sugar, coarse salt, freshly ground pepper, fresh chives]"
Roasted-Apricots-With-Sugared-Pecans-And-Dulce-De-Leche-My-Recipes,Roasted Apricots with Sugared Pecans and Dulce de Leche,4,1200.0,"[Appetizers, Desserts]","[Spanish, American]","[dulce de leche, apricot halves, unsalted butter, light brown sugar, pecan halves]"
Tapas-Platter-My-Recipes,Tapas Platter,4,1200.0,[Appetizers],[Spanish],"[manchego cheese, roasted almonds, ripe olives, pepper, chutney, serrano ham]"
White-Gazpacho-with-Tomato-Toasts-1159103,White Gazpacho with Tomato Toasts,3,1500.0,[],[Spanish],"[country white bread, english cucumber, seedless green grape, blanched almonds, garlic, sherry vinegar, extra-virgin olive oil, tomatoes]"
Mulled-Wine-Sangria-My-Recipes,Mulled Wine Sangria,4,2400.0,"[Beverages, Cocktails]",[Spanish],"[merlot, sugar, spices, fresh orange juice, strawberries, orange, club soda]"
EASY-SPANISH-PAELLA-1004210,EASY SPANISH PAELLA,4,3600.0,[Main Dishes],[Spanish],"[olive oil, chorizo sausage, boneless skinless chicken breasts, kosher salt, ground pepper, yellow onion, garlic, fresh rosemary, saffron, spanish paprika, diced tomatoes, rice, low salt chicken broth, medium shrimp, roasted red peppers, chopped parsley]"
Spanish-Tortilla-with-Roasted-Peppers-and-Spinach-1218509,Spanish Tortilla with Roasted Peppers and Spinach,3,3000.0,,[Spanish],"[extra-virgin olive oil, garlic, yellow onion, red potato, fine sea salt, ground black pepper, roast red peppers, drain, eggs, baby spinach]"
Portuguese-style-chicken-one-pot-349026,Portuguese-Style Chicken One-Pot,5,3900.0,[Main Dishes],[Spanish],"[red bell pepper, bone in chicken thighs, salt, pepper, extra-virgin olive oil, smoked paprika, chorizo, baby potatoes, portobello caps, cremini mushrooms, fresh bay leaves, onions, garlic, kale, dry sherry, roasted tomatoes, chicken stock, flat leaf parsley, crusty bread, rolls]"
Halibut-Veracruz-MyRecipes-280929,Halibut Veracruz,4,2700.0,[Main Dishes],[Spanish],"[vegetable oil, yellow onion, garlic cloves, diced tomatoes, jalapeno chilies, dry white wine, olive oil, halibut fillets, salt, olives, avocado, lime, chopped parsley]"
Garden-Gazpacho-MyRecipes-246166,Garden Gazpacho,4,1800.0,[Soups],"[Spanish, American]","[tomatoes, english cucumber, chopped bell pepper, kosher salt, fresh lemon juice, basil leaves, chiles, chopped fresh chives]"
Spanish-style-Allioli-_Olive-Oil-and-Garlic-Mayonnaise_-Serious-Eats-296413,Spanish-style Allioli (Olive Oil and Garlic Mayonnaise),3,900.0,[Condiments and Sauces],[Spanish],"[large egg yolks, garlic, water, juice, dijon mustard, vegetables, extra-virgin olive oil, ground black pepper, kosher salt]"
Potato-Omelette-_Tortilla-Espanola_-459752,Potato Omelette (Tortilla Española),5,,"[Breakfast and Brunch, Lunch and Snacks]",[Spanish],"[olive oil, baking potatoes, freshly ground pepper, yellow onion, eggs, serrano ham, red bell pepper, flat leaf parsley]"
Roasted-Red-Peppers-With-Garlic-And-Olive-Oil-My-Recipes,Roasted Red Peppers with Garlic and Olive Oil,4,5400.0,"[Appetizers, Side Dishes]",[Spanish],"[red bell pepper, garlic, sea salt, extra-virgin olive oil]"
Spanish-Toast-My-Recipes,Spanish Toast,4,1200.0,[Appetizers],[Spanish],"[sourdough bread, garlic cloves, tomatoes, extra-virgin olive oil, kosher salt, ground black pepper]"
Catalonian-Salad-With-Greens-And-Romesco-Vinaigrette-_xato_-My-Recipes,Catalonian Salad with Greens and Romesco Vinaigrette (Xato),4,1500.0,[Salads],[Spanish],"[pepper, hot water, red wine vinegar, curly endive, salad greens, oil, large eggs]"
White-Sangria-Allrecipes,White Sangria,5,5400.0,"[Beverages, Cocktails]",[Spanish],"[peach schnapps, cognac, white sugar, orange, mango, dry white wine, ginger ale]"
Gazpacho-Martha-Stewart,Gazpacho,5,900.0,"[Appetizers, Lunch and Snacks, Soups]",[Spanish],"[tomatoes, cucumber, bell pepper, garlic cloves, sherry vinegar, red wine vinegar, extra-virgin olive oil, ground pepper, country bread, manchego cheese]"
Baked-Tortilla-Espanola-Martha-Stewart,Baked Tortilla Espanola,3,2100.0,,[Spanish],"[extra-virgin olive oil, saffron, baking potatoes, purple onion, garlic cloves, freshly ground pepper, coarse salt, large eggs, flat leaf parsley, fresh thyme]"
Spanish-Style-Meatballs-1098896,Spanish-Style Meatballs,4,5400.0,[Main Dishes],[Spanish],"[ground beef, chorizo, garlic cloves, green onions, fresh parsley, ground cumin, paprika, salt, black pepper, eggs, parmesan cheese, bread crumbs, olive oil, beef broth, tomato sauce, cumin, red pepper flakes, cherry preserves, flour, bay leaf]"
Mocha-Warmer-My-Recipes,Mocha Warmer,4,1200.0,[Beverages],"[Spanish, American]","[milk, coffee granules, chocolate syrup, sugar, ground nutmeg, whipped cream]"
Perfect-Seafood-Paella-1252825,Perfect Seafood Paella,4,1800.0,[Main Dishes],[Spanish],"[olive oil, garlic, shallots, red chili peppers, paella rice, smoked paprika, red bell pepper, orange bell pepper, fresh parsley, white wine, plum tomatoes, fish stock, saffron, king prawns, mussels, meat, scallops, lemon, salt, cracked black pepper]"
Spanish-rice-371084,Spanish Rice,5,4500.0,[Side Dishes],"[American, Southwestern, Spanish]","[bacon, onions, garlic, green bell pepper, stewed tomatoes, water, worcestershire sauce, kosher salt, chili powder, Tabasco Pepper Sauce, long-grain rice]"
Spanish-Pizza-with-Chorizo-and-Manchego-766079,Spanish Pizza with Chorizo and Manchego,4,2100.0,[Main Dishes],[Spanish],"[pizza doughs, crushed tomatoes, manchego cheese, purple onion, roasted piquillo pepper, olives, spanish chorizo]"
Spanish-Tortilla-with-Bell-Pepper-Martha-Stewart,Spanish Tortilla with Bell Pepper,4,2700.0,,[Spanish],"[olive oil, yukon gold potatoes, red bell pepper, onions, coarse salt, ground pepper, large eggs, fresh parsley, hot sauce]"
Spanish-style-Lamb-Shank-Casserole-1295801,Spanish-style Lamb Shank Casserole,3,4200.0,[Main Dishes],[Spanish],"[lamb shanks, chorizo sausage, carrots, onions, garlic cloves, chopped tomatoes, hot smoked paprika, ground cumin, flour, olive oil, salt, black pepper]"
Game-Day-Sangria-Allrecipes,Game Day Sangria,5,600.0,"[Beverages, Cocktails]",[Spanish],"[lemon juice, orange juice, white sugar, brandy, red wine, club soda, ice cubes]"
Smoky-Spanish-Breadcrumbs-Martha-Stewart-195844,Smoky Spanish Breadcrumbs,3,1800.0,,[Spanish],"[bread crumbs, extra-virgin olive oil, paprika, thyme, coarse salt, ground pepper]"
Spanish-Chorizo-Tomato-Soup-501719,Spanish Chorizo Tomato Soup,4,6300.0,[Soups],"[Mexican, Spanish]","[spanish chorizo, yellow onion, garlic cloves, diced tomatoes, water, pimenton, kosher salt, sherry vinegar, manchego cheese, croutons]"
Picadillo-Allrecipes,Picadillo,5,5400.0,"[Lunch and Snacks, Appetizers, Main Dishes]",[Spanish],"[olive oil, garlic, chopped onion, chopped green bell pepper, lean ground beef, green olives, capers, white vinegar, salt, ground black pepper, ground cinnamon, ground cloves, bay leaves, hot sauce, canned tomatoes]"
Sherry-Sangria-Cocktails-Martha-Stewart-197133,Sherry-Sangria Cocktails,4,3000.0,"[Beverages, Cocktails]",[Spanish],"[amontillado sherry, cointreau liqueur, stone fruit, ice cubes]"
Spanish-Shrimp-with-Garlic-Bread-Sauce-1231122,Spanish Shrimp with Garlic Bread Sauce,4,1800.0,[Main Dishes],[Spanish],"[olive oil, garlic, white bread, fresh parsley, almonds, vegetable broth, bay leaf, large shrimp, bread]"
Tortilla-Espanola-with-Chorizo-593441,Tortilla Espanola with Chorizo,4,3000.0,"[Appetizers, Breakfast and Brunch, Main Dishes]",[Spanish],"[extra-virgin olive oil, yukon gold potatoes, onions, freshly ground pepper, coarse salt, chorizo, large eggs]"
Spanish-Tortilla-with-Chorizo-460971,Spanish Tortilla with Chorizo,5,3600.0,[],[Spanish],"[sausage casings, olive oil, yukon gold potatoes, yellow onion, spanish paprika, kosher salt, freshly ground pepper, eggs, Italian parsley leaves, manchego cheese]"
Skirt-Steak-Diablo-My-Recipes,Skirt Steak Diablo,4,,[Main Dishes],[Spanish],"[roasted garlic, cider vinegar, oregano, sugar, salt, hanger steak]"
Spicy-Gazpacho-Serious-Eats-41700,Spicy Gazpacho,5,3600.0,[Soups],[Spanish],"[garlic, tomatoes, jalapeno chilies, purple onion, red pepper, english cucumber, lime, extra-virgin olive oil, sherry vinegar, worcestershire sauce, cumin, salt, pepper, chopped cilantro]"
Tortilla-Espanola-Martha-Stewart-195423,Tortilla Espanola,3,2700.0,"[Appetizers, Side Dishes, Breakfast and Brunch]",[Spanish],"[extra-virgin olive oil, russet potatoes, onions, freshly ground pepper, coarse salt, large eggs]"
Red-Pepper-Frittata-Squares-My-Recipes,Red Pepper Frittata Squares,3,3000.0,"[Lunch and Snacks, Appetizers, Breakfast and Brunch]",[Spanish],"[olive oil, onions, red bell pepper, kosher salt, pepper, large eggs, flat leaf parsley, soft goat's cheese]"
Guacamole-MyRecipes-244463,Guacamole,3,1200.0,"[Lunch and Snacks, Appetizers]","[Spanish, American, Mexican]","[avocado, salsa, lime juice, salt, pepper]"
Simple-Shellfish-Paella-755807,Simple Shellfish Paella,3,3300.0,[Main Dishes],[Spanish],"[paella rice, extra-virgin olive oil, pimenton, minced onion, parsley, chives, garlic cloves, saffron, tomato paste, fish stock, chicken stock, mussels, lump crab meat, spanish chorizo]"
Chef-Jose-Garces_s-Garlic-Shrimp-MyRecipes-246786,Chef Jose Garces's Garlic Shrimp,3,1500.0,[Main Dishes],[Spanish],"[extra-virgin olive oil, lemon juice, garlic cloves, chile pepper, shrimp, salt, parsley]"
Spanish_style-Oxtail-Stew-Allrecipes,Spanish-Style Oxtail Stew,5,15900.0,[Main Dishes],[Spanish],"[olive oil, oxtails, onions, minced garlic, green bell pepper, dry white wine, beef broth, unsweetened chocolate, bay leaves, salt, paprika, carrots]"
Gluten-Free-Spanish-Mushroom-Tapas-479245,Gluten Free Spanish Mushroom Tapas,4,1800.0,[Appetizers],[Spanish],"[polenta, olive oil, wild mushrooms, parsley leaves, garlic, salt, paprika, sherry]"
Tarta-de-santiago-recipe_-a-spanish-almond-cake-371622,"Tarta de Santiago Recipe, a Spanish Almond Cake",5,3600.0,[Desserts],[Spanish],"[whole almonds, large eggs, superfine sugar, orange, lemon, almond extract, confectioners sugar]"
Seafood-Paella-459345,Seafood Paella,4,3900.0,[Main Dishes],[Spanish],"[chicken broth, olive oil, yellow onion, garlic cloves, arborio rice, saffron threads, salt, roasted red peppers, mussels, shrimp, bay scallops, frozen peas]"
Gazpacho-Epicurious_2,Gazpacho,3,5100.0,"[Appetizers, Lunch and Snacks, Soups]","[American, Southwestern, Spanish]","[english cucumber, jicama, red bell pepper, celery ribs, garlic cloves, tomato juice, fresh lemon juice, worcestershire sauce, chopped fresh chives]"
Spanish-Skillet-Creamer-Potatoes-1229321,Spanish Skillet Creamer Potatoes,4,2700.0,[Side Dishes],[Spanish],"[potatoes, olive oil, onions, roasted red peppers, garlic, salt, cumin, paprika, olives]"
Quick-Vegetarian-Paella-My-Recipes,Quick Vegetarian Paella,4,2100.0,[Main Dishes],[Spanish],"[extra-virgin olive oil, chopped onion, chopped green bell pepper, cremini mushrooms, garlic cloves, brown rice, fat free less sodium vegetable broth, water, saffron threads, dried thyme, tomatoes, green peas, pimento stuffed olives, flat leaf parsley, ground black pepper, artichoke hearts]"
Spanish-Garlic-Soup-AllRecipes-40067,Spanish Garlic Soup,5,2100.0,[Soups],[Spanish],"[olive oil, garlic, chicken stock, carrots, red bell pepper, salt, pepper]"
Paella-Bowl-1296238,Paella Bowl,4,3600.0,[Main Dishes],[Spanish],"[vegetable broth, smoked paprika, sea salt, saffron threads, olive oil, artichoke hearts, yellow squash, red bell pepper, roma tomatoes, garlic cloves, green beans, frozen lima beans, arborio rice, green peas, roasted red peppers, parsley, lemon slices]"
Lemon-garlic-spanish-chicken-thighs-and-rice-pilaf-347730,Lemon-Garlic Spanish Chicken Thighs and Rice Pilaf,4,3300.0,[Main Dishes],[Spanish],"[butter, thin spaghetti, rice, chicken stock, salt, pepper, extra-virgin olive oil, cured chorizo, chicken thighs, onions, meyer lemon, pimento stuffed green olives, garlic, bay leaves, smoked paprika, dry white wine, flat leaf parsley]"
Tomato-Gazpacho-with-Roasted-Pepper_-Cucumber-and-Avocado-626025,"Tomato Gazpacho with Roasted Pepper, Cucumber and Avocado",3,4200.0,[Soups],[Spanish],"[red bell pepper, tomatoes, cucumber, garlic cloves, extra-virgin olive oil, sherry vinegar, kosher salt, avocado]"
Spanish-Cod-One-Pot-1324557,Spanish Cod One Pot,4,3300.0,[Main Dishes],[Spanish],"[cod fillets, chorizo, saffron threads, white wine, passata, smoked paprika, chickpeas, purple onion, garlic, Knorr Chicken Stock Pots, lemon, sugar, flat leaf parsley, olive oil, extra-virgin olive oil, sea salt, black pepper, samphire, butter]"
Spanish_Style-Chicken-with-Saffron-Rice-_Arroz-con-Pollo_-Epicurious,Spanish-Style Chicken with Saffron Rice (Arroz con Pollo),4,3600.0,[Main Dishes],[Spanish],"[chicken, olive oil, onions, red bell pepper, garlic cloves, paprika, long grain white rice, dry white wine, diced tomatoes, chicken broth, saffron threads, bay leaf, frozen peas, pimento stuffed green olives, flat leaf parsley]"
Olive-Bread-My-Recipes,Olive Bread,3,,"[Lunch and Snacks, Breads]","[Mediterranean, Spanish, American, French]","[bread dough, pitted kalamata olives, dried rosemary, cooking spray, large egg whites]"
Spanish-Tapa---Garlic-Shrimp-1069315,Spanish Tapa - Garlic Shrimp,4,1200.0,[Appetizers],[Spanish],"[olive oil, garlic, red pepper flakes, large shrimp, chicken broth, lemon juice, salt, parsley, french bread]"
Spanish-Chicken-Stew-1292006,Spanish Chicken Stew,4,5400.0,[Main Dishes],[Spanish],"[olive oil, whole chicken, chorizo, new potatoes, purple onion, chunky tomatoes, pitted black olives, dried oregano, orange]"
White-Gazpacho-Martha-Stewart,White Gazpacho,5,4500.0,"[Appetizers, Soups]",[Spanish],"[almonds, garlic, shallots, kirby cucumbers, seedless green grape, fresh dill, vegetable stock, extra-virgin olive oil, sherry wine vinegar, sherry]"
Patatas-Bravas-MyRecipes-235460,Patatas Bravas,4,1500.0,"[Lunch and Snacks, Appetizers, Side Dishes]","[Spanish, American]","[baking potatoes, butter, olive oil, salt, ground red pepper, garlic cloves, diced onions, green bell pepper, tomato sauce, parsley sprigs]"
Spanish-Style-Shrimp-with-Yellow-Rice-1080932,Spanish-Style Shrimp with Yellow Rice,3,1500.0,[Main Dishes],[Spanish],"[garlic cloves, olive oil, smoked paprika, salt, large shrimp, finely chopped onion, quick cooking brown rice, ground turmeric, cold water, frozen peas, dry sherry, chopped parsley]"
Chicken-Stuffed-With-Goat-Cheese-And-Garlic-My-Recipes,Chicken Stuffed with Goat Cheese and Garlic,4,2400.0,[Main Dishes],[Spanish],"[goat cheese, fresh basil, minced garlic, boneless skinless chicken breast halves, pasta sauce, garlic cloves, fettucine]"
Oven-Fries-With-Garlic-Aioli-My-Recipes,Oven Fries with Garlic Aioli,4,3300.0,"[Lunch and Snacks, Appetizers, Side Dishes]",[Spanish],"[russet potatoes, olive oil, kosher salt, pepper, mayonnaise, fresh lemon juice, clove garlic, fine chop, paprika]"
Fiesta-Dip-My-Recipes,Fiesta Dip,4,4200.0,"[Lunch and Snacks, Appetizers]",[Spanish],"[cream cheese, soften, nonfat yogurt plain, light mayonnaise, chopped cilantro fresh, lime juice, hot sauce, salt, roasted red peppers, green onions, chips]"
Cranberry-Juice-Sangria-MyRecipes-211832,Cranberry Juice Sangria,4,,"[Beverages, Cocktails]",[Spanish],"[red wine, cranberry juice, orange juice, orange, apples, fresh cranberries]"
White-Sangria-My-Recipes_2,White Sangria,4,,"[Beverages, Cocktails]",[Spanish],"[chardonnay, superfine sugar, grape juice, nectarines, tangerine, grapes, club soda]"
Spanish-Fried-Eggs-1222577,Spanish Fried Eggs,4,900.0,[Breakfast and Brunch],[Spanish],"[eggs, extra-virgin olive oil]"
Spanish-Asparagus-Revuelto-1067350,Spanish Asparagus Revuelto,3,1800.0,,[Spanish],"[olive oil, garlic cloves, minced garlic, cubed bread, salt, pepper, spanish chorizo, asparagus, green onions, large eggs, pimenton, flat leaf parsley]"
Spanish-fried-oysters-348819,Spanish Fried Oysters,3,2100.0,[Appetizers],[Spanish],"[vegetable oil, extra-virgin olive oil, white bread, sliced almonds, garlic, sherry vinegar, pimentos, salt, pepper, flour, oysters]"
Spanish-Romesco-Sauce-1205623,Spanish Romesco Sauce,4,1800.0,[Condiments and Sauces],[Spanish],"[olive oil, french bread, blanched almonds, garlic cloves, whole peeled tomatoes, roasted red peppers, salt, smoked paprika, red wine vinegar]"
Spanish-Chicken-One-Pot-1210970,Spanish Chicken One-Pot,4,4200.0,[Main Dishes],[Spanish],"[olive oil, salt, chicken thighs, yellow onion, chorizo, paprika, clove, basmati rice, red rice, white wine, chicken stock, yellow bell pepper, tomatoes, chopped parsley, lemon wedge]"
Spicy-andalusian-seafood-paella-320895,Spicy Andalusian Seafood Paella,5,3900.0,[Main Dishes],[Spanish],"[tomatoes, white wine, purple onion, mussels, extra-virgin olive oil, italian sausage, pepper, cayenne pepper, bomba rice, saffron threads, chicken stock, frozen peas, extra large shrimp, littleneck clams, parsley, fresh lemon juice, sea salt, black pepper, smoked paprika]"
Spanish-Quinoa-Pilaf-with-Chorizo-and-Kidney-Beans-1210321,Spanish Quinoa Pilaf with Chorizo and Kidney Beans,4,2700.0,[Main Dishes],[Spanish],"[spanish chorizo, purple onion, red bell pepper, garlic, cumin, crushed red pepper flakes, smoked paprika, sea salt, quinoa, tomato paste, kidney beans, water]"
Spanish-Potato-Omelet-My-Recipes,Spanish Potato Omelet,4,2100.0,[Breakfast and Brunch],"[Spanish, American, French]","[russet potatoes, onions, extra-virgin olive oil, large eggs, coarse salt]"
Spanish-Healthy-Paella-1220271,Spanish Healthy Paella,4,2700.0,[Main Dishes],[Spanish],"[white rice, spanish onion, garlic cloves, andouille chicken sausage, large shrimp, lobster tails, mussels, clams, sea salt, smoked paprika, red pepper flakes, garlic powder, ground coriander, extra-virgin olive oil, saffron threads, shrimp stock, green peas, flat leaf parsley, lemon, dry white wine, green olives]"
Gazpacho-494093,Gazpacho,4,3000.0,"[Appetizers, Lunch and Snacks, Soups]",[Spanish],"[hothouse cucumber, red bell pepper, plum tomatoes, purple onion, tomato juice, garlic cloves, white wine vinegar, extra-virgin olive oil, kosher salt, ground black pepper, hard-boiled egg]"
Romesco-Sauce-My-Recipes_2,Romesco Sauce,3,2100.0,[Condiments and Sauces],[Spanish],"[red bell pepper, fat free less sodium chicken broth, olive oil, white bread, slivered almonds, sherry vinegar, diced tomatoes]"
Sea-Scallop-Paella-1288837,Sea Scallop Paella,3,2700.0,[Main Dishes],[Spanish],"[olive oil, scallops, onions, garlic cloves, arborio rice, fish broth, saffron, salt, pepper, roasted red peppers, mild green chiles, artichoke hearts, lemon wedge]"
Spanish-Tapas-Pizza-1084057,Spanish Tapas Pizza,3,1800.0,[],[Spanish],"[olive oil, thin pizza crust, marinara sauce, chorizo sausage, manchego cheese, roasted red peppers, purple onion, finely chopped fresh parsley]"
Easy-paella-346896,Easy Paella,5,3600.0,[Main Dishes],[Spanish],"[extra-virgin olive oil, arborio rice, salt, low sodium chicken broth, onions, red bell pepper, chorizo sausage, shrimp, sea scallops, frozen peas, smoked paprika, chopped parsley]"
Sopa-de-Ajo-Castellana-_Castilian-Garlic-Soup_-MyRecipes-251077,Sopa de Ajo Castellana (Castilian Garlic Soup),4,3600.0,[Soups],[Spanish],"[extra-virgin olive oil, garlic cloves, serrano ham, smoked paprika, ground cumin, ground black pepper, saffron threads, fat free less sodium chicken broth, country bread, large eggs]"
Sangria-Ii-Allrecipes,Sangria II,5,600.0,"[Beverages, Cocktails]",[Spanish],"[red wine, lemon-lime soda, orange, lime, fresh pineapple, cherries]"
Spanish-Clams-and-Chorizo-1094106,Spanish Clams and Chorizo,4,2100.0,[Main Dishes],[Spanish],"[clams, olive oil, onions, garlic cloves, chiles, spanish chorizo, white wine, saffron, Spanish smoked paprika, juice, chopped cilantro, black pepper]"
Shrimp-and-Chorizo-Rice-1192388,Shrimp and Chorizo Rice,4,1800.0,[Main Dishes],[Spanish],"[chicken stock, saffron threads, olive oil, chorizo sausage, onions, garlic, shrimp, dry white wine, long-grain rice, paprika, chopped tomatoes, fresh parsley]"
Spanish-Tortilla-1312498,Spanish Tortilla,3,2700.0,[],[Spanish],"[extra-virgin olive oil, yukon gold potatoes, onions, kosher salt, large eggs]"
Spanish-Paella-460474,Spanish Paella,5,3000.0,[Main Dishes],[Spanish],"[olive oil, smoked sausage, spanish chorizo, yellow onion, red bell pepper, garlic cloves, salt, freshly ground pepper, long grain white rice, saffron threads, chicken broth, clams, large shrimp, petite peas]"
Spanish-style-tuna-cakes-349517,Spanish-Style Tuna Cakes,3,1200.0,[],[Spanish],"[tuna, Italian seasoned breadcrumbs, juice, pimentos, raisins, eggs, purple onion, ground cumin, salt, pepper, extra-virgin olive oil, lettuce]"
Spanish-Tapas-Peppers-1090969,Spanish Tapas Peppers,4,3900.0,[Appetizers],[Spanish],"[cream sherry, golden raisins, red bell pepper, yellow bell pepper, kosher salt, ground black pepper, minced garlic, pitted green olives, oil packed anchovy fillets, tomatoes, saffron threads, bread crumb fresh, olive oil, flat leaf parsley]"
Quick-Paella-MyRecipes-213737,Quick Paella,3,1200.0,[Main Dishes],"[Spanish, American]","[saffron threads, hot water, salt free southwest chipotle seasoning, medium shrimp, chicken fingers, butter cooking spray, rice, green peas]"
Kalimotxo-_calimocho_-Allrecipes,Kalimotxo (Calimocho),4,300.0,"[Beverages, Cocktails]",[Spanish],"[ice cubes, red wine, cola, lemon slices]"
Dates-With-Bacon-My-Recipes,Dates with Bacon,4,1500.0,[Appetizers],[Spanish],"[bacon, medjool date]"
Dressed-Up-Gazpacho-1226921,Dressed-Up Gazpacho,4,2400.0,[],[Spanish],"[tomatoes, english cucumber, red bell pepper, cuban peppers, jalapeno chilies, purple onion, garlic, extra-virgin olive oil, sherry vinegar, salt, ground black pepper, chorizo sausage, aged Manchego cheese]"
Spanish-Fried-Cod-with-Eintopf-1332244,Spanish Fried Cod with Eintopf,4,3000.0,[Main Dishes],[Spanish],"[cod fish, flour, salt, pepper, olive oil, potatoes, onions, chickpeas, fish broth, ground turmeric, red bell pepper, yellow bell pepper, chorizo]"
Almejas-Con-Tomates-_clams-With-Cherry-Tomatoes_-My-Recipes,Almejas con Tomates (Clams with Cherry Tomatoes),3,1800.0,"[Appetizers, Main Dishes]",[Spanish],"[olive oil, cherry tomatoes, dry white wine, littleneck clams, garlic cloves, lemon, fresh parsley, french bread]"
Crema-Catalana-MyRecipes-243968,Crema Catalana,4,,,[Spanish],"[whole milk, lemon rind, cinnamon sticks, sugar, corn starch, salt, large egg yolks]"
Summer-Vegetable-Paella-643985,Summer Vegetable Paella,4,3000.0,[],[Spanish],"[heirloom tomatoes, salt, olive oil, large garlic cloves, orange bell pepper, yellow bell pepper, zucchini, string beans, saffron, smoked paprika, arborio rice, vegetable broth]"
Spanish-Cod-Allrecipes,Spanish Cod,5,2100.0,[Main Dishes],[Spanish],"[butter, olive oil, finely chopped onion, garlic, tomato sauce, cherry tomatoes, green olives, salad, black pepper, cayenne pepper, paprika, cod fillets]"
Cauliflower-Fritters-My-Recipes,Cauliflower Fritters,4,3600.0,"[Lunch and Snacks, Appetizers, Side Dishes]","[Spanish, American]","[cauliflower, salt, large eggs, garlic, hot sauce, all-purpose flour, baking powder, paprika, pepper, olive oil, chopped parsley, salsa, sour cream, chutney]"
Seafood-paella-350144,Seafood Paella,5,2400.0,[Main Dishes],[Spanish],"[chicken broth, saffron, extra-virgin olive oil, onions, red bell pepper, salt, freshly ground pepper, tomatoes, garlic cloves, valencia rice, chorizo, large shrimp, mussels, squid, frozen peas, lemon, chopped parsley]"
Vickie_s-Gazpacho-Dip-MyRecipes-211524,Vickie's Gazpacho Dip,3,1800.0,[Appetizers],"[Spanish, American]","[tomatoes, avocado, green onions, green chile, olive oil, cider vinegar, garlic salt, salt, pepper]"
Vegan-fideua---spanish-noodle-paella-328710,VEGAN FIDEUA - SPANISH NOODLE PAELLA,3,3000.0,[Main Dishes],[Spanish],"[noodles, extra-virgin olive oil, onions, garlic cloves, red pepper, green pepper, frozen peas, artichoke bottoms, diced tomatoes, water, salt, sweet paprika]"
Gazpacho-1059773,Gazpacho,4,2400.0,[],[Spanish],"[cucumber, red bell pepper, green bell pepper, garlic cloves, tomatoes, extra-virgin olive oil, red wine vinegar, balsamic vinegar, lemon juice, salt, pepper]"
Mini-paella-347870,Mini Paella,5,2100.0,[Main Dishes],[Spanish],"[extra-virgin olive oil, onions, garlic, chorizo sausage, chicken stock, peas, piquillo peppers, saffron, boneless skinless chicken breasts, deveined shrimp, couscous, plum tomatoes, flat leaf parsley]"
Portuguese-Chicken-with-Chorizo-and-Clams-1192436,Portuguese Chicken with Chorizo and Clams,3,3900.0,[Main Dishes],[Spanish],"[red pepper, chicken legs, smoked paprika, paprika, chorizo, ground black pepper, salt, canola oil, yukon gold potatoes, onions, garlic, clams, kale leaves, fresh parsley, chopped fresh chives, olive oil, bread]"
Picadillo-stuffed-eggplants-296838,Picadillo Stuffed Eggplants,4,4200.0,[Main Dishes],[Spanish],"[eggplant, olive oil, Knorr® Beef Bouillon, purple onion, ground pork, raisins, pimento stuffed olives, cooked rice, tomato sauce, ground cumin, knorr garlic minicub, shredded Monterey Jack cheese]"
Salmorejo-_Spanish-Chilled-Tomato-Soup_-635704,Salmorejo (Spanish Chilled Tomato Soup),5,3900.0,[Soups],[Spanish],"[kosher salt, plum tomatoes, garlic, baguette, yellow onion, extra-virgin olive oil, sherry vinegar, ground black pepper, hard-boiled egg, ham]"
Kevin-Gillespies-Grilled-Pork-Tenderloin-With-Spanish-Style-Garlic-Shrimp-1100149,Kevin Gillespie’s Grilled Pork Tenderloin With Spanish-Style Garlic Shrimp,4,1800.0,[Main Dishes],"[Barbecue, Spanish]","[pork tenderloin, garlic, extra-virgin olive oil, sherry, kosher salt, ground black pepper, sherry vinegar, smoked paprika, jumbo shrimp, fresh basil leaves]"
Artichokes-In-A-Garlic-And-Olive-Oil-Sauce-Allrecipes,Artichokes in a Garlic and Olive Oil Sauce,4,1500.0,[Side Dishes],"[Spanish, Italian]","[pasta, extra-virgin olive oil, butter, garlic, fresh basil, artichoke hearts]"
Guacamole-481923,Guacamole,4,2100.0,"[Appetizers, Condiments and Sauces, Lunch and Snacks]","[American, Mexican, Southwestern, Spanish]","[avocado, lime juice, minced onion, garlic, jalapeno chilies, chili powder, coarse salt, freshly ground pepper, diced tomatoes]"
Celery-Apple-Gazpacho-Epicurious,Celery Apple Gazpacho,5,4500.0,[Soups],[Spanish],"[celery ribs, granny smith apples, cold water, fresh lemon juice, salt, baguette, blanched almonds, extra-virgin olive oil, celery]"
Tortilla-Espanola-Allrecipes,Tortilla Espanola,4,3300.0,"[Appetizers, Side Dishes, Breakfast and Brunch]",[Spanish],"[olive oil, potatoes, white onion, sausage casings, pepper, salt, eggs]"
Grain-Free-Paella-1314631,Grain Free Paella,4,3900.0,[Main Dishes],[Spanish],"[boneless chicken skinless thigh, olive oil, pancetta, chorizo, prawns, onions, garlic, red pepper, smoked paprika, saffron threads, salt, tomatoes, white wine, chicken stock, cauliflower, frozen peas, chopped parsley, lemon wedge]"
Seafood-Paella-with-Shrimp_-Scallops_-Calamari-and-Mussels-1281103,"Seafood Paella with Shrimp, Scallops, Calamari and Mussels",4,5100.0,[Main Dishes],[Spanish],"[shrimp stock, saffron threads, kosher salt, olive oil, scallops, calamari, onions, garlic cloves, tomatoes, paprika, medium-grain rice, mussels, lemon]"
Dulce-De-Leche-Flan-509342,Dulce De Leche Flan,5,6300.0,[Desserts],"[Mexican, Spanish]","[sugar, dulce de leche, milk, egg yolks, corn starch, orange zest]"
Spanish-Rice-with-Black-Beans-481335,Spanish Rice with Black Beans,4,,"[Main Dishes, Side Dishes]",[Spanish],"[onions, yellow peppers, jalapeno chilies, garlic, brown rice, diced tomatoes, black beans, ground cumin, ancho powder, chili powder, smoked paprika, salt, ground black pepper]"
Spanish-Meatballs-Appetizer-750266,Spanish Meatballs Appetizer,4,2700.0,[Appetizers],[Spanish],"[olive oil, red pepper, purple onion, garlic, crushed red pepper, wine, diced tomatoes, Manzanilla olives, ground chicken, seasoned bread crumbs, large eggs, paprika, red wine vinegar, dried thyme, ground black pepper, salt]"
Spanish-Rice-Allrecipes,Spanish Rice,4,3600.0,[Side Dishes],"[Spanish, Southwestern, American, Mexican]","[vegetable oil, long grain white rice, onions, green bell pepper, pepper, salt, stewed tomatoes, water]"
Fresh-Squash-Chips-MyRecipes-263454,Fresh Squash Chips,4,2700.0,"[Lunch and Snacks, Side Dishes]","[Spanish, American]","[yellow squash, zucchini, cold water, salt]"
Mussels-With-Sherry_-Saffron_-And-Paprika-Epicurious,"Mussels with Sherry, Saffron, and Paprika",5,1800.0,[Main Dishes],[Spanish],"[olive oil, shallots, garlic cloves, dry sherry, diced tomatoes, paprika, saffron threads, mussels, flat leaf parsley]"
Baked-Rice-_arroz-Al-Horno_-My-Recipes,Baked Rice (Arroz al Horno),3,2700.0,[Side Dishes],[Spanish],"[olive oil, shiitake mushroom caps, minced onion, arborio rice, fat free less sodium chicken broth, salt, saffron threads, fresh parsley, fresh thyme]"
Peaches-With-Cava-And-Lemon-Verbena-My-Recipes,Peaches with Cava and Lemon Verbena,4,2400.0,[Desserts],"[Spanish, American]","[lemon verbena, cava, sugar, peaches]"
Spanish_style-Shrimp-With-Garlic-My-Recipes,Spanish-Style Shrimp with Garlic,4,1500.0,"[Appetizers, Main Dishes]",[Spanish],"[extra-virgin olive oil, ground red pepper, garlic cloves, bay leaf, large shrimp, salt, fresh parsley, lemon wedge]"
Saffron-Rice-with-Chorizo-Serious-Eats-41956,Saffron Rice with Chorizo,4,2700.0,[Side Dishes],[Spanish],"[arborio rice, hot water, saffron threads, chicken stock, frozen peas, olive oil, chorizo, salt, pepper]"
Spanish-Style-Mussels-with-Spicy-Cured-Chorizo-1296796,Spanish Style Mussels with Spicy Cured Chorizo,4,1800.0,[Main Dishes],[Spanish],"[olive oil, shallots, garlic, salt, pepper, dry white wine, clam juice, dijon mustard, butter, cherry tomatoes, fresh parsley, chorizo, crusty bread]"
Almond-Leche-Flan-Allrecipes,Almond Leche Flan,3,32700.0,[Desserts],[Spanish],"[white sugar, water, evaporated milk, sweetened condensed milk, egg yolks, almond extract]"
Roasted-Cauliflower_-Chickpeas_-and-Olives-MyRecipes-246444,"Roasted Cauliflower, Chickpeas, and Olives",4,2100.0,[Side Dishes],[Spanish],"[cauliflower florets, olives, garlic cloves, chickpeas, olive oil, crushed red pepper, salt, Italian parsley leaves]"
Speedy-Shrimp-and-Orzo-Paella-1197247,Speedy Shrimp and Orzo Paella,3,900.0,[Main Dishes],[Spanish],"[extra-virgin olive oil, garlic cloves, large shrimp, smoked paprika, onions, pimentos, whole wheat orzo, low sodium chicken broth, saffron threads, kosher salt, black pepper, sherry, frozen peas]"
Arroz-Con-Pollo-_Cuban-Chicken-with-Rice_-1072557,Arroz Con Pollo (Cuban Chicken with Rice),4,5400.0,[Main Dishes],[Cuban],"[large garlic cloves, white vinegar, dried oregano, chicken breast halves, chicken drumsticks, chicken thighs, spanish chorizo, olive oil, onions, green bell pepper, ground cumin, paprika, Turkish bay leaves, tomatoes, beer, reduced sodium chicken broth, long grain white rice, pimentos]"
Smoked-paprika-gazpacho-349673,Smoked Paprika Gazpacho,5,1200.0,"[Appetizers, Soups]",[Spanish],"[tomatoes, vegetable broth, V8 Juice, white bread, celery, purple onion, roasted red peppers, english cucumber, garlic, dry sherry, lemon, extra-virgin olive oil, hot pepper sauce, smoked paprika, salt, jumbo shrimp]"
The-Ultimate-Paella-439642,The Ultimate Paella,5,9000.0,[Main Dishes],[Spanish],"[chicken, extra-virgin olive oil, sausages, freshly ground pepper, spanish onion, garlic cloves, parsley leaves, tomatoes, spanish rice, water, saffron threads, littleneck clams, jumbo shrimp, lobster, peas, lemon wedge, sweet paprika, dried oregano]"
Stuffed-Piquillo-Peppers-514767,Stuffed Piquillo Peppers,4,1800.0,"[Appetizers, Side Dishes]",[Spanish],"[fresh chevre, chopped fresh chives, fresh basil, salt, freshly ground pepper, pepper, extra-virgin olive oil, balsamic vinegar, shallots]"
Spanish-Style-Chorizo-and-Chickpeas-1301838,Spanish Style Chorizo and Chickpeas,4,3600.0,[Main Dishes],[Spanish],"[chorizo, purple onion, garlic, red chili peppers, red wine, fresh thyme, paprika, sea salt, chopped tomatoes, chickpeas]"
Barcelona-Hot-Chocolate-My-Recipes,Barcelona Hot Chocolate,5,900.0,[Beverages],[Spanish],"[boiling water, chocolate, 1% low-fat milk, brewed espresso, unsweetened cocoa powder, brown sugar, orange rind, fat free frozen top whip, cocoa powder]"
Chickpea-and-Carrot-Salad-with-Parsley-and-Olives-541600,Chickpea and Carrot Salad with Parsley and Olives,4,2400.0,[Salads],[Spanish],"[chickpeas, carrots, fresh parsley, scallions, pimento stuffed olives, kalamata, lemon, extra-virgin olive oil, ground cumin, freshly ground pepper, salt]"
Picadillo-My-Recipes,Picadillo,4,2700.0,"[Appetizers, Main Dishes]","[Spanish, American, Cuban]","[olive oil, finely chopped onion, ground turkey, garlic cloves, beef broth, raisins, pimento stuffed olives, capers, tomato paste, ground black pepper, cooked rice, parsley sprigs]"
Spicy-Sicilian-Chicken-Martha-Stewart,Spicy Sicilian Chicken,4,4200.0,[Main Dishes],[Spanish],"[chicken, freshly ground pepper, coarse salt, extra-virgin olive oil, russet potatoes, bell pepper, celery, eggplant, carrots, plum tomatoes, Sicilian olives, salt, chiles, dry red wine, chopped fresh mint, flat leaf parsley, hot red pepper flakes]"
Romesco-Sauce-532932,Romesco Sauce,5,3900.0,"[Appetizers, Condiments and Sauces]",[Spanish],"[crusty bread, tomatoes, garlic, almonds, red bell pepper, olive oil, sherry vinegar, smoked paprika, kosher salt, cayenne pepper]"
Chicken-Picadillo-My-Recipes,Chicken Picadillo,4,1800.0,[Main Dishes],[Spanish],"[boneless skinless chicken breasts, olive oil, chopped onion, ground cumin, salt, ground cinnamon, garlic cloves, salsa, golden raisins, slivered almonds, chopped cilantro fresh, cilantro sprigs]"
Spanish-Tortilla-with-Manchego-and-Green-Olives-1158891,Spanish Tortilla with Manchego and Green Olives,3,5100.0,[],[Spanish],"[olive oil, yellow onion, salt, red potato, freshly ground pepper, large eggs, green olives, aged Manchego cheese]"
Quick-and-Fresh-Gazpacho-AllRecipes,Quick and Fresh Gazpacho,3,900.0,[Soups],[Spanish],"[plum tomatoes, green onions, cucumber, red bell pepper, water, vinegar, olive oil, pepper, salt]"
Chorizo-with-Prawns---one-of-the-best-Spanish-tapas-1234701,Chorizo with Prawns - one of the best Spanish tapas,4,1500.0,[Appetizers],[Spanish],"[prawns, chorizo sausage, garlic cloves, olive oil, salt, salad, honey, balsamic vinegar]"
Smoked-salmon-spanish-tortilla-347158,Smoked Salmon Spanish Tortilla,0,,[Breakfast and Brunch],[Spanish],"[extra-virgin olive oil, spanish onion, russet potatoes, freshly ground pepper, smoked salmon, large eggs]"
Summer-Vegetable-Paella-1308218,Summer Vegetable Paella,4,4200.0,[],[Spanish],"[extra-virgin olive oil, yellow onion, red bell pepper, green bell pepper, fennel bulb, garlic, bay leaves, smoked paprika, ground turmeric, cayenne pepper, arborio rice, sherry, saffron, vegetable stock, edamame, roma tomatoes, artichokes, zucchini blossoms, pitted kalamata olives, flat leaf parsley]"
Gazpacho-with-Serrano-Chilies-458658,Gazpacho with Serrano Chilies,5,3300.0,[],[Spanish],"[red bell pepper, tomatoes, english cucumber, yellow bell pepper, serrano chilies, purple onion, garlic cloves, extra-virgin olive oil, sherry vinegar, salt, avocado, fresh chives, dried oregano]"
Horchata-480606,Horchata,4,,[Beverages],[Spanish],"[long grain white rice, cashew nuts, cinnamon sticks, water, sugar, crushed ice]"
Mushroom-and-Crushed-Egg-Tapas-_Tapas-de-Setas-con-Huevo_-Serious-Eats-203482,Mushroom and Crushed Egg Tapas (Tapas de Setas con Huevo),5,2100.0,"[Appetizers, Breakfast and Brunch]",[Spanish],"[large eggs, extra-virgin olive oil, bread, wild mushrooms, garlic, shallots, thyme leaves, juice, lemon, ground black pepper, kosher salt]"
Spanish-Rice-Stuffed-Marrow-1238969,Spanish Rice Stuffed Marrow,4,5400.0,[],[Spanish],"[marrow, chorizo, onions, chili pepper, green pepper, garlic cloves, eggplant, smoked paprika, dried thyme, dried oregano, tumeric, rice, chicken stock, salt, black pepper, olive oil]"
Sangria-Martha-Stewart-192582,Sangria,4,2700.0,"[Beverages, Cocktails]",[Spanish],"[peaches, apricots, strawberries, orange, brandy, granulated sugar, white wine, superfine sugar, orange juice]"
Shrimp-And-Sausage-Paella-My-Recipes_1,Shrimp and Sausage Paella,3,2100.0,[Main Dishes],"[Cajun & Creole, Spanish]","[long-grain rice, green peas, hot water, saffron threads, chorizo sausage, medium shrimp, minced garlic, paprika, ground turmeric, crushed red pepper, diced tomatoes]"
Chimichurri-Fried-Rice-501761,Chimichurri Fried Rice,4,1500.0,,[Spanish],"[toasted almonds, sherry vinegar, olive oil, parsley leaves, garlic, smoked paprika, cumin, kosher salt, rice, carrots, red pepper, sauce, eggs, parsley, lime wedges]"
Chile-Garlic-Shrimp-Epicurious-203298,Chile-Garlic Shrimp,4,1200.0,,"[Mediterranean, Spanish]","[extra-virgin olive oil, garlic, large shrimp, red chili peppers, brandy, fresh parsley]"
Rice-Pilaf-With-Chorizo-And-Scallions-My-Recipes,Rice Pilaf with Chorizo and Scallions,3,1500.0,[Side Dishes],"[Spanish, American]","[rice pilaf, spanish chorizo, scallions]"
Spanish-Inspired-Tomato-Salad-with-Chorizo-and-Feta-1253584,Spanish-Inspired Tomato Salad with Chorizo and Feta,4,3300.0,[Salads],[Spanish],"[cherry tomatoes, kosher salt, extra-virgin olive oil, bread, chorizo sausage, garlic cloves, sherry vinegar, green onions, herbs, feta cheese, raw almond, ground black pepper, fleur de sel]"
Easy-Chicken_-Chorizo-and-Shrimp-Paella-1008518,"Easy Chicken, Chorizo and Shrimp Paella",4,2700.0,[Main Dishes],[Spanish],"[chicken broth, saffron, extra-virgin olive oil, boneless chicken skinless thigh, mexican chorizo, shallots, salt, pepper, garlic, vine ripened tomatoes, paprika, cayenne pepper, long grain white rice, large shrimp, frozen peas]"
Land-_-Sea-Paella-1179760,Land & Sea Paella,4,4500.0,[Main Dishes],[Spanish],"[shrimp, mussels, chicken, chorizo sausage, prosciutto, arborio rice, diced tomatoes, purple onion, red pepper, yellow peppers, cooking sherry, olive oil, oregano, thyme, basil, hungarian paprika, chile pepper, salt, pepper]"
Cauliflower-Fritters-Allrecipes,Cauliflower Fritters,4,3600.0,"[Lunch and Snacks, Appetizers, Side Dishes]",[Spanish],"[cauliflower, onions, fresh parsley, garlic, all-purpose flour, salt, ground black pepper, ground cumin, ground allspice, ground cinnamon, ground cloves, ground nutmeg, active dry yeast, warm water, vegetable oil, olive oil, eggs]"
Cranberry-Sangria-MyRecipes-239783,Cranberry Sangria,4,8400.0,"[Beverages, Cocktails]",[Spanish],"[cranberries, sugar, water, red wine, brandy, fresh orange juice, lemon, lime slices, fresh cranberries, orange]"
Shrimp-and-Chorizo-Skillet-Paella-with-Quinoa-989628,Shrimp and Chorizo Skillet Paella with Quinoa,4,1800.0,[Main Dishes],[Spanish],"[cooked quinoa, hot water, saffron threads, chorizo sausage, medium shrimp, olive oil, vidalia onion, orange bell pepper, garlic, smoked paprika, ground turmeric, crushed red pepper, frozen peas, roasted tomatoes, liquid smoke]"
Chicken-gazpacho-350130,Chicken Gazpacho,0,3000.0,"[Main Dishes, Soups]",[Spanish],"[boneless skinless chicken breast halves, blanched almonds, tomatoes, seeds, purple onion, garlic cloves, red wine vinegar, lemon, extra-virgin olive oil, cilantro, salt, freshly ground pepper]"
Spanish-Tortilla-with-Asparagus_-Fennel-and-Cress-574726,"Spanish Tortilla with Asparagus, Fennel and Cress",4,1500.0,,[Spanish],"[eggs, potatoes, asparagus, fennel bulb, garlic cloves, extra-virgin olive oil, fleur de sel, garden cress]"
Fresh-Tomato-Gazpacho-_in-a-Vitamix_-1055613,Fresh Tomato Gazpacho (in a Vitamix),4,1500.0,[Soups],[Spanish],"[garlic, bell pepper, cucumber, purple onion, tomatoes, sherry vinegar, olive oil, kosher salt, ground black pepper, pimenton de la vera]"
Spanish-Recipe-Tocinillo-de-Cielo-977678,Spanish Recipe – Tocinillo de Cielo,3,3000.0,[Desserts],[Spanish],"[milk, warm water, egg yolks, golden syrup, vanilla extract]"
Spanish-Omelet-My-Recipes,Spanish Omelet,3,2100.0,[Breakfast and Brunch],[Spanish],"[russet potatoes, olive oil, yellow onion, kosher salt, black pepper, eggs, fresh rosemary]"
Spanish-spaghetti-349141,Spanish Spaghetti,3,900.0,[Main Dishes],[Italian],"[salt, spaghetti, extra-virgin olive oil, garlic, anchovy fillets, roasted red peppers, piquillo peppers, pepper, pitted black olives, sliced almonds]"
Shrimp-And-Sausage-Paella-My-Recipes,Shrimp and Sausage Paella,4,2100.0,[Main Dishes],[Spanish],"[chorizo sausage, chopped onion, chopped green bell pepper, minced garlic, black pepper, saffron threads, instant rice, water, marjoram, no-salt-added diced tomatoes, clam juice, medium shrimp]"
Chorizo-_-Chicken-Paella-1044632,Chorizo & Chicken Paella,4,4800.0,[Main Dishes],[Spanish],"[chicken stock, saffron, oil, chicken thighs, onions, red pepper, chorizo, garlic cloves, vermouth, paprika, tomato paste, flat leaf parsley, long-grain rice, pepper, salt]"
Traditional-Andalusian-Gazpacho-498694,Traditional Andalusian Gazpacho,0,900.0,[Soups],[Spanish],"[tomatoes, garlic, cucumber, bell pepper, onions, tomato juice, extra-virgin olive oil, sherry vinegar, sugar, salt]"
Tropical-White-Sangria-761284,Tropical White Sangria,5,,"[Beverages, Cocktails]",[Spanish],"[blood orange, kiwi, red grape, mango, wine, orange liqueur, strawberries]"
Spanish-Rice-With-Bacon-TasteOfHome,Spanish Rice with Bacon,4,2700.0,[Side Dishes],[Spanish],"[bacon, vegetable oil, onions, long-grain rice, water, tomatoes, green pepper, jalapeno chilies, chili powder, salt]"
Sunset-orzo-with-spanish-shrimp-349618,Sunset Orzo with Spanish Shrimp,5,900.0,[Main Dishes],[Spanish],"[salt, orzo pasta, saffron threads, chicken broth, extra-virgin olive oil, spanish chorizo, onions, red bell pepper, garlic, ground turmeric, green peas, deveined shrimp, flat leaf parsley, sweet paprika, lemon]"
Spanish-Peperonata-with-Olives-and-Capers-459944,Spanish Peperonata with Olives and Capers,4,1800.0,,[Spanish],"[olive oil, sliced shallots, garlic cloves, orange bell pepper, salt, freshly ground pepper, sherry vinegar, green olives, capers]"
Gazpacho-chicken-salad-369054,Gazpacho Chicken Salad,5,1200.0,[Salads],[Spanish],"[chicken breast halves, olive oil, pepper, salt, garlic cloves, lime, coarse salt, ground pepper, cherry tomatoes, cucumber, purple onion, jalapeno chilies, Tabasco Pepper Sauce, fresh parsley]"
Easy-Scallops-_-Chorizo-Paella-1026643,Easy Scallops & Chorizo Paella,4,1800.0,[Main Dishes],[Spanish],"[chicken stock, saffron threads, olive oil, chorizo sausage, onions, garlic, scallops, dry white wine, long-grain rice, paprika, smoked paprika, fresh parsley]"
Spanish-Kale-Salad-1266315,Spanish Kale Salad,4,2700.0,[Salads],[Spanish],"[extra-virgin olive oil, garlic, shallots, sherry vinegar, honey, salt, pepper, fingerling potatoes, olive oil, kale, spanish chorizo, manchego cheese, hazelnuts, roasted tomatoes]"
Spanish-Olive-Oil-Tortas-_-Tortas-de-Aceite-544288,Spanish Olive Oil Tortas | Tortas de Aceite,4,3000.0,,[Spanish],"[flour, sea salt, fennel seeds, extra-virgin olive oil, warm water, raw sugar, instant yeast, confectioners sugar, flour for dusting, large egg whites]"
Shrimp-In-Green-Sauce-My-Recipes,Shrimp in Green Sauce,4,2400.0,[Main Dishes],[Spanish],"[extra-virgin olive oil, garlic cloves, green onions, flat leaf parsley, salt, ground black pepper, crushed red pepper, large shrimp, dry white wine, sourdough bread]"
Grilled-Shrimp-With-Sangrita-My-Recipes,Grilled Shrimp with Sangrita,4,6300.0,"[Appetizers, Main Dishes]",[Spanish],"[shrimp, extra-virgin olive oil, chopped garlic, fresh parsley, red pepper flakes, dry white wine, avocado]"
Spanish-Style-Grilled-Portobello-Mushrooms-and-Peppers-1179659,Spanish Style Grilled Portobello Mushrooms and Peppers,5,2400.0,,[Spanish],"[raisins, sherry vinegar, garlic, fine sea salt, ground black pepper, extra-virgin olive oil, capers, portabello mushroom, red bell pepper, manchego cheese]"
Spanish-Omelette-With-Tuna-681299,Spanish Omelette With Tuna,4,600.0,[],[Spanish],"[canned tuna, potatoes, eggs, onions, olive oil, parsley, pepper, salt]"
Guacamole-472123,Guacamole,4,1200.0,"[Appetizers, Lunch and Snacks]","[Mexican, Southwestern, Spanish]","[avocado, cream lowfat, onion powder, cayenne pepper, salt, tomatoes, lime, tortilla chips]"
Sangria-By-The-Pros-Allrecipes,Sangria by the Pros,5,8400.0,"[Beverages, Cocktails]",[Spanish],"[orange, lemon, lime, apples, cherries, pineapple chunks, brandy, dry red wine, lemon-lime soda, orange juice]"
Grilled-Lobster-Paella-931565,Grilled Lobster Paella,3,5100.0,[Main Dishes],"[Barbecue, Spanish]","[olive oil, spanish chorizo, leeks, green garlic, smoked paprika, short-grain rice, saffron threads, seafood stock, kosher salt, lobster, peas, flat leaf parsley, lemon]"
Chorizo-A-La-Llama-_flamed-Chorizo_-My-Recipes,Chorizo a la Llama (Flamed Chorizo),4,3000.0,[Appetizers],[Spanish],"[sweet chorizo, dry white wine, brandy, baguette, pimentos, parsley sprigs]"
Quick-Paella-Epicurious-54432,Quick Paella,5,2700.0,[Main Dishes],[Spanish],"[chorizo, olive oil, rice, artichoke hearts, roast red peppers, drain, chicken, large shrimp, frozen peas]"
One_hour-Shrimp-Paella-Epicurious,One-Hour Shrimp Paella,4,3300.0,[Main Dishes],[Spanish],"[olive oil, ham, onions, red bell pepper, saffron threads, hot spanish paprika, low salt chicken broth, arborio rice, large shrimp, pimento stuffed green olives]"
Spanish-Recipe-Bacalao-_-Salt-Cod-977673,Spanish Recipe – Bacalao / Salt Cod,3,6300.0,[Main Dishes],[Spanish],"[cod fillets, potatoes, green olives, sweet pepper, tomatoes, olive oil, salt, pepper]"
Spanish-Beef-Stew-1292922,Spanish Beef Stew,3,8100.0,[Main Dishes],[Spanish],"[olive oil, chuck roast, carrots, onions, garlic, spanish paprika, bay leaves, crushed tomatoes, yellow rice, green bell pepper, green olives]"
Spanish_style-Oxtails-Braised-With-Chorizo-Epicurious,Spanish-Style Oxtails Braised with Chorizo,5,16200.0,[Main Dishes],"[Spanish, Portuguese]","[oxtails, salt, black pepper, extra-virgin olive oil, spanish chorizo, onions, carrots, garlic cloves, California bay leaves, smoked paprika, dry white wine, tomatoes, flat leaf parsley, chopped cilantro fresh, sherry vinegar]"
Gazpacho-1187897,Gazpacho,3,2700.0,[],[Spanish],"[cucumber, green bell pepper, plum tomatoes, garlic, sherry vinegar, oloroso sherry, extra-virgin olive oil, rustic bread, cherry tomatoes, sea salt]"
Paprika-Short_rib-Beef-Stew-My-Recipes,Paprika Short-rib Beef Stew,4,12600.0,[Main Dishes],[Spanish],"[flour, paprika, spanish paprika, salt, ground black pepper, beef rib short, thick-cut bacon, onions, garlic, beer, whole peeled tomatoes, juice, yukon gold potatoes]"
Golden-Gazpacho-My-Recipes,Golden Gazpacho,4,4800.0,"[Appetizers, Soups]",[Spanish],"[yellow tomato, cucumber, yellow bell pepper, red bell pepper, chopped green bell pepper, purple onion, garlic cloves, chopped fresh mint, chopped cilantro fresh, white wine vinegar, honey, extra-virgin olive oil, salt, ground cumin]"
One-Hour-Spanish-Chickpea-Soup-MyRecipes-244314,One-Hour Spanish Chickpea Soup,4,4620.0,[Soups],[Spanish],"[olive oil, chopped onion, garlic cloves, spanish chorizo, water, lower sodium chicken broth, chickpeas, bay leaves, escarole, sherry vinegar, kosher salt, ground black pepper, crushed red pepper]"
Spicy-Basque_style-Chicken-My-Recipes,Spicy Basque-Style Chicken,4,1500.0,[Main Dishes],[Spanish],"[smoked paprika, black pepper, chicken breast tenders, olive oil, minced garlic, green olives, diced tomatoes, prosciutto, fresh parsley]"
Skillet-Grilled-Seafood-and-Chorizo-Paella_-1216631,Skillet Grilled Seafood and Chorizo Paella.,4,600.0,[Main Dishes],[Spanish],"[olive oil, sweet onion, garlic, spanish chorizo, heirloom tomatoes, roasted red peppers, white wine, jasmine rice, chicken broth, skinless chicken thighs, blue cheese, Spanish smoked paprika, salt, saffron, fresh seafood, lemon, chopped parsley, white truffle oil]"
Spanish-Tortilla-My-Recipes,Spanish Tortilla,4,2100.0,"[Lunch and Snacks, Appetizers, Side Dishes, Breakfast and Brunch]",[Spanish],"[olive oil, onions, potatoes, salt, pepper, large eggs]"
Mixed-Seafood-Paella-967933,Mixed Seafood Paella,4,4500.0,[Main Dishes],[Spanish],"[chicken broth, stock, littleneck clams, mussels, jumbo shrimp, extra-virgin olive oil, sausage casings, chicken thighs, yellow onion, garlic, roma tomatoes, sea salt, saffron threads, smoked paprika, cracked black pepper, cauliflower, fresh parsley, lemon wedge]"
Spanish-Style-Blistered-Padron-Pepper-_Pimientos-de-Padron_-1107558,Spanish-Style Blistered Padrón Pepper (Pimientos de Padrón),3,1200.0,,[Spanish],"[canola oil, padron peppers, coarse sea salt, extra-virgin olive oil]"
Papas-De-Caserio-_farm-Hand-Potatoes_-My-Recipes,Papas de Caserio (Farm Hand Potatoes),3,2700.0,[Side Dishes],[Spanish],"[olive oil, garlic cloves, chopped onion, all-purpose flour, baking potatoes, water, salt, black pepper, fresh parsley]"
Baked-Spanish-Egg-and-Sweet-Potato-Noodle-Bowls-1021735,Baked Spanish Egg and Sweet Potato Noodle Bowls,4,2400.0,,[Spanish],"[extra-virgin olive oil, yellow onion, jalapeno chilies, large garlic cloves, diced tomatoes, smoked paprika, cumin, salt, pepper, sweet potatoes, eggs, chopped cilantro]"
Spanish-Chickpea-Stew-Served-With-Toasted-Couscous-756843,Spanish Chickpea Stew Served With Toasted Couscous,4,3600.0,[Main Dishes],[Spanish],"[unsalted butter, instant couscous, Spring! Water, sea salt, cumin seed, coriander seeds, extra-virgin olive oil, yellow onion, red bell pepper, green bell pepper, garlic cloves, smoked sweet Spanish paprika, ground cayenne pepper, tomatoes, spring water, cooking liquid, chickpeas, amontillado sherry, flat leaf parsley]"
Guacamole-My-Recipes_12,Guacamole,4,1500.0,"[Lunch and Snacks, Appetizers, Condiments and Sauces]","[Spanish, American, Mexican]","[jalapeno chilies, avocado, fresh lime juice, cilantro leaves, tomatoes]"
Shrimp-with-Lemon-Saffron-Rice-MyRecipes-237683,Shrimp with Lemon-Saffron Rice,4,2100.0,[Main Dishes],[Spanish],"[extra-virgin olive oil, chopped onion, chopped green bell pepper, garlic, large shrimp, instant rice, water, fresh oregano, salt, saffron threads, paprika, ground black pepper, lower sodium chicken broth, green peas, fresh lemon juice]"
White-Sangria-Martha-Stewart_1,White Sangria,5,3300.0,"[Beverages, Cocktails]",[Spanish],"[superfine sugar, cognac, mango, peaches, red apples, granny smith apples, plums, dry white wine, ice cubes]"
Arroz-con-pollo-358257,Arroz Con Pollo,5,,[Main Dishes],"[Mexican, Spanish]","[garlic, red pepper flakes, white vinegar, salt, freshly ground pepper, chicken, olive oil, chicken broth, saffron threads, purple onion, bell pepper, chiles, plum tomatoes, ground cumin, bay leaves, long grain white rice]"
Crema-De-Calabazines-Allrecipes,Crema de Calabazines,5,2700.0,,[Spanish],"[zucchini, potatoes, onions, laughing cow, chicken-flavored soup powder, pepper, salt]"
Moroccan-red-gazpacho-339200,Moroccan Red Gazpacho,4,8460.0,[Soups],[Moroccan],"[pitas, boiling water, extra-virgin olive oil, sherry vinegar, plum tomatoes, red bell pepper, cucumber, yellow onion, tomato purée, cold water, ras el hanout, salt, ground cumin, ground cinnamon, chopped cilantro fresh]"
Montecados-_spanish-Cookies_-Allrecipes,Montecados (Spanish Cookies),3,5400.0,[Desserts],[Spanish],"[shortening, all-purpose flour, anise extract, white sugar, ground cinnamon, blanched almonds]"
Shrimp-Pil-Pil-AllRecipes,Shrimp Pil Pil,4,900.0,[Main Dishes],[Spanish],"[butter, olive oil, garlic, cayenne pepper, medium shrimp, white wine, salt, black pepper, sweet paprika]"
Yellowtail-Ceviche-512943,Yellowtail Ceviche,5,1800.0,[Appetizers],[Spanish],"[Vietnamese coriander, oil, yellowtail, jalapeno chilies, juice, jackfruit, fish sauce, crackers]"
Chicken-And-Chorizo-Paella-633571,Chicken And Chorizo Paella,3,3900.0,[Main Dishes],[Spanish],"[saffron threads, chorizo, chicken breasts, onions, garlic cloves, red pepper, green pepper, paprika, paella rice, chicken stock, tomatoes, frozen peas, raw peeled prawns, fresh parsley, lemon]"
Quick-Classic-Gazpacho-Allrecipes,Quick Classic Gazpacho,5,1500.0,[Soups],[Spanish],"[diced tomatoes, water, extra-virgin olive oil, seedless cucumber, yellow bell pepper, onions, garlic cloves, jalapeno chilies, sherry vinegar, fresh parsley, ground black pepper, salt]"
Pico-De-Gallo-My-Recipes_9,Pico de Gallo,4,4800.0,"[Lunch and Snacks, Appetizers, Condiments and Sauces]","[Spanish, Mexican]","[plum tomatoes, onions, cilantro, lime juice, garlic cloves, salt]"
Spanish-Chicken-Chorizo-Paella-1216629,Spanish Chicken-Chorizo Paella,4,2700.0,[Main Dishes],[Spanish],"[chicken breasts, sea salt, ground black pepper, olive oil, onions, chorizo sausage, garlic cloves, red bell pepper, orange bell pepper, medium tomatoes, long grain white rice, smoked paprika, saffron threads, red pepper flakes, chile powder, chicken broth, white wine, green peas, Spanish olives, chopped parsley, lemon wedge]"
Horchata-My-Recipes,Horchata,4,3900.0,[Beverages],"[Spanish, Mexican]","[water, long grain white rice, cinnamon sticks, sugar]"
Spanish-Style-Swiss-Chard-with-Raisins-and-Pine-Nuts-AllRecipes-201701,Spanish-Style Swiss Chard with Raisins and Pine Nuts,5,900.0,,[Spanish],"[swiss chard, extra-virgin olive oil, raisins, pinenuts, salt and ground black pepper]"
