id,recipeName,rating,totalTimeInSeconds,course,cuisine,ingredients
Swedish-Sugar-Cookies-1376173,Swedish Sugar Cookies,3,2400.0,[Desserts],[Swedish],"[sugar, butter, large eggs, vanilla, cream of tartar, baking soda, flour]"
Anna_s-Amazing-Easy-Pleasy-Meatballs-Over-Buttered-Noodles-Allrecipes,Anna's Amazing Easy Pleasy Meatballs over Buttered Noodles,4,11700.0,[Main Dishes],"[Swedish, Kid-Friendly]","[condensed cream of celery soup, condensed french onion soup, sour cream, italian-style meatballs, egg noodles, butter]"
Swedish-Pancakes-1007409,Swedish Pancakes,4,1500.0,[Breakfast and Brunch],[Swedish],"[eggs, sugar, salt, milk, flour, melted butter]"
Swedish-Pancakes-1040037,Swedish Pancakes,4,1500.0,[Breakfast and Brunch],[Swedish],"[eggs, milk, flour, sugar, salt, melted butter, butter]"
Simple-Swedish-Pancakes-964424,Simple Swedish Pancakes,3,1500.0,[Breakfast and Brunch],[Swedish],"[eggs, milk, flour, salt, margarine]"
Anitas-Swedish-Braided-Bread-1335430,Anita’s Swedish Braided Bread,4,3600.0,[Breads],[Swedish],"[sour cream, active dry yeast, warm water, butter, sugar, salt, eggs, all-purpose flour, apple pie filling]"
Easy-Swedish-Pancakes-Allrecipes,Easy Swedish Pancakes,4,1200.0,[Breakfast and Brunch],[Swedish],"[eggs, milk, all-purpose flour, sugar, salt, melted butter]"
Swedish-Kringles-Allrecipes,Swedish Kringles,5,4500.0,[Desserts],[Swedish],"[all-purpose flour, butter, water, eggs, almond extract, confectioners sugar, heavy cream]"
Swedish-Rye-Pancakes-Naturally-Ella-46301,Swedish Rye Pancakes,5,1500.0,[Breakfast and Brunch],[Swedish],"[rye flour, all purpose unbleached flour, salt, baking powder, buttermilk, sorghum, melted butter, eggs]"
Swedish-Tea-Ring-1336760,Swedish Tea Ring,4,1800.0,[Breads],[Swedish],"[milk, water, yeast, sugar, all-purpose flour, unsalted butter, eggs, salt, ground cardamom, chopped almonds, powdered sugar]"
Easy-swedish-meatball-sauce-310595,Easy Swedish Meatball Sauce,5,1200.0,[Condiments and Sauces],[Swedish],"[beef stock, heavy cream, all-purpose flour, soy sauce, ground black pepper, dried rosemary, cooked meatballs]"
Swedish-Sticky-Chocolate-Cake-_kladdkaka_-Allrecipes,Swedish Sticky Chocolate Cake (Kladdkaka),5,6300.0,[Desserts],[Swedish],"[all-purpose flour, unsweetened cocoa powder, salt, eggs, white sugar, vanilla extract, butter]"
Butter-Dream-Cookies-472083,Butter Dream Cookies,5,2100.0,[Desserts],[Swedish],"[almond extract, all-purpose flour, butter, white sugar, shortening]"
Fluffy-Swedish-Pancakes-AllRecipes-202051,Fluffy Swedish Pancakes,5,900.0,[Breakfast and Brunch],[Swedish],"[eggs, milk, warm water, white sugar, all-purpose flour, salt, butter]"
Jansson_s-Temptation-_janssons-Frestelse_-Allrecipes,Jansson's Temptation (Janssons Frestelse),4,4500.0,[Main Dishes],[Swedish],"[onions, swedish anchovies, potatoes, heavy cream, dry bread crumbs, melted butter]"
Easy-Swedish-Apple-Pie-Allrecipes,Easy Swedish Apple Pie,5,3900.0,[Desserts],[Swedish],"[granny smith apples, sugar, flour, cinnamon, melted butter, eggs]"
Swedish-Spareribs-Allrecipes,Swedish Spareribs,5,8100.0,[Main Dishes],"[Swedish, Kid-Friendly]","[ground black pepper, white sugar, salt, ground allspice, pork country-style ribs, butter, beef broth]"
Swedish-Butter-Cookies-471976,Swedish Butter Cookies,5,,[Desserts],[Swedish],"[salted butter, shortening, white sugar, large eggs, vanilla extract, all-purpose flour]"
Knackebrod---Easy-Recipe-for-Swedish-Crisp-Bread-1334133,Knackebrod - Easy Recipe for Swedish Crisp Bread,3,2400.0,[Breads],[Swedish],"[rye flour, sugar, salt, butter, milk, honey, golden syrup, yeast, graham flour, barley flour, whole wheat flour, flax seeds, nonhydrogenated margarine, skim milk]"
Swedish-Raspberry-Kiss-Cookies-968041,Swedish Raspberry Kiss Cookies,4,2100.0,[Desserts],[Swedish],"[butter, sugar, corn starch, flour, baking powder]"
Swedish-Heirloom-Cookies-442867,Swedish Heirloom Cookies,5,2100.0,[Desserts],[Swedish],"[confectioners sugar, unsalted butter, vanilla extract, flour, kosher salt, toasted walnuts]"
Creamy-Horseradish-Sauce_-My-Recipes,Creamy Horseradish Sauce,4,1200.0,[Condiments and Sauces],[Swedish],"[sour cream, horseradish, lemon juice]"
Dromskinka-_dream-Ham_-Allrecipes,Dromskinka (Dream Ham),4,2700.0,,[Swedish],"[ham, port wine, heavy cream, curry powder, tomato purée, butter]"
Swedish-Almond-Cookies-976103,Swedish Almond Cookies,4,3900.0,"[Desserts, Afternoon Tea]",[Swedish],"[softened butter, sugar, eggs, almond extract, whole wheat pastry flour, baking powder]"
Chocolate-Bombs-Allrecipes,Chocolate Bombs,4,4800.0,[Desserts],[Swedish],"[margarine, white sugar, rolled oats, unsweetened cocoa powder, vanilla extract, cold coffee, sugar]"
Mr_-Janssen_s-Temptation-Allrecipes,Mr. Janssen's Temptation,5,3900.0,,[Swedish],"[potatoes, onions, anchovy fillets, cream, bread crumbs, butter]"
Swedish-Pastry-1256971,Swedish Pastry,4,3600.0,[Desserts],[Swedish],"[all-purpose flour, butter, cold water, water, flour, eggs, almond extract, powdered sugar]"
Swedish-Hard-Tack-Allrecipes,Swedish Hard Tack,4,3600.0,,[Swedish],"[all-purpose flour, white sugar, baking soda, salt, butter, buttermilk]"
Norwegian-Lefse-Allrecipes,Norwegian Lefse,5,7200.0,[Desserts],[Swedish],"[potatoes, butter, heavy cream, salt, white sugar, all-purpose flour]"
Swedish-Toscas-_swedish-Almond-Tarts_-Allrecipes,Swedish Toscas (Swedish Almond Tarts),5,2100.0,[Desserts],[Swedish],"[butter, white sugar, all-purpose flour, slivered almonds, brown sugar, cream]"
Swedish-Coconut-Cookies-964722,Swedish Coconut Cookies,4,2700.0,[Desserts],[Swedish],"[flour, sugar, butter, baking powder, baking soda, vanilla, sweetened coconut flakes]"
Swedish-Breakfast-Buns-1266205,Swedish Breakfast Buns,4,2100.0,"[Breakfast and Brunch, Breads]",[Swedish],"[almond flour, flax seeds, sunflower seeds, psyllium husks, baking powder, salt, olive oil, eggs, sour cream]"
Swedish-Cured-Pork-Loin-Allrecipes,Swedish Cured Pork Loin,5,4500.0,[Main Dishes],[Swedish],"[boneless pork loin, white sugar, salt, ground cumin, ground cardamom]"
Caramelized-Lemon-Tart-Martha-Stewart,Caramelized Lemon Tart,3,6300.0,[Desserts],[Swedish],"[sugar, lemon juice, large egg yolks, lemon, unsalted butter, liver pate]"
Swedish-Pancakes-1008152,Swedish Pancakes,4,1500.0,[Breakfast and Brunch],[Swedish],"[eggs, milk, flour, sugar, salt, butter]"
Swedish-Crescent-Cookies-489456,Swedish Crescent Cookies,4,,[Desserts],[Swedish],"[unsalted butter, confectioners sugar, almond extract, egg yolks, all-purpose flour, chopped almonds, lemon]"
Almond-Kisses-Allrecipes,Almond Kisses,4,3300.0,[Desserts],[Swedish],"[almonds, egg whites, brown sugar, all-purpose flour]"
Swedish-Cream-With-Summer-Berries-Allrecipes,Swedish Cream with Summer Berries,4,900.0,[Desserts],[Swedish],"[sour cream, white sugar, plain yogurt, vanilla extract, brandy, whipping cream, strawberries]"
Swedish-Butter-Cookies-Allrecipes,Swedish Butter Cookies,5,2400.0,[Desserts],[Swedish],"[eggs, salted butter, white sugar, almond extract, all-purpose flour]"
The-Amazing-Swedish-Meatball-Allrecipes,The Amazing Swedish Meatball,4,4800.0,[Main Dishes],[Swedish],"[ground beef, ground pork, chopped onion, bread crumbs, eggs, milk, dried parsley, worcestershire sauce, salt, pepper, vegetable oil, all-purpose flour, paprika, boiling water, sour cream]"
Swedish-Breakfast-Buns-1097494,Swedish Breakfast Buns,4,2100.0,"[Breakfast and Brunch, Breads]",[Swedish],"[almond flour, flax seeds, sunflower seeds, psyllium husks, baking powder, salt, olive oil, eggs, sour cream]"
Swedish-Meatballs-I-Allrecipes,Swedish Meatballs I,4,4500.0,[Main Dishes],[Swedish],"[eggs, milk, ground beef, wheat cereal, minced onion, condensed cream of chicken soup, condensed cream of mushroom soup, evaporated milk, fresh parsley]"
Tuppakaka-Allrecipes,Tuppakaka,4,3600.0,[Desserts],[Swedish],"[eggs, white sugar, butter, all-purpose flour, dry bread crumbs, sliced almonds]"
Swedish-Cinnamon-Rolls-1116492,Swedish Cinnamon Rolls,4,4500.0,[Breads],[Swedish],"[yeast, warm water, sugar, almond milk, butter, vanilla pods, eggs, yolk, ground cardamom, salt, flour, vegetable oil, brown sugar, milk, cinnamon]"
Swedish-Klimp-Allrecipes,Swedish Klimp,5,480.0,[],[Swedish],"[eggs, milk, salt, sugar, all-purpose flour]"
Swedish-Nuts-Ii-Allrecipes,Swedish Nuts II,5,2700.0,[Desserts],[Swedish],"[egg whites, white sugar, salt, vanilla extract, pecan halves, butter]"
Swedish-Cookies-_brunscrackers_-Allrecipes,Swedish Cookies (Brunscrackers),4,2220.0,[Desserts],[Swedish],"[flour, baking soda, butter, sugar, vanilla sugar, golden syrup]"
Swedish-Apple-Pie-Allrecipes,Swedish Apple Pie,5,4800.0,[Desserts],[Swedish],"[sliced apples, ground cinnamon, white sugar, margarine, chopped pecans, all-purpose flour, eggs, salt]"
Leona_s-Lefse-Allrecipes,Leona's Lefse,4,480.0,[Desserts],[Swedish],"[yukon gold potatoes, butter, white sugar, all-purpose flour]"
Jule-Kaga-Allrecipes,Jule Kaga,5,21600.0,[Breads],[Swedish],"[milk, butter, salt, white sugar, active dry yeast, warm water, all-purpose flour, ground cardamom, candied cherries, citron, golden raisins, egg whites]"
Swedish-christmas-porridge-317335,Swedish Christmas Porridge,3,3000.0,[Breakfast and Brunch],[Swedish],"[rice, butter, water, milk, salt, sugar]"
The-Spirit-of-Summer-Swedish-Strawberry-Punch-Cocktail-636698,The Spirit of Summer — Swedish Strawberry Punch Cocktail,3,600.0,[Beverages],[Swedish],"[vodka, lime juice, elderflower cordial, simple syrup, strawberries, cucumber, mint leaves, cider, mint sprigs, ice]"
Swedish-Tea-Cookies-Allrecipes,Swedish Tea Cookies,5,3000.0,[Desserts],[Swedish],"[butter, all-purpose flour, light cream, granulated sugar, confectioners sugar, evaporated milk, vanilla extract]"
Swedish-Wafers-Allrecipes,Swedish Wafers,4,2700.0,[Desserts],"[Swedish, Kid-Friendly]","[butter, white sugar, eggs, all-purpose flour]"
Norwegian-Gravlax-472889,Norwegian Gravlax,5,3600.0,[Appetizers],[Swedish],"[salmon fillets, salt, white sugar, ground black pepper, fresh dill, large egg yolks, vegetable oil, white wine vinegar, white pepper, mustard, dill]"
Fork-Cookies-Allrecipes,Fork Cookies,4,2400.0,[Desserts],[Swedish],"[all-purpose flour, butter, white sugar, egg yolks, ground cinnamon]"
Swedish-Nut-Bars-Allrecipes,Swedish Nut Bars,4,4500.0,[Desserts],[Swedish],"[eggs, white sugar, ground almonds, almond extract]"
Swedish-Apple-Cranberry-Pie-966897,Swedish Apple Cranberry Pie,4,5400.0,[Desserts],[Swedish],"[granny smith apples, golden delicious apples, fresh cranberries, sugar, ground cinnamon, lemon, light butter, nonfat greek yogurt, all-purpose flour, whole wheat pastry flour, eggs, chopped walnuts]"
Swedish-Chocolate-Cake-with-Raspberries-_Kladdkaka_-1040669,Swedish Chocolate Cake with Raspberries (Kladdkaka),4,2100.0,[Desserts],[Swedish],"[unsalted butter, bittersweet chocolate, large eggs, caster sugar, all-purpose flour, baking powder, berries, whipped cream]"
Swedish-Sour-Cream-And-Caviar-Sauce-For-Salmon-Allrecipes,Swedish Sour Cream and Caviar Sauce for Salmon,5,600.0,"[Appetizers, Condiments and Sauces]",[Swedish],"[sour cream, crème fraîche, mayonnaise, fresh dill, white pepper, caviar]"
Swedish-Chocolate-Balls-_or-Coconut-Balls_-Allrecipes,Swedish Chocolate Balls (or Coconut Balls),5,8400.0,[Desserts],[Swedish],"[rolled oats, white sugar, unsweetened cocoa powder, butter, coffee, vanilla extract, unsweetened baking chocolate, coconut flakes]"
Swedish-Jam-Cookies-Allrecipes,Swedish Jam Cookies,4,3600.0,[Desserts],[Swedish],"[butter, white sugar, dark corn syrup, eggs, all-purpose flour, chopped walnuts, jam]"
Pepparkakor-I-Allrecipes,Pepparkakor I,4,4500.0,[Desserts],[Swedish],"[brown sugar, molasses, ground ginger, ground cinnamon, ground cloves, baking soda, butter, eggs, all-purpose flour]"
Swedish-Pancakes-MyRecipes-235971,Swedish Pancakes,3,1800.0,[Breakfast and Brunch],[Swedish],"[eggs, milk, all-purpose flour, sugar, salt, butter]"
Swedish-Glogg-Allrecipes,Swedish Glogg,5,30000.0,"[Beverages, Cocktails]",[Swedish],"[water, cardamom seeds, cinnamon sticks, clove, orange, white sugar, raisins, blanched almonds, wine, port wine, brandy]"
Swedish-Oatmeal-Lace-Allrecipes,Swedish Oatmeal Lace,5,1800.0,[Desserts],[Kid-Friendly],"[butter, all-purpose flour, white sugar, quick-cooking oats, light cream]"
Swedish-Cream-Wafers-Allrecipes,Swedish Cream Wafers,5,6300.0,[Desserts],[Swedish],"[butter, heavy whipping cream, all-purpose flour, granulated sugar, confectioners sugar, egg yolks, vanilla extract, red food coloring]"
Swedish-Cream-Allrecipes,Swedish Cream,4,16200.0,[Desserts],[Swedish],"[heavy cream, water, sugar, unflavored gelatin, sour cream, vanilla extract, almond extract, lingonberry]"
Pepparkakor-Ii-Allrecipes,Pepparkakor II,4,2400.0,[Desserts],[Swedish],"[butter, white sugar, light corn syrup, eggs, all-purpose flour, baking soda, ground cinnamon, ground ginger, ground cloves, orange juice, orange zest]"
Swedish-Mazarins-900945,Swedish Mazarins,4,5400.0,[Desserts],[Swedish],"[butter, sugar, all-purpose flour, salt, eggs, almonds, almond extract, powdered sugar, milk]"
Swedish-Limpu-Bread-Allrecipes,Swedish Limpu Bread,5,14400.0,[Breads],[Swedish],"[all-purpose flour, active dry yeast, water, brown sugar, vegetable oil, salt, orange zest, caraway seeds, fennel seeds, eggs, rye flour]"
Swedish-Oatmeal-Crisp-Cookies-1243130,Swedish Oatmeal Crisp Cookies,4,600.0,[Desserts],[Swedish],"[butter, rolled oats, ground almonds, flour, baking powder, vanilla extract, ground ginger, salt, caster sugar, eggs, milk chocolate, coconut oil, toffee bits]"
Swedish-Rye-Cookies-Allrecipes,Swedish Rye Cookies,4,2700.0,[Desserts],[Swedish],"[butter, white sugar, rye flour, all-purpose flour, baking powder, salt, water]"
Swedish-Meat-Pies-Allrecipes,Swedish Meat Pies,4,2400.0,[Main Dishes],"[Swedish, American]","[butter, ground beef, chopped onion, fresh parsley, ground allspice, dried dillweed, ground nutmeg, red potato, shredded cheddar cheese, all-purpose flour, salt, shortening, sour cream]"
Swedish-Pastry-AllRecipes-202574,Swedish Pastry,4,4800.0,[Desserts],[Swedish],"[butter, all-purpose flour, butter extract, water, eggs, almond extract, confectioners sugar, milk]"
Swedish-Rye-Bread-TasteOfHome,Swedish Rye Bread,5,3300.0,"[Afternoon Tea, Breads]",[Swedish],"[active dry yeast, warm water, brown sugar, molasses, shortening, salt, rye flour, all-purpose flour, melted butter]"
Swedish-Christmas-Cookies-777398,Swedish Christmas Cookies,3,1800.0,[Desserts],[Swedish],"[sugar, shortening, eggs, flour, cream, soda, vanilla, salt, coconut, candied cherries]"
Swedish-Rye-Bread-Ii-Allrecipes,Swedish Rye Bread II,4,13200.0,[Breads],[Swedish],"[active dry yeast, warm water, hot water, honey, salt, white sugar, orange zest, caraway seeds, butter, rye flour, all-purpose flour]"
Swedish-Apricot-and-Almond-Cake-996257,Swedish Apricot and Almond Cake,4,3000.0,[Desserts],[Swedish],"[butter, sugar, eggs, white flour, baking powder, milk, almond extract, apricot halves, chopped almonds]"
Swedish-Dream-Cookies-Allrecipes,Swedish Dream Cookies,3,2400.0,[Desserts],[Swedish],"[butter, shortening, white sugar, bakers ammonia, boiling water, almond extract, all-purpose flour, flaked coconut]"
Swedish-Visiting-Cake-960872,Swedish Visiting Cake,4,3000.0,[Desserts],[Swedish],"[sugar, orange, large eggs, salt, pure vanilla extract, all-purpose flour, unsalted butter, sliced almonds]"
Dale_s-Swedish-Meatballs-Allrecipes,Dale's Swedish Meatballs,4,2700.0,[Main Dishes],[Swedish],"[ground beef, eggs, bread crumbs, onions, garlic, worcestershire sauce, green bell pepper, shredded cheddar cheese, butter, all-purpose flour, coffee granules, beef bouillon, water, sour cream]"
Traditional-swedish-glogg-322172,Traditional Swedish Glögg,3,1500.0,[Beverages],[Swedish],"[red wine, cardamom, cinnamon sticks, fresh ginger, sugar, orange peel, vodka, raisins, almonds]"
Bread-Machine-Swedish-Coffee-Bread-Allrecipes,Bread Machine Swedish Coffee Bread,5,9600.0,[Breads],[Swedish],"[milk, salt, egg yolks, softened butter, all-purpose flour, sugar, active dry yeast, ground cardamom, egg whites]"
Swedish-Ground-Almond-Spritz-Cookies-Allrecipes,Swedish Ground Almond Spritz Cookies,4,4800.0,[Desserts],[Swedish],"[slivered almonds, butter, sugar, eggs, almond extract, milk, all-purpose flour, baking powder, salt]"
Asian-style-swedish-meatballs-320321,Asian-Style Swedish Meatballs,4,1800.0,[Appetizers],[Asian],"[ground turkey, ground pork, cilantro, purple onion, panko, fresh ginger, jalapeno chilies, garlic, kosher salt, freshly ground pepper, soy sauce, rice vinegar, brown sugar]"
Swedish-Angel-Crisps-Allrecipes,Swedish Angel Crisps,5,2400.0,[Desserts],[Swedish],"[white sugar, brown sugar, shortening, butter, eggs, vanilla extract, all-purpose flour, baking soda, cream of tartar, chopped walnuts, granulated sugar]"
Swedish-Nut-Cake-Allrecipes,Swedish Nut Cake,5,4200.0,[Desserts],[Swedish],"[white sugar, all-purpose flour, eggs, chopped walnuts, baking soda, vanilla extract, crushed pineapples in juice, cream cheese, confectioners sugar, butter]"
Swedish-Rye-Bread-I-Allrecipes,Swedish Rye Bread I,4,5400.0,[Breads],[Swedish],"[cake, warm water, milk, salt, bread flour, molasses, brown sugar, shortening, rye flour]"
Traditional-Swedish-Pepparkakor-Allrecipes,Traditional Swedish Pepparkakor,4,5700.0,[Desserts],[Swedish],"[all-purpose flour, baking soda, cinnamon, ground cloves, ground ginger, ground cardamom, butter, white sugar, brown sugar, eggs, dark corn syrup]"
Swedish-Saffron-Buns-Allrecipes,Swedish Saffron Buns,5,6900.0,"[Desserts, Breads]",[Swedish],"[milk, butter, cake, cream quark, saffron, sugar, salt, all-purpose flour, raisins, eggs]"
Spritz-Orange-Crisps-Allrecipes,Spritz Orange Crisps,4,2400.0,[Desserts],[Swedish],"[shortening, white sugar, brown sugar, orange juice, eggs, orange zest, all-purpose flour, salt, baking soda]"
Swedish-Holiday-Cookies-My-Recipes,Swedish Holiday Cookies,4,2700.0,[Desserts],[Swedish],"[butter, sugar, dark molasses, ground cinnamon, ground cardamom, water, baking powder, all-purpose flour, egg whites]"
Italian-and-Swedish-968597,Italian and Swedish,4,4200.0,[Main Dishes],[Italian],"[ground beef, ground veal, ground pork, dry bread crumbs, dried oregano, dried thyme, salt, freshly ground pepper, parmigiano reggiano cheese, shallots, ground nutmeg, ground allspice]"
Swedish-Butter-Crisps-AllRecipes,Swedish Butter Crisps,4,6600.0,[Desserts],[Swedish],"[butter, white sugar, egg yolks, vanilla extract, all-purpose flour, egg whites, brown sugar, chopped pecans]"
Swedish-Ice-Box-Cookies-Allrecipes,Swedish Ice Box Cookies,5,,[Desserts],[Swedish],"[butter, eggs, caraway seeds, confectioners sugar, vanilla extract, all-purpose flour, chopped walnuts]"
Swedish-Apple-Cake-Allrecipes,Swedish Apple Cake,4,5100.0,[Desserts],[Swedish],"[white sugar, shortening, eggs, vanilla, all-purpose flour, baking soda, ground cinnamon, nutmeg, salt, apples, chopped walnuts, milk, margarine, brown sugar]"
Swedish-Tea-Ring-Allrecipes,Swedish Tea Ring,4,4500.0,[Breads],[Swedish],"[active dry yeast, warm water, lemon, milk, margarine, salt, white sugar, eggs, all-purpose flour, ground cinnamon, chopped pecans, vanilla extract, confectioners sugar]"
Swedish-Tea-Ring-Allrecipes_1,Swedish Tea Ring,4,,[Breads],[Swedish],"[milk, eggs, butter, white sugar, salt, bread flour, active dry yeast, ground cinnamon, brown sugar, raisins, confectioners sugar, almond extract]"
Swedish-Meatballs-Martha-Stewart-190900,Swedish Meatballs,3,2400.0,"[Lunch and Snacks, Appetizers, Main Dishes]",[Swedish],"[unsalted butter, canola oil, onions, heavy cream, veal demi-glace, freshly ground pepper, coarse salt, cayenne pepper, grated nutmeg, large eggs, white bread, whole milk, ground sirloin, ground pork, ground veal, fresh dill, preserves, mashed potatoes]"
Swedish-Meatballs-Iii-Allrecipes,Swedish Meatballs III,3,4200.0,[Main Dishes],[Swedish],"[margarine, onions, saltines, ground beef, eggs, ground nutmeg, ground allspice, minced garlic, white sauce mix, fresh dill, sage, all-purpose flour, whipping cream]"
Swedish-Chanterelle-Mushroom-Pate-Allrecipes,Swedish Chanterelle Mushroom Pate,4,6000.0,[Appetizers],[Swedish],"[butter, garlic, shallots, chanterelle, fresh parsley, ground pork, egg whites, salt, ground black pepper, whipping cream, ham]"
Limpa-Bread-Allrecipes,Limpa Bread,4,,[Breads],[Swedish],"[boiling water, fennel seeds, cumin seed, caraway seeds, cracked wheat, butter, molasses, orange zest, baking soda, rye flour, bread flour, active dry yeast, gluten flour, buttermilk]"
Swedish-meatballs-in-walnut-and-sage-alfredo-sauce-327546,Swedish Meatballs in Walnut and Sage Alfredo Sauce,3,4200.0,[Main Dishes],[Italian],"[white bread, milk, pure olive oil, onions, garlic cloves, kosher salt, chuck, veal, large egg yolks, black pepper, dried sage, grated nutmeg, whole milk, unsalted butter, parmigiano reggiano cheese, ground black pepper, sage leaves, walnuts]"
Creamy-Dill-Sauce-Recipezaar,Creamy Dill Sauce,4,300.0,[Condiments and Sauces],"[Swedish, American]","[sour cream, brown mustard, salt, pepper, dill weed, lemon juice]"
Sugar-_-Browned-Potatoes-Recipezaar,Sugar - Browned Potatoes,4,1500.0,[Side Dishes],[Swedish],"[butter, sugar, boiling potatoes, salt]"
Swedish-Cucumber-Salad-_-Pressgurka-Recipezaar,Swedish Cucumber Salad - Pressgurka,4,3900.0,,[Swedish],"[cucumber, parsley, ground black pepper, salt, sugar, white distilled vinegar, caraway seeds]"
Mustard_crusted-Roast-New-Potatoes-With-Shallots-And-Garlic-Recipezaar,Mustard-Crusted Roast New Potatoes With Shallots and Garlic,4,3300.0,[Side Dishes],"[Swedish, French]","[new potatoes, shallots, garlic cloves, mustard, olive oil, sea salt, ground black pepper]"
Vitkals-Och-Lingonsallas-_Swedish-Cabbage-and-Cranberry-Salad_-Food_com-144794,Vitkals-Och Lingonsallas (Swedish Cabbage and Cranberry Salad),3,7500.0,[Salads],[Swedish],"[cabbage, cranberry sauce, lemon juice, salt]"
Creamy-Horseradish-Sauce-Recipezaar_1,Creamy Horseradish Sauce,2,900.0,[Condiments and Sauces],[Swedish],"[sour cream, mayonnaise, prepared horseradish, lemon juice, dry mustard, worcestershire sauce]"
Warm-Nectarines-With-Almonds-And-Vanilla-Ice-Cream-_-Sweden-Recipezaar,Warm Nectarines With Almonds and Vanilla Ice Cream - Sweden,4,480.0,[Desserts],[Swedish],"[nectarines, sugar, butter, lemon, sliced almonds, vanilla ice cream]"
Softglogg-_-Soft-Glogg-_swedish-Soft-Drink_-Recipezaar,Softglogg - Soft Glogg (Swedish Soft Drink),3,3900.0,[Beverages],[Swedish],"[apple juice, sugar, clove, grape juice, cinnamon, orange peel]"
Creamy-Horseradish-Sauce-Recipezaar_3,Creamy Horseradish Sauce,4,3900.0,[Condiments and Sauces],[Swedish],"[sour cream, mayonnaise, horseradish, fresh basil, fresh lemon juice, soy sauce]"
Potatisbullar-_Swedish-Potato-Dumplings_-Food_com-155926,Potatisbullar (Swedish Potato Dumplings),3,1500.0,[Side Dishes],[Swedish],"[butter, egg yolks, bread crumbs, mashed potatoes, salt, pepper, ham]"
Swedish-Butter-Hearts-Recipezaar,Swedish Butter Hearts,4,1500.0,[Desserts],[Swedish],"[butter, cream, flour, egg whites, decorating sugars]"
Swedish-Brownies-Food_com-90998,Swedish Brownies,3,1500.0,[Desserts],[Swedish],"[eggs, sugar, flour, oil, almond extract, salt]"
Swedish-Meatballs-Food_com-179534,Swedish Meatballs,3,1020.0,"[Appetizers, Main Dishes]","[Swedish, American]","[meatballs, cream of mushroom soup, milk, beef bouillon, dill weed, rice]"
Brown-Swedish-Cookies-Recipezaar,Brown Swedish Cookies,4,1500.0,[Desserts],[Swedish],"[butter, white sugar, honey, flour, baking soda]"
Creamy-Horseradish-Sauce-My-Recipes_1,Creamy Horseradish Sauce,4,2100.0,[Condiments and Sauces],[Swedish],"[prepared horseradish, sour cream, salt, ground black pepper]"
Traditional-Swedish-Pancakes-Recipezaar,Traditional Swedish Pancakes,4,600.0,[Breakfast and Brunch],[Swedish],"[eggs, low-fat milk, flour, salt, butter]"
Lingonberry-Sorbet-Recipezaar,Lingonberry Sorbet,4,2700.0,[Desserts],[Swedish],"[lingonberry, sugar, water, vodka]"
Swedish-Oven-Pancake-With-Bacon-Recipezaar,Swedish Oven Pancake With Bacon,4,2700.0,"[Lunch and Snacks, Breakfast and Brunch]",[Swedish],"[back bacon, eggs, salt, milk, plain flour]"
Swedish-Baked-Pancake-Recipezaar,Swedish Baked Pancake,3,2100.0,[Breakfast and Brunch],[Swedish],"[eggs, milk, salt, granulated sugar, all-purpose flour]"
Creamlessly-Delicious-Swedish-Meatball-Sauce-Food_com-188275,Creamlessly Delicious Swedish Meatball Sauce,4,360.0,,[Swedish],"[flour, beef broth, cold water, instant coffee]"
Traditional-Swedish-Almond-Cake-Slices-Recipezaar,Traditional Swedish Almond Cake Slices,4,4200.0,[Desserts],[Swedish],"[sugar, free-range eggs, almond extract, milk, flour, baking powder, cinnamon, butter]"
Traditional-Janssons-Temptation-Recipezaar,Traditional Janssons Temptation,4,4200.0,,[Swedish],"[potatoes, onions, anchovy fillets, whipping cream, dry bread crumbs, butter]"
Swedish-Cabbage-And-Cranberry-Salad-Recipezaar,Swedish Cabbage and Cranberry Salad,3,300.0,[Salads],[Swedish],"[cabbage, whole cranberry sauce, lemon juice, salt]"
Swedish-Chicken-Breasts-Food_com-81729,Swedish Chicken Breasts,4,2100.0,[Main Dishes],[Swedish],"[margarine, boneless skinless chicken breasts, dry white wine, gin, dill weed, thyme, salt]"
Swedish-Chocolate-Balls-Ii-Recipezaar,Swedish Chocolate Balls II,3,900.0,[Desserts],[Swedish],"[butter, sugar, oats, cocoa powder, coffee, vanilla sugar, coconut]"
Swedish-Pancakes-Recipezaar_13,Swedish Pancakes,4,1800.0,[Breakfast and Brunch],[Swedish],"[milk, butter, eggs, sugar, salt, flour]"
Swedish-Spareribs-Recipezaar,Swedish Spareribs,3,5700.0,[Main Dishes],[Swedish],"[pepper, sugar, salt, ground allspice, butter, beef broth, pork country-style ribs]"
Swedish-Meatballs-Recipezaar_28,Swedish Meatballs,4,3000.0,"[Appetizers, Main Dishes]",[Swedish],"[ground beef, stuffing mix, eggs, onions, water, beef gravy, sour cream]"
Easy-Peasy-Meatballs-Over-Buttered-Noodles-Recipezaar,Easy Peasy Meatballs over Buttered Noodles,4,11700.0,[Main Dishes],[Swedish],"[condensed cream of celery soup, condensed french onion soup, sour cream, meatballs, egg noodles, butter]"
Sandy_s-Lefse-Recipezaar,Sandy's Lefse,3,5400.0,[Desserts],[Swedish],"[potatoes, cream, baking powder, salt, sugar, flour, butter]"
Sandbakelser-Allrecipes,Sandbakelser,4,6300.0,[Desserts],[Swedish],"[all-purpose flour, white sugar, butter, water, almond extract, egg yolks]"
Swedish-brownies-336676,Swedish Brownies,3,2700.0,[Desserts],[Swedish],"[eggs, sugar, flour, salt, butter, almonds]"
Mamie-Eisenhower_s-Swedish-Spritzbaaken-Cookies-Recipezaar,Mamie Eisenhower's Swedish Spritzbaaken Cookies,4,1200.0,[Desserts],[Swedish],"[butter, sugar, large eggs, large egg yolks, flour, vanilla]"
Swedish-Angel-Food-Recipezaar,Swedish Angel Food,3,540.0,[Desserts],[Swedish],"[waffle cones, whipping cream, lingonberry, granulated sugar]"
Brown-Beans_-Swedish-Style-Recipezaar,"Brown Beans, Swedish Style",0,9600.0,"[Lunch and Snacks, Side Dishes]",[Swedish],"[dried beans, water, salt, white vinegar, dark corn syrup, brown sugar]"
Spritsar-Allrecipes,Spritsar,3,2100.0,[Desserts],[Swedish],"[white sugar, butter, egg yolks, almond extract, all-purpose flour]"
Kurant-Blush-Recipezaar,Kurant Blush,4,120.0,"[Beverages, Cocktails]",[Swedish],"[vodka, liqueur, cranberry juice, lime]"
Almond-Yummies-Allrecipes,Almond Yummies,2,1500.0,[Desserts],[Swedish],"[all-purpose flour, white sugar, almond extract, eggs, sliced almonds]"
Swedish-Potatoes-Ii-Recipezaar,Swedish Potatoes II,3,2100.0,[Side Dishes],[Swedish],"[potatoes, onions, butter, milk, salt, white pepper, chopped parsley]"
Swedish-Pancakes-Food_com-128675,Swedish Pancakes,4,1800.0,[Breakfast and Brunch],[Swedish],"[eggs, milk, all-purpose flour, sugar, salt, butter]"
Swedish-Scones-Recipezaar,Swedish Scones,4,1800.0,[Breads],[Swedish],"[flour, baking powder, sugar, salt, butter, milk]"
Swedish-Nut-Cake-Recipezaar,Swedish Nut Cake,4,1500.0,[Desserts],[Swedish],"[flour, sugar, baking soda, pecans, crushed pineapples in juice, eggs, vanilla]"
Swedish-Cutlets-_or-Pork-Chops_-Recipezaar,Swedish Cutlets (Or Pork Chops),3,1500.0,[Main Dishes],[Swedish],"[pork chops, oil, garlic salt, pepper, salt, onions, roquefort cheese]"
Swedish-Spritz-Recipezaar,Swedish Spritz,3,1200.0,[Desserts],[Swedish],"[butter, sugar, eggs, flour, vanilla]"
Melt_in_ya_mouth-Swedish-Butter-Cookies-Recipezaar,Melt-In-Ya-Mouth Swedish Butter Cookies,2,2400.0,[Desserts],[Swedish],"[all-purpose flour, sugar, egg yolks, butter, almond extract]"
Swedish-Hard-Candy-Recipezaar,Swedish Hard Candy,4,2400.0,[Desserts],[Swedish],"[sugar, dark corn syrup, butter, half & half, blanched almonds]"
Dolores_-Swedish-Apple-Pie-Recipezaar,Dolores' Swedish Apple Pie,3,3300.0,[Desserts],[Swedish],"[apples, brown sugar, cinnamon, butter, flour, sugar, eggs]"
Scandinavian-Apple-Cake-Recipezaar,Scandinavian Apple Cake,3,2400.0,[Desserts],[Swedish],"[butter, bread crumbs, sugar, cinnamon, applesauce]"
Mustard-Dill-Sauce-Ii-Recipezaar,Mustard Dill Sauce II,4,120.0,[Condiments and Sauces],[Swedish],"[dijon mustard, sugar, vinegar, salt, white pepper, vegetable oil, fresh dill]"
Glogg-_swedish-Mulled-Red-Wine_-My-Swedish-Mother-In-Law_s-Recipezaar,Glogg (Swedish Mulled Red Wine)- My Swedish Mother in Law's,4,14700.0,[Beverages],[Swedish],"[red wine, raisins, sugar, whole cloves, cardamom pods, cinnamon sticks, blanched almonds]"
Swedish-Nuts-Food_com-79183,Swedish Nuts,4,2700.0,"[Lunch and Snacks, Desserts]",[Swedish],"[egg whites, granulated sugar, salt, vanilla extract, pecan halves, butter]"
Swedish-Pork-Chops-Food_com-123036,Swedish Pork Chops,4,2400.0,[Main Dishes],[Swedish],"[pork loin chops, salt, pepper, ground ginger, flour, oil]"
Swedish-Cookie-Shells-Recipezaar,Swedish Cookie Shells,3,2400.0,[Desserts],[Swedish],"[butter, sugar, large egg whites, vanilla, almond extract, all-purpose flour, blanched almonds]"
Swedish-Meatballs-Soup-Recipezaar,Swedish Meatballs Soup,3,3300.0,[Soups],[Swedish],"[ground beef, vegetable oil, frozen spinach, bouillon, chicken broth, eggs]"
Mustard_horseradish-Sauce-Epicurious,Mustard-Horseradish Sauce,4,1500.0,[Condiments and Sauces],"[Swedish, American]","[sour cream, dijon mustard, olive oil, horseradish, fresh tarragon]"
Swedish-Rice-Recipezaar,Swedish Rice,2,5400.0,[Side Dishes],[Swedish],"[long-grain rice, boiling water, sugar, eggs, whole milk, salt, Velveeta]"
Cheating-Swedish-Meatballs-Recipezaar,Cheating Swedish Meatballs,4,2100.0,[Main Dishes],[Kid-Friendly],"[cream of mushroom soup, milk, meatballs, egg noodles]"
Swedish-Tosca-Apples-Or-Pears-Recipezaar,Swedish Tosca Apples or Pears,3,2100.0,[Desserts],[Swedish],"[apples, butter, sugar, flour, heavy cream, sliced almonds]"
Swedish-Cream-Recipezaar,Swedish Cream,3,11100.0,[Desserts],[Swedish],"[sugar, unflavored gelatin, heavy cream, sour cream, vanilla]"
Finnan-Haddie-Recipezaar_1,Finnan Haddie,4,2700.0,,[Swedish],"[finnan haddie, butter, flour, milk, salt, ground pepper]"
Horseradish-Sauce-Recipezaar_5,Horseradish Sauce,3,600.0,[Condiments and Sauces],"[Swedish, American]","[sour cream, horseradish, dill weed, salt]"
Swedish-Pancakes-Recipezaar_4,Swedish Pancakes,2,1200.0,[Breakfast and Brunch],[Swedish],"[eggs, flour, sugar, milk]"
Swedish-Flat-Bread-Recipezaar,Swedish Flat Bread,3,8700.0,[Breads],[Swedish],"[white flour, sugar, baking soda, salt, sour cream]"
Swedish-Baked-Apples-With-Almond-Paste-Filling-Recipezaar,Swedish Baked Apples With Almond Paste Filling,4,3600.0,[Desserts],[Swedish],"[baking apples, almond paste, melted butter, dry bread crumbs]"
Swedish-Cheese-Pie-Food_com-144702,Swedish Cheese Pie,2,3600.0,[Desserts],[Swedish],"[pie shell, cottage cheese, large eggs, unbleached flour, sugar, light cream, almonds]"
Sweet-And-Sour-Red-Cabbage-Recipezaar_2,Sweet and Sour Red Cabbage,4,3840.0,[Side Dishes],"[Swedish, German]","[red cabbage, garlic, vegetable oil, cider vinegar, tamari soy sauce, honey, ginger, pepper]"
Kringla-Swedish-Wreaths-Recipezaar,Kringla Swedish Wreaths,1,2520.0,[Desserts],[Swedish],"[butter, sugar, egg yolks, flour, eggs]"
Easy-Swedish-Meatballs-Recipezaar_4,Easy Swedish Meatballs,4,2400.0,[Main Dishes],[Kid-Friendly],"[meatballs, beef gravy, condensed golden mushroom soup, milk, sour cream]"
Swedish-Cabbage-Food_com-101902,Swedish Cabbage,4,900.0,[Side Dishes],[Swedish],"[cabbage, butter, lemon juice, dill weed]"
Swedish-Beet-Salad-Food_com-101270,Swedish Beet Salad,4,900.0,[Salads],[Swedish],"[beets, granny smith apples, white onion, light sour cream, light mayonnaise, prepared horseradish, white pepper]"
Swedish-Nuts-Recipezaar_1,Swedish Nuts,4,3600.0,"[Lunch and Snacks, Appetizers, Desserts]",[Swedish],"[blanched almonds, walnut halves, egg whites, sugar, salt, butter]"
Swedish-Cheesecake-Recipezaar,Swedish Cheesecake,2,3900.0,[Desserts],[Swedish],"[cottage cheese, flour, eggs, sugar, light cream, almonds]"
Gefta-_Swedish_-Food_com-137088,Gefta (Swedish),3,1800.0,,[Swedish],"[cranberries, sugar, water, whipping cream, saltines, melted butter]"
Swedish-Farmer-Cookies-Recipezaar,Swedish Farmer Cookies,3,1800.0,[Desserts],[Swedish],"[butter, sugar, dark corn syrup, chopped almonds, flour, baking soda]"
Swedish-Pancakes-Recipezaar_6,Swedish Pancakes,3,3600.0,[Breakfast and Brunch],[Swedish],"[milk, eggs, salt, sugar, flour, butter]"
Swedish-Pancakes-Recipezaar_1,Swedish Pancakes,4,900.0,[Breakfast and Brunch],[Swedish],"[eggs, all-purpose flour, sugar, milk, butter, preserves, sour cream]"
Swedish-Cinnamon-Cookies-Food_com-151473,Swedish Cinnamon Cookies,4,1560.0,[Desserts],[Swedish],"[butter, white sugar, molasses, baking soda, egg yolks, flour, cinnamon]"
Fork-Cookies-Food_com-69578,Fork Cookies,3,1500.0,[Desserts],[Swedish],"[flour, butter, white sugar, egg yolks, ground cinnamon]"
Creamy-Horseradish-Sauce-Recipezaar_4,Creamy Horseradish Sauce,4,600.0,[Condiments and Sauces],[Swedish],"[sour cream, pepper, salt, grated horseradish, dijon mustard, white wine vinegar]"
Swedish-Wedding-Cookies-Food_com-155227,Swedish Wedding Cookies,3,5400.0,[Desserts],[Swedish],"[vegan margarine, confectioners sugar, water, vanilla extract, all-purpose flour, pecans]"
Jansson_s-Temptation-Recipezaar_2,Jansson's Temptation,4,5100.0,"[Lunch and Snacks, Side Dishes, Main Dishes]",[Swedish],"[anchovy fillets, potatoes, yellow onion, heavy cream, dill]"
Swedish-Pancakes-Recipezaar_10,Swedish Pancakes,3,1200.0,[Breakfast and Brunch],[Swedish],"[eggs, flour, baking powder, milk, sugar, butter]"
Aunt-Eva_s-Swedish-Stroganoff-Recipezaar,Aunt Eva's Swedish Stroganoff,4,14700.0,[Main Dishes],[Swedish],"[bacon drippings, round steaks, white onion, flour, beef broth, sour cream]"
Easy-Swedish-Meatballs-Recipezaar_2,Easy Swedish Meatballs,3,7500.0,"[Appetizers, Side Dishes, Main Dishes]",[Swedish],"[cream of mushroom soup, milk, sour cream, meatballs, sliced mushrooms, salt, garlic, worcestershire sauce]"
Tjock-Pan-Kaka-_swedish-Thick-Pancake_-Recipezaar,Tjock Pan Kaka (Swedish Thick Pancake),3,2400.0,[],[Swedish],"[butter, salt, milk, eggs, flour]"
Swedish-Rye-Cookies-Recipezaar,Swedish Rye Cookies,3,2400.0,[Desserts],[Swedish],"[butter, white sugar, rye flour, all-purpose flour, baking powder, salt, water]"
Swedish-Apple-Pie-Food_com-133673,Swedish Apple Pie,4,4500.0,[Desserts],[Swedish],"[sliced apples, flour, granulated sugar, salt, eggs, vanilla extract, sour cream, unbaked pie shells, sugar, ground cinnamon, softened butter]"
Swedish-Pancakes-Recipezaar_5,Swedish Pancakes,3,1080.0,[Breakfast and Brunch],[Swedish],"[flour, eggs, milk, salt, sugar, butter]"
Swedish-Apple-Salad-_applesallad_-Recipezaar,Swedish Apple Salad (Applesallad),3,600.0,[Salads],[Swedish],"[tart apples, cream, lemon juice, sugar]"
Swedish-Chicken-Salad-Recipezaar,Swedish Chicken Salad,3,11700.0,[Salads],[Swedish],"[chicken breasts, apples, orange, grapes, walnuts, mayonnaise, curry powder, lemon juice, garlic, pepper, salt]"
Creamy-Horseradish-Sauce-Recipezaar_2,Creamy Horseradish Sauce,3,300.0,[Condiments and Sauces],[Swedish],"[heavy cream, mayonnaise, prepared horseradish, worcestershire sauce, salt, hot sauce]"
Gamma_s-Swedish-Pancakes-Food_com-183300,Gamma's Swedish Pancakes,4,1800.0,[Breakfast and Brunch],[Swedish],"[eggs, milk, butter, salt, sugar, flour, strawberries, lingonberry, whipped cream, maple syrup]"
Swedish-Mustard-Crust-For-Ham-Recipezaar,Swedish Mustard Crust for Ham,3,900.0,[Main Dishes],[Swedish],"[cooked ham, sweet mustard, egg yolks, bread crumbs, butter]"
Swedish-Spritz-Cookies-Food_com-142854,Swedish Spritz Cookies,4,480.0,[Desserts],[Swedish],"[butter, sugar, large eggs, vanilla extract, almond extract, all-purpose flour]"
Professor_s-Chocolatecake-_professorns-Chokladkaka_-Recipezaar,Professor's Chocolatecake (Professorns Chokladkaka),3,3600.0,[Desserts],[Swedish],"[bittersweet chocolate, butter, sugar, eggs, flour, hazelnuts, instant coffee]"
Carmen-Jackson_s-Swedish-Eggs-Rara-Recipezaar,Carmen Jackson's Swedish Eggs Rara,3,840.0,[Breakfast and Brunch],[Swedish],"[eggs, milk, butter, pepper, salt]"
Swedish-Chocolate-Frosted-Almond-Bars-_mazarinkakor_-Food_com-80879,Swedish Chocolate Frosted Almond Bars {mazarinkakor},2,1800.0,[Desserts],[Swedish],"[all-purpose flour, sugar, eggs, softened butter, blanched almonds, milk chocolate]"
Gravad-Lax-_marinated-Salmon_-Recipezaar,Gravad Lax (Marinated Salmon),3,1800.0,"[Appetizers, Main Dishes]",[Swedish],"[salmon, sea salt, sugar, white peppercorns, fresh dill]"
Mjuktunnbrod-_swedish-Flat-Bread_-Recipezaar,Mjuktunnbrod (Swedish Flat Bread),4,1800.0,,[Swedish],"[sour cream, salt, corn syrup, baking soda, flour]"
Swedish-Meatballs-Food_com-89754,Swedish Meatballs,4,5400.0,"[Appetizers, Main Dishes]",[Swedish],"[ground beef, milk, bread crumbs, eggs, onion powder, salt, nutmeg, pepper, condensed cream of mushroom soup, sour cream, Kitchen Bouquet]"
Swedish-Nuts-Recipezaar_3,Swedish Nuts,4,3000.0,"[Lunch and Snacks, Appetizers, Desserts]",[Swedish],"[walnut pieces, pecans, sugar, butter, salt, egg whites]"
Swedish-Pancake-Recipezaar,Swedish Pancake,3,1500.0,[Breakfast and Brunch],[Swedish],"[eggs, milk, all-purpose flour, butter, lemon, powdered sugar]"
Sara_s-Swedish-Gem-Cookies-Recipezaar,Sara's Swedish Gem Cookies,3,1500.0,[Desserts],[Swedish],"[butter, sugar, flour, egg yolks, egg whites, pecans, raspberry preserves]"
Janssen_s-Temptation-Recipezaar,Janssen's Temptation,2,4800.0,,[Swedish],"[potatoes, onions, anchovy fillets, cream, bread crumbs, butter]"
Swedish-Delicacies-W_o-Chocolate-Recipezaar,Swedish Delicacies W/O Chocolate,4,2580.0,[Desserts],[Swedish],"[flour, salt, baking powder, butter, shortening, sugar, almonds]"
Swedish-Mustard-Sauce-for-Cold-Poached-Salmon-Food_com-148623,Swedish Mustard Sauce for Cold Poached Salmon,4,600.0,[Condiments and Sauces],[Swedish],"[dijon mustard, sugar, white vinegar, olive oil, sour cream, fresh dill]"
Tuppakaka-Recipezaar,Tuppakaka,4,2400.0,[Desserts],[Swedish],"[eggs, white sugar, butter, all-purpose flour, dry bread crumbs, sliced almonds]"
Swedish-Nuts-Recipezaar_2,Swedish Nuts,3,2400.0,"[Lunch and Snacks, Appetizers, Desserts]",[Swedish],"[salted nuts, butter, egg whites, sugar]"
Grandma-Floer_s-Swedish-Pancakes-Food_com-174192,Grandma Floer's Swedish Pancakes,3,2400.0,[Breakfast and Brunch],[Swedish],"[eggs, flour, milk, salt, sugar, vanilla, butter]"
Swedish-Spritz-_spritskransar_-Recipezaar,Swedish Spritz (Spritskransar),4,1200.0,[Desserts],[Swedish],"[butter, powdered sugar, egg yolks, almond extract, blanched almonds, flour]"
Spritskransar-_spritz-Rings_-Swedish_-Recipezaar,"Spritskransar (spritz rings, Swedish)",4,2280.0,[Desserts],[Swedish],"[butter, sugar, egg yolks, almond extract, flour]"
Swedish-Butter-Cookies-748143,Swedish Butter Cookies,3,3600.0,[Desserts],[Swedish],"[unsalted butter, confectioners sugar, pure vanilla extract, all-purpose flour, pecans]"
Swedish-Jellied-Veal-Loaf-_kalvsylta_-Recipezaar,Swedish Jellied Veal Loaf (Kalvsylta),4,14400.0,[Appetizers],[Swedish],"[veal, water, salt, white peppercorns, bay leaf, clove, yellow onion, powdered gelatin]"
