id,recipeName,rating,totalTimeInSeconds,course,cuisine,ingredients
Bloomin_-Burger-1361939,Bloomin' Burger,4,3600,[Main Dishes],,"[mayonnaise, ketchup, cream, paprika, salt, dried oregano, ground black pepper, cayenne pepper, eggs, milk, all-purpose flour, dried thyme, ground cumin, sweet onion, vegetable oil, ground beef, american cheese slices, sesame seeds buns, lettuce, tomatoes]"
Onion-Burgers-1215211,Onion Burgers,4,1500,,,"[ground chuck, onion soup mix, tomato sauce, worcestershire sauce, burger buns]"
Best-Ever-Juicy-Burgers-551596,Best Ever Juicy Burgers,4,1200,,,"[Hellmann's® Real Mayonnaise, plain dry bread crumb, Lipton® Recipe Secrets® Onion Soup Mix, ground beef, hamburger buns]"
Kalua-Pork-Barbecue-Burger-with-Pineapple-Coleslaw-_KHGameTime-1376838,Kalua Pork Barbecue Burger with Pineapple Coleslaw #KHGameTime,4,30600,[Main Dishes],,"[pork shoulder roast, liquid smoke, sea salt, burger buns, greek yogurt, apple cider vinegar, pineapple juice, brown sugar, shredded cabbage, green onions, chopped cilantro, pineapple]"
Chickpea-Burgers-1372635,Chickpea Burgers,4,2400,[Main Dishes],,"[potatoes, chickpeas, onions, garlic cloves, dried oregano, fresh parsley, fresh coriander, pepper, salt, eggs, flour, olive oil, lime slices, lemon slices]"
Vegan-Lentil-Burgers-1362277,Vegan Lentil Burgers,3,3900,[Main Dishes],,"[lentils, brown rice, carrots, garlic powder, oatmeal, seasoning salt, onions]"
Venison-Burgers-512248,Venison Burgers,5,1200,,[Kid-Friendly],"[venison, bacon, ground black pepper, kosher salt, large egg yolks, worcestershire sauce, olive oil, cheese, burger buns, ground mustard, mayonnaise, dill pickles, arugula]"
Spicy-Black-Bean-Burger-with-Cilantro-Garlic-Mayo-1380584,Spicy Black Bean Burger with Cilantro Garlic Mayo,4,1200,[Main Dishes],,"[burgers, light mayonnaise, garlic powder, lime juice, cracked black pepper, chopped cilantro, sliced tomatoes, avocado, Boston lettuce]"
Healthy-Chicken-Burgers-1355266,Healthy Chicken Burgers,4,2100,[Main Dishes],,"[ground chicken, onions, garlic, eggs, bread crumbs, salt, ground black pepper]"
Peri-Peri-Chicken-Burger-1374710,Peri Peri Chicken Burger,3,2400,[Main Dishes],,"[chicken thigh fillets, plain yogurt, mayonnaise, tomatoes, lettuce leaves, purple onion, chili powder, salt, olive oil, burger buns, red chili peppers, red capsicum, clove, oil, malt vinegar, dried oregano, onions, sugar, black pepper, food colouring]"
Easy-Mesquite-Burgers-1378301,Easy Mesquite Burgers,4,1200,[Main Dishes],,"[ground beef, olive oil, salt, kit]"
Grilled-Buffalo-Burgers-1359024,Grilled Buffalo Burgers,3,1200,[Main Dishes],[Barbecue],"[buffalo meat, barbecue sauce, sea salt, cracked black pepper, hamburger buns]"
Gyro-Burger-1359027,Gyro Burger,3,1920,[Main Dishes],[Barbecue],"[ground lamb, garlic powder, dried oregano, black pepper, paprika, onion powder, ground cumin, coriander powder, salt, plain yogurt, cucumber, white onion, sugar]"
Quinoa-Chickpea-Burgers-1327504,Quinoa Chickpea Burgers,4,1200,,,"[chickpeas, large eggs, salt, bread crumbs]"
Luscious-Lean-Burgers-490669,Luscious Lean Burgers,3,1800,[Main Dishes],,"[olive oil cooking spray, whole grain bread, low-fat milk, extra lean ground beef, ground black pepper, sea salt, reduced fat swiss cheese, whole wheat hamburger buns, olive oil, sweet onion]"
The-Best-Lamb-Burgers-Serious-Eats-296408,The Best Lamb Burgers,3,3000,[Main Dishes],[Barbecue],"[lamb shoulder, ground black pepper, kosher salt, burger buns, condiments]"
Southwestern-Burgers-MyRecipes-237596,Southwestern Burgers,3,1500,[Main Dishes],[Southwestern],"[extra lean ground beef, large eggs, purple onion, minced garlic, frozen corn kernels, chopped cilantro, chipotle chile powder, pepper jack, burger buns, lettuce leaves]"
Beetroot-Burger-680819,Beetroot Burger,3,2400,[Lunch and Snacks],,"[beets, carrots, oats, onions, parsley, cilantro leaves, thyme, corn flour, clove, salt, black pepper, oil, dijon mustard, burger buns, tomatoes, cucumber, lettuce leaves]"
Vegan-Burger-King-1380246,Vegan Burger King,3,4200,[Main Dishes],,"[ground flaxseed, short-grain rice, puy lentils, pecans, purple onion, portabello mushroom, oat flour, bread, sunflower seeds, fresh parsley, baking powder, chili powder, curry powder, Himalayan salt, teriyaki sauce, seasoning, asafoetida, lettuce leaves, cucumber, gherkins, eggplant, cheese slices, vegan mayonnaise, mustard, red bell pepper, olive oil, burger buns]"
The-Boss-Burger-532711,The Boss Burger,4,1200,[Main Dishes],,"[ground beef, salt, pepper, worcestershire sauce, cheese, burger buns, bacon, sauce, eggs, pico de gallo]"
Lucky-Peach-Lamb-Burgers-1377493,Lucky Peach Lamb Burgers,3,3000,[Main Dishes],[Barbecue],"[ground lamb, ground cumin, szechwan peppercorns, crushed red pepper flakes, kosher salt, neutral oil, purple onion, jalapeno chilies, potato buns, cilantro leaves]"
Double-Pork-Burger-1365013,Double Pork Burger,3,2400,[Main Dishes],[Barbecue],"[ground pork, ground pork sausage, aged cheddar cheese, pulled pork, onions, sandwich buns, Heinz Ketchup]"
Black-Bean-Burger-Breakfast-Burritos-1371004,Black Bean Burger Breakfast Burritos,4,1200,[Breakfast and Brunch],,"[veggie burgers, flour tortillas, eggs, colby jack cheese, avocado, salsa, sour cream]"
Barbecue-bacon-burgers-302213,Barbecue Bacon Burgers,5,3000,[Main Dishes],[Barbecue],"[ground chuck, ground black pepper, kosher salt, slab bacon, onions, barbecue sauce, cheddar cheese, burger buns]"
Black-Bean-Burgers-1372037,Black Bean Burgers,4,2700,[Main Dishes],,"[canola oil, yellow onion, carrots, ear of corn, bread crumb fresh, garlic, dried oregano, chili powder, cumin, salt, black beans, cornmeal]"
Simple-Paleo-Teriyaki-Burgers-1053891,Simple Paleo Teriyaki Burgers,4,2100,[Main Dishes],[Barbecue],"[grassfed beef, soy, green onions, fresh pineapple, burgers]"
Bulgogi-Burger-1285299,Bulgogi Burger,3,1800,[Main Dishes],[Barbecue],"[ground beef, sesame seeds, soy sauce, Gochujang base, sesame oil, scallions, garlic, ginger, rice vinegar, brown sugar, burger buns, kimchi]"
Easy-Bean-Burgers-1352050,Easy Bean Burgers,4,1800,[Main Dishes],,"[onions, garlic, olive oil, kidney beans, bread crumbs, smoked paprika, dried oregano, salt, pepper]"
Building-Your-Perfect-Burger-997343,Building Your Perfect Burger,4,1500,[Main Dishes],[Barbecue],"[ground beef, salt, freshly ground pepper, cheddar cheese, burger buns, pickles, lettuce, mustard mayonnaise, tomato ketchup]"
Mexican-Juicy-Lucy-Burgers-1290840,Mexican Juicy Lucy Burgers,3,1800,[Main Dishes],[Barbecue],"[lean ground beef, chorizo, Old El Paso™ taco seasoning mix, cheddar cheese, pepper jack, burger buns, thick-cut bacon, jalapeno chilies]"
Chive-burgers-329877,Chive Burgers,3,1800,[Main Dishes],,"[venison, chives, shallots, tamari soy sauce, eggs, burger buns]"
Black-Bean-Burgers-1344553,Black Bean Burgers,4,1800,[Lunch and Snacks],,"[seasoned black beans, seasoned bread crumbs, white onion, eggs, chili powder, pepper, salt, hot sauce, swiss cheese, olive oil, butter, kaiser rolls, mayonnaise, lettuce, greens, sliced tomatoes]"
The-ultimate-cowboy-burgers-334820,The Ultimate Cowboy Burgers,5,2700,[Main Dishes],[Barbecue],"[bacon, ground beef, minced garlic, worcestershire sauce, kosher salt, cracked black pepper, burgers, shredded cheddar cheese, rolls, mayonnaise, lettuce, tomatoes, onion rings, bbq sauce, zucchini, yellow squash, bacon drippings, seasoning]"
The-Ultimate-Burger-1183799,The Ultimate Burger,4,3000,[Main Dishes],,"[minced beef, garlic, sea salt, black pepper, olive oil, burger buns]"
Turkey-burgers-298423,Turkey Burgers,4,1080,"[Lunch and Snacks, Main Dishes]","[American, Barbecue]","[ground turkey, knorr homestyl stock   chicken, hamburger buns, burger toppings, vegetable oil]"
Frito-Pie-Burgers-1370060,Frito Pie Burgers,4,1200,[Main Dishes],,"[ground beef, buns, jalapeno chilies, fritos, white onion, chili, shredded cheddar cheese]"
Gruyere-Burger-1216807,Gruyere Burger,4,1200,[Main Dishes],[Barbecue],"[ground beef, gruyere cheese, burger buns, onions, bell pepper, olive oil, salt, pepper, ketchup]"
Cabernet-Burgers-on-_Everything_-Buns-494597,"Cabernet Burgers on ""Everything"" Buns",4,2400,[Main Dishes],,"[red wine, brown sugar, lean ground beef, salt, pepper, worcestershire sauce, sliced tomatoes, olive oil, burger buns, cheese]"
Burger-King-Whopper-637779,Burger King Whopper,3,480,[Main Dishes],[Barbecue],"[sesame seeds buns, ground beef, salt, dill pickles, catsup, onion rings, sliced tomatoes, lettuce, mayonnaise]"
Shrimp-Burgers-529528,Shrimp Burgers,3,1200,"[Lunch and Snacks, Main Dishes]",[American],"[burger buns, shrimp, mayonnaise, salt, pepper, butter, iceberg lettuce, tartar sauce]"
Beautiful-Burger-Buns-1367792,Beautiful Burger Buns,4,4500,[Breads],,"[luke warm water, butter, large eggs, all-purpose flour, sugar, salt, instant yeast, melted butter]"
Mushroom-Swiss-Burgers-1323533,Mushroom Swiss Burgers,4,2100,[Main Dishes],,"[mushrooms, butter, condensed soup, pepper, swiss cheese, hamburger patties, mushroom soup, hamburger buns]"
Umami-Burger-1117071,Umami Burger,4,3000,[Main Dishes],[Barbecue],"[poblano chiles, Anaheim chile, kosher salt, mayonnaise, minced garlic, lean ground beef, butter, sandwich rolls, tamari soy sauce, pepper jack]"
Bruschetta-Turkey-Burger-1367768,Bruschetta Turkey Burger,4,4200,[Main Dishes],[Barbecue],"[ground turkey breast, basil, worcestershire sauce, balsamic vinegar, garlic powder, mozzarella cheese, salt, pepper, cherry tomatoes, garlic, shredded basil, olive oil, Ciabatta rolls]"
Juicy-Salmon-Burgers-1233203,Juicy Salmon Burgers,3,900,[Main Dishes],[Barbecue],"[salmon fillets, scallions, fresh dill, lemon zest, panko breadcrumbs, salt, pepper, tartar sauce, shredded lettuce, whole wheat hamburger buns]"
Roasted-Pepperazzi-Burger-1273311,Roasted Pepperazzi™ Burger,3,900,,,"[sesame seeds buns, aioli, mayonnaise, pepper, veggies, extra sharp cheddar cheese, beef]"
Burly-Burger-Allrecipes,Burly Burger,5,900,[Main Dishes],[Kid-Friendly],"[white bread, hamburger patties, mayonnaise, eggs, American cheese]"
Fajita-Burgers-Naturally-Ella-46379,Fajita Burgers,4,1500,"[Lunch and Snacks, Main Dishes]",[Kid-Friendly],"[ground turkey, salsa verde, green pepper, onions, butter, cheese, buns]"
Fish-Burger-899031,Fish Burger,3,1800,"[Lunch and Snacks, Main Dishes]",,"[fish fillets, seeds, capsicum, parsley, eggs, salt, black pepper, butter, spring onions, burger buns, lettuce, tomatoes, onions, mayonnaise, dijon mustard]"
Turkey-Spinach-Burgers-961704,Turkey-Spinach Burgers,3,3000,[Main Dishes],,"[flat leaf spinach, scallions, garlic cloves, turkey, ground cumin, kosher salt, freshly ground pepper, whole wheat hamburger buns]"
The-Meat-Lovers-Black-Bean-Burger-1369644,The Meat Lover’s Black Bean Burger,4,1200,[Main Dishes],,"[onions, garlic, black beans, eggs, chopped cilantro, bread crumbs, cumin, chili powder, dried basil, dried oregano, mayonnaise, Sriracha]"
Philly-Burger-1262037,Philly Burger,4,3360,,,"[hamburger patties, onions, green pepper, sliced mushrooms, butter, garlic, sandwich steak, provolone cheese, kaiser bun, mayonnaise, salt and ground black pepper]"
Bavarian-Ham-Burger-1096416,Bavarian Ham Burger,4,,,,"[ground beef, cheddar cheese, pretzel hamburger buns, ham, Heinz Yellow Mustard, dill pickles]"
Better-Burgers-1288747,Better Burgers,3,1800,[Main Dishes],[Barbecue],"[lean ground beef, chopped onion, seasoning salt, McCormick Garlic Powder, McCormick Black Pepper, worcestershire sauce, hamburger buns]"
Swiss-burgers-299894,Swiss Burgers,4,780,"[Lunch and Snacks, Main Dishes]",,"[ground beef, swiss cheese, sauerkraut, wish bone thousand island dress]"
Ramen-Burger-631689,Ramen Burger,3,2700,[Main Dishes],,"[ramen noodles, eggs, canola oil, ketchup, Sriracha, hamburger patties, soy sauce, sesame oil, cheddar cheese, scallions, arugula]"
Homemade-Cheese-Stuffed-Burgers-1268374,Homemade Cheese Stuffed Burgers,4,2100,,,"[minced beef, cheddar cheese, butter, plain flour, milk, salt]"
Wagyu-Beef-Burger-with-Red-Wine-Caramelized-Onions_-and-Roasted-Garlic-Aioli-1375008,"Wagyu Beef Burger with Red Wine Caramelized Onions, and Roasted Garlic Aioli",4,3900,[Main Dishes],,"[brioche buns, wagyu, salt, ground pepper, butter, white cheddar cheese, onions, oil, red wine, garlic, mayonnaise]"
Chicken-Burgers-With-Pineapple-1375253,Chicken Burgers With Pineapple,4,1500,[Main Dishes],,"[chicken breasts, onions, garlic, lemon, oregano, bread crumbs, egg yolks, coriander, olive oil, pineapple slices, pepper, salt]"
Rice-Burgers-559811,Rice Burgers,4,900,,,"[precooked rice, purple onion, garlic, bouillon, corn flour, oregano, pepper, bread crumbs, oil]"
Pork-And-Apple-Burgers-575718,Pork And Apple Burgers,3,1800,"[Lunch and Snacks, Main Dishes]",,"[minced pork, onions, apples, garlic cloves, ground cumin, ground black pepper, salt, oil, lettuce leaves, burger buns]"
Caprese-Veggie-Burgers-1236052,Caprese Veggie Burgers,4,900,[Main Dishes],[Barbecue],"[burgers, chees fresh mozzarella, sliced tomatoes, fresh basil leaves, burger buns]"
Grilled-Onion-Topped-Caesar-Burgers-895547,Grilled Onion-Topped Caesar Burgers,3,1800,[Main Dishes],[Barbecue],"[ground beef, fresh parsley, caesar salad dressing, seasoning salt, sweet onion, romaine lettuce, shredded parmesan cheese, burger buns]"
Burgers-with-Guacamole-aka-_The-Beast_-Jo-Cooks-46080,"Burgers with Guacamole aka ""The Beast""",5,1140,[Main Dishes],,"[lean ground beef, pepper, salt, cumin, oregano, avocado, tomatoes, juice, burger buns, provolone cheese]"
Cuban-burgers-296672,Cuban Burgers,4,1920,"[Lunch and Snacks, Main Dishes]",[Cuban],"[hamburger, hellmann' or best food real mayonnais, dijon mustard, cooked ham, swiss cheese, bread ciabatta, dill pickles]"
Pizza-Burger-1065163,Pizza Burger,4,1380,[Main Dishes],,"[ground beef, italian seasoning, salt, pepper, pepperoni, pizza sauce, mozzarella cheese]"
Giovanni-Burgers-1320948,Giovanni Burgers,4,,,,"[lean ground beef, American cheese, olive oil, bell pepper, Bertolli Tomato & Basil Sauce, Texas toast bread]"
Spinach-Falafel-Burger-998969,Spinach Falafel Burger,4,3000,[Lunch and Snacks],,"[dried chickpeas, baby spinach, parsley, garlic, onions, coriander, cumin, kosher salt, baking soda, lemon juice, mild olive oil, tomatoes, sliced cucumber, hummus, burger buns]"
Triple-Meat-Breakfast-Burger-1303396,Triple-Meat Breakfast Burger,4,2100,[Breakfast and Brunch],,"[bacon, hamburger patties, prosciutto, eggs, sesame seeds buns, tomatoes, lettuce]"
Bistro-Beet-Burgers-500674,Bistro Beet Burgers,4,3600,[Lunch and Snacks],[American],"[brown rice, beets, bread crumbs, onions, garlic, almond butter, dried thyme, fennel, dry mustard, salt, ground black pepper, olive oil, burger buns, ketchup, dill pickles, diced onions, shredded lettuce]"
Quinoa-Veggie-Burger-630126,Quinoa Veggie Burger,3,5400,,,"[water, red quinoa, canola oil, diced onions, cremini mushrooms, minced garlic, marjoram, dried oregano, large eggs, shredded reduced fat cheddar cheese, pecans, quick rolled oats, reduced sodium soy sauce, burger buns]"
The-Gilbert-Burger-1187604,The Gilbert Burger,4,2100,[Main Dishes],,"[lean ground beef, jalapeno chilies, colby jack cheese, black beans, lettuce, roasted red peppers, coffee, black pepper, burger buns]"
Filthy-Burgers-_Beef_-Barbecue-Pulled-Pork_-_-Bacon-Burgers_-1197340,"Filthy Burgers (Beef, Barbecue Pulled Pork, & Bacon Burgers)",4,3000,[Main Dishes],[Barbecue],"[bacon, pork, ground chuck, kosher salt, burger buns, lettuce, pepper jack, barbecue sauce]"
Turkey-Burger-1245682,Turkey Burger,4,1200,[Main Dishes],[Barbecue],"[turkey patties, garlic powder, pepper, salt, onions, medium tomatoes, romaine lettuce, pickles, ketchup, aioli, mayonnaise, garlic]"
Black-Bean-Burgers-1083261,Black Bean Burgers,4,2100,,,"[black beans, oats, Sriracha, caraway seeds, garlic powder, salt, dried oregano, water, olive oil, smoked paprika, corn, burger buns, spices]"
Ranch-Burgers-600996,Ranch Burgers,4,1500,"[Lunch and Snacks, Main Dishes]",[Barbecue],"[Hidden Valley® Original Ranch Salad® Dressing & Seasoning Mix, dry bread crumbs, tomatoes, purple onion, yellow onion, black pepper, lean ground beef, butter lettuce, sesame seeds buns, salt]"
Homemade-Shake-Shack-Burger-1023447,Homemade Shake Shack Burger,3,1500,"[Lunch and Snacks, Main Dishes]",,"[mayonnaise, ketchup, yellow mustard, dill pickles, garlic powder, paprika, cayenne pepper, beef sirloin, ground chuck, beef brisket, butter, burger buns, sauce, green leaf lettuce, plum tomatoes, vegetable oil, kosher salt, black pepper, American cheese]"
Thai-Quinoa-Burgers-1335880,Thai Quinoa Burgers,4,3000,[Main Dishes],,"[ground flaxseed, water, quinoa, old-fashioned oats, chickpeas, yellow onion, snow peas, fresh cilantro, garlic cloves, red curry paste, soy sauce, agave nectar, fresh ginger, ground cumin, kosher salt, ground black pepper, chili paste, burger buns, bbq sauce, spinach, mung bean sprouts]"
Island-Burger-1087711,Island Burger,4,1800,[Main Dishes],,"[avocado, green plantains, garlic, lemon juice, hamburger patties, lettuce, salt, pepper]"
Mediterranean-Turkey-Burgers-1258954,Mediterranean Turkey Burgers,4,1380,[Main Dishes],[Mediterranean],"[ground turkey, egg whites, extra-virgin olive oil, fat free feta cheese, garlic, dried cranberries, spinach, salt, pepper, whole wheat hamburger buns, tomatoes]"
Vegetable-Burger-580000,Vegetable Burger,4,2700,[Lunch and Snacks],,"[bananas, green chilies, lemon juice, oil, salt, burger buns, lettuce leaves, tomatoes, mayonnaise, tomato ketchup]"
BEETROOT-BURGER-1375685,BEETROOT BURGER,4,1800,,,"[beets, onions, garlic cloves, eggs, feta cheese crumbles, quick-cooking oats, dill, pepper, salt, canola oil]"
Black-Bean-and-Pepper-Jack-Burgers-1247626,Black Bean and Pepper Jack Burgers,3,1800,[Main Dishes],,"[rolled oats, black beans, large eggs, ground cumin, kosher salt, pepper jack, scallions, chopped cilantro fresh, olive oil, whole wheat hamburger buns, salsa, avocado]"
Greek-Turkey-Burgers-1370976,Greek Turkey Burgers,4,1800,[Main Dishes],"[Barbecue, Kid-Friendly, Greek]","[ground turkey, dried dill, fresh mint, dried oregano, garlic, kosher salt, freshly ground black pepper, pita bread, greek yogurt, english cucumber, lemon juice, extra-virgin olive oil]"
Veggie-Burger-1054118,Veggie Burger,3,4200,[Main Dishes],,"[long-grain rice, canned black beans, shallots, jalapeno chilies, barbecue sauce, chili powder, ancho, ground cumin, large egg whites, freshly ground pepper, kosher salt, vegetable oil, hamburger buns, burger toppings]"
The-Best-Veggie-Burger-781145,The Best Veggie Burger,4,1200,[Lunch and Snacks],,"[carrots, chickpeas, eggs, chopped parsley, chili powder, cayenne pepper, cumin, salt, pepper, panko breadcrumbs, olive oil]"
Smokey-Beef-Beet-Burgers-1372001,Smokey Beef Beet Burgers,4,,,,"[sunflower seeds, grassfed beef, beets, eggs, garlic powder, onion powder, smoked paprika, chives, salt, black pepper, baby spinach leaves, Haas avocados, butternut squash]"
Kohlrabi-Schnitzel-Burger-1231183,Kohlrabi Schnitzel Burger,4,1800,,,"[schnitzel, burger buns, vegan mayonnaise, ketchup, fresh lime juice, spinach]"
Turkey-burger-326342,Turkey Burger,3,1800,[Main Dishes],[Kid-Friendly],"[turkey, sweet onion, roasted garlic, olive oil, sea salt, black pepper]"
Chimichurri-Burger-Bites-1337309,Chimichurri Burger Bites,4,1500,[Lunch and Snacks],,"[fresh parsley, fresh cilantro, red wine vinegar, garlic, jalapeno chilies, salt, black pepper, ground beef, onions, worcestershire sauce, chimichurri, provolone cheese, burger buns, lettuce]"
Rosemary-Burger-with-Avocado-Whip_-Chipotle-Mayo_-and-Balsamic-Onions-1377461,"Rosemary Burger with Avocado Whip, Chipotle Mayo, and Balsamic Onions",4,1800,[Main Dishes],,"[olive oil, ground beef, salt, rosemary, provolone cheese, rolls, spinach, avocado, garlic, sour cream, lime juice, paprika, cardamom, mayonnaise, chipotles in adobo, onions, balsamic vinegar]"
Shrimp-Burgers-1099614,Shrimp Burgers,4,1800,[Main Dishes],,"[eggs, deveined shrimp, panko, green onions, grated lemon zest, smoked paprika, kosher salt, black pepper]"
A-Better-Burger-1354341,A Better Burger,4,2700,[Main Dishes],,"[onions, mushrooms, butter, red wine, minced garlic, ground bison]"
Pepperoni-Pizza-Burgers-1372041,Pepperoni Pizza Burgers,3,1740,[Main Dishes],[Barbecue],"[cooking spray, lean ground beef, kosher salt, garlic powder, dried oregano, crushed red pepper flakes, plum tomatoes, parmesan cheese, hamburger buns, pepperoni, basil]"
Vegetarian-Chickpea-Burgers-1089040,Vegetarian Chickpea Burgers,4,1800,[Main Dishes],,"[chickpeas, diced green chilies, flat leaf parsley, bread crumbs, salt, pepper, large eggs, oil, cheddar cheese, burger buns, ketchup, mayonnaise]"
Jalfrezi-Lamb-Burgers-1353888,Jalfrezi Lamb Burgers,4,1200,[Main Dishes],,"[ground lamb, curry paste, cucumber, natural yogurt, mint leaves, rolls]"
Hawaiian-pork-burger-300536,Hawaiian Pork Burger,5,2400,"[Lunch and Snacks, Main Dishes]",[Barbecue],"[ground pork, green onions, ground ginger, ground allspice, salt, black pepper, pineapple rings, barbecue sauce, burger buns, lettuce leaves, sliced ham]"
Juicy-Lucy-Burger-1209027,Juicy Lucy Burger,4,2400,[Main Dishes],[Barbecue],"[ground beef, worcestershire sauce, garlic cloves, salt, pepper, cheese, burger buns, mustard, ketchup, purple onion, lettuce, burger toppings, avocado, tomatoes]"
Beefy-burgers-303571,Beefy Burgers,4,1320,[Main Dishes],,"[ground beef, Knorr® Beef Bouillon, chopped cilantro fresh, avocado, purple onion]"
The-Perfect-Bean-Burgers-1362273,The Perfect Bean Burgers,3,3600,[Main Dishes],,"[potatoes, broad beans, black beans, cumin seed, coriander seeds, vegetable oil, onions, red pepper, garlic cloves, jalapeno chilies, chillies, smoked paprika, lime, fresh coriander, cornmeal]"
Graze-burger-357237,Graze Burger,5,2700,[Main Dishes],,"[clarified butter, sweet onion, garlic, thyme leaves, cabernet, beef broth, salt, pepper, ground meat, burger buns, grated parmesan cheese, chives]"
Ima-Burgers-The-Shiksa-Blog-46790,Ima Burgers,5,3600,[Main Dishes],,"[lean ground beef, white bread, extra-virgin olive oil, flat leaf parsley, onions, eggs, cumin, garlic powder, cayenne pepper, pepper, salt, vegetable oil, mayonnaise, Sriracha]"
Best-Ever-Grilled-Turkey-Burgers-1203449,Best Ever Grilled Turkey Burgers,4,600,[Main Dishes],"[Barbecue, Kid-Friendly]","[mayonnaise, bread crumbs, onion soup mix, ground turkey, hamburger buns]"
Bbq-chicken-burgers-333644,BBQ Chicken Burgers,5,2400,[Main Dishes],[Barbecue],"[ground chicken breast, sharp cheddar cheese, smoked paprika, onion powder, garlic powder, black pepper, salt, bbq sauce, whole wheat buns, onions, olive oil, gouda]"
Maple-Bacon-Beer-Burgers-1035120,Maple Bacon Beer Burgers,4,1500,[Main Dishes],[Barbecue],"[ground beef, beer, worcestershire sauce, pure maple syrup, pepper, cheddar cheese, bacon, buns]"
Bloody-Mary-burgers-1013048,Bloody Mary burgers,3,1200,[Main Dishes],,"[minced beef, finely chopped onion, creamed horseradish, cayenne pepper, worcestershire sauce, dry bread crumbs, large free range egg, sliced tomatoes, mayonnaise, burger buns, watercress, Tabasco Pepper Sauce]"
Muffaletta-burgers-302218,Muffaletta Burgers,5,2100,[Main Dishes],[Barbecue],"[black olives, capers, giardiniera, red wine vinegar, extra-virgin olive oil, ground black pepper, kosher salt, ground chuck, capicola, mortadella, pepperoni slices, provolone cheese, burger buns]"
Turkey-burgers-with-pesto-red-pepper-mayonnaise-298159,Turkey Burgers With Pesto-red Pepper Mayonnaise,4,1080,"[Lunch and Snacks, Main Dishes]",,"[hellmann' or best food light mayonnais, prepar pesto, roast red peppers, drain, burgers, hoagi or roll, tomatoes, lettuce, onions]"
Greek-Fusion-Burgers-1353998,Greek Fusion Burgers,3,1500,[Main Dishes],[Greek],"[ground turkey breast, chile pepper, dried oregano, cream cheese, shredded reduced fat cheddar cheese, green onions, salt, whole wheat pita bread rounds, tomatoes, cucumber]"
A-Very-Simple-Salmon-Burger-786310,A Very Simple Salmon Burger,4,600,[Main Dishes],,"[white sandwich bread, salmon, shallots, mayonnaise, fresh parsley, dijon mustard, salt, pepper, lemon wedge, vegetable oil]"
Potato-Veggie-Burgers-1362281,Potato Veggie Burgers,3,1620,[Main Dishes],[Kid-Friendly],"[canned black beans, carrots, onions, potatoes, scallions, corn kernels, garlic salt, oil]"
Green-Goddess-Turkey-Burgers-1271824,Green Goddess Turkey Burgers,4,1800,[Main Dishes],[Barbecue],"[ground turkey, basil, scallions, chopped parsley, anchovies, mayonnaise, fine sea salt, ground black pepper]"
Turkey-Burgers-with-Brie_-Avocado-_-Arugula-1348541,"Turkey Burgers with Brie, Avocado + Arugula",3,780,[Main Dishes],[Barbecue],"[turkey meat, ketchup, panko breadcrumbs, soy sauce, worcestershire sauce, yellow onion, garlic cloves, avocado, baby arugula, brie cheese, burger buns]"
Double-RL-Ranch-Burger-1209054,Double RL Ranch Burger,3,2700,[Main Dishes],[Barbecue],"[mayonnaise, ketchup, sweet relish, cornichons, purple onion, worcestershire sauce, garlic powder, onion powder, hot sauce, ground black pepper, kosher salt, ground chuck, cheddar cheese, sesame seeds buns, bacon, pickles, sliced tomatoes, green leaf lettuce]"
Pizza-burgers-296540,Pizza Burgers,4,1320,"[Lunch and Snacks, Main Dishes]",,"[ragu old world style pasta sauc, shredded mozzarella cheese, English muffins, hamburger]"
Ground-Chicken-Burger-512037,Ground Chicken Burger,5,1500,[Main Dishes],[Kid-Friendly],"[ground chicken, scallions, bread crumbs, eggs, seasoning, burger buns, cheese]"
A-Hawaiian-Inspired-Burger-1178499,A Hawaiian Inspired Burger,4,1500,[Main Dishes],[Hawaiian],"[hamburger patties, hamburger buns, fresh pineapple, pickles, lettuce, cheese, teriyaki sauce]"
Buffalo-Turkey-Burgers-with-Buffalo-Blue-Cheese-Sauce-1367454,Buffalo Turkey Burgers with Buffalo Blue Cheese Sauce,4,1380,[Main Dishes],[American],"[lean ground turkey, hot sauce, ranch-style seasoning, garlic, eggs, panko breadcrumbs, nonfat greek yogurt, light mayonnaise, crumbled blue cheese, buns, tomatoes, purple onion, lettuce, blue cheese, buffalo sauce]"
Korean-Turkey-Burgers-with-Kimchi-1241637,Korean Turkey Burgers with Kimchi,4,1800,,[Barbecue],"[lean ground turkey, scallions, korean chile paste, toasted sesame oil, low-fat mayonnaise, whole wheat hamburger buns, english cucumber, kimchi]"
Greek-Bison-Burger-1361978,Greek Bison Burger,3,1800,[Main Dishes],[Greek],"[ground bison, feta cheese, ground pepper, dried dillweed, salt, hamburger buns, spinach, purple onion, cucumber, plain greek yogurt, olive oil, lime juice, minced garlic, pepper, feta cheese crumbles]"
Newfangled-Burgers-1019885,Newfangled Burgers,4,3900,[Main Dishes],[Barbecue],"[ground turkey, curry paste, mango chutney, fresh ginger, green onions, salt, pepper, burger buns, corn, lime, seasoning salt, cayenne pepper]"
Mexican-Burgers-605136,Mexican Burgers,3,2100,"[Lunch and Snacks, Main Dishes]",[Mexican],"[rice, corn, flour tortillas, lime wedges, hot sauce, coleslaw, cumin, cinnamon, fresh parsley, spices, guacamole, chili pepper, black beans, ancho powder, pickles, onions, tomatoes, lettuce, garlic, turkey, sandwiches, ketchup, burgers, eggs, hummus]"
Italian-Burgers-My-Recipes,Italian Burgers,4,2700,"[Lunch and Snacks, Main Dishes]","[Italian, American, Kid-Friendly]","[cooking spray, red bell pepper, green bell pepper, onions, pasta sauce, Italian turkey sausage, ground turkey breast, whole wheat hamburger buns, provolone cheese]"
Classic-italian-burgers-296748,Classic Italian Burgers,4,1380,"[Lunch and Snacks, Main Dishes]",[Italian],"[ground beef, Wish-Bone Italian Dressing, sliced green onions, grated parmesan cheese, garlic, hoagi or roll, shredded mozzarella cheese, lettuce, tomatoes]"
Grilled-Turkey-Burgers-Once-Upon-A-Chef-199963,Grilled Turkey Burgers,5,1500,"[Lunch and Snacks, Main Dishes]","[American, Kid-Friendly]","[ground turkey, Italian turkey sausage, ground black pepper, worcestershire sauce, dijon mustard, hamburger buns]"
Mexican-burgers-297850,Mexican Burgers,4,1320,[Main Dishes],[Mexican],"[ground beef, Knorr® Beef Bouillon, chopped cilantro fresh, avocado, purple onion]"
Southwest-Chipotle-Burgers-with-Guacamole-499664,Southwest Chipotle Burgers with Guacamole,4,2700,[Main Dishes],"[American, Southwestern]","[ground beef, cumin, chili powder, cayenne pepper, salt, salsa, onions, chipotle peppers, eggs, tortilla chips, cheddar cheese, burger buns, avocado, cilantro, purple onion, lime juice]"
Crispy-Quinoa-Black-Bean-Burger-1369649,Crispy Quinoa Black Bean Burger,3,2700,[Main Dishes],,"[quinoa, water, black beans, purple onion, carrots, garlic, whole wheat breadcrumbs, paprika, salt, eggs, olive oil, bread, hummus, tomatoes, lettuce]"
Sea-Bass-Burger-1336444,Sea Bass Burger,3,900,[Main Dishes],,"[sea bass fillets, sea salt, black pepper, sesame oil, fresh spinach, purple onion, tomatoes, bread crumbs, eggs, mayonnaise, wasabi paste, sesame seeds buns, gouda]"
Lucky-Peach-Lamb-Burgers-1357308,Lucky Peach Lamb Burgers,3,3000,[Main Dishes],[Barbecue],"[ground lamb, ground cumin, szechwan peppercorns, crushed red pepper flakes, kosher salt, neutral oil, purple onion, jalapeno chilies, potato buns, cilantro leaves]"
Southwestern-Burger-Epicurious,Southwestern Burger,4,1500,"[Lunch and Snacks, Main Dishes]","[Southwestern, American]","[vegetable oil cooking spray, ground sirloin, red bell pepper, egg whites, salt, hot sauce, corn kernels, diced tomatoes, chopped cilantro fresh, fresh lime juice, burger buns]"
All-American-Burgers-1071556,All American Burgers,3,1320,[Main Dishes],[Barbecue],"[lean ground beef, ketchup, hamburger seasoning, worcestershire sauce, hamburger buns]"
Grilled-Avocado-Veggie-Burgers-1205410,Grilled Avocado Veggie Burgers,4,480,[Main Dishes],[Barbecue],"[burgers, avocado, lettuce leaves, tomatoes, barbecue sauce]"
Venison-and-Avocado-Burger-1226460,Venison and Avocado Burger,4,1800,[Main Dishes],,"[burgers, olive oil, Ciabatta rolls, salad leaves, purple onion, avocado, relish]"
Pineapple-Stuffed-Chorizo-Burgers-1372045,Pineapple Stuffed Chorizo Burgers,4,2400,[Main Dishes],,"[chorizo, ground beef, pineapple, sweet potatoes, avocado, lime, lemon, cayenne pepper, salt, pepper, coconut oil, bacon fat]"
Teriyaki-Burger-1040786,Teriyaki Burger,4,2100,"[Lunch and Snacks, Main Dishes]",[Barbecue],"[onions, olive oil, ground beef, salt, ground black pepper, pineapple, burger buns, cheddar cheese, lettuce leaves, tomatoes, teriyaki sauce]"
Spicy-Turkey-Burgers-550682,Spicy Turkey Burgers,3,3900,[Main Dishes],[Barbecue],"[turkey thigh, minced onion, chopped cilantro fresh, garlic cloves, jalapeno chilies, ground coriander, ground cumin, paprika, ground black pepper, kosher salt]"
Asian-Inspired-Turkey-Burgers-1258945,Asian Inspired Turkey Burgers,4,1560,[Main Dishes],[Barbecue],"[ground turkey breast, turkey thigh, large garlic cloves, bread crumbs, cilantro leaves, fresh lime juice, Tabasco Pepper Sauce, salt, pepper, english cucumber, seasoned rice wine vinegar, sugar, mayonnaise, Sriracha, burgers, hamburger buns, avocado]"
Chickpea-Burgers-1285866,Chickpea Burgers,4,2100,,,"[chickpeas, carrots, celery ribs, onions, baby spinach, cumin, cayenne pepper, pepper, salt]"
Portobello-burgers-304618,Portobello Burgers,4,1200,[Main Dishes],[American],"[portabello mushroom, hellmannâ€™ or best food canola cholesterol free mayonnais, purple onion, balsamic vinegar, honey, tomatoes, english muffins, split and toasted, lettuce]"
The-Perfect-Whole30-Burger-With-Vegetable-Buns-1255844,The Perfect Whole30 Burger With Vegetable Buns,3,2400,,,"[ground meat, salt, pepper, mustard powder, garlic powder]"
Texas-Burgers-459904,Texas Burgers,4,1800,[Main Dishes],[Barbecue],"[brisket, kosher salt, freshly ground pepper, cheddar cheese, Texas toast bread, unsalted butter, barbecue sauce, jalapeno chilies, purple onion]"
Pineapple-Stuffed-Chorizo-Burgers-1372042,Pineapple Stuffed Chorizo Burgers,4,2400,[Main Dishes],,"[chorizo, ground beef, pineapple, sweet potatoes, avocado, lime, lemon, cayenne pepper, salt, pepper, coconut oil, bacon fat]"
Italian-Pizza-Burgers-1213390,Italian Pizza Burgers,4,1200,[Main Dishes],[Italian],"[burgers, italian seasoning, salt, pepperoni, mozzarella cheese, marinara sauce, grated parmesan cheese, hamburger buns]"
Jalapeno-Bacon-Burger-1207916,Jalapeno Bacon Burger,4,1500,[Main Dishes],[Barbecue],"[ground beef, jalapeno chilies, bacon, worcestershire sauce, salt, pepper, mayonnaise, burger buns, tomatoes, avocado, onions]"
Herbed-Turkey-Burger-Simply-Recipes-42544,Herbed Turkey Burger,5,2100,[Main Dishes],[Barbecue],"[olive oil, purple onion, garlic cloves, turkey meat, kosher salt, black pepper, chopped parsley, fresh rosemary, fresh sage, chopped fresh thyme]"
Copycat-In-N-Out-Burger-Sauce-630942,Copycat In-N-Out Burger Sauce,3,900,[Condiments and Sauces],,"[sour cream, ketchup, pickle relish, white wine vinegar, superfine sugar, salt, pepper]"
Turkey-Burgers-Allrecipes,Turkey Burgers,4,1800,[Main Dishes],[Barbecue],"[ground turkey, onion soup mix, water, salt, ground black pepper]"
Tuna-Patty-Burgers-679835,Tuna Patty Burgers,3,1800,[Main Dishes],,"[tuna, eggs, carrots, oatmeal, green onions, dried parsley, cayenne pepper, olive oil]"
Porcini-Burgers-517678,Porcini Burgers,4,4500,[Main Dishes],,"[garlic, shallots, salt, extra light olive oil, min, foie gras, hot water, porcini, burgers, aioli, liquid, coffee, hand, ground beef, mayonnaise, porcini powder, truffle oil]"
The-Ultimate-Brisket-Burger-1359016,The Ultimate Brisket Burger,3,2460,[Main Dishes],[Barbecue],"[ground chuck, garlic, salt, black pepper, brisket, prepared coleslaw, buns, barbecue sauce, mayonnaise, cider vinegar]"
Chicken-Avocado-Burger-1176484,Chicken Avocado Burger,4,1800,[Main Dishes],[Barbecue],"[ground chicken, garlic, avocado, panko breadcrumbs, salt, pepper]"
Grilled-Basil-Burgers-1359022,Grilled Basil Burgers,3,1800,[Main Dishes],[Barbecue],"[lean ground beef, ground pork, sweet onion, parmesan cheese, ketchup, fresh basil, eggs, garlic, ground black pepper, salt, roasted red peppers, hamburger buns]"
Chickpea-Burgers-762924,Chickpea Burgers,4,2700,,,"[chickpeas, mango chutney, garlic, mint, cumin seed, twists, olive oil, gram flour, salt, pepper]"
Falafel-Burgers-1327519,Falafel Burgers,4,2400,[Main Dishes],,"[chickpeas, large eggs, sea salt, onions, dried parsley, cumin, ground coriander, paprika, cayenne, lemon, frozen peas, bread crumbs]"
Breakfast-Burger-514163,Breakfast Burger,5,3600,[Breakfast and Brunch],,"[onions, ketchup, worcestershire sauce, sweet paprika, sausage meat, egg yolks, dried sage, chives, ground black pepper, English muffins]"
Mushroom-and-Wild-Rice-Black-Bean-Burgers-1361784,Mushroom and Wild Rice Black Bean Burgers,4,7200,[Main Dishes],,"[olive oil, onions, carrots, garlic, portabello mushroom, wild rice, black beans, panko breadcrumbs, parsley, mustard, chili powder, salt, eggs]"
Spicy-Hawaiian-Burgers-1121613,Spicy Hawaiian Burgers,4,2100,[Main Dishes],[Barbecue],"[ground chicken, pineapple rings, pepper jack, whole wheat hamburger buns, low sodium soy sauce, smoked paprika, chili powder, seasoning salt, ground cumin, garlic]"
Michael-Symons-Fat-Doug-Burgers-1372805,Michael Symon’s Fat Doug Burgers,4,6300,[Main Dishes],[Barbecue],"[napa cabbage, garlic, purple onion, jalapeno chilies, champagne vinegar, dijon mustard, mayonnaise, sugar, salt, worcestershire sauce, sauce, ground sirloin, brisket, short rib, pepper, pastrami, swiss cheese, unsalted butter, brioche buns, banana peppers, yellow mustard, white wine vinegar, flour, water]"
Juicy-Turkey-Cheddar-Burgers-1200792,Juicy Turkey-Cheddar Burgers,3,2700,"[Lunch and Snacks, Main Dishes]",,"[canola oil, curry leaves, cumin seed, ground black pepper, red pepper flakes, purple onion, ground turkey, shredded cheddar cheese, jalapeno chilies, cilantro leaves, kosher salt, burger buns, raita, chutney]"
Carrot-Burgers-Allrecipes,Carrot Burgers,4,1800,[Lunch and Snacks],,"[carrots, crushed cornflakes, beaten eggs, chopped celery, finely chopped onion, salt, sugar, pepper, vegetable oil, hamburger buns]"
Grilled-Shrimp-Burgers-1359032,Grilled Shrimp Burgers,3,1920,[Main Dishes],[Barbecue],"[large shrimp, panko breadcrumbs, mayonnaise, fresh parsley, green onions, cajun seasoning, soy sauce, mustard powder, lemon, vegetable oil, hamburger buns, salad greens]"
Salmon-Burgers-with-Mango-Salsa-Verde-1378376,Salmon Burgers with Mango Salsa Verde,4,3000,[Main Dishes],,"[boneless skinless salmon fillets, red chili peppers, spring onions, lime zest, eggs, salt, pepper, mango, garlic cloves, tomatoes, fresh coriander, lime, avocado]"
Burgers-that-will-Kill-the-Headache-1358039,Burgers that will Kill the Headache,4,2700,,,"[chicken fillets, leeks, potatoes, horseradish, eggs, butter]"
Grilled-Juicy-Lucy-Burger-1234771,Grilled Juicy Lucy Burger,4,1080,[Main Dishes],[Barbecue],"[hamburger, cheese, pepper, salt]"
Black-Bean-and-Brown-Rice-Veggie-Burgers-1366445,Black Bean and Brown Rice Veggie Burgers,4,3900,[Main Dishes],,"[soy sauce, honey, molasses, hoisin sauce, cooked brown rice, black beans, butter, onions, garlic, beets, oat bran, jalapeno chilies, prunes, salt, ancho powder, smoked paprika, cracked black pepper, cumin, jack cheese]"
Quinoa_-Beet-and-Chickpea-Burgers-1367244,"Quinoa, Beet and Chickpea Burgers",4,6300,[Main Dishes],,"[dried chickpeas, bay leaf, quinoa, salt, red beets, olive oil, yellow onion, garlic, cider vinegar, chopped parsley, lemon, large eggs, oats, mild olive oil, buns, mustard mayonnaise, avocado, onion sprouts]"
Spicy-Bison-Burger-1356227,Spicy Bison Burger,3,1500,[Main Dishes],[Barbecue],"[ground bison, paprika, cayenne pepper, salt, pepper, worcestershire sauce, green onions, jalapeno chilies, pepper jack, chipotle mayonnaise, onions, hamburger buns]"
Weeknight-Beet-Burgers-1346438,Weeknight Beet Burgers,3,6300,,,"[beets, walnuts, large eggs, potato starch, panko breadcrumbs, ground black pepper, salt, olive oil, buns, arugula, cherry tomatoes]"
Mushroom-Gouda-Burgers-596315,Mushroom Gouda Burgers,4,2700,[Main Dishes],,"[unsalted butter, crimini mushrooms, garlic, old-fashioned oats, kosher salt, freshly ground pepper, fresh parsley, fresh thyme, large eggs, panko, shredded gouda cheese, burger buns, onions, lettuce, sliced tomatoes]"
Mini-Crescent-Burgers-TasteOfHome,Mini Crescent Burgers,5,2100,"[Appetizers, Main Dishes]",[Kid-Friendly],"[ground beef, shredded cheddar cheese, onion soup mix, crescent rolls]"
Caprese-Burger-1241614,Caprese Burger,4,3600,,,"[all-purpose flour, active dry yeast, water, salt, olive oil, coarse sea salt, ground beef, pepper, fresh mozzarella, arugula, balsamic vinegar, tomatoes, mayonnaise, pesto]"
Seasoned-Turkey-Burgers-Allrecipes,Seasoned Turkey Burgers,5,2400,[Main Dishes],"[Barbecue, Kid-Friendly]","[ground turkey, onion soup mix, ground black pepper, garlic powder, soy sauce, eggs, hamburger buns]"
Bison-Burgers-Martha-Stewart,Bison Burgers,4,1800,[Main Dishes],,"[bison meat, spices, cornmeal, cheddar cheese, iceberg lettuce, vine ripened tomatoes]"
Healthy-Black-Bean-Sweet-Potato-Burgers-1371319,Healthy Black Bean Sweet Potato Burgers,4,2400,[Main Dishes],,"[sweet potatoes, cooked rice, black beans, salt, corn, purple onion, olive oil, chili powder, jalapeno chilies, avocado, lime juice, buns, lettuce, tomatoes]"
The-Perfect-Burger-Martha-Stewart,The Perfect Burger,3,1200,"[Lunch and Snacks, Main Dishes]",,"[chuck, vegetable oil, coarse salt, ground pepper, hamburger buns, tomatoes, lettuce]"
Ranch-Burgers-Allrecipes,Ranch Burgers,4,1500,[Main Dishes],"[Barbecue, Kid-Friendly]","[lean ground beef, ranch dressing, eggs, saltines, onions]"
Bruschetta-Burgers-630115,Bruschetta Burgers,3,1500,[Lunch and Snacks],,"[tomatoes, mozzarella cheese, sandwiches, whole wheat bread, fresh basil leaves, fresh basil]"
Mexican-Mac-Attack-Burgers-1213364,Mexican Mac Attack Burgers,4,2100,[Main Dishes],,"[burgers, ground sirloin, ground pork, cornmeal, green chilies, chopped cilantro fresh, cheddar cheese, minced garlic, cummin, cinnamon, paprika, ground cloves, ground coriander, salt, burger buns, cheese, macaroni and cheese dinner, black beans, medium tomatoes]"
Chipotle-Pumpkin-Veggie-Burgers-1357259,Chipotle Pumpkin Veggie Burgers,4,1200,"[Lunch and Snacks, Main Dishes]",,"[ground flaxseed, water, cannellini beans, pumpkin purée, chipotles in adobo, garlic, green onions, garlic powder, italian seasoning, paprika, salt, red pepper flakes, oil, rolled oats, salad greens, toasted buns, avocado, chipotle aioli, mayonnaise, fresh lemon juice, adobo sauce, cajun seasoning, cayenne pepper, chipotle peppers, sauce]"
Sunshine-Veggie-Burgers-628698,Sunshine Veggie Burgers,3,3600,[Main Dishes],[Kid-Friendly],"[brown rice, water, sunflower seeds, carrots, garlic cloves, sea salt]"
Hawaiian-Beef-Teriyaki-1364621,Hawaiian Beef Teriyaki,4,2100,[Main Dishes],[Hawaiian],"[pineapple chunks, soy sauce, brown sugar, garlic, minced ginger, skirt steak]"
Chickpea-Burgers-1118938,Chickpea Burgers,3,2100,[Main Dishes],,"[carrots, chickpeas, lemon zest, ground cumin, ground coriander, salt, pepper, large eggs, flour, canola oil]"
Popeyes-Burgers-with-Spinach-1362409,Popeye’s Burgers with Spinach,4,1800,[Main Dishes],,"[lean ground beef, bread, greens, milk, chopped garlic, fine sea salt, black pepper, hamburger buns, sliced tomatoes, condiments]"
Nicole_s-quesadilla-burgers-296948,Nicole's Quesadilla Burgers,4,1800,"[Lunch and Snacks, Main Dishes]","[American, Mexican]","[hellmann' or best food real mayonnais, chipotle peppers, shredded cheddar cheese, tomatoes, avocado, purple onion, hamburger, flour tortillas]"
Welsh-Lamb-burger-1006587,Welsh Lamb burger,3,5100,[Main Dishes],,"[lamb, minced pork, parsley, mint, shallots, salt, pepper, olive oil, eggplant, honey, lemon, zucchini, whole milk, Tipo 00 flour, vegetable oil, burger buns, heirloom tomatoes, purple onion, pancetta slices, butter lettuce, cheese]"
Homemade-Black-Bean-Veggie-Burgers-1344582,Homemade Black Bean Veggie Burgers,4,2400,[Main Dishes],[Barbecue],"[black beans, green bell pepper, onions, garlic, eggs, chili powder, cumin, chili sauce, bread crumbs]"
To-Die-for-Burgers-1359023,To Die for Burgers,3,1800,[Main Dishes],[Barbecue],"[ground beef, minced onion, garlic cloves, montreal steak seasoning, avocado, purple onion, roasted red peppers, rolls]"
Veggie-Burgers-1071205,Veggie Burgers,4,2700,[Main Dishes],,"[extra-virgin olive oil, potatoes, oregano, thyme, tarragon, salt, pepper, onions, garlic, cayenne, green pepper, chipotle sauce, red beans, nutritional yeast, bread crumbs, whole wheat flour]"
QUINOA-BURGER-558240,QUINOA BURGER,4,2400,,,"[cooked quinoa, shredded cheddar cheese, low-fat cottage cheese, carrots, eggs, all-purpose flour, green onions, sugar, black pepper, ground cumin, salt, garlic powder, olive oil, quinoa, water]"
Lipton-onion-burgers-304063,Lipton Onion Burgers,4,1320,"[Lunch and Snacks, Main Dishes]",,"[Lipton® Recipe Secrets® Onion Soup Mix, lean ground beef, water]"
Grilled-Turkey-Burgers-with-Harissa-Aioli-1372387,Grilled Turkey Burgers with Harissa Aioli,4,2100,[Main Dishes],[Barbecue],"[mayonnaise, seasoning, garlic powder, freshly ground black pepper, sea salt, aioli, olive oil, ground coriander, ground turkey, cilantro leaves, shallots, cheese, hamburger buns, lettuce leaves, tomatoes]"
Chickpea-Burgers-_vegan_-1339607,Chickpea Burgers (vegan),4,2100,[Main Dishes],,"[chickpeas, parsley, garlic, paprika, lemon juice, olive oil, pepper, salt, crushed red pepper flakes, oats, corn, sweet potatoes, cooked quinoa, vegetable oil]"
Sausage-Burgers-1310528,Sausage Burgers,3,2100,[Main Dishes],[Barbecue],"[pork sausages, kaiser rolls, olive oil, bell pepper, yellow onion, sherry wine vinegar, honey, freshly ground pepper, kosher salt]"
Oink-Burger-1228088,Oink Burger,4,2100,[Main Dishes],[Barbecue],"[ground beef, bacon, ham, worcestershire sauce, salt, pepper]"
Kafta-Burgers-with-Tzatziki-Sauce-1348087,Kafta Burgers with Tzatziki Sauce,4,1200,[Main Dishes],,"[purple onion, apple cider vinegar, extra-virgin olive oil, honey, sliced tomatoes, lettuce, tzatziki sauce, coconut milk yogurt, salt, cucumber, fresh dill, garlic, white wine vinegar, burgers, lean ground beef, ground lamb, gluten, eggs, ground cinnamon, ground allspice, ground coriander, pinenuts, fresh mint]"
Barbecue_-Monterey-Jack-_-Avocado-Burgers-1323507,"Barbecue, Monterey Jack & Avocado Burgers",4,1500,[Main Dishes],[Barbecue],"[ground beef, jack cheese, bbq sauce, salt, pepper, mayonnaise, ketchup, relish, worcestershire sauce, lettuce, avocado slices, burger toppings, hamburger buns]"
BBQ-pineapple-burgers-Naturally-Ella-46382,BBQ pineapple burgers,5,1500,"[Lunch and Snacks, Main Dishes]",[American],"[meat, pineapple, purple onion, butter, bbq sauce, garlic powder, black pepper, oregano, cheese, buns]"
Harissa-Burger-781349,Harissa Burger,4,3600,,,"[burgers, ground beef, garlic cloves, diced onions, kosher salt, cracked black pepper, aioli, purple onion, crispy bacon, brioche buns, baby arugula, cheese, mayonnaise, harissa paste, white vinegar, sugar, salt, whole peppercorn, clove, milk, active dry yeast, large eggs, bread flour, all-purpose flour, unsalted butter, dried chile, caraway seeds, cumin seed, coriander seeds, olive oil, fresh lemon juice, smoked paprika]"
Soy-Sauce-Marinated-Grilled-Burgers-1358433,Soy Sauce Marinated Grilled Burgers,4,4200,[Main Dishes],[Barbecue],"[ground beef, worcestershire sauce, soy sauce, garlic powder, dried minced onion, herbs, dijon mustard, brown sugar]"
Pork-Apple-Burgers-1327815,Pork Apple Burgers,4,2400,[Main Dishes],,"[ground pork, granny smith apples, large eggs, yellow mustard, maple syrup, liquid smoke, salt, smoked paprika, black pepper, panko breadcrumbs, apple cider, applewood smoked bacon, havarti, mayonnaise, apple butter, pickled onion, burger buns]"
Indian-Spiced-Black-Bean-and-Tofu-Burgers-461590,Indian Spiced Black Bean and Tofu Burgers,5,3600,[Main Dishes],,"[purple onion, bell pepper, fresh mushrooms, black beans, seasoning, sea salt, silken tofu, panko breadcrumbs, cooking oil, burger buns, mayonnaise, arugula, goat cheese]"
German-Pork-Burger-Simply-Recipes-45831,German Pork Burger,5,1800,[Main Dishes],[German],"[ground pork, kosher salt, juniper berries, caraway seeds, black pepper, chopped parsley, sour cream, vegetable oil, sauerkraut, whole grain mustard, burger buns]"
Greek-Chicken-Burgers-1209766,Greek Chicken Burgers,4,1800,[Main Dishes],[Greek],"[ground chicken, fresh spinach, purple onion, fronds, minced garlic, feta cheese crumbles, worcestershire sauce, salt, cracked black pepper, olive oil, burger buns, roasted red peppers, greek yogurt, dill, fresh lemon juice]"
Sous-Vide-Lamb-Burgers-502340,Sous Vide Lamb Burgers,4,1500,[Main Dishes],,"[ground lamb, kosher salt, freshly ground pepper, seasoning]"
Grilled-Balsamic-and-Brown-Sugar-Portobello-Burgers-1359020,Grilled Balsamic and Brown Sugar Portobello Burgers,3,2220,,[Barbecue],"[portabello mushroom, olive oil, salt, pepper, hamburger buns, large tomato, purple onion, rocket leaves, balsamic vinegar, brown sugar, ground ginger, clove]"
Greek-Turkey-Burgers-with-Tzatziki-Sauce-1004715,Greek Turkey Burgers with Tzatziki Sauce,3,1200,[Main Dishes],[Greek],"[nonfat yogurt plain, cucumber, purple onion, dried dillweed, fresh lemon juice, lean ground turkey, feta cheese crumbles, salt, pepper, garlic, whole wheat hamburger buns, tomatoes]"
Grilling-burgers-371310,Grilling Burgers,5,3000,[Main Dishes],"[American, Kid-Friendly]","[onions, butter, ground chuck, cooked bacon, cheese, rolls]"
Zucchini-Chicken-Burgers-1213518,Zucchini Chicken Burgers,4,1500,[Main Dishes],[Barbecue],"[zucchini, onions, ground chicken, eggs, panko breadcrumbs, kosher salt, black pepper, buns, burger toppings, mayonnaise, feta cheese crumbles, lemon, salt, pepper]"
Red_-White_-and-Blue-Turkey-Burger-677870,"Red, White, and Blue Turkey Burger",3,1500,[Main Dishes],[Kid-Friendly],"[turkey burger, red apples, whole wheat buns, blue cheese]"
Clean-Eating-Sweet-and-Smokey-Turkey-Burger-895282,Clean Eating Sweet and Smokey Turkey Burger,4,900,[Main Dishes],[Barbecue],"[lean ground turkey, smoked paprika, garlic powder, salt, barbecue sauce, smoked gouda, watercress, sandwich thins]"
Chickpea-Burger-1227932,Chickpea Burger,4,1500,[Main Dishes],,"[chickpeas, sweet corn, onions, eggplant, zucchini, paprika, ground coriander, cumin, panko, flax seed meal, lemon zest, eggs, parsley, salt, pepper]"
Chicken-Burgers-1020556,Chicken Burgers,4,2400,[Lunch and Snacks],,"[minced chicken, finely chopped onion, green chilies, black peppercorns, garam masala, chili powder, ginger, soy sauce, salt, chili sauce, mayonnaise, eggs, cilantro leaves, onions, oil, burger buns, butter, iceberg lettuce, cheese slices]"
Alex-Guarnaschelli-Melty-Eggplant-Mozz-Burger-1369965,Alex Guarnaschelli Melty Eggplant-Mozz Burger,3,3300,,,"[extra-virgin olive oil, kosher salt, confectioners sugar, crushed red pepper, cherry tomatoes, garlic, eggplant, Ciabatta rolls, basil leaves, mozzarella cheese, aged balsamic vinegar]"
Grilled-Beef-and-Mushroom-Burger-995809,Grilled Beef and Mushroom Burger,4,1800,[Main Dishes],[Barbecue],"[ground beef, dried mushrooms, worcestershire sauce, kosher salt, ground black pepper, fresh shiitake mushrooms, onions, olive oil, salt, swiss cheese, burger buns]"
Filet-Mignon-Burgers-1330506,Filet Mignon Burgers,4,2700,[Main Dishes],,"[burgers, filet mignon steaks, salt, unsalted butter, crimini mushrooms, french fried onions, red wine, light brown sugar, Boursin, burger buns]"
Homemade-Beef-Burgers-With-Smoky-Potato-Wedges-1355702,Homemade Beef Burgers With Smoky Potato Wedges,4,4500,[Main Dishes],,"[minced beef, burger rolls, pancetta, Jarlsberg, baby gem lettuce, tomato ketchup, brown sugar, potatoes, smoked paprika, anchovies, mayonnaise, Peroni Lager, onions, salt, pepper, olive oil]"
Chickpea-Quinoa-Pineapple-Burgers-628100,Chickpea Quinoa Pineapple Burgers,3,2400,[Main Dishes],,"[pepper, whole wheat hamburger buns, butter lettuce, quinoa, panko breadcrumbs, fresh pineapple, olive oil, garam masala, garlic powder, adobo seasoning, fresh chives, chickpeas, coconut milk, curry]"
Cheddar-Jalapeno-Chicken-Burgers-with-Guacamole-1036875,Cheddar Jalapeño Chicken Burgers with Guacamole,3,1500,[Main Dishes],[Barbecue],"[ground chicken, onions, chopped cilantro fresh, garlic cloves, jalapeno chilies, ground cumin, paprika, lime, shredded cheddar cheese, kosher salt, ground black pepper, vegetable oil, burger buns, guacamole, ranch dressing, cheddar cheese, cilantro, salsa]"
Chili-Burgers-Allrecipes,Chili Burgers,5,1200,"[Lunch and Snacks, Main Dishes]","[Barbecue, American]","[ground beef, italian sausage, tomatoes, pepper, salt]"
Buffalo-chicken-burgers-333917,Buffalo Chicken Burgers,5,1500,"[Lunch and Snacks, Main Dishes]",[American],"[ground chicken breast, salt, pepper, italian seasoning, buffalo sauce, parmesan cheese, sharp cheddar cheese, bacon ranch dressing, whole wheat buns]"
Salmon-Burgers-With-Green-Yogurt-Sauce-1365072,Salmon Burgers With Green Yogurt Sauce,4,1500,[Main Dishes],,"[nonfat greek yogurt, mayonnaise, dijon mustard, scallions, flat leaf parsley, capers, lemon, black pepper, salmon fillets, nonfat plain greek yogurt, red bell pepper, panko, olive oil, lemon wedge]"
Bacon-Blue-Cheese-Burgers-1222274,Bacon Blue Cheese Burgers,4,1500,[Main Dishes],[Barbecue],"[lean ground beef, salt, pepper, steak seasoning, burger buns, purple onion, tomatoes, crumbled blue cheese, bacon, mayonnaise, lettuce]"
Mexican-Veggie-Burgers-791659,Mexican Veggie Burgers,3,2400,,,"[diced bell pepper, diced onions, corn, garlic, extra-virgin olive oil, ground flax, flax egg, lentils, black beans, refried beans, ground flaxseed, old-fashioned oats, chili powder, cumin, garlic powder, cayenne pepper, salt, fresh cilantro]"
Homemade-Burger-Buns-511126,Homemade Burger Buns,5,,[Breads],,"[water, butter, eggs, unbleached flour, sugar, salt, yeast]"
Healthy-Crab-Cake-Burgers-1280425,Healthy Crab Cake Burgers,4,1500,[Main Dishes],,"[lump crab meat, eggs, panko breadcrumbs, light mayonnaise, chives, dijon mustard, lemon juice, celery seed, onion powder, freshly ground pepper, hot sauce, extra-virgin olive oil, unsalted butter, whole wheat buns]"
French-dip-burgers--299504,French Dip Burgers ,4,1320,"[Lunch and Snacks, Main Dishes]",,"[ground beef, hamburger buns, water, knorr homestyl stock   beef, swiss cheese]"
Gyro-Burgers-My-Recipes,Gyro Burgers,4,1800,"[Lunch and Snacks, Main Dishes]","[Mediterranean, Greek]","[extra lean ground beef, greek seasoning, pita rounds, lettuce leaves, tomatoes, purple onion, sauce, feta cheese]"
Italian-Turkey-Burgers-1258877,Italian Turkey Burgers,4,1800,[Main Dishes],"[Barbecue, Italian]","[lean ground turkey, sausage casings, panko breadcrumbs, basil, ground oregano, fennel seeds, garlic powder, kosher salt, black pepper, crushed red pepper flakes, asiago, mozzarella cheese, whole wheat hamburger buns, purple onion, green bell pepper, red bell pepper, extra-virgin olive oil]"
Umami-turkey-rosemary-burgers-with-avocado-346068,Umami Turkey Rosemary Burgers with Avocado,5,900,[Main Dishes],,"[ground turkey, fresh rosemary, fish sauce, sugar, cracked black pepper, oil]"
Bbq-veggie-burger-salad-328526,BBQ Veggie Burger Salad,3,1500,[Salads],[Kid-Friendly],"[veggie burgers, spinach, grape tomatoes, purple onion, crumbled blue cheese, bbq sauce]"
Turkish-Chickpea-Burgers-1325229,Turkish Chickpea Burgers,4,2100,,,"[chickpeas, purple onion, chopped parsley, chopped cilantro, garbanzo bean flour, olive oil, plain yogurt, kosher salt, ground cumin, dill, paprika, allspice, cayenne, sauce, garlic powder]"
Salmon-And-Avocado-Omega-Burger-1062361,Salmon And Avocado Omega Burger,3,900,[Main Dishes],,"[salmon fillets, eggs, green onions, flax seed meal, fresh dill, lemon juice, salt, avocado]"
Bacon-Burgers-with-Bourbon-Caramelized-Onions-and-Goat-Cheese-1171336,Bacon Burgers with Bourbon Caramelized Onions and Goat Cheese,4,2400,[Main Dishes],[Barbecue],"[oil, yellow onion, maple syrup, kosher salt, black pepper, bourbon whiskey, goat cheese, honey, fresh thyme, lean ground beef, bacon, hamburger buns, arugula]"
Pumpkin-Burgers-988846,Pumpkin Burgers,4,1560,[Main Dishes],,"[cooked quinoa, rolled oats, chickpeas, pumpkin purée, coconut oil, diced onions, garlic, cinnamon, garlic powder, cumin, thyme, allspice, salt, cayenne pepper, burger buns, cayenne]"
Grilled-Burgers-with-Garlicky-Arugula-1112525,Grilled Burgers with Garlicky Arugula,4,1200,[Main Dishes],[Barbecue],"[arugula, garlic, extra-virgin olive oil, ground beef, whole wheat hamburger buns, cheese, fresh tomatoes]"
Mexican-Style-Spicy-Bean-Burgers-1251121,Mexican Style Spicy Bean Burgers,4,2700,[Main Dishes],,"[kidney beans, black beans, finely chopped onion, garlic, paprika, chili flakes, ground coriander, ground cumin, tomato purée, lemon]"
Healthy-Homemade-Turkey-Nuggets-or-Turkey-Burgers-1201838,Healthy Homemade Turkey Nuggets or Turkey Burgers,4,1200,,,"[turkey breast, bread crumbs, eggs, salt]"
Zesty-Burger-Sauce-1067409,Zesty Burger Sauce,4,2400,[Condiments and Sauces],,"[mayonnaise, sour cream, horseradish, chili powder, garlic powder, cayenne pepper]"
Rosemary_s-Burger-Allrecipes,Rosemary's Burger,4,660,[Main Dishes],[Barbecue],"[ground beef, dried rosemary, salt, pepper, garlic powder, butter]"
Homemade-Burger-Seasoning-1196637,Homemade Burger Seasoning,4,300,,,"[ancho powder, paprika, onion powder, garlic powder, salt, pepper, brown sugar, thyme]"
Sweet-Potato-Falafel-Burgers-1023948,Sweet Potato Falafel Burgers,4,4800,[Main Dishes],,"[sweet potatoes, onions, garlic cloves, chickpeas, panko, chickpea flour, fresh cilantro, lemon juice, olive oil, ground cumin, ground coriander, salt, pepper]"
Chickpea-_-Lentil-Veggie-Burger-1320958,Chickpea & Lentil Veggie Burger,4,2700,[Main Dishes],,"[oat flour, chickpeas, lentils, carrots, zucchini, purple onion, jalapeno chilies, garlic cloves, ketchup, dijon mustard, ground cumin, chili powder, black pepper, sea salt, olive oil]"
Mediterranean-pita-burgers-364626,Mediterranean Pita Burgers,5,1500,[Main Dishes],[Mediterranean],"[burgers, salt, pepper, tomatoes, feta cheese, fresh basil, whole wheat pita, Sabra Hummus, olive oil, garlic, lemon, lemon juice, dried oregano, basil, roma tomatoes, green onions]"
Farmhouse-Burgers-with-Tomato-Bacon-Jam-1267936,Farmhouse Burgers with Tomato Bacon Jam,4,1800,[Main Dishes],,"[jam, ground beef, eggs, colby jack cheese, arugula, burger buns]"
BBQ-Cocoa-Chili-Burgers-1256611,BBQ Cocoa-Chili Burgers,4,1200,[Main Dishes],[Barbecue],"[ground beef, unsweetened cocoa powder, chili powder, salt, eggs]"
Bourbon-Burgers-1089092,Bourbon Burgers,4,4200,[Main Dishes],[Barbecue],"[ground chuck, bourbon whiskey, worcestershire sauce, dried oregano, ground cumin, table salt, black pepper, sharp white cheddar cheese, unsalted butter, vidalia onion, light brown sugar, ciabatta buns, salted butter, mayonnaise]"
Sesame-salmon-burgers-345379,Sesame Salmon Burgers,5,1500,[Main Dishes],,"[salmon, toasted sesame oil, ume plum vinegar, garlic, fresh ginger, scallions, toasted sesame seeds, large eggs, coconut flour, coconut oil]"
Raw-Beet-Burgers-_Recipe_-1243212,Raw Beet Burgers (Recipe),4,1200,,,"[beets, rolled oats, raw almond, spices, portabello mushroom, condiments]"
The-pig-burger-334028,The Pig Burger,4,,[Main Dishes],[American],"[buns, honey mustard, ground pork, chorizo, bbq sauce, coleslaw, dill]"
Blushing-Beetroot-Burgers-1343707,Blushing Beetroot Burgers,4,2400,[Lunch and Snacks],,"[olive oil, purple onion, garlic, beets, zucchini, carrots, porridge oats, chickpeas, tahini paste, large free range egg, spring onions, coriander, lettuce leaves, tomatoes, bread]"
Garden-style-burgers-303912,Garden-style Burgers,4,900,[Main Dishes],,"[ground beef, lipton recip secret veget soup mix, water, hamburger buns, lettuce, tomatoes, shredded cheddar cheese]"
Homemade-Burger-Sauce-1113821,Homemade Burger Sauce,4,300,[Condiments and Sauces],,"[iceberg lettuce, gherkins, mayonnaise, tomato ketchup, yellow mustard]"
Ragu-pizza-burgers-297420,Ragu Pizza Burgers,4,1320,"[Lunch and Snacks, Main Dishes]",,"[ground beef, ragu old world style pasta sauc, shredded mozzarella cheese, english muffins, split and toasted]"
Grilled-Lamb-Burgers-with-Mint-Yogurt-Sauce-1320747,Grilled Lamb Burgers with Mint Yogurt Sauce,4,1200,[Main Dishes],[Barbecue],"[greek yogurt, fresh mint, fresh lemon juice, minced garlic, kosher salt, black pepper, ground lamb, ground cumin, chopped cilantro fresh, olive oil spray]"
Kids_-Best-Burgers-1064631,Kids' Best Burgers,5,1200,[Main Dishes],[Barbecue],"[ground beef, hamburger buns, ketchup, kraft singles]"
Easy-Veggie-Rice-Burgers-1167579,Easy Veggie-Rice Burgers,3,4800,[Main Dishes],,"[black beans, steamer, eggs, grated parmesan cheese, pepper, olive oil, burger buns]"
Steam-Whistle-Teriyaki-Burger-and-Onion-Rings-1359190,Steam Whistle Teriyaki Burger and Onion Rings,4,3000,"[Lunch and Snacks, Main Dishes]",,"[butter, sweet onion, beer, lean ground beef, eggs, bread crumbs, salt, pepper, teriyaki sauce, portobello caps, toasted sesame seeds, sesame seeds buns, tempura batter mix]"
BBQ-Chicken-Burgers-1349439,BBQ Chicken Burgers,4,2400,[Main Dishes],[Barbecue],"[butter, purple onion, garlic cloves, tomato paste, sugar, worcestershire sauce, hot sauce, ground chicken, grill seasoning, extra-virgin olive oil, honey, lemon juice, sweet pickle relish, shredded cabbage, salt, pepper, kaiser rolls]"
Greek-Style-Quinoa-Burgers-1340275,Greek-Style Quinoa Burgers,4,1200,"[Lunch and Snacks, Main Dishes]",,"[quinoa, carrots, great northern beans, green onions, bread crumbs, eggs, garlic, cumin, chili powder, salt, pepper, oil]"
Lamb-Burgers-with-Tzatziki-Sauce-1164704,Lamb Burgers with Tzatziki Sauce,4,2700,[Main Dishes],[Greek],"[tzatziki sauce, greek yogurt, cucumber, garlic cloves, chopped fresh mint, lemon zest, fresh lemon juice, salt, lamb burgers, olive oil, shallots, ground lamb, ground pork, feta cheese crumbles, dijon mustard, fresh oregano, green onions, baby spinach, kalamata, burger buns]"
Homemade-Burger-Buns-1060665,Homemade Burger Buns,3,3600,[Breads],,"[milk, butter, water, all-purpose flour, active dry yeast, sugar, salt, eggs]"
Italian-Stuffed-Burgers-1224704,Italian Stuffed Burgers,4,2100,[Main Dishes],[Italian],"[lean ground beef, eggs, cracker crumbs, fresh parmesan cheese, italian seasoning, mozzarella cheese, tomatoes, fresh basil, oregano, salt, olive oil]"
Cranberry-_-Kale-Turkey-Burgers-1299495,Cranberry & Kale Turkey Burgers,4,1500,[Main Dishes],[Kid-Friendly],"[shallots, ground turkey breast, kale, dried cranberries, crumbled blue cheese, ground cinnamon, paprika, cumin, kosher salt]"
Breakfast-Burger-1289909,Breakfast Burger,4,2400,[Breakfast and Brunch],,"[ground beef, salt, pepper, garlic powder, cumin, sliced mushrooms, yellow onion, bacon, eggs, ghee]"
QUINOA-BURGER-1108070,QUINOA BURGER,4,2400,,,"[cooked quinoa, shredded cheddar cheese, low-fat cottage cheese, carrots, eggs, all-purpose flour, green onions, sugar, black pepper, ground cumin, salt, garlic powder, olive oil, quinoa, water]"
Pesto-Turkey-Burgers-Allrecipes,Pesto Turkey Burgers,5,1200,[Main Dishes],[Barbecue],"[lean ground turkey, basil pesto sauce, minced garlic, feta cheese crumbles, seasoning salt, bread crumbs]"
Chicken-Burger-1025542,Chicken Burger,3,2700,"[Lunch and Snacks, Main Dishes]",,"[chicken, potatoes, green peas, onions, carrots, cheese, capsicum, cilantro leaves, garam masala, garlic paste, chili powder, green chilies, bread crumbs, oil, salt, black pepper, burger buns, butter, tomato ketchup, lettuce, tomatoes, cucumber, cheese slices, mayonnaise]"
Best-Beef-Burger-Martha-Stewart,Best Beef Burgers,5,1500,[Main Dishes],"[American, Kid-Friendly]","[ground chuck, dijon mustard, worcestershire sauce, coarse salt, pepper, hamburger buns]"
Turkey-Burgers-with-Feta-Cheese-470175,Turkey Burgers with Feta Cheese,4,1500,[Main Dishes],[Barbecue],"[ground turkey breast, fresh parsley, ground black pepper, salt, worcestershire sauce, dijon mustard, garlic powder, feta cheese]"
Maria-Menounos_-Mykonos-Burger-My-Recipes,Maria Menounos' Mykonos Burger,4,1800,[Main Dishes],"[Mediterranean, Greek]","[fresh parsley, ground turkey, ground black pepper, salt, worcestershire sauce, dijon mustard, garlic powder, feta cheese crumbles, purple onion, whole wheat hamburger buns]"
Quarter-pounder-beet-burger-334533,Quarter Pounder Beet Burger,5,3600,,,"[brown rice, brown lentils, beets, salt, black pepper, thyme, fennel, dry mustard, finely chopped onion, garlic, almond butter, bread crumbs, olive oil]"
Harissa-Beef-Burgers-1061058,Harissa Beef Burgers,4,1200,[Main Dishes],,"[grassfed beef, harissa, ground cumin, Himalayan salt, garlic powder, chopped cilantro, mayonnaise]"
Chickpea-Veggie-Burgers-1265807,Chickpea Veggie Burgers,4,1200,[Main Dishes],,"[chickpeas, purple onion, zucchini, chopped cilantro, red wine vinegar, sauce, natural peanut butter, cumin, garlic powder, black pepper, sea salt, quick oats, olive oil]"
Sweet-Potato_-Black-Bean_-and-Quinoa-Burger-1367452,"Sweet Potato, Black Bean, and Quinoa Burger",4,4500,,,"[sweet potatoes, white onion, minced garlic, jalapeno chilies, black beans, all-purpose flour, smoked paprika, garlic powder, cooked quinoa, olive oil, salt, avocado, cilantro leaves, garlic cloves, white wine vinegar, red cabbage, rice vinegar, sugar, hamburger buns]"
Shrimp-Burgers-1314623,Shrimp Burgers,4,1980,[Main Dishes],,"[large shrimp, almond flour, eggs, onions, chopped parsley, pepper, salt, juice, zest, oil, garlic, olive oil]"
Banting-Burgers-With-Feta-644051,Banting Burgers With Feta,3,1800,[Main Dishes],,"[beef, minced beef, onions, garlic, feta cheese, eggs, chopped fresh mint, chili flakes, ground black pepper, salt, olive oil, zucchini, goat cheese, avocado, lime, fresh parsley]"
Filet-o-Fish-Burger-1012319,Filet o Fish Burger,4,3300,[Main Dishes],,"[filet, salt, black pepper, mustard powder, white vinegar, plain flour, eggs, bread crumbs, mayonnaise, butter, cheese slices, burger buns, lemon juice, pickles, cilantro leaves, onions, egg whites]"
Golden-Onion-Rings-Burger-King-Copycat-1217125,Golden Onion Rings Burger King Copycat,3,900,,,"[onions, all-purpose flour, baking powder, salt, eggs, milk, dry bread crumbs, seasoning salt, oil]"
Beetroot_-Halloumi-and-Mint-Burgers-1281227,"Beetroot, Halloumi and Mint Burgers",4,2700,,,"[beets, halloumi, spring onions, eggs, chopped fresh mint, chia seeds, salt, black pepper]"
Tilapia-Burgers-1106760,Tilapia Burgers,4,1800,[Main Dishes],[Barbecue],"[tilapia fillets, onions, fresh cilantro, fresh mint, fresh ginger, lemon, yellow mustard, ground coriander, salt, ground black pepper]"
Beer-Burgers-AllRecipes,Beer Burgers,4,1500,[Main Dishes],[Barbecue],"[ground beef, onions, garlic, worcestershire sauce, salt, ground black pepper, beer]"
Reuben-Burgers-TasteOfHome,Reuben Burgers,5,1800,"[Lunch and Snacks, Main Dishes]",,"[ground pork, salt, pepper, garlic cloves, sauerkraut, swiss cheese, hamburger buns]"
Healthy-Turkey-Burger-1081873,Healthy Turkey Burger,4,3300,[Main Dishes],,"[turkey breast, red pepper, onions, greek yogurt, oregano, worcestershire sauce, garlic, thyme, salt, black pepper, cayenne pepper, vegetables, turkey]"
Olive-lentil-burgers-334853,Olive Lentil Burgers,5,2700,[Main Dishes],,"[olive oil, yellow onion, cremini mushrooms, garlic, black pepper, dried thyme, tarragon, pitted kalamata olives, lentils, bread crumbs, soy sauce, fresh lemon juice, liquid smoke, cooking spray]"
Lipton-onion-burgers-with-creamy-salsa-303508,Lipton Onion Burgers With Creamy Salsa,4,1200,"[Lunch and Snacks, Main Dishes]",,"[hellmann' or best food real mayonnais, prepar salsa, hamburger buns, ground beef, water, Lipton® Recipe Secrets® Onion Soup Mix]"
Spicy-Black-Bean-Burgers-1105860,Spicy Black Bean Burgers,3,2100,[Main Dishes],,"[S&W Black Beans, chopped onion, red bell pepper, eggs, toasted sesame seeds, toasted sunflower seeds, dry bread crumbs, chile pepper, ground cumin, salt, pepper, vegetable oil, reduced-fat cheese, whole wheat hamburger buns, lettuce leaves, sliced tomatoes, pickles]"
Yummy-Falafel-Burgers-1023959,Yummy Falafel Burgers,4,1800,[Main Dishes],,"[chickpeas, bread crumbs, eggs, cumin, paprika, green onions, garlic cloves, chopped parsley, tahini, salt, pepper, all-purpose flour, oil]"
Pepperoni-Pizza-Turkey-Burgers-1072014,Pepperoni Pizza Turkey Burgers,4,1500,[Main Dishes],[Barbecue],"[canola oil, lean ground turkey, garlic, worcestershire sauce, salt, pepper, burger buns, chees fresh mozzarella, pepperoni slices, marinara sauce]"
Garlic-Butter-Burgers-1031253,Garlic Butter Burgers,4,2400,[Main Dishes],[Barbecue],"[unsalted butter, garlic, shallots, fresh parsley, salt, pepper, ground chuck, canola oil, hamburger buns]"
Cauliflower-Burger-Buns-999870,Cauliflower Burger Buns,3,2700,,,"[large eggs, garlic powder, salt, rosemary, cauliflower, flour, coconut flour]"
Pizza-Burgers-1035151,Pizza Burgers,3,1500,[Main Dishes],[Kid-Friendly],"[hamburger buns, pasta sauce, shredded mozzarella cheese, pepperoni]"
Kangaroo-Burgers-AllRecipes,Kangaroo Burgers,4,1500,"[Lunch and Snacks, Main Dishes]",,"[meat, onions, caraway seeds, fresh thyme, eggs, lemon zest, salt and ground black pepper, bread crumbs, vegetable oil, sandwich buns, lettuce, tomatoes]"
Chickpea-and-Spinach-Burgers-Naturally-Ella-288941,Chickpea and Spinach Burgers,5,2400,[Main Dishes],,"[chickpeas, onions, spinach, olive oil, soy sauce, oregano, smoked paprika, sunflower seeds, eggs, whole wheat pastry flour, whole wheat breadcrumbs, salt]"
Tri-Pepper-Burgers-1350937,Tri-Pepper Burgers,3,3000,[Main Dishes],,"[roasted red peppers, peppadews, jalapeno chilies, basil leaves, cilantro leaves, fine sea salt, ground black pepper, shredded sharp cheddar cheese, ground beef, canola oil, hamburger buns, rocket leaves, pickle slices, onion slices, sliced tomatoes, avocado slices, mayonnaise, hot sauce, ketchup, lime]"
Smoked-Cherry-Salsa-Burger-1271992,Smoked Cherry Salsa Burger,3,3000,[Main Dishes],[Barbecue],"[meat, ground beef, kosher salt, ground black pepper, pitted cherries, chopped cilantro, purple onion, jalapeno chilies, lime, unsalted butter, cheddar cheese, hamburger buns, vegetables]"
Thai-Salmon-Burgers-with-Slaw-_-Sriracha-Mayo-1175639,Thai Salmon Burgers with Slaw + Sriracha Mayo,4,1800,[Main Dishes],,"[salmon, finely chopped onion, red bell pepper, garlic cloves, brown sugar, Thai red curry paste, parsley, panko breadcrumbs, eggs, salt, pepper, hamburger buns, carrots, brussels sprouts, greek yogurt, mayonnaise, Sriracha, garlic powder]"
Black-and-Blue-Burgers-with-Grilled-Vidalia-Onions-1359028,Black and Blue Burgers with Grilled Vidalia Onions,3,1680,[Main Dishes],[Barbecue],"[ground beef, vidalia onion, crumbled blue cheese, mayonnaise, ketchup, worcestershire sauce, kosher salt, dried thyme, black pepper, vegetable oil, hamburger buns, large tomato, lettuce leaves]"
Veggie-Burger-514069,Veggie Burger,5,2700,"[Lunch and Snacks, Main Dishes]","[American, Kid-Friendly]","[yukon gold potatoes, olive oil, mushrooms, dried thyme, balsamic vinegar, cooked barley, salt, ground black pepper, buns]"
Burger-Seasoning-Blend-1170096,Burger Seasoning Blend,4,300,,,"[salt, paprika, garlic powder, cumin, ground black pepper, dried basil, dried parsley, chili powder, onion powder, dry mustard]"
_ad_-The-Ultimate-Loaded-Burger-Salad-1296751,[ad] The Ultimate Loaded Burger Salad,4,1200,[Salads],,"[lettuce, tomatoes, purple onion, dill pickle slices, blue cheese, mayonnaise, hamburger patties, fried eggs]"
Beer-Can-Burgers-1239884,Beer Can Burgers,4,3600,[Main Dishes],,"[ground beef, bacon, sliced mushrooms, onions, butter, provolone cheese, salt, pepper, hamburger buns]"
Delicious-Turkey-Burgers-1167487,Delicious Turkey Burgers,3,2100,[Main Dishes],[Kid-Friendly],"[ground turkey, eggs, lemon, onions, apples, minced garlic, gluten-free breadcrumbs, kosher salt, cracked black pepper, extra-virgin olive oil]"
Desi-Sloppy-Joes-_Minced-Meat-Burger-Buns_-1358773,Desi Sloppy Joes {Minced Meat Burger Buns},4,2400,"[Lunch and Snacks, Main Dishes]",,"[minced meat, onions, tomatoes, fresh ginger, garlic, chili powder, ground turmeric, cooking oil, salt, burger buns, butter, mayonnaise, lettuce leaves, white onion]"
The-Ultimate-Veggie-Burger-1258841,The Ultimate Veggie Burger,3,1380,[Main Dishes],,"[red quinoa, black beans, button mushrooms, red pepper, purple onion, cilantro leaves, lime zest, lime juice, smoked paprika, ancho powder, corn starch, salt, pepper]"
Asian-Bison-Burger-1360402,Asian Bison Burger,3,1800,[Main Dishes],[Asian],"[ground bison, green onions, ginger, soy sauce, salt, white pepper, black pepper, hoisin sauce, minced garlic, dry mustard, water, mayonnaise, slaw mix, purple onion, lemon juice, vegetable oil, vinegar, brown sugar, sesame oil, sesame seeds]"
Open-faced-asian-turkey-burgers-296587,Open-faced Asian Turkey Burgers,4,1200,"[Lunch and Snacks, Main Dishes]",[Asian],"[ground turkey, broccoli slaw, Skippy® Super Chunk® Peanut Butter, ground black pepper, tomatoes, english muffins, split and toasted, iceberg lettuce]"
Backyard-Burgers-Allrecipes,Backyard Burgers,4,1200,[Main Dishes],,"[rolls, ground beef, worcestershire sauce, grated parmesan cheese, ground pepper, hamburger buns, lettuce leaves, tomatoes, onions]"
Cheddar-Stuffed-Buffalo-Burgers-470186,Cheddar-Stuffed Buffalo Burgers,4,1800,[Main Dishes],,"[buffalo meat, vidalia onion, worcestershire sauce, salt, black pepper, reduced fat sharp cheddar cheese]"
Filet-Burgers-with-Tahini-Garlic-Mayo-1188574,Filet Burgers with Tahini Garlic Mayo,4,1200,[Main Dishes],[Barbecue],"[burgers, olive oil, kosher salt, black pepper, mayonnaise, buns, dill pickles, sliced tomatoes, lettuce, onions]"
Really-Simple-Bean-Burgers-751588,Really Simple Bean Burgers,3,1500,[Main Dishes],[Kid-Friendly],"[pinto beans, dry bread crumbs, large eggs, cracked black pepper, garlic powder, flavoring, hamburger buns]"
Pepperoni-Burgers-Allrecipes,Pepperoni Burgers,4,1500,[Main Dishes],"[Barbecue, Kid-Friendly]","[ground beef, sausages, seasoned bread crumbs, garlic, pepper, salt]"
Eggplant-Veggie-Burgers-488871,Eggplant Veggie Burgers,4,3300,[Main Dishes],[Kid-Friendly],"[italian eggplant, garlic, zucchini, panko breadcrumbs, wheat bran, basil, eggs, olive oil, burger buns, lettuce, tomatoes, goat cheese]"
TANDOORI-CHICKEN-BURGER-1372854,TANDOORI CHICKEN BURGER,4,2700,[Main Dishes],,"[white onion, red chili peppers, ginger, boneless chicken thighs, marsala wine, curry powder, beets, tomato purée, plain flour, olive oil, yoghurt, coriander, naan, cucumber]"
Animal-Style-Burger-1282193,Animal Style Burger,4,2100,[Main Dishes],,"[olive oil, onions, water, mayonnaise, ketchup, relish, beef, cheese slices, buns]"
Grilled-Guac-Turkey-Burgers-on-Tortilla-Buns-1308386,Grilled Guac-Turkey Burgers on Tortilla ‘Buns’,4,1200,[Main Dishes],[Barbecue],"[california avocado, lean ground turkey, red bell pepper, onions, fresh cilantro, kosher salt, lime, corn tortillas, turkey patties]"
Grilled-Hawaiian-Burger-517579,Grilled Hawaiian Burger,4,2400,[Main Dishes],[Barbecue],"[Gold's Horseradish, light mayonnaise, purple onion, ketchup, chicken, hot dogs, min, burgers, fat, onion slices, kosher salt, olive oil, romaine lettuce, ground black pepper, pineapple, meat, whole wheat hamburger buns]"
Sids-Onion-Burger-1264027,Sid’s Onion Burger,3,,,,"[canola oil, ground beef, yellow onion, Equal Sweetener, kosher salt, american cheese slices, hamburger buns]"
Pesto-Pork-Burgers-with-Sauteed-Cherry-Tomatoes-1350333,Pesto Pork Burgers with Sauteed Cherry Tomatoes,4,2100,[Main Dishes],[Barbecue],"[pork, pesto, sea salt, cherry tomatoes, fresh basil, garlic cloves, baby spinach, garlic, olive oil, lemon, pepper]"
Easy-Bruschetta-Burger-971767,Easy Bruschetta Burger,4,960,[Main Dishes],,"[lean ground beef, salt, pepper, olive oil, chees fresh mozzarella, fresh basil, sun-dried tomatoes, Italian bread]"
Gyros-Burgers-Allrecipes,Gyros Burgers,5,1500,[Main Dishes],[Barbecue],"[lean ground beef, ground lamb, onions, garlic, bread, savory, ground allspice, ground coriander, salt, ground black pepper, ground cumin]"
Juicy-Bison-Burgers-with-Mushrooms-_-Onions-972800,Juicy Bison Burgers with Mushrooms & Onions,4,1500,[Main Dishes],,"[ground bison, worcestershire sauce, salt, pepper, olive oil, onions, crimini mushrooms, whole wheat english muffins, condiments, tomatoes, lettuce]"
Stuffed-Burgers-Allrecipes,Stuffed Burgers,5,4500,[Main Dishes],[Barbecue],"[ground beef, steak sauce, fajita seasoning mix, dried minced onion, american cheese slices, green chile, sliced mushrooms]"
Turkey-burgers-with-Mexican-marmalade-1354452,Turkey burgers with Mexican marmalade,4,1800,[Main Dishes],[Mexican],"[turkey mince, orange marmalade, salt, Ciabatta rolls, salad leaves, tomato salsa, avocado, monterey jack]"
_shroom-beef-burgers-342653,'Shroom Beef Burgers,3,1500,[Main Dishes],"[Barbecue, Kid-Friendly]","[burgers, swiss cheese, portobello caps, Ciabatta rolls]"
BLT-Pizza-Burgers-990734,BLT Pizza Burgers,4,1500,[Lunch and Snacks],,"[bacon, tomatoes, marinara sauce, mozzarella cheese, romaine lettuce, buns]"
Asian-Chicken-Burgers-1077703,Asian Chicken Burgers,4,600,[Main Dishes],[Asian],"[cooking spray, carrots, purple onion, ground chicken, panko breadcrumbs, hoisin sauce, ginger, low sodium soy sauce, Asian chili sauce, white mushrooms, toasted sesame oil, lime, sesame seeds buns]"
Veggie-Black-Bean-Burger-976059,Veggie Black Bean Burger,4,3900,[Main Dishes],,"[black beans, red bell pepper, onions, garlic, eggs, cumin, salt, salsa, bread crumbs, cooked brown rice]"
Canyon-Creek-Burger-from-Ted_s-Montana-Grill-1189378,Canyon Creek Burger from Ted's Montana Grill,4,1500,[Main Dishes],[Barbecue],"[ground beef, eggs, jalapeno chilies, cheddar cheese, burger buns, thick-cut bacon, blackberry jam]"
Now-and-Zen-Burger-1296525,Now and Zen Burger,4,3900,[Lunch and Snacks],,"[cremini mushrooms, onions, cooked brown rice, tomato paste, chopped parsley, low sodium soy sauce, miso, dried basil, dried thyme, savory, ground allspice, vital wheat gluten, dijon mustard, maple syrup, burger buns, lettuce leaves, tomatoes]"
Lentil-_-Almond-Burgers-630114,Lentil & Almond Burgers,3,7200,,,"[water, French lentils, extra-virgin olive oil, carrots, shallots, chopped celery, sliced almonds, chopped fresh thyme, salt, freshly ground pepper, large egg yolks, lemon juice]"
Best-Burger-and-French-Fry-Seasoning-793819,Best Burger and French Fry Seasoning,4,180,,,"[salt, paprika, garlic powder, garlic salt, cumin, pepper, dried basil, dried parsley, chili powder, celery salt]"
Olive-Burgers-My-Recipes,Olive Burgers,3,1500,[Main Dishes],"[American, Kid-Friendly]","[ground round, pesto, grill seasoning mix, hamburger buns, tomatoes, romaine lettuce]"
Splendidly-Spicy-Beef-Burger-1194441,Splendidly Spicy Beef Burger,3,5400,"[Lunch and Snacks, Main Dishes]",,"[sunflower oil, onions, fresh ginger root, garlic cloves, chillies, lean minced beef, salt, ground cumin, ground coriander, ground turmeric, chili powder, fresh coriander, potatoes, rapeseed oil, ground white pepper, amchur, burger buns, ketchup]"
Josh-Capon_s-Go-Greek-Lamb-Burger-1369891,Josh Capon's Go Greek Lamb Burger,3,1800,[Main Dishes],[Greek],"[ground lamb, extra-virgin olive oil, fresh oregano, garlic, ground cumin, hothouse cucumber, purple onion, red wine vinegar, fresh dill, Ciabatta rolls, beefsteak tomatoes, tzatziki sauce]"
Bacon-Cheese-Venison-Burgers-997444,Bacon Cheese Venison Burgers,4,2100,[Main Dishes],,"[cheddar cheese, bacon, venison, garlic, onions]"
Truffle-Burger-1176088,Truffle Burger,4,1800,,,"[glaze, tawny port, white truffle oil, truffle salt, sugar, aioli, mayonnaise, garlic, fresh lemon juice, burgers, vegetable oil, ground beef, cheese, brioche, unsalted butter]"
Chicago-Diner-Burgers-770160,Chicago Diner Burgers,3,3600,,,"[celery, onions, low sodium soy sauce, onion powder, garlic powder, ground black pepper, rolled oats, mushrooms, whole wheat flour]"
Portobello-Prosciutto-Burgers-The-Pioneer-Woman-Cooks-_-Ree-Drummond-41235,Portobello-Prosciutto Burgers,5,1800,,,"[mayonnaise, basil leaves, portabello mushroom, red wine, olive oil, salt, pepper, provolone cheese, prosciutto, kaiser rolls]"
The-Ultimate-Burger-1365953,The Ultimate Burger,3,3300,[Main Dishes],[Barbecue],[skirt steak]
French-Onion-Burgers-578863,French Onion Burgers,4,3900,[Main Dishes],,"[ground beef, worcestershire sauce, teas, fresh thyme, garlic salt, pepper, olive oil, onions, white wine, gruyere cheese, coarse ground mustard, mayonnaise]"
French-beef-burgers-342351,French Beef Burgers,3,1500,[Main Dishes],"[Barbecue, Kid-Friendly]","[burgers, goat cheese, roasted red peppers, brioche buns]"
Frito-Burgers-1321108,Frito Burgers,4,6300,[Main Dishes],[Barbecue],"[bacon, beef stew meat, onions, garlic cloves, chili powder, chipotle chile, cumin, dried oregano, kidney beans, crushed tomatoes, sugar, lime juice, corn flour, salt, pepper, ground chuck, seasoning salt, purple onion, cheddar cheese, chips, hamburger buns]"
Turkey-Quinoa-Burgers-750802,Turkey-Quinoa Burgers,4,2700,[Main Dishes],"[Barbecue, Kid-Friendly]","[quinoa, shallots, garlic, zucchini, olive oil, worcestershire sauce, ground turkey, kosher salt]"
Wrath-of-Angus-Burger-1095883,Wrath of Angus Burger,4,5400,[Main Dishes],,"[beef, burger buns, lettuce leaves, vine tomatoes, purple onion, tomato ketchup, mayonnaise, salt, ground black pepper]"
Taco-Burgers-1255667,Taco Burgers,4,1500,[Main Dishes],[Barbecue],"[ground beef, taco seasoning, onions, worcestershire sauce, salt, black pepper, corn chips, jack cheese, hamburger buns, salsa, lettuce, tomatoes, sour cream]"
BLT-Chicken-Burgers-1086025,BLT Chicken Burgers,3,1800,"[Lunch and Snacks, Main Dishes]",[Barbecue],"[dark meat, ground chicken, shredded sharp cheddar cheese, grated parmesan cheese, minced garlic, kosher salt, ground black pepper, mayonnaise, fresh basil, fresh lemon juice, kaiser rolls, bacon, tomatoes, romaine lettuce]"
Bayou-Burgers-with-Spicy-Remoulade-1372911,Bayou Burgers with Spicy Remoulade,3,1800,[Main Dishes],,"[onions, olive oil, andouille sausage, creole seasoning, garlic powder, salt, pepper, ground turkey, turkey sausage links, cheddar cheese, Kraft Miracle Whip Dressing, lemon juice, hot pepper sauce, sweet pickle relish, capers, kaiser rolls, butter]"
Black-Bean-and-Quinoa-Burgers-with-Strawberry-BBQ-Sauce-1335888,Black Bean and Quinoa Burgers with Strawberry BBQ Sauce,4,1800,[Main Dishes],,"[olive oil, onions, red bell pepper, garlic, red pepper flakes, black pepper, sea salt, black beans, cooked quinoa, barbecue sauce]"
Black-Bean-Turkey-Burgers-1018830,Black Bean Turkey Burgers,3,1200,[Main Dishes],[Kid-Friendly],"[ground turkey, black beans, panko breadcrumbs, onion powder, garlic salt, eggs, pepper, extra-virgin olive oil]"
Ranch-salmon-burgers-343014,Ranch Salmon Burgers,3,1500,[Main Dishes],[Kid-Friendly],"[burgers, beefsteak tomatoes, ranch dressing, brioche buns]"
Carrot-Tahini-Quinoa-Burgers-With-Tzatziki-1065021,Carrot Tahini Quinoa Burgers With Tzatziki,4,9600,[Main Dishes],,"[red cabbage, rice vinegar, sesame oil, peanut oil, salt, pepper, large garlic cloves, cucumber, chopped fresh mint, yoghurt, carrots, cooked quinoa, tahini, eggs, cumin, Sriracha, sesame seeds, yellow onion, fresh lemon juice, garlic cloves, panko breadcrumbs, avocado oil, burger buns]"
Cheyenne-Burgers-1123075,Cheyenne Burgers,4,3300,[Main Dishes],,"[olive oil, ground beef, pepper, salt, canola oil, onions, flour, buttermilk, garlic, ketchup, ancho powder, paprika, dijon mustard, red wine vinegar, worcestershire sauce, chipotle chile, dark brown sugar, honey, molasses, freshly ground pepper, kosher salt]"
Smoky-Chipotle-Cheddar-Burgers-with-Mexican-Street-Corn-Fritters_-969769,Smoky Chipotle Cheddar Burgers with Mexican Street Corn Fritters.,4,900,[Main Dishes],[Mexican],"[ground turkey, panko breadcrumbs, lime juice, garlic, chipotles in adobo, brown sugar, dried oregano, ground cumin, smoked paprika, salt, sharp cheddar cheese, burger buns, avocado, smoked gouda, heirloom tomatoes, mayonnaise, jalapeno chilies, green onions, flour, baking powder, chili powder, milk, sweet yellow corn, fresh cilantro, cotija, canola oil]"
Better-Burger-with-Green-Olives-751635,Better Burger with Green Olives,3,1200,,[Barbecue],"[lean ground turkey, pitted green olives, flat leaf parsley, ground cumin, freshly ground pepper, cooking spray]"
A-Healthy-Chicken-Burger-685476,A Healthy Chicken Burger,3,1800,[Main Dishes],,"[onions, carrots, celery ribs, watercress, parsley, minced chicken, tamari soy sauce]"
Classic-American-Burgers-AllRecipes,Classic American Burgers,3,900,[Main Dishes],[Kid-Friendly],"[veggie burgers, reduced fat cheddar cheese, lettuce, hamburger buns, dill pickles, tomatoes, purple onion, mustard, ketchup]"
Juicy-Steakhouse-Burgers-578111,Juicy Steakhouse Burgers,4,1800,[Main Dishes],"[Barbecue, Kid-Friendly]","[white sandwich bread, low-fat milk, kosher salt, ground black pepper, garlic cloves, worcestershire sauce, ketchup, lean ground beef, scallions, cooking spray, hamburger buns]"
Campfire-Burgers-1123139,Campfire Burgers,3,3000,[Main Dishes],[Barbecue],"[olive oil, vidalia onion, salt, balsamic vinegar, mayonnaise, barbecue sauce, liquid smoke, ground beef, shredded cheddar cheese, cooked bacon, worcestershire sauce, cracked black pepper, hamburger buns]"
Shrimp-Cilantro-Burgers-with-Smoky-Chipotle-Lime-Guacamole-1326354,Shrimp Cilantro Burgers with Smoky Chipotle-Lime Guacamole,4,2700,[Main Dishes],[Mexican],"[avocado, diced red onions, fresh lime juice, chipotles in adobo, sea salt, shrimp, large eggs, cilantro leaves, ground cumin, cracked black pepper, olive oil, vine ripened tomatoes, baby leaf lettuce, burger buns]"
Tofu-Burgers-My-Recipes_1,Tofu Burgers,4,3000,"[Lunch and Snacks, Main Dishes]",,"[soy sauce, sugar, white vinegar, extra firm tofu, olive oil, cheddar cheese, alfalfa sprouts, radishes, wheat rolls, honey mustard]"
Lamb-and-Feta-Burgers-with-Tzatziki-Sauce-1189765,Lamb and Feta Burgers with Tzatziki Sauce,4,1560,[Main Dishes],[Greek],"[greek yogurt, diced red onions, cucumber, mint, garlic, lemon zest, ground lamb, feta cheese crumbles, dried oregano, kosher salt, black pepper, sliced tomatoes, lettuce, pretzel hamburger buns]"
Cajun-Burgers-1289676,Cajun Burgers,4,1500,[Main Dishes],[Barbecue],"[ground beef, egg yolks, shredded parmesan cheese, bread crumbs, blackening seasoning, kosher salt, purple onion, lettuce, sharp cheddar cheese, buns, mayonnaise, ketchup, molasses, cajun seasoning]"
Mozzarella-Burgers-793065,Mozzarella Burgers,3,1200,"[Lunch and Snacks, Main Dishes]",[Barbecue],"[ground beef, shredded mozzarella cheese, bread crumbs, barbecue sauce, ground black pepper, hamburger buns, slider buns, dill pickles, lettuce leaves, tomatoes, bacon slices]"
Campfire-Burgers-580732,Campfire Burgers,3,3000,[Main Dishes],[Barbecue],"[olive oil, vidalia onion, salt, balsamic vinegar, mayonnaise, barbecue sauce, liquid smoke, ground beef, shredded cheddar cheese, cooked bacon, worcestershire sauce, cracked black pepper, hamburger buns]"
Surprise-Burgers-Allrecipes,Surprise Burgers,4,2100,[Main Dishes],[Barbecue],"[lean ground beef, pineapple rings, ketchup, brown sugar, yellow mustard]"
Cheddar-BBQ-Burgers-1340617,Cheddar BBQ Burgers,4,2400,[Main Dishes],[Barbecue],"[ground beef, bbq sauce, onion powder, garlic powder, Lawrys Seasoned Salt, black pepper, sea salt, shredded sharp cheddar cheese, liquid smoke]"
Bunless-Burger-1216784,Bunless Burger,4,1200,,,"[minced beef, purple onion, eggs]"
Southern-Burgers-Allrecipes,Southern Burgers,4,1200,[Main Dishes],"[Southern & Soul Food, American, Kid-Friendly]","[ground beef, bread, eggs, prepared mustard, worcestershire sauce, garlic salt, pepper, salt]"
Le-burger-320030,Le Burger,3,4200,[Main Dishes],,"[purple onion, butter, freshly ground pepper, kosher salt, cornichons, filet, capers, ground chuck, bacon, gruyere cheese, burger buns, iceberg lettuce, olive oil, tomato paste, tomatoes, sherry vinegar, sugar]"
Shrimp-Burgers-1226282,Shrimp Burgers,4,1320,[Main Dishes],[Barbecue],"[shrimp, panko breadcrumbs, leeks, red bell pepper, celery heart, fresh cilantro, mayonnaise, jalapeno chilies, large eggs, sea salt, white pepper, vegetable oil, olive oil, hamburger buns]"
Wild-Salmon-Bacon-Burgers-_AIP_-1275647,Wild Salmon Bacon Burgers (AIP),4,2100,[Main Dishes],,"[salmon, leeks, lime juice, bacon grease, salt, olive oil]"
Black-Bean-Burgers-1171932,Black Bean Burgers,4,1500,[Main Dishes],,"[black beans, onions, bread crumbs, chopped garlic, chili, chopped cilantro, beaten eggs, butter, hamburger buns]"
Sour-Cream-Burgers-Allrecipes,Sour Cream Burgers,4,1500,"[Lunch and Snacks, Main Dishes]","[Barbecue, American, Kid-Friendly]","[ground beef, sour cream, onion soup mix, dry bread crumbs, pepper]"
