id,recipeName,rating,totalTimeInSeconds,course,cuisine,ingredients,dish
Guac-and-Black-Bean-Burritos-1262923,Guac and Black Bean Burritos,4,1500.0,[Main Dishes],[Mexican],"[guacamole, avocado, garlic, purple onion, serrano chile, lime, salt, cilantro, small tomatoes, large flour tortillas, brown rice, black beans, tomatoes, onions, lettuce, jack cheese]",burrito
Beef-and-Bean-Burritos-1349463,Beef and Bean Burritos,4,2400.0,[Main Dishes],,"[oil, onions, garlic cloves, ground beef, brown rice, chili powder, cumin, salt, pepper, tomato sauce, refried beans, shredded cheddar cheese, large flour tortillas]",burrito
Black-Bean-and-Guac-Burritos-Naturally-Ella-46521,Black Bean and Guac Burritos,5,1500.0,[Main Dishes],[Mexican],"[avocado, garlic, purple onion, serrano chile, lime, salt, cilantro, tomatoes, flour tortillas, brown rice, black beans, lettuce, jack cheese]",burrito
Chile-Colorado-Burritos-608961,Chile Colorado Burritos,3,3900.0,[Main Dishes],[Kid-Friendly],"[stew meat, red enchilada sauce, beef stock cubes, refried beans, large flour tortillas, shredded cheddar cheese]",burrito
Chorizo-Breakfast-Burritos-1280233,Chorizo Breakfast Burritos,4,2700.0,[Breakfast and Brunch],,"[eggs, salt, black pepper, mexican chorizo, butter, russet potatoes, shredded cheddar cheese, jack cheese, large flour tortillas]",burrito
Easy-Veggie-Breakfast-Burritos-1365839,Easy Veggie Breakfast Burritos,4,900.0,[Breakfast and Brunch],,"[butter, flour tortillas, cheddar cheese, veggies]",burrito
Breakfast-Burrito-1215305,Breakfast Burrito,4,2100.0,[Breakfast and Brunch],,"[eggs, milk, green bell pepper, red bell pepper, yellow onion, large flour tortillas, shredded pepper jack cheese, colby cheese, bacon, salt, pepper]",burrito
Ham_-Egg_-and-Avocado-Breakfast-Burrito-1366439,"Ham, Egg, and Avocado Breakfast Burrito",4,1200.0,[Breakfast and Brunch],,"[eggs, milk, cooked ham, avocado, cheese, whole wheat tortillas]",burrito
Breakfast-Burritos-MyRecipes-237423,Breakfast Burritos,3,,"[Lunch and Snacks, Breakfast and Brunch]","[Southwestern, American, Mexican]","[bacon, eggs, salt, pepper, flour tortillas, shredded cheddar cheese, sliced green onions]",burrito
Veggie-Quinoa-Burritos-1379609,Veggie Quinoa Burritos,4,3900.0,[Main Dishes],[Mexican],"[onions, jalapeno chilies, quinoa, garlic, vegetable broth, low-fat sour cream, chopped cilantro fresh, lime juice, chili pepper, frozen corn, shredded zucchini, chopped tomatoes, whole wheat tortillas, pepper jack, salsa, guacamole]",burrito
20-Minute-Healthy-Chicken-Burrito-1275179,20 Minute Healthy Chicken Burrito,4,,,,"[large flour tortillas, boneless skinless chicken breasts, black beans, yellow onion, chili powder, cumin, cooking spray, Mexican cheese blend, salsa, sour cream]",burrito
Southwest-Beef-and-Bean-Burritos-1363401,Southwest Beef and Bean Burritos,3,33600.0,[Main Dishes],,"[cooking spray, boneless beef chuck roast, taco seasoning mix, tomato sauce, black beans, flour tortillas, Mexican cheese blend, green leaf lettuce]",burrito
Burrito-1371972,Burrito,4,3900.0,[Main Dishes],,"[cake, sunflower oil, beans, salad, tomatoes, green onions, cheddar cheese, onions, chili powder, cumin, salt, pepper, pineapple, chicken, sausages, blue cheese, pears, cheese]",burrito
Freezer-Black-Bean-Fajita-Burritos-1363211,Freezer Black Bean Fajita Burritos,4,1920.0,"[Lunch and Snacks, Main Dishes]",[Mexican],"[bell pepper, purple onion, chili powder, fajita seasoning mix, cooked brown rice, salt, black beans, lime, shredded cheddar cheese, tortilla shells]",burrito
Fruit-burritos-296466,Fruit Burritos,4,600.0,"[Breakfast and Brunch, Lunch and Snacks]",,"[nonfat vanilla yogurt, Skippy Creamy Peanut Butter, strawberries, fresh blueberries, whole wheat tortillas, ground cinnamon]",burrito
Breakfast-Burritos-1304287,Breakfast Burritos,4,2100.0,[Breakfast and Brunch],,"[potatoes, breakfast sausages, eggs, chives, seasoning salt, pepper, monterey jack, flour tortillas]",burrito
Freezer-Breakfast-Burritos-1348103,Freezer Breakfast Burritos,4,2700.0,[Breakfast and Brunch],,"[large eggs, milk, salt, pepper, olive oil, white onion, yukon gold potatoes, red bell pepper, Old El Paso™ chopped green chiles, ground cumin, flour tortillas, shredded pepper jack cheese, salsa]",burrito
Crockpot-Jalapeno-Beef-Burritos-1262782,Crockpot Jalapeno Beef Burritos,4,4200.0,[Main Dishes],,"[chuck roast, roma tomatoes, green pepper, onions, garlic cloves, olive oil, ketchup, jalapeno chilies, juice, apple cider vinegar, garlic salt, large flour tortillas, shredded cheddar cheese, green onions, sour cream]",burrito
Breakfast-Burrito-1369545,Breakfast Burrito,3,600.0,[Breakfast and Brunch],,"[whole wheat tortillas, eggs, egg whites, lettuce, fat-free refried beans, reduced fat cheddar cheese, salsa]",burrito
Campfire-Breakfast-Burritos-1346946,Campfire Breakfast Burritos,4,1800.0,[Breakfast and Brunch],,"[large flour tortillas, potatoes, seasoning salt, pepper, green onions, breakfast sausages, eggs, refried beans, cheddar cheese, salsa]",burrito
Vegetarian-Slow-Cooker-Burritos-1363208,Vegetarian Slow Cooker Burritos,4,900.0,[Main Dishes],[Southwestern],"[black beans, rotelle, pearl barley, broth, frozen whole kernel corn, red bell pepper, green onions, lime juice, ground cumin, chili powder, garlic cloves, chopped cilantro fresh, flour tortillas, shredded cheese, baby spinach, mixed greens, salsa, sour cream]",burrito
Simple-smothered-beef-burritos-351000,Simple Smothered Beef Burritos,4,2400.0,[Main Dishes],,"[ground beef, green enchilada sauce, salsa verde, flour tortillas, shredded cheddar cheese]",burrito
Turkey-burritos-298048,Turkey Burritos,4,1200.0,"[Lunch and Snacks, Main Dishes]","[Mexican, Southwestern]","[vegetable oil, red bell pepper, sliced, onions, turkey, hellmann' or best food real mayonnais, prepar salsa, flour tortillas, shredded cheddar cheese]",burrito
Vegan-Breakfast-Burritos-1371562,Vegan Breakfast Burritos,4,1200.0,[Breakfast and Brunch],,"[tofu, nutritional yeast, garlic, tumeric, salt, pepper, frozen hash browns, veggies, salsa, hot sauce, tortillas]",burrito
SPINACH-BURRITOS-How-to-make-a-burrito-1167358,SPINACH BURRITOS-How to make a burrito,4,1200.0,,,"[eggs, baby spinach, burrito size whole wheat tortillas, cheese, olive oil, salt, pepper]",burrito
Greek-Style-Burritos-1377505,Greek-Style Burritos,3,2880.0,[Main Dishes],,"[greek-style vinaigrette, boneless skinless chicken breasts, long grain white rice, lemon zest, flour tortillas, hummus, Athenos Traditional Crumbled Feta Cheese, fresh spinach, nonfat greek yogurt, tomatoes]",burrito
Vegetarian-Burrito-1340164,Vegetarian Burrito,4,2100.0,[Main Dishes],"[Southwestern, Mexican]","[beans, garlic paste, salsa, salt, black pepper, ground cumin, oil, red chili powder, tortillas, guacamole, sour cream, cooked rice, sweet corn, chopped onion, capsicum, tomatoes, lettuce, grating cheese]",burrito
Chicken-burritos-365363,Chicken Burritos,5,1800.0,[Main Dishes],"[Southwestern, Mexican]","[boneless skinless chicken breasts, beans, onions, garlic, tomatoes, olive oil, salt, pepper, chili powder, cumin, jalapeno chilies, cheddar cheese, tortillas, sour cream, salsa]",burrito
Chipotle_s-Chicken-Burrito-1316321,Chipotle's Chicken Burrito,3,1500.0,[Main Dishes],"[Southwestern, Mexican]","[vegetable oil, salsa, chipotle chile, pinto beans, water, rotisserie chicken, cilantro, salt, pepper, tortillas, white rice, monterey jack, romaine lettuce, avocado, roma tomatoes]",burrito
Beef-_-Bean-Chilli-Burritos-1354461,Beef & Bean Chilli Burritos,4,3000.0,[Main Dishes],,"[purple onion, garlic, minced beef, tomatoes, red pepper, smoked paprika, pepper, salt, olive oil, flour tortillas, cheddar cheese]",burrito
Breakfast-Burrito-512247,Breakfast Burrito,5,1500.0,[Breakfast and Brunch],[Mexican],"[olive oil, potatoes, pepper, onions, hot Italian sausages, eggs, milk, flour tortillas, cheddar cheese, salsa]",burrito
Black-Bean-Burger-Breakfast-Burritos-1371004,Black Bean Burger Breakfast Burritos,4,1200.0,[Breakfast and Brunch],,"[veggie burgers, flour tortillas, eggs, colby jack cheese, avocado, salsa, sour cream]",burrito
Make-Ahead-Breakfast-Burritos-471469,Make Ahead Breakfast Burritos,5,2100.0,[Breakfast and Brunch],,"[large eggs, cheese, breakfast sausages, flour tortillas]",burrito
Kid-Approved-Breakfast-Burritos-1036935,Kid Approved Breakfast Burritos,4,1800.0,[Breakfast and Brunch],,"[eggs, water, cheddar cheese, salt, black pepper, flour tortillas]",burrito
Chipotle-Chicken-Burrito-1025990,Chipotle Chicken Burrito,4,2400.0,[Lunch and Snacks],,"[chipotle, rice, canned black beans, cilantro leaves, flour tortillas, cooking oil, colby jack cheese, romaine lettuce leaves, roma tomatoes]",burrito
Chicken-Burritos-My-Recipes,Chicken Burritos,4,,"[Lunch and Snacks, Main Dishes]","[Southwestern, American, Mexican]","[vegetable oil, onions, clove garlic, fine chop, cooked chicken, salt, flour tortillas, iceberg lettuce, tomato salsa, shredded cheddar cheese]",burrito
Crispy-Fiesta-Chicken-Burrito-Wraps-1353927,Crispy Fiesta Chicken Burrito Wraps,4,1200.0,,,"[large flour tortillas, sour cream, oil, sauce, chicken]",burrito
Vegetarian-Black-Bean-Burritos-1033884,Vegetarian Black Bean Burritos,5,1500.0,[Main Dishes],"[Southwestern, Mexican]","[water, fresh lime juice, chili powder, cumin, black pepper, cayenne pepper, canned black beans, green onions, salsa, red bell pepper, zucchini, corn, chopped cilantro, salt, pepper, flour tortillas, monterey jack, olive oil]",burrito
Italian-beef-burritos-298791,Italian Beef Burritos,4,1200.0,"[Lunch and Snacks, Main Dishes]",[Mexican],"[ground beef, chili powder, chunky pasta sauce, regular or convert rice, flour tortillas, shredded mozzarella cheese]",burrito
Easy-Breakfast-Burritos-1290893,Easy Breakfast Burritos,3,2100.0,[Breakfast and Brunch],,"[eggs, Old El Paso™ chopped green chiles, milk, breakfast sausage links, brown hash potato, Old El Paso Flour Tortillas, Mexican cheese blend]",burrito
Super-Simple-Burritos-1371524,Super Simple Burritos,4,1800.0,[Main Dishes],[Mexican],"[ground beef, sea salt, shredded cheese, salsa, whole wheat tortillas, pinto beans, chopped onion, chili powder, olives, sweet corn]",burrito
Breakfast-Burrito-Martha-Stewart-195693,Breakfast Burrito,4,900.0,[Breakfast and Brunch],"[American, Mexican]","[flour tortillas, large eggs, large egg whites, coarse salt, olive oil, pepper jack, pepper sauce]",burrito
Chipotle-Bean-Burritos-MyRecipes-247047,Chipotle Bean Burritos,5,1800.0,[Main Dishes],"[Southwestern, American]","[canola oil, garlic cloves, chipotle chile powder, salt, water, black beans, kidney beans, salsa, flour tortillas, Mexican cheese blend, plum tomatoes, romaine lettuce, sliced green onions, light sour cream]",burrito
How-to-Make-Taco-Bell_s-Burrito-Supreme-1370554,How to Make Taco Bell's Burrito Supreme,3,2100.0,[Main Dishes],[Mexican],"[lean ground beef, chili powder, ground cumin, salt, freshly ground pepper, minced onion, paprika, garlic powder, onion powder, flour, water, large flour tortillas, refried beans, mild salsa, sour cream, shredded cheddar cheese, shredded lettuce, medium tomatoes, white onion]",burrito
Chicken_-Bean_-and-Cheese-Burritos-634139,"Chicken, Bean, and Cheese Burritos",3,1500.0,[Main Dishes],[Kid-Friendly],"[pinto beans, chicken, shredded cheese, salsa verde, tortillas]",burrito
Easy-Chicken-Burritos-_Perfect-for-the-Freezer__-1371422,Easy Chicken Burritos (Perfect for the Freezer!),4,2100.0,[Main Dishes],,"[whole wheat tortillas, cooked chicken, shredded cheese, salsa, sea salt, chili powder]",burrito
Bean-Burritos-Martha-Stewart,Bean Burritos,4,3600.0,[Main Dishes],"[American, Mexican]","[rice, olive oil, onions, garlic cloves, jalapeno chilies, ground cumin, coarse salt, ground pepper, tomato paste, pinto beans, corn kernels, scallions, large flour tortillas, shredded Monterey Jack cheese, salsa, sour cream]",burrito
Baked-Black-Bean-and-Avocado-Burritos-1078083,Baked Black Bean and Avocado Burritos,4,2100.0,[Main Dishes],[Mexican],"[chipotles in adobo, regular sour cream, low sodium black beans, corn kernels, avocado, flour tortillas, salsa, cheddar cheese]",burrito
Campfire-Breakfast-Burritos-1234639,Campfire Breakfast Burritos,3,2100.0,[Breakfast and Brunch],,"[flour tortillas, eggs, hash brown, pepper jack, sausages]",burrito
Easy-Breakfast-Burrito-982363,Easy Breakfast Burrito,4,900.0,[Breakfast and Brunch],,"[whole wheat tortillas, eggs, pico de gallo, sour cream, shredded cheddar cheese, guacamole, salsa]",burrito
Dan_s-chipotle-rice-burritos-299234,Dan's Chipotle Rice Burritos,4,1200.0,"[Lunch and Snacks, Main Dishes]",[Mexican],"[Knorr® Fiesta Sides Spanish Rice, water, I Can't Believe It's Not Butter!® Spread, red kidney beans, shredded Monterey Jack cheese, flour tortillas, chopped cilantro fresh, chipotles in adobo]",burrito
Burrito-Pie-1284319,Burrito Pie,4,3300.0,[Main Dishes],,"[ground beef, onions, taco seasoning, large flour tortillas, refried beans, cream of mushroom soup, sour cream, shredded cheddar cheese, green onions]",burrito
Taco-Bell-Chicken-Burrito-1302786,Taco Bell Chicken Burrito,4,3900.0,[Main Dishes],[Mexican],"[boneless skinless chicken breasts, olive oil, tomato sauce, white vinegar, garlic cloves, chili powder, ground cumin, oregano, sugar, salt, pepper, butter, long grain white rice, chicken broth, ground black pepper, lime, chopped cilantro, cumin, ranch dressing, buttermilk, avocado, sour cream, shredded cheddar cheese, flour tortillas]",burrito
Breakfast-Burritos-Allrecipes_1,Breakfast Burritos,5,1200.0,"[Breakfast and Brunch, Lunch and Snacks]","[American, Mexican, Southwestern]","[bacon, eggs, salt, pepper, flour tortillas, shredded cheddar cheese, green onions]",burrito
Cheesy-Chicken-and-Black-Bean-Burritos-498013,Cheesy Chicken and Black Bean Burritos,4,1200.0,[Main Dishes],"[American, Mexican, Southwestern]","[canola oil, chopped onion, rotisserie chicken, ground cumin, garlic, salt, black beans, flour tortillas, pepper jack, cooking spray, salsa, pico de gallo, cream]",burrito
Wet-Burritos-1101259,Wet Burritos,4,2400.0,[Main Dishes],[Mexican],"[ground beef, onions, garlic cloves, cumin, salt, chili powder, oregano, pepper, bell pepper, green chilies, refried beans, chili, condensed tomato soup, enchilada sauce, flour tortillas, sharp cheddar cheese, shredded lettuce, tomatoes]",burrito
Sweet-Potato-Bean-Burritos-1248930,Sweet Potato Bean Burritos,4,5400.0,[Main Dishes],[Southwestern],"[sweet potatoes, vegetable oil, onions, garlic, kidney beans, black beans, water, chili powder, soy sauce, prepared mustard, ground cumin, cayenne pepper, large flour tortillas, shredded cheddar cheese, jack cheese, sour cream, salsa, guacamole, cilantro, green onions]",burrito
Recipe-For-Chipotle-Burritos-_Copycat_-1235049,Recipe For Chipotle Burritos (Copycat),3,1500.0,[Main Dishes],"[Southwestern, Mexican]","[chicken, cumin, garlic, sweet onion, salt, pepper, diced tomatoes, diced red onions, jalapeno chilies, cooked rice, lemon juice, lime juice, cilantro, black beans, sour cream, guacamole, flour tortillas]",burrito
Butternut-Squash_-Kale_-and-Gouda-Breakfast-Burritos-1378325,"Butternut Squash, Kale, and Gouda Breakfast Burritos",4,2700.0,[Breakfast and Brunch],,"[butter oil, yellow onion, garlic, butternut squash, crimini mushrooms, kale, large eggs, milk, butter, shredded gouda cheese, whole wheat tortillas]",burrito
California-Burritos-1321353,California Burritos,4,2700.0,[Main Dishes],,"[sirloin steak, olive oil, lime, white vinegar, garlic cloves, jalapeno chilies, cilantro leaves, salt, black pepper, chopped tomatoes, purple onion, cilantro, pepper, flour tortillas, shredded sharp cheddar cheese, french fries, shredded lettuce, sour cream]",burrito
Frozen-Healthy-Breakfast-Burritos-625907,Frozen Healthy Breakfast Burritos,3,2400.0,[Breakfast and Brunch],,"[eggs, skim milk, red pepper, green pepper, onions, turkey sausage, reduced fat cheddar cheese, whole wheat tortillas]",burrito
Breakfast-Burrito-1018914,Breakfast Burrito,4,2100.0,[Breakfast and Brunch],"[Southwestern, Mexican]","[flour tortillas, eggs, bacon, pepper jack, green onions, onions, mushrooms, jack cheese, guacamole, salsa, sour cream, olive oil, pepper, salt, cayenne pepper, chili powder, ground cumin, cilantro, diced tomatoes]",burrito
Make-Ahead-Freezable-Breakfast-Burritos-1330151,Make-Ahead Freezable Breakfast Burritos,4,2400.0,[Breakfast and Brunch],,"[olive oil, turkey breakfast sausage, red bell pepper, sweet onion, large tomato, eggs, pepper, low-fat shredded cheddar cheese, whole wheat tortillas]",burrito
Copycat-Steak-Burritos-1304965,Copycat Steak Burritos,4,2700.0,[Main Dishes],"[Barbecue, Mexican]","[dried oregano, ground cumin, garlic powder, onion powder, ancho powder, cayenne pepper, ground black pepper, kosher salt, skirt steak, vegetable oil, roma tomatoes, diced red onions, jalapeno chilies, chopped cilantro fresh, cooked brown rice, fresh lime juice, flour tortillas, low sodium black beans, sour cream]",burrito
Pan-Roasted-Homemade-Breakfast-Burritos-1327410,Pan Roasted Homemade Breakfast Burritos,4,2400.0,[Breakfast and Brunch],,"[large flour tortillas, eggs, breakfast sausages, yukon gold potatoes, sweet onion, Mexican cheese, lacinato kale, cream of mushroom soup, extra-virgin olive oil, sea salt, black peppercorns, sour cream, Sriracha, Anaheim chile]",burrito
Seven-Layer-Burritos-1332966,Seven Layer Burritos,4,1200.0,[Main Dishes],,"[flour tortillas, refried beans, uncle bens, shredded cheddar cheese, shredded lettuce, diced tomatoes, sour cream, guacamole]",burrito
Addicting-Sweet-Potato-and-Black-Bean-Freezer-Burritos-1323947,Addicting Sweet Potato and Black Bean Freezer Burritos,4,2400.0,,,"[sweet potatoes, black beans, onions, pepper, garlic salt, cumin, spices, jack cheese, green onions, sour cream, flour tortillas]",burrito
Mexican-Breakfast-Burritos-684311,Mexican Breakfast Burritos,4,1500.0,[Breakfast and Brunch],"[Southwestern, Mexican]","[eggs, salsa, black beans, corn, diced tomatoes, chopped cilantro fresh, cumin, salt, lime, cheddar cheese, flour tortillas]",burrito
Microwave-Egg-_-Cheese-Breakfast-Burrito-496686,Microwave Egg & Cheese Breakfast Burrito,4,180.0,[Breakfast and Brunch],,"[flour tortillas, eggs, Mexican cheese blend, salsa]",burrito
Southwest-Breakfast-Burritos-1042724,Southwest Breakfast Burritos,4,2100.0,[Breakfast and Brunch],,"[tortillas, eggs, grating cheese, bacon, sausage links, potatoes]",burrito
Bacon-Chili-Dog-Burrito-1059222,Bacon Chili Dog Burrito,4,900.0,[Main Dishes],,"[hot dogs, bacon, jack cheese, chili, flour tortillas, butter]",burrito
Breakfast-Burritos-1068051,Breakfast Burritos,4,1500.0,[Breakfast and Brunch],,"[flour tortillas, eggs, chorizo sausage, cheddar cheese]",burrito
Black-bean-and-rice-freezer-burritos-365074,Black Bean and Rice Freezer Burritos,5,1800.0,[Main Dishes],[Mexican],"[rice, black beans, taco seasoning, pepper jack, monterey jack, tortillas]",burrito
Breakfast-Burrito-Bites-1317059,Breakfast Burrito Bites,4,1200.0,[Breakfast and Brunch],,"[chopped bell pepper, olive oil, eggs, water, whole wheat tortillas]",burrito
Veggie-Fajita-Burritos-1097941,Veggie Fajita Burritos,4,2400.0,[Main Dishes],"[Southwestern, Mexican]","[jasmine, chopped cilantro, lime, red bell pepper, green bell pepper, white onion, salt, black beans, green chile, cumin, garlic powder, shredded cheddar cheese, sour cream, guacamole, salsa, flour tortillas, lime wedges]",burrito
Chicken-Burritos-MyRecipes-232755,Chicken Burritos,4,3000.0,"[Lunch and Snacks, Main Dishes]",,"[boneless skinless chicken breasts, salsa, sour cream, flour tortillas, cream of chicken soup, Mexican cheese blend, chopped tomatoes, sliced green onions]",burrito
Breakfast-Burrito-1267938,Breakfast Burrito,4,780.0,[Breakfast and Brunch],,"[Flatout® Flatbreads, egg whites, baby spinach leaves, canned black beans, fat free feta cheese, sun-dried tomatoes, salt, pepper]",burrito
Skinny-Burrito-Bowls-1367312,Skinny Burrito Bowls,4,1500.0,[Main Dishes],,"[diced onions, lean ground turkey, brown rice, low sodium chicken broth, salsa, taco seasoning, black beans, corn kernels, diced tomatoes, sea salt, ground pepper, cheddar cheese, fresh chives]",burrito
Breakfast-Burrito-1360838,Breakfast Burrito,4,2700.0,[Breakfast and Brunch],,"[chorizo sausage, eggs, potatoes, white onion, cheese, parsley, butter, tortillas, salsa, salt, pepper]",burrito
Grilled-Burritos-1064168,Grilled Burritos,4,1500.0,[Main Dishes],,"[ground beef, taco seasoning, tortillas, refried beans, tomatoes, shredded lettuce, sour cream, colby jack cheese, guacamole]",burrito
Easy-Meal-Burritos-995586,Easy Meal Burritos,3,1800.0,[Main Dishes],,"[yellow rice, black beans, flour tortillas, salsa, Sargento® Traditional Cut Shredded 4 Cheese Mexican]",burrito
Easy-Pressure-Cooker-Chile-Colorado-Smothered-Burritos-1163446,Easy Pressure Cooker Chile Colorado Smothered Burritos,4,3000.0,[Main Dishes],,"[rump roast, enchilada sauce, beef stock cubes, water, large flour tortillas, shredded cheese]",burrito
Tasty-burritos-370122,Tasty Burritos,4,1200.0,[Main Dishes],,"[ground beef, taco seasoning, refried beans, flour tortillas, shredded colby, canola oil, sour cream]",burrito
The-Thanksgiving-Burrito-1355607,The Thanksgiving Burrito,4,2100.0,[Main Dishes],,"[cranberries, apples, garlic, lime, honey, purple onion, salt, stuffing, pinto beans, squash, pepper, onions, turkey, corn salsa, cheese, sour cream]",burrito
Heart-Healthy-Burrito-Allrecipes,Heart Healthy Burrito,4,780.0,,,"[flour tortillas, grilled chicken strips, brown rice, broccoli, cheddar cheese]",burrito
Sweet-Potato-and-Black-Bean-Burritos-1155390,Sweet Potato and Black Bean Burritos,3,1800.0,[Main Dishes],,"[olive oil, sweet potatoes, purple onion, kosher salt, pepper, black beans, chipotle peppers, spinach, monterey jack, large flour tortillas, low-fat sour cream, fresh lime juice, romaine lettuce]",burrito
Copycat-Chipotle-Chicken-Burrito-974469,Copycat Chipotle Chicken Burrito,4,3900.0,[Main Dishes],[Mexican],"[flour tortillas, boneless skinless chicken breasts, tenderloin, chili beans, black beans, sour cream, roma tomatoes, romaine lettuce, lime, cilantro, salt, black pepper, cumin, chili powder, garlic, oregano, onions, oil, butter, jalapeno chilies, guacamole, hot sauce, salsa]",burrito
Chile-Colorado-Burritos-1372189,Chile Colorado Burritos,3,23700.0,[Main Dishes],,"[boneless beef chuck roast, enchilada sauce, beef bouillon granules, refried beans, flour tortillas, monterey jack, green onions]",burrito
Crispy-Chipotle-Tofu-and-Black-Bean-Burritos-1322110,Crispy Chipotle Tofu and Black Bean Burritos,4,1500.0,[Main Dishes],[Southwestern],"[olive oil, small yellow onion, red bell pepper, garlic, chipotle, reduced sodium black beans, chili powder, cumin, cilantro, black pepper, kosher salt, low sodium vegetable broth, whole wheat tortillas, cooked quinoa, Haas avocados, reduced fat Mexican cheese, salsa, greek yogurt]",burrito
Bean-Burritos-1077793,Bean Burritos,4,2700.0,,"[Southwestern, Mexican]","[cooked brown rice, canola oil, onions, garlic cloves, jalapeno chilies, chili powder, ground cumin, tomato paste, low sodium black beans, low sodium pinto beans, water, frozen sweet corn, chopped cilantro fresh, flour tortillas, shredded reduced fat cheddar cheese]",burrito
Crunchy-Taco-Burritos-1290912,Crunchy Taco Burritos,3,2400.0,[Main Dishes],,"[ground beef, water, milk, Hamburger Helper, Old El Paso Flour Tortillas, sliced green onions, large tomato]",burrito
Breakfast-Burrito-Martha-Stewart-197395,Breakfast Burrito,4,2100.0,[Breakfast and Brunch],[Mexican],"[flour tortillas, chorizo sausage, large eggs, monterey jack, prepar salsa, hot sauce]",burrito
Black-bean-and-avocado-burritos-with-jicama-cucumber-slaw-348339,Black Bean and Avocado Burritos with Jicama-Cucumber Slaw,4,1500.0,,,"[extra-virgin olive oil, black beans, garlic, salt, pepper, large flour tortillas, avocado, shredded Monterey Jack cheese, fresh lemon juice, english cucumber, jicama]",burrito
Best-Burritos-Allrecipes,Best Burritos,4,1200.0,,"[Mexican, Kid-Friendly]","[flour tortillas, vegetarian refried beans, American cheese, ground black pepper, low-fat sour cream, hot pepper sauce]",burrito
Everyones-Favorite-Taco-Bell-Burritos-1280018,Everyone’s Favorite Taco Bell Burritos,3,3000.0,[Main Dishes],[Mexican],"[steak, taco seasoning, salsa, refried beans, flour tortillas, enchilada sauce, sour cream, shredded lettuce, shredded mild cheddar cheese, tomatoes, yellow onion]",burrito
Brown-Rice-and-Black-Bean-Burrito-750761,Brown Rice and Black Bean Burrito,3,1800.0,[Main Dishes],[Southwestern],"[brown rice, vegetable oil, onions, garlic cloves, chili powder, ground cumin, black beans, green bell pepper, flour tortillas, green onions, cheddar cheese, light sour cream, salsa]",burrito
Paleo-Breakfast-Burritos-1274226,Paleo Breakfast Burritos,4,900.0,[Breakfast and Brunch],,"[eggs, salt, garlic powder, cheese, avocado oil, luncheon meat]",burrito
Breakfast-Burrito-1043251,Breakfast Burrito,4,2100.0,[Breakfast and Brunch],,"[rolls, bacon, eggs, Potatoes O'Brien, green onions, shredded cheddar cheese, flour tortillas, salsa]",burrito
Steak-Burritos-TasteOfHome,Steak Burritos,5,29700.0,[Main Dishes],[Mexican],"[flank steak, taco seasoning, onions, green chilies, vinegar, flour tortillas, shredded Monterey Jack cheese, plum tomatoes, sour cream]",burrito
Spanish-Rice-and-Beef-Burritos-1249245,Spanish Rice and Beef Burritos,4,1800.0,[Main Dishes],,"[lean ground beef, water, Knorr® Fiesta Sides Spanish Rice, Mexican cheese blend, large flour tortillas, black beans, guacamole, pico de gallo, cilantro]",burrito
Bean-Burritos-MyRecipes-237427,Bean Burritos,3,,[Main Dishes],"[American, Mexican]","[refried beans, salsa, long-grain rice, shredded cheddar cheese, flour tortillas]",burrito
Chipotle-Bacon-Egg-and-Cheese-Burritos-1349012,Chipotle Bacon Egg and Cheese Burritos,4,600.0,[Breakfast and Brunch],,"[eggs, butter, tortillas, bacon, chipotle peppers, adobo sauce, shredded cheddar cheese]",burrito
Burrito-BLT-Wraps-1290780,Burrito BLT Wraps,3,900.0,[Lunch and Snacks],,"[bacon, lettuce, shredded cheddar cheese, large tomato, mayonnaise, Old El Paso Flour Tortillas]",burrito
Spicy-Pork-Bulgogi-and-Beans-Burrito-Closet-Cooking-54960,Spicy Pork Bulgogi and Beans Burrito,5,1800.0,[Main Dishes],,"[pork, refried beans, kimchi, cheddar cheese, salsa, tortillas]",burrito
Easy-Breakfast-Burritos-1315644,Easy Breakfast Burritos,4,1800.0,[Breakfast and Brunch],,"[tater tots, eggs, large flour tortillas, shredded cheese, green pepper, tomatoes, chopped ham, crumbled bacon, sour cream, salsa, hot sauce, pickled jalapenos]",burrito
Fully-Loaded-Vegan-Burritos-1369575,Fully Loaded Vegan Burritos,3,6300.0,[Main Dishes],[Mexican],"[pinto beans, olive oil, white onion, poblano, red bell pepper, garlic, salt, chili powder, ground cumin, lime juice, red pepper flakes, flour tortillas, green onions, cream, queso blanco, hot sauce, avocado, salsa, guacamole, yellow onion, basmati rice, low sodium vegetable broth, chopped cilantro]",burrito
Breakfast-Burrito-with-Tofu-1347213,Breakfast Burrito with Tofu,3,2400.0,[Breakfast and Brunch],,"[spanish onion, garlic, canola oil, potatoes, salt, ground black pepper, firm tofu, flour tortillas, refried beans, monterey jack, tomato salsa]",burrito
Spicy-Bean-Burritos-1175894,Spicy Bean Burritos,4,1200.0,[Main Dishes],"[Southwestern, Mexican]","[canola oil, garlic, chili powder, ground cumin, salt, pepper, water, black beans, pinto beans, salsa, flour tortillas, shredded cheese, diced tomatoes, romaine lettuce, green onions, sour cream]",burrito
Smothered-Beef-Burritos-1273875,Smothered Beef Burritos,4,2400.0,[Main Dishes],[Southwestern],"[chicken stock, serrano peppers, sour cream, mushrooms, tomato paste, chili powder, cumin, garlic powder, onion powder, cilantro, flour, hamburger, black beans, cooked rice, flour tortillas, salt, pepper, shredded lettuce, diced tomatoes, diced onions, shredded cheese]",burrito
Taco-Bell-Chili-Cheese-Burrito-1198183,Taco Bell Chili Cheese Burrito,4,3900.0,[Main Dishes],[Mexican],"[refried beans, ground beef, shredded cheddar cheese, tomato paste, water, cayenne pepper, chili powder, salt, corn starch, cold water, white vinegar, minced onion, jalapeno chilies, flour tortillas]",burrito
Kid_friendly-Taco_burritos-Allrecipes,Kid-Friendly Taco-Burritos,4,1500.0,,"[Kid-Friendly, Mexican]","[large flour tortillas, green onions, tomatoes, sliced black olives, lettuce leaves, avocado, refried beans, onion flakes, dried minced garlic, salt, ground cumin, chili powder, dried oregano, water, shredded cheddar cheese, sour cream]",burrito
Breakfast-Burrito-1292398,Breakfast Burrito,3,600.0,[Breakfast and Brunch],,"[whole wheat tortillas, eggs, egg whites, lettuce, fat-free refried beans, reduced fat cheddar cheese, salsa]",burrito
Chorizo-and-egg-white-breakfast-burrito-352464,Chorizo and Egg White Breakfast Burrito,5,,[Breakfast and Brunch],[Mexican],"[chorizo, red wine vinegar, large egg whites, large eggs, pepper, salt, wheat]",burrito
Breakfast-Burrito-839390,Breakfast Burrito,4,600.0,[Breakfast and Brunch],,"[olive oil spray, veggies, eggs, turkey bacon, shredded cheddar cheese, chopped parsley, tortillas, salsa]",burrito
Chipotle-Bean-Burritos-1076064,Chipotle Bean Burritos,3,1800.0,[Main Dishes],[Mexican],"[canola oil, garlic cloves, chipotle chile powder, salt, water, black beans, kidney beans, salsa, flour tortillas, Mexican cheese blend, plum tomatoes, romaine lettuce, sliced green onions, light sour cream]",burrito
Shrimp-Burritos-Allrecipes,Shrimp Burritos,5,2400.0,[Main Dishes],[Mexican],"[vegetable oil, chopped onion, long grain white rice, cumin, garlic salt, chicken broth, diced tomatoes, refried beans, ground black pepper, cooked shrimp, minced garlic, plain yogurt, mayonnaise, chipotles in adobo, flour tortillas, shredded cheddar cheese, salsa]",burrito
Sausage-and-Egg-Breakfast-Burritos-1223731,Sausage and Egg Breakfast Burritos,4,2100.0,[Breakfast and Brunch],,"[breakfast sausages, eggs, milk, salsa, cheese, flour tortillas]",burrito
Ultimate-Breakfast-Burritos-1226942,Ultimate Breakfast Burritos,4,3000.0,[Breakfast and Brunch],[Barbecue],"[bacon, eggs, butter, hash brown, flour tortillas, jalapeno chilies, cheddar cheese, salsa]",burrito
Chicken-_-Rice-Burrito-1330832,Chicken & Rice Burrito,4,2100.0,[Main Dishes],,"[uncle bens, tortillas, cooked chicken, shredded cheese, green onions, bell pepper, black beans, cumin, chili powder, oregano, garlic powder, water, salt, tomatoes]",burrito
Squash-and-Zucchini-Burritos-AllRecipes-40249,Squash and Zucchini Burritos,5,3600.0,,[Southwestern],"[olive oil, onions, garlic, zucchini, yellow squash, red bell pepper, black beans, salsa verde, ground cumin, ground cayenne pepper, shredded cheese, large flour tortillas]",burrito
Best-Ever-Burritos-For-Two-1313669,Best-Ever Burritos For Two,3,2400.0,,,"[ground crumbles, fresh veget, reduced sodium vegetable broth, chili powder, KRAFT Mexican Style 2% Milk Finely Shredded Four Cheese, chopped cilantro fresh, whole wheat tortillas]",burrito
Spicy-Bean-and-Rice-Burritos-752019,Spicy Bean and Rice Burritos,3,1500.0,[Main Dishes],"[Southwestern, Mexican]","[canola oil, garlic, chili powder, pepper, sauce, chipotles in adobo, ground cumin, cayenne pepper, pinto beans, black beans, water, brown rice, salsa, tortillas, shredded cheese, shredded lettuce, green onions, fat free greek yogurt]",burrito
Campfire-Breakfast-Burritos-638900,Campfire Breakfast Burritos,4,2100.0,[Breakfast and Brunch],,"[tortillas, eggs, turkey breakfast sausage, green onions, cheddar cheese]",burrito
Healthy-Breakfast-Burritos-496320,Healthy Breakfast Burritos,5,2100.0,[Breakfast and Brunch],,"[potatoes, onions, tomatoes, green bell pepper, jalapeno chilies, eggs, olive oil, salt, pepper, tortillas]",burrito
Turkey-Burritos-With-Salsa-And-Cilantro-Epicurious,Turkey Burritos with Salsa and Cilantro,5,2400.0,[Main Dishes],,"[olive oil, purple onion, bell pepper, turkey meat, salsa, ground cumin, cheese, chopped cilantro fresh, large flour tortillas]",burrito
Crockpot-Breakfast-Burritos-1285763,Crockpot Breakfast Burritos,4,29400.0,[Breakfast and Brunch],,"[eggs, red potato, milk, diced ham, salt]",burrito
Make-Ahead-Breakfast-Burritos-1290915,Make-Ahead Breakfast Burritos,3,31200.0,[Breakfast and Brunch],,"[pork sausages, green onions, eggs, butter, Old El Paso Flour Tortillas, shredded cheddar cheese, Old El Paso™ Thick 'n Chunky salsa, sour cream]",burrito
Tequila-Lime-Chicken-and-Black-Bean-Burritos-982844,Tequila Lime Chicken and Black Bean Burritos,4,48600.0,[Main Dishes],[Mexican],"[boneless skinless chicken breasts, tequila, olive oil, lime juice, salt, pepper, lime, tortillas, tomatoes, black beans, sweet corn, shredded lettuce, guacamole, cilantro]",burrito
Bean-and-Cheese-Burritos-1289990,Bean and Cheese Burritos,4,4200.0,[Main Dishes],"[Southwestern, Mexican]","[oil, onions, pickled jalapenos, chili powder, cumin, salt, pepper, pinto beans, pickling liquid, diced green chilies, salsa, chopped cilantro fresh, shredded cheese, flour tortillas, fresh tomatoes, scallions, sour cream]",burrito
Beef-and-Chipotle-Burritos-623112,Beef and Chipotle Burritos,3,1200.0,[Main Dishes],[Mexican],"[boneless beef round steak, low sodium diced tomatoes, chopped onion, chile pepper, dried oregano, garlic, salt, ground cumin, whole wheat tortillas, shredded reduced fat cheddar cheese, salsa, tomatoes, finely chopped onion, fresh cilantro, serrano peppers, jicama, radishes]",burrito
Breakfast-Burritos-1004055,Breakfast Burritos,4,2400.0,[Breakfast and Brunch],,"[chorizo, large eggs, milk, tortillas, sour cream, salsa, cheese, hot sauce]",burrito
Creamy-Turkey-Burritos-1232380,Creamy Turkey Burritos,3,1200.0,[Main Dishes],,"[cooked turkey, non-fat sour cream, Old El Paso™ taco seasoning mix, reduced fat sharp cheddar cheese, Old El Paso Flour Tortillas]",burrito
Breakfast-Burritos-1106584,Breakfast Burritos,4,1200.0,[Breakfast and Brunch],,"[tortillas, cheddar cheese, potatoes, breakfast sausages, eggs]",burrito
The-Great-Burrito-Stack-1349630,The Great Burrito Stack,3,4080.0,,,"[refried beans, TACO BELL® Thick & Chunky Medium Salsa, canned black beans, chili powder, whole wheat tortillas, KRAFT Shredded Three Cheese with a TOUCH OF PHILADELPHIA, frozen corn, green onions, cherry tomatoes, Knudsen Sour Cream]",burrito
Black-Bean-and-Avocado-Breakfast-Burritos-1264200,Black Bean and Avocado Breakfast Burritos,4,900.0,[Breakfast and Brunch],"[Southwestern, Mexican]","[tortillas, eggs, avocado, shredded cheddar cheese, seasoned black beans, salsa, olive oil, purple onion, red bell pepper, garlic, black beans, chili powder, oregano, cumin, chopped cilantro fresh, lime, salt, pepper]",burrito
Beef-and-Potato-Burritos-1053312,Beef and Potato Burritos,3,3000.0,[Main Dishes],[Mexican],"[baking potatoes, vegetable oil, ground beef, onions, jalapeno chilies, tomatoes with juice, ground cumin, paprika, coarse salt, flour tortillas, sour cream, iceberg lettuce, grated jack cheese, fresh cilantro, lime]",burrito
Breakfast-Burritos-1096350,Breakfast Burritos,3,1500.0,[Breakfast and Brunch],,"[ground pork sausage, Mexican cheese blend, diced tomatoes, eggs, flour tortillas]",burrito
Beef-Burritos-440629,Beef Burritos,5,2100.0,[Main Dishes],,"[vegetable oil, yellow onion, tri tip, jalapeno chilies, tomatoes, garlic cloves, beef bouillon, ground black pepper, salt, flour tortillas]",burrito
Frozen-Breakfast-Burritos-496004,Frozen Breakfast Burritos,4,2100.0,[Breakfast and Brunch],"[American, Mexican]","[bacon, eggs, salt, hot sauce, flour tortillas, shredded sharp cheddar cheese, salsa]",burrito
Black-Bean-Breakfast-Burrito-with-Plantains-and-Mango-Salsa-1078074,Black Bean Breakfast Burrito with Plantains and Mango Salsa,3,1800.0,[Breakfast and Brunch],,"[plantains, lime, black beans, mango salsa, flour tortillas]",burrito
MEGA-Breakfast-Burrito-1276153,MEGA Breakfast Burrito,4,1800.0,[Breakfast and Brunch],,"[tortillas, Mexican cheese blend, extra large eggs, bacon, Ore-Ida Crispy Crowns!, pinto beans, guacamole]",burrito
Bulgur-Kebab-Burritos-MyRecipes-212531,Bulgur Kebab Burritos,3,2700.0,"[Lunch and Snacks, Main Dishes]",[Mediterranean],"[butter, olive oil, bulgur, beaten eggs, feta cheese, crumbles, flour tortillas]",burrito
Chili-Cheese-Burritos-1289198,Chili Cheese Burritos,4,3000.0,[Main Dishes],,"[hamburger, kidney beans, diced tomatoes, shredded cheese, tortillas]",burrito
Protein-Quinoa-_-Bean-Burrito-Wrap-969343,Protein Quinoa & Bean Burrito Wrap,4,2700.0,[Lunch and Snacks],,"[quinoa, black beans, Mexican cheese, salsa, tortillas]",burrito
Pork-burritos-346764,Pork Burritos,4,1800.0,[Main Dishes],,"[vegetable oil, shiitake, baby bok choy, soy sauce, ground pork, sour cream, garlic chili sauce, flour tortillas, cooked white rice, sesame oil]",burrito
Smothered-Burritos-1273751,Smothered Burritos,4,2400.0,[Main Dishes],[Mexican],"[ground beef, onions, enchilada sauce, taco seasoning, refried beans, shredded cheddar cheese, tortillas, rice, salsa, sour cream]",burrito
Southwestern-Bean-Salad-1373976,Southwestern Bean Salad,4,600.0,,[Southwestern],"[pinto beans, kidney beans, corn, green chile, chicken, onions, salsa, chili powder, cumin]",burrito
Tasty-Breakfast-Burritos-Allrecipes,Tasty Breakfast Burritos,4,2400.0,[Breakfast and Brunch],[Mexican],"[pork sausages, eggs, chile pepper, flour tortillas, cheddar cheese, all-purpose flour, milk]",burrito
Ultimate-Breakfast-Burrito-1181156,Ultimate Breakfast Burrito,4,2100.0,[Breakfast and Brunch],,"[eggs, green bell pepper, jalapeno chilies, shallots, sausage links, mexican chorizo, potatoes, pinto beans, rice, shredded cheddar cheese, hot sauce, canola oil, unsalted butter, salt, cracked black pepper, large flour tortillas]",burrito
Sweet-Potato-Black-Bean-Burritos-1330934,Sweet Potato Black Bean Burritos,4,3300.0,[Main Dishes],,"[sweet potatoes, olive oil, onions, garlic cloves, diced green chilies, cumin, coriander, black beans, cilantro leaves, lime juice, kosher salt, Kerrygold Aged Cheddar Cheese, flour tortillas]",burrito
No-Bull-Burritos-Allrecipes,No Bull Burritos,4,900.0,[Main Dishes],[Mexican],"[ground beef, garlic powder, dried oregano, refried beans, flour tortillas, Mexican cheese blend, prepar salsa]",burrito
Easy-Freezer-Breakfast-Burritos-1257661,Easy Freezer Breakfast Burritos,4,900.0,[Breakfast and Brunch],,"[deli ham, whole wheat tortillas, onions, shredded cheese, avocado, eggs, salt, pepper]",burrito
Breakfast-Burritos-1331343,Breakfast Burritos,4,900.0,[Breakfast and Brunch],,"[butter, eggs, water, Mexican cheese blend, whole wheat tortillas, chopped tomatoes, tomatoes, green onions]",burrito
Burrito-Bowl-1265609,Burrito Bowl,3,1500.0,,,"[baked tortilla chips, beans, romaine lettuce, chopped tomatoes, green onions, corn kernels, avocado, salsa]",burrito
Tri-Tip-Burrito-930462,Tri-Tip Burrito,4,1800.0,[Main Dishes],[Mexican],"[tri tip, black beans, refried beans, white rice, cilantro, sour cream, salsa, Mexican cheese, jalapeno chilies, tomatoes, flour tortillas]",burrito
Chicken-and-Black-Bean-Freezer-Burritos-1300230,Chicken and Black Bean Freezer Burritos,4,960.0,[Main Dishes],,"[tortillas, cooked chicken, cooked brown rice, black beans, salsa, mild cheddar cheese]",burrito
Grilled-Veggie-Burrito-622172,Grilled Veggie Burrito,3,3000.0,[Main Dishes],[Mexican],"[olive oil, long-grain rice, low sodium chicken broth, lime, chopped cilantro, zucchini, yellow squash, corn, salt, seasoned black beans, flour tortillas, onions, roma tomatoes, grated jack cheese, cilantro, hot sauce, sour cream, guacamole, salsa]",burrito
Southwest-Chicken-Burritos-1200746,Southwest Chicken Burritos,4,1800.0,[Main Dishes],[Southwestern],"[boneless skinless chicken breasts, taco seasoning, red pepper, onions, black beans, yellow corn, brown rice, cilantro leaves, flour tortillas, avocado, hot sauce, sour cream, salsa, lime, ranch dressing]",burrito
Breakfast-Burritos-Martha-Stewart,Breakfast Burritos,3,600.0,"[Lunch and Snacks, Breakfast and Brunch]","[Southwestern, American, Mexican]","[eggs, nonstick spray, red bell pepper, salsa, pepper jack, ground black pepper, coarse salt, whole wheat tortillas]",burrito
Beefy-Burritos-1063293,Beefy Burritos,3,2400.0,[Main Dishes],,"[crimini mushrooms, lean ground beef, canola oil, tex mex seasoning, dri leav thyme, dried leaves oregano, ground mustard, dried minced garlic, dried minced onion, reduced sodium refried beans, flour tortillas, spanish rice, shredded lettuce, salsa, guacamole, non-fat sour cream, cheddar cheese]",burrito
Frito-Pie-Burrito-1342825,Frito Pie Burrito,4,3600.0,[Main Dishes],[Mexican],"[ground beef, tomato sauce, water, all-purpose flour, chili powder, salt, pepper, onion powder, garlic powder, unsweetened cocoa powder, cumin, beans, tomatoes, diced red onions, jalapeno chilies, cilantro, lime, butter, garlic, corn starch, milk, cream cheese, sharp cheddar cheese, green chile, avocado, sour cream, tortillas, fritos]",burrito
Easy-Beef-Burrito-Skillet-1304532,Easy Beef Burrito Skillet,4,1500.0,[Main Dishes],,"[ground beef, taco seasoning, water, chunky salsa, black beans, Old El Paso Flour Tortillas, Mexican cheese blend, sour cream, sliced green onions]",burrito
Steak-_-Eggs-Breakfast-Burrito-1294685,Steak & Eggs Breakfast Burrito,3,1200.0,[Breakfast and Brunch],,"[Mission® Gluten Free Tortillas, sirloin steak, eggs, hash brown, cheddar cheese, smoky chipotle salsa, salt]",burrito
Burrito-Bowls-1369423,Burrito Bowls,3,1800.0,[Main Dishes],,"[cooked rice, cilantro, lime, vegan cheese, beans, shredded lettuce, tofu, corn salsa, guacamole, sour cream, oil, onions, garlic, green pepper, chili powder, oregano, cumin, salt, diced tomatoes, firm tofu]",burrito
Smoked-Salmon-Breakfast-Burrito-1096035,Smoked Salmon Breakfast Burrito,3,1200.0,[Breakfast and Brunch],,"[vegetable oil, large eggs, milk, kosher salt, pepper, chives, jalapeno chilies, diced tomatoes, smoked salmon, cream cheese, large flour tortillas, salsa]",burrito
Smothered-Burritos-1312046,Smothered Burritos,4,4200.0,[Main Dishes],,"[chili powder, ground cumin, onion powder, Mexican oregano, garlic powder, salt, chipotle chile powder, ground black pepper, ground beef, onions, garlic, mixed spice, tomato paste, unsalted beef stock, butter, flour, tomato sauce, sugar, black beans, rice, tortillas, colby jack cheese]",burrito
Breakfast-Burritos-Allrecipes,Breakfast Burritos,4,2100.0,[Breakfast and Brunch],,"[bacon, eggs, refried beans, shredded cheddar cheese, flour tortillas]",burrito
Southwest-Breakfast-Burritos-AllRecipes,Southwest Breakfast Burritos,4,3900.0,[Breakfast and Brunch],"[Southwestern, Mexican]","[eggs, milk, salt, butter, pork sausages, minced garlic, purple onion, tomatoes, chopped cilantro fresh, jalapeno chilies, taco seasoning, shredded cheddar cheese, flour tortillas]",burrito
Freezer-to-microwave-Breakfast-Burritos-1112998,Freezer-to-microwave Breakfast Burritos,4,3000.0,[Breakfast and Brunch],,"[italian sausage, baby spinach leaves, eggs, salt, pepper, mild cheddar cheese, large flour tortillas]",burrito
Country-Scrambled-Breakfast-Burritos-1295121,Country Scrambled Breakfast Burritos,3,1800.0,[Breakfast and Brunch],,"[turkey breakfast sausage, chopped onion, small red potato, eggs, flour tortillas, cheddar cheese]",burrito
Southwestern-Chicken-Burrito-772062,Southwestern Chicken Burrito,4,2400.0,,[Southwestern],"[olive oil, sweet onion, garlic, jalapeno chilies, red bell pepper, green chile, corn, black beans, cooked rice, chicken, chicken broth, cumin, ancho powder, smoked paprika, pepper, salt, cilantro, light sour cream, flour tortillas]",burrito
Black-Bean-Burritos-1221953,Black Bean Burritos,4,1500.0,[Main Dishes],[Southwestern],"[tortillas, olive oil, purple onion, chili powder, frozen corn, black beans, cooked rice, tomatoes, avocado, fresh cilantro, shredded cheddar cheese, green onions]",burrito
Breakfast-Nacho-Burritos-496270,Breakfast Nacho Burritos,5,3300.0,[Breakfast and Brunch],,"[onions, potatoes, ground beef, red bell pepper, green onions, tomatoes, eggs, olives, cheddar cheese, tortillas, salt, pepper]",burrito
Sweet-Potato-and-Spinach-Burrito-Naturally-Ella-58015,Sweet Potato and Spinach Burrito,5,1200.0,[Main Dishes],,"[tortillas, sweet potatoes, chipotle, olive oil, onions, green pepper, black beans, spinach, fresh cilantro, lime juice]",burrito
Super-bean-burritos-369509,Super Bean Burritos,5,3000.0,[Main Dishes],[Mexican],"[white rice, olive oil, onions, garlic, jalapeno chilies, cumin, salt, pepper, tomato paste, pinto beans, water, frozen corn, green onions, garlic powder, onion powder, flour tortillas, jack cheese]",burrito
Slow-Cooker-Southwestern-Breakfast-Burritos-1319289,Slow Cooker Southwestern Breakfast Burritos,4,22500.0,[Breakfast and Brunch],[Southwestern],"[black beans, tofu, scallions, green pepper, salsa, water, ground turmeric, ground cumin, chili powder, smoked paprika, black salt, salt, pepper, spinach leaves, whole wheat tortillas, avocado, shredded cheese]",burrito
Freakin_-Big-Burrito-1305322,Freakin' Big Burrito,4,1800.0,,,"[gluten, vegetarian refried beans, cheese, spanish rice, sour cream, guacamole, lettuce, tomatoes]",burrito
Veggie-Quinoa-Burritos-1083883,Veggie Quinoa Burritos,4,3900.0,[Main Dishes],[Mexican],"[onions, jalapeno chilies, quinoa, garlic, vegetable broth, low-fat sour cream, chopped cilantro fresh, lime juice, chili pepper, frozen corn, shredded zucchini, chopped tomatoes, wheat, pepper jack, salsa, guacamole]",burrito
Black-Bean-and-Quinoa-Freezer-Burritos-608950,Black Bean and Quinoa Freezer Burritos,3,1800.0,[Main Dishes],[Southwestern],"[canola oil, yellow onion, garlic, jalapeno chilies, red bell pepper, zucchini, corn kernels, tomatoes, cooked quinoa, black beans, ground cumin, hot smoked paprika, chile powder, salt, cilantro, cheese, whole wheat tortillas]",burrito
Burrito-Casserole-1289454,Burrito Casserole,4,2400.0,[Main Dishes],[Mexican],"[fajita size flour tortillas, refried beans, canola oil, purple onion, ground beef, salsa, jalapeno chilies, cheddar cheese]",burrito
Breakfast-Burritos-986393,Breakfast Burritos,3,1800.0,[Breakfast and Brunch],,"[flour tortillas, butter, brown hash potato, garlic, ground cumin, bacon, eggs, milk, salt, ground black pepper, chile pepper, shredded Monterey Jack cheese, salsa verde]",burrito
Bacon-and-Eggs-Breakfast-Burritos-1289079,Bacon and Eggs Breakfast Burritos,4,1500.0,[Breakfast and Brunch],,"[tortilla wraps, bacon, eggs, salsa, shredded cheese]",burrito
Bean-and-Cheese-Burritos-Martha-Stewart-191439,Bean and Cheese Burritos,4,1800.0,[Main Dishes],[Kid-Friendly],"[long grain white rice, low sodium chicken broth, refried beans, flour tortillas, sour cream, shredded cheddar cheese, romaine lettuce, salsa]",burrito
Burrito-Bowl-_Whole30-Friendly_-1366233,Burrito Bowl (Whole30-Friendly),4,2100.0,[Main Dishes],,"[avocado oil, purple onion, bell pepper, ground chicken, rice, garlic powder, chili powder, salsa, avocado]",burrito
Cheesy-Burrito-Casserole-948775,Cheesy Burrito Casserole,4,2400.0,[Main Dishes],[Mexican],"[lean ground beef, onions, taco seasoning, flour tortillas, refried beans, Mexican cheese, condensed cream of mushroom soup, sour cream]",burrito
Freezable-Low-Carb-Breakfast-Burritos-_grain-free_-nut-free_-1378121,"Freezable Low Carb Breakfast Burritos (grain free, nut free)",4,600.0,[Breakfast and Brunch],,"[olive oil, onions, sweet pepper, breakfast sausages, eggs, cheddar cheese, baby spinach]",burrito
Cheesy-Sausage-Freezer-Breakfast-Burritos-1201225,Cheesy Sausage Freezer Breakfast Burritos,4,1200.0,[Breakfast and Brunch],,"[ground sausage, green pepper, large eggs, taco seasoning, shredded cheddar cheese, tortillas]",burrito
Make-Ahead_-Freezer-Friendly-Breakfast-Burritos-1352377,"Make-Ahead, Freezer-Friendly Breakfast Burritos",4,4200.0,[Breakfast and Brunch],,"[breakfast sausages, olive oil, yukon gold potatoes, yellow onion, green bell pepper, red bell pepper, salt, black pepper, garlic, large eggs, milk, italian seasoning, shredded cheese, flour tortillas, ranch dressing, sour cream, parsley]",burrito
Santa-Fe-Breakfast-Burrito-1058439,Santa Fe Breakfast Burrito,3,1500.0,[Breakfast and Brunch],,"[meal, rice, whole wheat tortillas, salsa]",burrito
Chicken-Burritos-1304876,Chicken Burritos,3,2400.0,[Main Dishes],,"[refried beans, flour tortillas, chicken breast strips, TACO BELL® Thick & Chunky Mild Salsa, KRAFT Shredded Cheddar Cheese]",burrito
Homemade-frozen-bean-and-veggie-burritos-371613,Homemade Frozen Bean and Veggie Burritos,4,3600.0,"[Lunch and Snacks, Main Dishes]",,"[sweet potatoes, olive oil, cumin, pepper, salt, corn, spinach, black beans, salsa, pepper jack, whole wheat tortillas, refried beans, flour tortillas, cheese]",burrito
Freezable-Breakfast-Burritos-1307314,Freezable Breakfast Burritos,4,2400.0,[Breakfast and Brunch],,"[olive oil, frozen potatoes, large eggs, salt, black pepper, breakfast sausages, bacon, green bell pepper, yellow bell pepper, red bell pepper, shredded cheese, flour tortillas]",burrito
Make-Ahead-Breakfast-Burritos-753020,Make Ahead Breakfast Burritos,3,31200.0,[Breakfast and Brunch],,"[pork sausages, green onions, eggs, butter, Old El Paso Flour Tortillas, shredded cheddar cheese, Old El Paso™ Thick 'n Chunky salsa, sour cream]",burrito
Taco-Bell-Cheesy-Potato-Burrito-1277874,Taco Bell Cheesy Potato Burrito,4,2400.0,[Main Dishes],,"[ground beef, taco seasoning, water, russet potatoes, olive oil, flour tortillas, sour cream, cheese dip]",burrito
Traditional-Beef-Burritos-AllRecipes-201338,Traditional Beef Burritos,5,2400.0,[Main Dishes],,"[lean ground beef, chopped onion, large garlic cloves, chili powder, ground cumin, taco sauce, black beans, flour tortillas, Daisy Sour Cream, Mexican cheese blend]",burrito
Chicken-Fajita-Burritos-1044356,Chicken Fajita Burritos,3,1800.0,[Main Dishes],[Mexican],"[coconut oil, onions, red bell pepper, green bell pepper, slice, sliced mushrooms, salt, pepper, black beans, cumin, lime, hot sauce, whole wheat tortillas, shredded Monterey Jack cheese, cooked chicken, salsa]",burrito
Chorizo-y-Papas-Breakfast-Burritos-1010400,Chorizo y Papas Breakfast Burritos,3,1200.0,[Breakfast and Brunch],,"[canola oil, russet potatoes, soy chorizo, extra large eggs, whole wheat tortillas, green onions]",burrito
Slow-cooked-chicken-burritos-303762,Slow-cooked Chicken Burritos,4,15300.0,[Main Dishes],,"[ragu old world style pasta sauc, boneless skinless chicken breast halves, black beans, mexicorn, chop green chilies, undrain, pitted olives, taco seasoning mix, shredded cheddar cheese, whole wheat tortillas]",burrito
Freezer-Friendly-Brown-Bag-Burritos-1032471,Freezer-Friendly Brown Bag Burritos,3,3600.0,[Main Dishes],,"[ground beef, refried beans, enchilada sauce, water, diced onions, taco seasoning, dried oregano, shredded cheddar cheese, flour tortillas]",burrito
Black-Bean-And-Artichoke-Burritos-Allrecipes,Black Bean and Artichoke Burritos,4,2400.0,[Main Dishes],[Mexican],"[black beans, vegetable oil, artichoke hearts, onions, garlic, flour tortillas, shredded sharp cheddar cheese, tomatoes]",burrito
7-Layer-Burrito-1041520,7 Layer Burrito,4,,,,"[flour tortillas, refried beans, cheddar cheese, sour cream, guacamole, tomatoes, lettuce, rice]",burrito
Egg_-Sausage-_-Cheddar-Breakfast-Burritos-1023782,"Egg, Sausage & Cheddar Breakfast Burritos",4,1200.0,[Breakfast and Brunch],,"[breakfast sausages, eggs, salt, pepper, cheddar cheese, flour tortillas]",burrito
To-Go-Burrito-552994,To Go Burrito,4,300.0,[Main Dishes],,"[flour tortillas, large eggs, pinto beans, pickled jalapenos, cheese, salsa, pepper, salt]",burrito
How-to-wrap-a-burrito-357820,How To Wrap a Burrito,5,2100.0,,,"[flour tortillas, vegetables, meat, potatoes, eggs, cilantro, avocado]",burrito
Mexican-Shredded-Beef-Breakfast-Burritos-1118593,Mexican Shredded Beef Breakfast Burritos,4,36300.0,[Breakfast and Brunch],[Mexican],"[beef shoulder roast, onions, minced garlic, salsa, unsalted butter, large eggs, milk, salt, pepper, large flour tortillas, beef, shredded cheddar cheese]",burrito
Bacon-Avocado-Burritos-TasteOfHome,Bacon Avocado Burritos,5,1800.0,[Breakfast and Brunch],[Mexican],"[eggs, flour tortillas, vegetable oil, shredded cheddar cheese, avocado, green onions, cooked bacon, salsa]",burrito
Abuelita_s-ropa-vieja-303233,Slow Cooker Shredded Beef Burritos,4,15300.0,[Main Dishes],[Cuban],"[beef brisket, vegetable oil, green bell pepper, flour tortillas, ragu old world style pasta sauc, Knorr® Beef flavored Bouillon Cube, garlic]",burrito
Corn_-Chayote_-and-Green-Chile-Burritos-624238,"Corn, Chayote, and Green Chile Burritos",3,2100.0,,[Mexican],"[vegetable oil, onions, chayotes, garlic, frozen corn kernels, canned black beans, diced green chilies, chopped cilantro, reduced fat monterey jack cheese, whole wheat tortillas, queso fresco, lime]",burrito
Italian-Sausage-Breakfast-Burrito-1312697,Italian Sausage Breakfast Burrito,3,1800.0,[Breakfast and Brunch],,"[canola oil, italian sausage, eggs, green onions, salt, pepper, fresh cilantro, cheddar cheese, flour tortillas, salsa]",burrito
PB_B-Burrito-477063,PB&B Burrito,4,900.0,[Lunch and Snacks],[Kid-Friendly],"[whole wheat tortillas, chunky peanut butter, bananas, plain yogurt, honey]",burrito
Ultimate-Breakfast-Burrito-1345524,Ultimate Breakfast Burrito,4,4500.0,[Breakfast and Brunch],,"[beef, butter, vegetable oil, garlic cloves, yellow onion, salt, pepper, chipotles in adobo, ground cumin, smoked paprika, chili powder, cinnamon, chuck roast, kosher salt, crushed tomatoes, eggs, tater tots, green onions]",burrito
Breakfast-Burritos-Epicurious-54688,Breakfast Burritos,5,1800.0,"[Lunch and Snacks, Breakfast and Brunch]","[Southwestern, American, Mexican]","[boiling potatoes, flour tortillas, mexican chorizo, large eggs, water, olive oil, monterey jack, avocado, salsa]",burrito
Chipotle-Steak-Burritos-969731,Chipotle Steak Burritos,4,3600.0,[Main Dishes],"[Southwestern, Mexican]","[chipotle peppers, adobo sauce, chile powder, cumin, dried oregano, onion powder, crushed red pepper flakes, pepper, kosher salt, garlic, olive oil, steak, basmati rice, cilantro, fresh lime juice, tortillas, pepper jack, cheddar cheese, black beans, guacamole, lettuce, salsa, sour cream]",burrito
Quick-breakfast-burrito-370189,Quick Breakfast Burrito,4,600.0,[Breakfast and Brunch],,"[flour tortillas, eggs, shredded cheese, salsa]",burrito
Black-bean-jalapeno-burritos-355664,Black Bean Jalapeno Burritos,3,2700.0,[Main Dishes],[Southwestern],"[black beans, onions, garlic cloves, red bell pepper, diced tomatoes, jalapeno chilies, lime juice, fresh cilantro, chili powder, olive oil, sea salt, cooked rice, flour tortillas]",burrito
Breakfast-Burritos-1082996,Breakfast Burritos,4,1500.0,[Breakfast and Brunch],,"[tortillas, large eggs, turkey sausage, shredded cheddar cheese, salt, pepper]",burrito
Quick-and-Easy-Chicken-Burritos-608180,Quick and Easy Chicken Burritos,3,600.0,[Main Dishes],,"[chicken, Mexican cheese blend, avocado, cilantro, tortillas, oil]",burrito
Beef-Burritos-and-BBQ-Sandwiches-1034900,Beef Burritos and BBQ Sandwiches,5,1800.0,"[Lunch and Snacks, Main Dishes]",,"[roast, beef, taco seasoning, bbq sauce, flour tortillas, hamburger buns]",burrito
Skinny-Burrito-in-a-Jar-969930,Skinny Burrito in a Jar,3,1500.0,,,"[salsa, black beans, reduced fat cheddar cheese, greek yogurt]",burrito
Sausage-and-Egg-Breakfast-Burrito-1186000,Sausage and Egg Breakfast Burrito,4,1200.0,[Breakfast and Brunch],,"[hot Italian sausages, white onion, garlic, sweet mini bells, jalapeno chilies, kosher salt, oregano, ground pepper, large flour tortillas, large eggs, butter, Sriracha]",burrito
Summer-Squash-Burritos-Allrecipes,Summer Squash Burritos,5,1500.0,,,"[olive oil, onions, summer squash, salt, flour tortillas, shredded cheddar cheese, tomatoes]",burrito
Vegan-Freezer-Burritos-1112695,Vegan Freezer Burritos,4,3000.0,[Main Dishes],,"[tortillas, cooked brown rice, chickpeas, vegan cheese, green onions, salsa]",burrito
Smothered-Burritos-1000066,Smothered Burritos,3,1500.0,[Main Dishes],,"[green enchilada sauce, salsa verde, ground beef, flour tortillas, shredded cheddar cheese]",burrito
Smothered-Chile-Colorado-Burritos-1332700,Smothered Chile Colorado Burritos,4,3300.0,[Main Dishes],,"[stew meat, red enchilada sauce, beef, refried beans, tortillas, shredded cheese]",burrito
Grilled-chicken-burritos-with-mango-salsa-347527,Grilled Chicken Burritos with Mango Salsa,5,3600.0,[Main Dishes],[Southwestern],"[extra-virgin olive oil, fresh lime juice, garlic, salt, boneless skinless chicken breasts, long grain white rice, chicken broth, tomato sauce, ground cumin, flour tortillas, black beans, shredded Monterey Jack cheese, mango, green chile, chopped cilantro]",burrito
Crispy-Black-Bean-Quinoa-Burritos-474423,Crispy Black Bean Quinoa Burritos,5,2100.0,[Main Dishes],,"[olive oil, yellow onion, garlic, red bell pepper, green bell pepper, black beans, sweet corn, chili powder, ground cumin, fresh cilantro, lime, black pepper, shredded cheddar cheese, flour tortillas, yoghurt]",burrito
Steak-Burrito-Bowl-1328068,Steak Burrito Bowl,4,1500.0,,,"[minute rice, water, lime juice, sea salt]",burrito
Easy-Money-Breakfast-Burritos-AllRecipes-37535,Easy Money Breakfast Burritos,5,3600.0,[Breakfast and Brunch],[Mexican],"[pork sausages, onions, butter, eggs, green chilies, processed cheese, salsa, large flour tortillas]",burrito
Healthy-Veggie-Burritos-1001815,Healthy Veggie Burritos,4,1500.0,[Main Dishes],,"[zucchini, purple onion, garlic, jalapeno chilies, olive oil, sea salt, cayenne pepper, chili powder, cumin, black beans, lettuce, guacamole, soya cheese, salsa, red pepper, lime]",burrito
Veggie-Burrito-Bowls-978324,Veggie Burrito Bowls,4,1500.0,[Main Dishes],,"[brown rice, sunflower oil, spring onions, garlic, bell pepper, cherry tomatoes, hot chili powder, smoked paprika, black beans, salt, black pepper, cheddar cheese, fresh coriander]",burrito
Burrito-Bowl-1032576,Burrito Bowl,4,3600.0,[Main Dishes],,"[quinoa, butternut squash, black beans, carrots, bell pepper, tomatoes, green onions, frozen corn, radishes, avocado, lime]",burrito
Skirt-steak-burritos-with-tomato-corn-salsa-346521,Skirt Steak Burritos with Tomato-Corn Salsa,5,1800.0,[Main Dishes],[Mexican],"[lime, chili powder, skirt steak, flour tortillas, tomatoes, frozen corn, onions, chopped cilantro fresh, red wine vinegar, vegetable oil, salt, pepper]",burrito
Roast-Beef-Burritos-Allrecipes,Roast Beef Burritos,5,3000.0,"[Lunch and Snacks, Main Dishes]",[Mexican],"[vegetable oil, onions, garlic, tomatoes, roast beef, taco sauce, chile pepper, cumin, red pepper flakes, flour tortillas, shredded cheddar cheese, shredded lettuce]",burrito
Red-Beans-And-Rice-Burrito-Allrecipes,Red Beans and Rice Burrito,5,2400.0,[Main Dishes],"[Mexican, Kid-Friendly]","[red beans, whole wheat tortillas, sour cream, shredded cheddar cheese, creole seasoning]",burrito
BURRITO-PIE-1237629,BURRITO PIE,4,4200.0,[Main Dishes],[Mexican],"[ground beef, onions, minced garlic, black olives, green chilies, diced tomatoes, taco sauce, refried beans, flour tortillas, colby cheese]",burrito
Summer-Burritos-MyRecipes-247721,Summer Burritos,3,2100.0,[Main Dishes],,"[chicken breasts, lime juice, onions, tomatoes, flour tortillas, Anaheim chile, cheddar cheese, lettuce, cilantro leaves, green bell pepper, red bell pepper]",burrito
Mesa-Verde-Breakfast-Burrito-My-Recipes,Mesa Verde Breakfast Burrito,4,3900.0,[Breakfast and Brunch],"[Southwestern, American, Mexican]","[pork sausages, onions, green chilies, large eggs, salt, pepper, flour tortillas, shredded cheddar cheese, salsa, chili]",burrito
Breakfast-Burrito-Bites-1099069,Breakfast Burrito Bites,4,1200.0,[Breakfast and Brunch],,"[chopped bell pepper, olive oil, eggs, water, whole wheat tortillas]",burrito
Chorizo_-Potato_-and-Queso-Burritos-1301729,"Chorizo, Potato, and Queso Burritos",4,1200.0,,,"[mexican chorizo, queso blanco, tortillas, poblano peppers, small yellow onion, fresh cilantro, small red potato, oil, salt, black pepper]",burrito
SuperSonic-Breakfast-Burrito-The-Pioneer-Woman-Cooks-_-Ree-Drummond-41248,SuperSonic Breakfast Burrito,5,,[Breakfast and Brunch],[Mexican],"[tater tots, flour tortillas, cheddar cheese, eggs, half & half, breakfast sausages, salt, pepper, onions, jalapeno chilies, roma tomatoes, salsa, butter]",burrito
Egg-Burritos-632816,Egg Burritos,3,1200.0,[Breakfast and Brunch],,"[bacon, eggs, salt, pepper, flour tortillas, shredded cheddar cheese, sliced green onions]",burrito
Healthy-Chicken-Burrito-Wrap-1320666,Healthy Chicken Burrito Wrap,3,1200.0,[Lunch and Snacks],,"[flour tortillas, avocado, chicken breasts, brown rice, cherry tomatoes, dark leafy greens, lime juice, salt, pepper]",burrito
Carnitas-Enchiladas-_or-Tacos_-Burritos_-683967,"Carnitas Enchiladas (or Tacos, Burritos)",4,14400.0,[Main Dishes],"[Southwestern, Mexican]","[stock, pork shoulder butt, onions, carrots, orange juice, salsa, ground cumin, coriander seeds, cilantro, water, pork, green chilies, cotija, pinto beans, cooked rice, shredded sharp cheddar cheese, flour, whole wheat tortillas, sauce, enchilada sauce, sharp cheddar cheese, monterey jack, chopped cilantro fresh, condiments, tortillas, beans, lime, fresh cilantro, avocado]",burrito
Spicy-Black-Bean-Burritos-MyRecipes-226362,Spicy Black Bean Burritos,4,2700.0,"[Lunch and Snacks, Main Dishes]",[Mexican],"[plum tomatoes, fresh cilantro, purple onion, chipotle chile, fresh lime juice, sea salt, cooked white rice, black beans, garlic cloves, ground cumin, salt, olive oil, tofu, whole wheat tortillas, iceberg lettuce, reduced-fat sour cream]",burrito
Easy-and-Cheesy-Beef-Burritos-1217143,Easy and Cheesy Beef Burritos,3,300.0,[Main Dishes],,"[ground beef, refried beans, tomato paste, Mexican cheese blend, seasoning, tortillas, diced tomatoes, shredded lettuce]",burrito
30-Minute-Steak-and-Quinoa-Burrito-Bowl-1368528,30 Minute Steak and Quinoa Burrito Bowl,4,1800.0,[Main Dishes],,"[sirloin steak, olive oil, quinoa, veggies, green pepper, onions, frozen corn, black beans, lime juice, cilantro, salt, pepper, hot sauce, vine tomatoes, purple onion]",burrito
BBQ-Chicken-Burritos-677975,BBQ Chicken Burritos,4,1500.0,[Main Dishes],[Barbecue],"[brown sugar, paprika, black pepper, salt, ancho powder, onion powder, cumin, chicken breasts, olive oil, onions, poblano peppers, mozzarella cheese, salsa, flour tortillas, fresh tomatoes, peaches, jalapeno chilies, avocado, cilantro, balsamic vinegar]",burrito
Southwest-Mini-Crescent-Burritos-685419,Southwest Mini Crescent Burritos,4,3300.0,,,"[Green Giant™ frozen chopped spinach, cooked chicken breasts, canned black beans, Green Giant™ Steamers™ Niblets® frozen corn, shredded pepper jack cheese, taco seasoning mix, Pillsbury™ refrigerated garlic butter crescent dinner rolls, egg whites, sour cream, salsa]",burrito
Veggie-Lovers-Breakfast-Burritos-1020753,Veggie Lovers Breakfast Burritos,4,2400.0,[Breakfast and Brunch],,"[eggs, potatoes, butter, pancake, broccoli, potato pancakes, cheddar cheese, salt, pepper, whole wheat tortillas]",burrito
Toasted-breakfast-burritos-353870,Toasted Breakfast Burritos,4,1080.0,,,"[I Can't Believe It's Not Butter!® Spread, assorted fresh vegetables, turkey bacon, eggs, water, fresh cilantro, low-fat cheddar cheese, whole wheat tortillas]",burrito
Healthified-Chicken-and-Black-Bean-Burritos-600722,Healthified Chicken and Black Bean Burritos,3,1500.0,[Main Dishes],[Southwestern],"[quick cooking brown rice, water, salt, cooked chicken breasts, Progresso Black Beans, mild salsa, chili powder, chopped cilantro fresh, lime juice, low-fat whole wheat tortillas, reduced fat sharp cheddar cheese, salsa]",burrito
Favorite-Breakfast-Burritos-939012,Favorite Breakfast Burritos,4,1800.0,[Breakfast and Brunch],,"[flour tortillas, oil, button mushrooms, butter, large eggs, sour cream, salt, pepper, ham, shredded mozzarella cheese, tomatoes, hot sauce]",burrito
Sixteen-Minute-Beef-and-Bean-Burritos-The-Pioneer-Woman-Cooks-_-Ree-Drummond-41252,Sixteen Minute Beef and Bean Burritos,5,2100.0,[Main Dishes],,"[ground beef, onions, tomato sauce, salt, pepper, chili powder, garlic, oregano, cumin, refried beans, cheddar cheese, flour tortillas, grating cheese, sauce, cilantro leaves, green chilies, pico de gallo, sour cream, guacamole, rice]",burrito
Breakfast-Burritos-II-597807,Breakfast Burritos II,3,900.0,[Breakfast and Brunch],,"[vegetable oil cooking spray, egg whites, whole wheat tortillas, fat-free cheese, canned beans, salsa]",burrito
Egg-White-Breakfast-Burrito-1266890,Egg White Breakfast Burrito,3,1020.0,[Breakfast and Brunch],,"[olive oil, red bell pepper, yellow bell pepper, chopped green bell pepper, purple onion, large egg whites, whole wheat tortillas, turkey bacon, ground black pepper, fresh tomato salsa]",burrito
Healthy-Breakfast-Burrito-with-Chipotle-Yogurt-1113985,Healthy Breakfast Burrito with Chipotle Yogurt,4,1200.0,[Breakfast and Brunch],,"[olive oil, red bell pepper, ground cumin, canned black beans, eggs, egg whites, water, salt, ground pepper, wheat, tomatoes, california avocado, nonfat plain greek yogurt, chipotle peppers, adobo sauce]",burrito
Slow-Cooker-Chicken-Burrito-Bowl-1361127,Slow Cooker Chicken Burrito Bowl,4,3900.0,[Main Dishes],,"[chicken breasts, olive oil, onion powder, garlic powder, chili powder, cumin, salt, pepper, chicken broth, diced tomatoes, black beans, brown rice, colby jack cheese]",burrito
Southwestern-burrito-bar-346479,Southwestern Burrito Bar,3,2100.0,[Main Dishes],[Southwestern],"[lean ground beef, salsa, black beans, frozen corn, salt, flour tortillas]",burrito
Pork-Steak-Burritos-Allrecipes,Pork Steak Burritos,4,1500.0,[Main Dishes],[Mexican],"[vegetable oil, pork steaks, salsa, flour tortillas, sour cream, green onions]",burrito
Mini-Roasted-Vegetable-Burritos-513339,Mini Roasted Vegetable Burritos,5,1200.0,,,"[flour tortillas, onions, red bell pepper, green bell pepper, jalapeno chilies, white rice, white cheddar cheese, sour cream, olive oil, pepper, salt, cumin, hot sauce]",burrito
Chile_cheese-Rice-Burritos-My-Recipes,Chile-Cheese Rice Burritos,4,1200.0,[Main Dishes],"[Southwestern, Mexican]","[cooking spray, shredded zucchini, sliced green onions, cooked rice, shredded Monterey Jack cheese, green chile, salt, black pepper, non-fat sour cream, flour tortillas, iceberg lettuce, diced tomatoes, salsa]",burrito
Steak-and-Avocado-Breakfast-Burritos-974734,Steak and Avocado Breakfast Burritos,4,2100.0,[Breakfast and Brunch],[Mexican],"[unsalted butter, olive oil, new york strip steaks, salt, black pepper, large eggs, milk, vegetable oil, baking potatoes, granulated garlic, onion powder, paprika, flour tortillas, cheddar cheese, avocado, salsa verde, tomatillos, serrano peppers, garlic cloves, yellow onion, cilantro leaves, fresh oregano, cumin, water, lime]",burrito
Chicken-Avocado-Burritos-903141,Chicken Avocado Burritos,4,1800.0,[Main Dishes],,"[chicken, grating cheese, avocado, cilantro, tortillas, sour cream, oil]",burrito
Scrambled-Eggs-Breakfast-Burrito-1334430,Scrambled Eggs Breakfast Burrito,4,600.0,[Breakfast and Brunch],,"[large eggs, veggies, chili powder, onion powder, cumin, milk, medium cheddar cheese, salt, sweet mini bells, flour tortillas, cheddar cheese, salsa, sour cream]",burrito
Make-Ahead-Freezer-Breakfast-Burritos-1015075,Make-Ahead Freezer Breakfast Burritos,3,2100.0,[Breakfast and Brunch],,"[ground pork sausage, red bell pepper, sweet onion, butter, eggs, whole milk, shredded cheddar cheese, flour tortillas, salt, pepper]",burrito
Burrito-Pie-1038754,Burrito Pie,4,3600.0,[Main Dishes],[Mexican],"[lean ground beef, onions, garlic, taco seasoning, sliced black olives, green chilies, diced tomatoes, corn, enchilada sauce, refried beans, tortillas, shredded cheddar cheese]",burrito
Mango-Salsa-Chicken-Burritos-1256614,Mango Salsa Chicken Burritos,4,15000.0,[Main Dishes],,"[boneless skinless chicken breasts, mango salsa, cumin, chili powder, ground coriander, garlic]",burrito
Chipotle-Copycat-Burrito-Bowl-1205831,Chipotle Copycat Burrito Bowl,4,3000.0,,,"[rice, black beans, zucchini, salsa, shredded lettuce, avocado]",burrito
Merrick_s-PBJ-n_-Banana-Burritos-AllRecipes,Merrick's PBJ n' Banana Burritos,5,300.0,"[Lunch and Snacks, Breakfast and Brunch]",[Kid-Friendly],"[smooth natural peanut butter, whole wheat tortillas, bananas, jelly, honey]",burrito
Freezer-Breakfast-Burritos-673534,Freezer Breakfast Burritos,4,2400.0,[Breakfast and Brunch],[Kid-Friendly],"[baking potatoes, vegetable oil, chicken, bell pepper, onions, large eggs, milk, ground black pepper, kosher salt, Mexican cheese blend, flour tortillas]",burrito
One-Pot-Slow-Cooker-Burrito-1314047,One Pot Slow Cooker Burrito,4,3600.0,[Main Dishes],,"[chicken breasts, chicken stock cubes, chicken broth, onion powder, garlic powder, cumin, chili powder, cayenne, smoked paprika, salt, black pepper, black beans, corn, diced tomatoes, brown rice, lime juice, cilantro, green onions, shredded cheese, sour cream, tortilla wraps]",burrito
Black-bean-burrito-bowls-344649,Black Bean Burrito Bowls,5,1800.0,,,"[cooked brown rice, roasted red peppers, black beans, salsa verde, fresh cilantro, avocado, lime wedges, red pepper flakes]",burrito
Mexican-Zucchini-Burrito-Boats-1246995,Mexican Zucchini Burrito Boats,4,3300.0,[Main Dishes],"[Southwestern, Mexican]","[zucchini, black beans, cooked brown rice, salsa, red bell pepper, purple onion, corn kernels, jalapeno chilies, olive oil, cumin, chili powder, fresh cilantro, salt, shredded cheddar cheese]",burrito
Addictive-Sweet-Potato-Burritos-Allrecipes,Addictive Sweet Potato Burritos,4,2400.0,[Main Dishes],,"[vegetable oil, onions, garlic, kidney beans, water, chili powder, prepared mustard, ground cumin, cayenne pepper, soy sauce, sweet potatoes, flour tortillas, shredded cheddar cheese]",burrito
Fall-Wild-Rice-Breakfast-Burritos-1354264,Fall Wild Rice Breakfast Burritos,4,2100.0,[Breakfast and Brunch],,"[large eggs, ground cumin, salt, pepper, olive oil, purple onion, garlic, carrots, baby spinach leaves, pumpkin purée, low sodium vegetable broth, fresh rosemary, fresh thyme, rice mix, whole wheat tortillas, walnuts, dried cranberries]",burrito
Freezer-Breakfast-Burritos---FlatOut-1357694,Freezer Breakfast Burritos - FlatOut,4,900.0,[Breakfast and Brunch],,"[eggs, milk, extra-virgin olive oil, minced garlic, red pepper, purple onion, thick-cut bacon, salt, pepper, Flatout® Flatbreads]",burrito
Protein-Packed-Vegetarian-Burrito-Bowls-1050141,Protein-Packed Vegetarian Burrito Bowls,4,1500.0,,,"[chiles, cooked brown rice, grape tomatoes, romaine lettuce, Haas avocados, corn, purple onion, chopped cilantro, lime juice, kosher salt, nonfat plain greek yogurt, honey, water]",burrito
Slow-Cooked-Beef-Burritos-751153,Slow Cooked Beef Burritos,4,3900.0,[Main Dishes],[Mexican],"[london broil, taco seasoning, cooking oil, chopped onion, green chile, white vinegar, flour tortillas, jack cheese, roma tomatoes, sour cream]",burrito
Breakfast-Burrito-Omelet-1255493,Breakfast Burrito Omelet,4,900.0,[Breakfast and Brunch],,"[eggs, water, salt, pepper, flour tortillas, butter]",burrito
Quick-Brownbag-Burritos-682084,Quick Brownbag Burritos,4,720.0,[Main Dishes],"[American, Mexican]","[black beans, salsa, ground cumin, chili powder, flour tortillas, shredded Monterey Jack cheese]",burrito
Scrambled-Burrito-Epicurious-53926,Scrambled Burrito,5,1200.0,[Breakfast and Brunch],,"[flour tortillas, large eggs, milk, black pepper, salt, chopped cilantro fresh, unsalted butter, avocado, grated jack cheese, sour cream]",burrito
Vegetarian-Burrito-Casserole-Allrecipes,Vegetarian Burrito Casserole,5,3900.0,[Main Dishes],[Mexican],"[white rice, water, burger style crumbles, tomatoes, juice, chili powder, cumin, taco seasoning mix, large flour tortillas, vegetarian refried beans, jalapeno chilies, salsa, shredded cheddar cheese]",burrito
Chicken-Burrito-Bowl-1214868,Chicken Burrito Bowl,4,3000.0,[Main Dishes],[Mexican],"[boneless skinless chicken breasts, kosher salt, freshly ground pepper, olive oil, yellow onion, jalapeno chilies, flour, low sodium chicken broth, tomato sauce, garlic, fresh lime juice, chili powder, paprika, dried oregano, sea salt, cooked brown rice, lime, reduced sodium black beans, fresh corn, bell pepper, fresh tomatoes, ground cumin, cilantro, garlic cloves]",burrito
Make-Ahead-Breakfast-Burritos-1261566,Make Ahead Breakfast Burritos,4,1320.0,[Breakfast and Brunch],,"[eggs, sausages, shredded cheese, shells]",burrito
Chile-Quinoa-Breakfast-Burritos-599772,Chile-Quinoa Breakfast Burritos,3,1800.0,[Breakfast and Brunch],[Mexican],"[water, quinoa, salsa, eggs, egg whites, low-fat milk, salt, nonstick spray, mexican style 4 cheese blend, multigrain tortillas, chile pepper, fresh tomatoes, fresh cilantro]",burrito
Burrito-Grande-1290895,Burrito Grande,3,2100.0,[Main Dishes],,"[chorizo sausage, chili beans, ground cumin, flour tortillas, cheese, taco sauce, sour cream, shredded lettuce]",burrito
Lunchtime-Burritos-with-Chili-Spiced-Brussels-Sprouts-461446,Lunchtime Burritos with Chili-Spiced Brussels Sprouts,5,2100.0,"[Lunch and Snacks, Main Dishes]",,"[pinto beans, safflower oil, onions, brussels sprouts, chili powder, whole wheat tortillas, mozzarella cheese]",burrito
Slow-Cooker-Chicken-Burritos-1280022,Slow Cooker Chicken Burritos,3,3300.0,[Main Dishes],[Mexican],"[boneless skinless chicken breasts, picante sauce, taco seasoning, tortillas, ripe olives, green onions, shredded cheddar cheese, sour cream, tomatoes, hot sauce, hot pepper]",burrito
Beef-Burrito-Casserole-538388,Beef Burrito Casserole,4,3300.0,[Main Dishes],,"[ground beef, onions, garlic, dried oregano, ground cumin, chili beans, chunky salsa, grated parmesan cheese, flour tortillas, shredded cheddar cheese, green onions, salsa, sour cream, avocado]",burrito
Skinny-Breakfast-Burritos-1205842,Skinny Breakfast Burritos,4,1200.0,[Breakfast and Brunch],,"[bell pepper, purple onion, eggs, large egg whites, low sodium bacon, sharp cheddar cheese, wheat]",burrito
Burrito-Pie-578040,Burrito Pie,4,3900.0,[Main Dishes],[Mexican],"[ground beef, onions, minced garlic, black olives, green chile, diced tomatoes, refried beans, whole wheat tortillas, red enchilada sauce, shredded cheddar cheese]",burrito
Jaces-Breakfast-Burritos-1314146,Jace’s Breakfast Burritos,4,2100.0,,,"[tater tots, meat, bacon, breakfast sausages, eggs, tortillas, shredded cheddar cheese, hot sauce, guacamole]",burrito
Shrimp-_-Roasted-Poblano-Burrito-1069878,Shrimp & Roasted Poblano Burrito,4,2100.0,[Main Dishes],[Southwestern],"[medium shrimp, salt, cumin, chili powder, garlic powder, olive oil, poblano peppers, yellow onion, flour tortillas, black beans, chopped cilantro fresh, rice, sour cream, mayonnaise, ground chipotle chile pepper]",burrito
Slow-Cooker-Venison-Burritos-Allrecipes,Slow Cooker Venison Burritos,5,22500.0,[Main Dishes],,"[round steaks, salsa, black beans, mexicorn, cream cheese, flour tortillas, Mexican cheese blend]",burrito
BURRITO-PIE-1188492,BURRITO PIE,4,4200.0,[Main Dishes],[Mexican],"[ground beef, onions, minced garlic, black olives, green chilies, diced tomatoes, taco sauce, refried beans, flour tortillas, colby cheese]",burrito
Yam-and-Black-Bean-Burritos-974955,Yam and Black Bean Burritos,4,2100.0,[Main Dishes],,"[vegetable oil, cumin seed, smoked paprika, chipotle, salt, pepper, yams, black beans, cilantro, sour cream, whole wheat tortillas, fresca]",burrito
Breakfast-Burrito-1178330,Breakfast Burrito,3,1500.0,[Breakfast and Brunch],,"[eggs, ham, tomatoes, onions, red bell pepper, chili flakes, cooking fat, sea salt, ground black pepper]",burrito
Carnitas-Burrito-with-Tomatillo-Salsa-Verde-1033745,Carnitas Burrito with Tomatillo Salsa Verde,3,5400.0,[Main Dishes],[Mexican],"[pork shoulder, cumin, fresh sage, fresh oregano, garlic cloves, salt, pork stock, tomatillos, onions, serrano peppers, sugar, lime, cilantro, whole wheat tortillas, cooked white rice, shredded lettuce, avocado]",burrito
Country-Style-Breakfast-Burritos-939168,Country Style Breakfast Burritos,4,900.0,[Breakfast and Brunch],,"[eggs, sour cream, heavy cream, monterey jack, breakfast sausages, vegetable oil, onions, green bell pepper, tomatoes, ground black pepper, flour tortillas]",burrito
Vegan-Jackfruit-Burritos-628127,Vegan Jackfruit Burritos,3,2100.0,[Main Dishes],[Mexican],"[jackfruit, garlic, avocado oil, brown rice, onions, heirloom tomatoes, jalapeno chilies, bell pepper, crimini mushrooms, tomato paste, sweet corn, lemon juice, tamari soy sauce, paprika, Mexican oregano, cumin, allspice, sauce, cilantro, salt, tortillas]",burrito
Whole-Wheat-Chicken-Celery-Burritos-1332504,Whole Wheat Chicken Celery Burritos,4,3300.0,[Main Dishes],,"[olive oil, onions, garlic, chicken breasts, red bell pepper, salt, pepper, refried beans, cheese, whole wheat tortillas]",burrito
Crock-Pot-Shredded-Beef-Burritos-1215921,Crock Pot Shredded Beef Burritos,4,2400.0,[Main Dishes],,"[rump roast, rotel tomatoes, diced green chilies, onions, beef bouillon, flour tortillas]",burrito
Freezer-Breakfast-Burritos-997790,Freezer Breakfast Burritos,4,3600.0,[Breakfast and Brunch],,"[breakfast sausages, olive oil, onions, garlic, potatoes, red bell pepper, seasoning salt, paprika, black pepper, butter, large eggs, salt, pepper, water, flour tortillas, salsa, cheese]",burrito
Black-Bean-Breakfast-Burritos-488656,Black Bean Breakfast Burritos,4,1500.0,[Breakfast and Brunch],,"[large eggs, milk, salt, pepper, cilantro leaves, black beans, feta cheese, avocado, salsa, soft taco size flour tortillas]",burrito
Skinny-Charred-Chicken_-Quinoa-and-Black-Bean-Burritos-1327211,"Skinny Charred Chicken, Quinoa and Black Bean Burritos",4,1500.0,[Main Dishes],,"[chicken breasts, ground chipotle chile pepper, red pepper, yellow peppers, echalion, agave nectar, cooked quinoa, black beans, salt, pepper, lime, fresh spinach, feta cheese, tortilla wraps, avocado, purple onion, chili flakes, cherry tomatoes, garlic, chopped parsley, spring onions]",burrito
Easy-Beef-Burrito-Skillet-1304492,Easy Beef Burrito Skillet,4,1500.0,[Main Dishes],,"[ground beef, taco seasoning, water, chunky salsa, black beans, Old El Paso Flour Tortillas, Mexican cheese blend, sour cream, sliced green onions]",burrito
Burrito-Lasagna-1181732,Burrito Lasagna,4,4800.0,[Main Dishes],[Southwestern],"[lean ground beef, yellow onion, garlic, ground cumin, ground cayenne pepper, green chilies, sliced black olives, diced tomatoes, taco sauce, refried beans, corn, flour tortillas, cheddar cheese]",burrito
Chicken-Vindaloo-Burritos-1285486,Chicken Vindaloo Burritos,3,5100.0,[Main Dishes],[Indian],"[white vinegar, red chili peppers, garlic, peeled fresh ginger, boneless skinless chicken breasts, garam masala, ground cumin, paprika, ground turmeric, ground coriander, ground black pepper, vegetable oil, onions, gold potatoes, tomato paste, homemade chicken stock, corn starch, kosher salt, basmati rice, tumeric, lemon, juice, large flour tortillas, large tomato, cilantro leaves, paneer cheese, mango chutney]",burrito
Pulled-Pork-Burritos-1230047,Pulled Pork Burritos,4,2100.0,[Main Dishes],,"[brown sugar, cheddar cheese, flour, lettuce, pork roast, salsa, sour cream]",burrito
Supreme-Grilled-Stuffed-Breakfast-Burritos-1303444,Supreme Grilled Stuffed Breakfast Burritos,4,2100.0,[Breakfast and Brunch],,"[bacon, large eggs, salt, black pepper, butter, yellow onion, green bell pepper, refried beans, colby jack cheese, sour cream, tortillas]",burrito
Knife-and-Fork-Breakfast-Burrito-630053,Knife-and-Fork Breakfast Burrito,3,2100.0,[Breakfast and Brunch],,"[canned black beans, chunky salsa, eggs, milk, black pepper, salt, nonstick spray, tomatoes, chees fresco queso, sour cream, fresh mint]",burrito
Egg-burritos-to-die-for-309683,Egg Burritos To Die For,5,3000.0,,[Mexican],"[eggs, red bell pepper, pepper, green chile, olive oil, Spike Seasoning, whole wheat tortillas, monterey jack, light sour cream, salsa]",burrito
Breakfast-Burrito-1290274,Breakfast Burrito,3,2100.0,[Breakfast and Brunch],,"[butter, eggs, milk, sausages, onions, tomatoes, spinach, mushrooms, fresh herbs, tortillas, grating cheese]",burrito
Maple-Sausage-Breakfast-Burritos-Allrecipes,Maple Sausage Breakfast Burritos,4,1500.0,[Breakfast and Brunch],[Mexican],"[flour tortillas, rolls, green pepper, green onions, eggs, cream cheese, grated jack cheese, salsa]",burrito
Slow-Cooker-Steak-Burritos-996583,Slow Cooker Steak Burritos,4,11100.0,[Main Dishes],,"[salsa, fat, top sirloin, salt, pepper, onion powder, cooking oil, tortillas, sour cream, cheese]",burrito
Carne-Asada-Burrito-Bowl-1279426,Carne Asada Burrito Bowl,4,2400.0,[Main Dishes],,"[carne asada, pico de gallo, basmati rice, water, butter, lime, cilantro, canned black beans, corn, grating cheese]",burrito
Whole-Wheat-Chicken-Celery-Burritos-1332479,Whole Wheat Chicken Celery Burritos,4,3300.0,[Main Dishes],,"[olive oil, onions, garlic, chicken breasts, red bell pepper, salt, pepper, refried beans, cheese, whole wheat tortillas]",burrito
Quinoa-Chicken-and-Black-Bean-Burritos-with-Chipotle-Guacamole-568504,Quinoa Chicken and Black Bean Burritos with Chipotle Guacamole,4,1800.0,[Main Dishes],"[Southwestern, Mexican]","[avocado, chipotle peppers, sour cream, lime, cilantro leaves, extra-virgin olive oil, garlic, chili powder, cumin, black beans, water, cooked quinoa, chicken, tortillas, shredded cheddar cheese, shredded lettuce]",burrito
Ham-and-Cheese-Breakfast-Burrito-Bites-1256875,Ham and Cheese Breakfast Burrito Bites,4,900.0,[Breakfast and Brunch],,"[eggs, ham, diced bell pepper, milk, dry mustard, kosher salt, cracked black pepper, cheddar cheese, large flour tortillas]",burrito
Burrito-Bowl-Stuffed-Peppers-1349052,Burrito Bowl Stuffed Peppers,4,3300.0,[Main Dishes],,"[bell pepper, ground turkey, onions, small tomatoes, corn kernels, black olives, black beans, salsa, fresh cilantro, cumin, avocado, fresh lime juice, salt, pepper]",burrito
Double-cheddar-_-chicken-burritos-297365,Double Cheddar & Chicken Burritos,4,2100.0,"[Lunch and Snacks, Main Dishes]",,"[ragu cheesi doubl cheddar sauc, red kidney beans, 2 1/2 to 3 lb. chicken, cut into serving pieces, regular or convert rice, flour tortillas, shredded cheddar cheese]",burrito
Confetti_stuffed-Burritos-My-Recipes,Confetti-Stuffed Burritos,4,,[Main Dishes],[Southwestern],"[sweet potatoes, low salt chicken broth, chopped onion, garlic cloves, corn kernels, canned black beans, red bell pepper, fresh cilantro, fresh lime juice, refried beans, flour tortillas, non-fat sour cream, salsa, chopped cilantro fresh]",burrito
Mexican-style-rice-_-bean-burritos-299792,Mexican-style Rice & Bean Burritos,4,1200.0,[Main Dishes],[Mexican],"[Knorr® Chicken Flavor Rice Sides™, water, I Can't Believe It's Not Butter!® Spread, red bell pepper, sliced, sliced green onions, red kidney beans, shredded Monterey Jack cheese, flour tortillas]",burrito
Not-Your-Typical-Breakfast-Burrito-1234055,Not Your Typical Breakfast Burrito,4,1200.0,[Breakfast and Brunch],,"[large eggs, large egg whites, onions, roasted red peppers, spinach, low-fat swiss cheese, whole wheat tortillas, salt, pepper]",burrito
Baked-Burritos-1105974,Baked Burritos,4,2700.0,[Main Dishes],,"[meat, low sodium beef broth, taco seasoning, corn starch, shredded sharp cheddar cheese, fat-free refried beans, whole wheat tortillas, cheese, chili powder, garlic powder, onion powder, crushed red pepper flakes, dried oregano, paprika, ground cumin, salt, black pepper]",burrito
Mexican-Breakfast-Burritos-1096026,Mexican Breakfast Burritos,3,1020.0,[Breakfast and Brunch],[Mexican],"[no-salt-added black beans, fresh lime juice, cooking spray, large eggs, flour tortillas, salsa, cotija, lime wedges]",burrito
Roasted-Chickpea-and-Broccoli-Burrito-1248552,Roasted Chickpea and Broccoli Burrito,3,3300.0,[Main Dishes],,"[chickpeas, yellow onion, red bell pepper, broccoli, olive oil, low sodium soy sauce, chili powder, ground cumin, smoked paprika, ground coriander, black pepper, garlic, lime, flour tortillas]",burrito
