id,recipeName,rating,totalTimeInSeconds,course,cuisine,ingredients,dish
Mushroom-and-Wild-Rice-Casserole-_glutenfree-1373183,Mushroom and Wild Rice Casserole – #glutenfree,4,3300.0,,,"[wild rice, olive oil, onions, mushrooms, diced tomatoes, pitted black olives, cheese]",casserole
Dorito-Casserole-1375571,Dorito Casserole,4,3000.0,[Main Dishes],,"[butter, onions, all-purpose flour, chicken broth, fire roasted diced tomatoes, chili powder, sour cream, kosher salt, rotisserie chicken, doritos, chopped cilantro, shredded cheese]",casserole
Ruth_s-Chris-Sweet-Potato-Casserole-1379965,Ruth's Chris Sweet Potato Casserole,4,3600.0,[Side Dishes],,"[brown sugar, all-purpose flour, chopped pecans, butter, sweet potatoes, granulated sugar, salt, vanilla, eggs]",casserole
Leftover-Ham-And-Cornbread-Casserole-1373413,Leftover Ham And Cornbread Casserole,4,3000.0,,,"[cooked ham, cooked bacon, pepper, corn, water, cornbread, eggs, cheese]",casserole
Pineapple-Casserole-1352692,Pineapple Casserole,4,2700.0,,,"[pineapple chunks, flour, margarine, pineapple juice, sugar, cheese, Ritz Crackers]",casserole
Easy-Pierogi-Casserole-1360122,Easy Pierogi Casserole,3,5100.0,[Main Dishes],,"[lasagna noodles, mashed potatoes, herbs, green onions, bacon pieces, crackers]",casserole
Easy-Tuna-Casserole-1371400,Easy Tuna Casserole,4,1200.0,[Main Dishes],,"[whole wheat pasta, whole milk, sea salt, tuna, shredded cheese]",casserole
Salmon-And-Mushrooms-Casserole-1373491,Salmon And Mushrooms Casserole,4,2100.0,[Main Dishes],,"[salmon, mushrooms, onions, cream, salt, grating cheese]",casserole
Egg-McMuffin-Breakfast-Casserole-1363376,Egg McMuffin Breakfast Casserole,4,2700.0,[Breakfast and Brunch],,"[whole wheat english muffins, canadian bacon, shredded sharp cheddar cheese, large eggs, 2% reduced-fat milk, salt, ground black pepper]",casserole
Hashbrown-Casserole-1365741,Hashbrown Casserole,3,1800.0,,,"[colby cheese, butter, onions, salt, black pepper, hash brown]",casserole
Corn-Pudding-Casserole-1367841,Corn Pudding Casserole,4,4500.0,[Side Dishes],,"[butter, flour, milk, frozen corn, eggs, sugar, salt, corn flakes]",casserole
Easy-Sweet-Potato-Casserole-with-Pecan-Crumble-Topping-1379263,Easy Sweet Potato Casserole with Pecan Crumble Topping,4,6000.0,[Side Dishes],,"[sweet potatoes, eggs, butter, milk, white sugar, maple syrup, vanilla extract, cinnamon, salt, nutmeg, brown sugar, pecans, gluten free all purpose flour]",casserole
Candied-Sweet-Potato-Casserole-1372919,Candied Sweet Potato Casserole,4,3900.0,[Side Dishes],,"[sweet potatoes, orange juice, honey, unsalted butter, orange, salt, chopped pecans, ground cinnamon, brown sugar]",casserole
Buttery-Brown-Sugar-Sweet-Potato-Casserole-1377257,Buttery Brown Sugar Sweet Potato Casserole,4,4500.0,[Side Dishes],,"[sweet potatoes, brown sugar, evaporated milk, butter, kosher salt, McCormick® Ground Cinnamon, McCormick Ground Nutmeg, cayenne pepper, McCormick® Pure Vanilla Extract, all-purpose flour, chopped pecans]",casserole
Baked-Apple-French-Toast-Casserole-1353626,Baked Apple French Toast Casserole,3,4200.0,[Breakfast and Brunch],,"[challa, large eggs, milk, pure vanilla extract, salt, apples, butter, brown sugar, cinnamon]",casserole
Saucy-Chicken-Enchilada-Casserole-1377597,Saucy Chicken Enchilada Casserole,3,2100.0,[Main Dishes],,"[boneless chicken breast, basmati rice, enchilada sauce, refried beans, white cheddar cheese]",casserole
Cheesy-Broccoli-Rice-Casserole-1364903,Cheesy Broccoli Rice Casserole,4,3000.0,[Side Dishes],,"[minute rice, frozen chopped broccoli, butter, onions, milk, cream of mushroom soup, cheez whiz]",casserole
Cheesy-Taco-Casserole-1368570,Cheesy Taco Casserole,4,3300.0,[Main Dishes],,"[ground beef, elbow macaroni, green pepper, condensed tomato soup, fresh tomatoes, taco seasoning mix, cheese, jalapeno chilies]",casserole
Reuben-Casserole-1376139,Reuben Casserole,4,2400.0,,,"[corned beef cold cuts, sauerkraut, thousand island dressing, shredded swiss cheese, rye bread]",casserole
Slow-Cooker-French-Toast-Casserole-1350694,Slow Cooker French Toast Casserole,4,29700.0,[Breakfast and Brunch],,"[french bread, eggs, milk, cinnamon, butter, brown sugar, vanilla]",casserole
Sausage-Egg-Casserole-1358990,Sausage Egg Casserole,4,3300.0,[Breakfast and Brunch],,"[sausages, eggs, milk, salt, black pepper, colby jack cheese, bread]",casserole
Enchilada-Casserole-1356636,Enchilada Casserole,4,3900.0,[Main Dishes],[Mexican],"[hamburger, corn tortillas, chili, tomato sauce, shredded cheese, taco seasoning mix, pepper]",casserole
Easy-Mexican-Casserole-Monday_-September-13_-2010-1376454,"Easy Mexican Casserole… Monday, September 13, 2010",4,3600.0,[Main Dishes],[Mexican],"[lean ground beef, Ranch Style Beans, tortilla chips, tomatoes, onions, shredded cheddar cheese, taco seasoning, cream of chicken soup, water, salsa, sour cream]",casserole
Chicken-Stuffing-Casserole-1379562,Chicken Stuffing Casserole,4,2700.0,[Main Dishes],,"[chicken, celery, onions, condensed soup, chicken broth, butter, stuffing]",casserole
French-Onion-Noodle-Casserole-1371229,French Onion Noodle Casserole,4,2400.0,[Main Dishes],,"[egg noodles, cream of chicken soup, onions, cheddar cheese, chicken breasts, french fried onions]",casserole
Mashed-Potato-Casserole-1373195,Mashed Potato Casserole,4,2400.0,[Side Dishes],,"[russet potatoes, cream cheese, green onions, milk, shredded cheddar cheese, salt, pepper]",casserole
Turkey-and-Stuffing-Casserole-1379639,Turkey and Stuffing Casserole,4,2700.0,[Main Dishes],,"[stuffing, cooked turkey, green beans, cream of mushroom soup, french fried onions]",casserole
Easy-Breakfast-Casserole-1377317,Easy Breakfast Casserole,4,3900.0,[Breakfast and Brunch],,"[chicken, milk, ham, eggs, cheddar cheese, salt]",casserole
Cheesy-Mashed-Potato-Casserole-1352340,Cheesy Mashed Potato Casserole,4,4200.0,[Side Dishes],,"[potatoes, sour cream, butter, cream cheese, milk, garlic salt, pepper, bacon slices, cheddar cheese, parmesan cheese, green onions]",casserole
Make-Ahead-Spaghetti-and-Meatball-Casserole-1379878,Make-Ahead Spaghetti and Meatball Casserole,3,32400.0,[Main Dishes],,"[elbow macaroni, spaghetti, water, pasta sauce, italian meatballs, fresh parmesan cheese, finely chopped fresh parsley]",casserole
Bacon-_-Tot-Casserole-1342830,Bacon & Tot Casserole,4,3300.0,[Breakfast and Brunch],,"[frozen tater tots, eggs, thick-cut bacon, green onions, shredded cheddar cheese, shredded pepper jack cheese, salt, pepper]",casserole
Au-Gratin-Potato-Casserole-1362673,Au Gratin Potato Casserole,4,4500.0,[Side Dishes],,"[whole milk, cream, flour, salt, ground black pepper, russet potatoes, shredded cheddar cheese, cornflakes, butter, fresh parsley]",casserole
Carrot-Casserole-1373480,Carrot Casserole,4,3300.0,,,"[cottage cheese, carrots, eggs, kefir, semolina, brown sugar, vanilla]",casserole
No-Boil-Candied-Sweet-Potato-Casserole-1378922,No Boil Candied Sweet Potato Casserole,4,4500.0,[Side Dishes],,"[sweet potatoes, water, butter, brown sugar, cinnamon, salt, mini marshmallows]",casserole
Crockpot-Cheesy-Hashbrown-Casserole-1362925,Crockpot Cheesy Hashbrown Casserole,4,15000.0,[Side Dishes],,"[potatoes, onions, mushroom soup, shredded cheddar cheese, cream cheese, butter, salt, pepper]",casserole
Crockpot-Green-Bean-Casserole-1380255,Crockpot Green Bean Casserole,4,18600.0,[Side Dishes],,"[green beans, cream of chicken soup, milk, parmesan cheese, salt, black pepper, french fried onions]",casserole
Crock-Pot-Ravioli-Meatball-Casserole-1380367,Crock Pot Ravioli Meatball Casserole,4,7500.0,[Main Dishes],,"[frozen meatballs, frozen cheese ravioli, pizza sauce, mushrooms, shredded mozzarella cheese]",casserole
Mexican-Chicken-Casserole-with-Cheddar-Cheese-and-Tomatoes-1379356,Mexican Chicken Casserole with Cheddar Cheese and Tomatoes,4,3000.0,[Main Dishes],[Mexican],"[cream of chicken soup, cheddar cheese soup, cream of mushroom soup, tomatoes, chicken, flour tortillas, shredded cheddar cheese]",casserole
Crock-Pot-Breakfast-Casserole-1361206,Crock Pot Breakfast Casserole,3,2100.0,[Breakfast and Brunch],,"[frozen hash browns, bacon, onions, shredded sharp cheddar cheese, red bell pepper, green bell pepper, eggs, milk]",casserole
Lasagna-Casserole-1357168,Lasagna Casserole,4,2100.0,[Main Dishes],,"[onions, italian seasoning, hamburger, sugar, ground black pepper, penne, Hunts Tomato Sauce, water]",casserole
Make-Ahead-Crockpot-Corn-Casserole-1368348,Make Ahead Crockpot Corn Casserole,4,22200.0,[Side Dishes],,"[frozen corn kernels, cream style corn, sweet onion, cream cheese, butter, milk, butter crackers, pepper, salt, cooking spray]",casserole
Cheesy-Spinach-Potato-Casserole-1367650,Cheesy Spinach Potato Casserole,4,3480.0,[Side Dishes],,"[red potato, unsweetened almond milk, spinach, cheese]",casserole
4-Ingredient-Potato-Casserole-1346011,4 Ingredient Potato Casserole,3,3000.0,[Side Dishes],,"[hash brown, whipping cream, shredded cheddar cheese, green onions, salt, pepper]",casserole
Baked-Potato-Casserole-1370357,Baked Potato Casserole,4,3900.0,[Side Dishes],,"[potatoes, Velveeta, mayonnaise, green onions, bacon pieces]",casserole
Sweet-Potato-Casserole-Stacks-1368678,Sweet Potato Casserole Stacks,4,3900.0,,,"[sweet potatoes, canola oil, light butter, light pancake syrup, vanilla extract, salt, flour, brown sugar, chopped pecans]",casserole
Butternut-Squash-Enchilada-Casserole-1374494,Butternut Squash Enchilada Casserole,4,4800.0,[Main Dishes],[Mexican],"[butternut squash, yellow onion, poblano peppers, jalapeno chilies, oil, ground cumin, pepper, salt, black beans, cilantro, baby spinach leaves, salsa, corn tortillas, Mexican cheese]",casserole
Garlic-Herb-Potatoes-and-Squash-1379025,Garlic Herb Potatoes and Squash,4,5400.0,[Side Dishes],,"[potatoes, butternut squash, butter, milk, corn starch, cheddar cheese]",casserole
Egg-_-Sausage-Breakfast-Casserole-1378621,Egg & Sausage Breakfast Casserole,4,3300.0,[Breakfast and Brunch],,"[pork sausages, all-purpose flour, salt, baking powder, low-fat cottage cheese, eggs, shredded cheddar cheese, diced green chilies]",casserole
Cheesy-Vegetable-Casserole-1371264,Cheesy Vegetable Casserole,4,3900.0,[Side Dishes],,"[vegetables, chopped onion, melted butter, mayonnaise, sour cream, shredded cheese, sea salt, ground pepper, garlic powder]",casserole
Ham-_-Rigatoni-Casserole-1365681,Ham & Rigatoni Casserole,3,3000.0,[Main Dishes],,"[ham, rigatoni, white sauce mix, swiss cheese, dijon style mustard, frozen spinach, hot pepper sauce]",casserole
Texas-Breakfast-Casserole-1363906,Texas Breakfast Casserole,4,3900.0,[Breakfast and Brunch],,"[butter, onions, frozen chopped spinach, pepper, nutmeg, Pillsbury Biscuits, parmesan cheese, eggs, milk]",casserole
Country-Style-Biscuits-and-Gravy-Casserole-1369312,Country-Style Biscuits and Gravy Casserole,3,600.0,[Breakfast and Brunch],,"[sausages, gravy mix, cheddar cheese, eggs, milk, salt, pepper, buttermilk biscuits]",casserole
Mashed-Potato-Casserole-1373787,Mashed Potato Casserole,4,3300.0,[Side Dishes],,"[butter, green onions, orange bell pepper, water, whole milk, mashed potatoes, shredded cheddar cheese]",casserole
Spinach-Cheddar-Casserole-1365103,Spinach Cheddar Casserole,4,3600.0,,,"[eggs, kosher salt, pepper, frozen chopped spinach, cottage cheese, green onions, sharp cheddar cheese, all-purpose flour, fresh dill]",casserole
O-Brien-Potato-Casserole-1344121,O Brien Potato Casserole,4,600.0,[Side Dishes],,"[Potatoes O'Brien, shredded cheddar cheese, sour cream, onions, cream of celery soup, french fried onions]",casserole
Cheddar-Ham-And-Veggie-Crockpot-Casserole-1375714,Cheddar Ham And Veggie Crockpot Casserole,3,11400.0,[Main Dishes],,"[eggs, half & half, crushed red pepper flakes, salt, pepper, cheddar cheese, broccoli florets, red bell pepper, ham]",casserole
Chicken-Gloria-Casserole-1367354,Chicken Gloria Casserole,4,3900.0,[Main Dishes],,"[chicken breasts, all-purpose flour, vegetable oil, sauce, butter, fresh mushrooms, flour, chicken broth, sherry wine, milk, thyme, cheese, fresh parsley, black pepper, salt]",casserole
French-Toast-Casserole-1352854,French Toast Casserole,4,4200.0,[Breakfast and Brunch],,"[french bread, eggs, milk, half & half, vanilla sugar, vanilla extract, brown sugar, all-purpose flour, butter, cinnamon, pure maple syrup]",casserole
Tuna-Casserole-1353457,Tuna Casserole,3,3600.0,[Main Dishes],,"[macaroni, olive oil, celery, yellow onion, sliced mushrooms, all-purpose flour, low sodium chicken broth, whole milk, garlic powder, mustard powder, salt, black pepper, monterey jack, albacore tuna in water, frozen peas, bread crumbs]",casserole
Slow-Cooked-Sausage-And-Onion-Casserole-1367514,Slow Cooked Sausage And Onion Casserole,3,18600.0,[Main Dishes],,"[olive oil, sausages, onions, plain flour, beef stock, chutney, worcestershire sauce, black pepper]",casserole
Unbelievably-Easy-Chicken-and-Rice-Casserole-1380516,Unbelievably Easy Chicken and Rice Casserole,3,2700.0,[Main Dishes],,"[diced chicken, mayonnaise, diced celery, minute rice, slivered almonds, lemon juice, eggs, cream of chicken soup, onions, salt, crushed cornflakes, butter]",casserole
Easy-Chicken-Enchilada-Casserole-500471,Easy Chicken Enchilada Casserole,4,3900.0,[Main Dishes],[Mexican],"[enchilada sauce, shredded Monterey Jack cheese, corn tortillas, chicken breasts]",casserole
Eggnog-Breakfast-Casserole-1372141,Eggnog Breakfast Casserole,4,2100.0,[Breakfast and Brunch],,"[croissants, cooking spray, eggs, eggnog, vanilla extract, cinnamon, nutmeg, salt, brown sugar]",casserole
Chicken-Casserole-With-Mushrooms-1373506,Chicken Casserole With Mushrooms,4,5100.0,[Main Dishes],,"[chicken breasts, flour, olive oil, mushrooms, onions, clove, salt]",casserole
Chicken-and-Stuffing-Casserole-1355958,Chicken and Stuffing Casserole,4,4200.0,[Main Dishes],,"[chicken, chicken stock, white sandwich bread, onions, celery, poultry seasoning, butter, salt, pepper]",casserole
Meatball-Sub-Casserole-1353541,Meatball Sub Casserole,3,3900.0,[Main Dishes],,"[olive oil, bread, cream cheese, garlic powder, dried oregano, dried basil, salt, pepper flakes, shredded mozzarella cheese, italian-style meatballs, marinara sauce]",casserole
Apple-Cheese-Casserole-1366721,Apple-Cheese Casserole,3,2700.0,,,"[apples, sugar, self rising flour, sharp cheddar cheese, butter]",casserole
Spicy-Stew-Beef-and-Squash-Casserole-1377035,Spicy Stew Beef and Squash Casserole,3,3000.0,[Main Dishes],,"[stewing beef, smoked paprika, sea salt, ground cinnamon, ground ginger, red pepper flakes, peppercorns, olive oil, garlic cloves, butternut squash, green onions]",casserole
Creamy-Chicken_-Mushroom-And-Wild-Rice-Casserole-1373691,"Creamy Chicken, Mushroom And Wild Rice Casserole",4,5400.0,[Main Dishes],,"[rice mix, butter, celery, onions, portabello mushroom, all-purpose flour, chicken stock, milk, chicken breasts, cheddar cheese, salt, pepper, panko breadcrumbs, parmesan cheese]",casserole
Noodleless-Tuna-Casserole-1379499,Noodleless Tuna Casserole,4,2400.0,[Main Dishes],,"[tuna, garlic, green beans, peas, celery, cheddar cheese, plain greek yogurt, coconut oil, almond meal, garlic powder, ground pepper]",casserole
Beef-Casserole-1359834,Beef Casserole,4,6300.0,[Main Dishes],,"[beef, onions, smoked paprika, worcestershire sauce, bay leaves, beef stock, garlic, large potatoes, carrots, frozen peas, thyme, rosemary, tomato paste, corn flour, olive oil]",casserole
Jazzed-Up-Meat-_-Potato-Casserole-1379749,Jazzed Up Meat & Potato Casserole,4,3600.0,[Main Dishes],,"[ground turkey, cream of mushroom soup, sliced potatoes, cooked bacon, salt, pepper, shredded cheese, french fried onions]",casserole
Corn-Casserole-1364714,Corn Casserole,4,3900.0,[Side Dishes],,"[onions, butter, cream style corn, corn, sour cream, corn mix muffin, eggs, cheddar cheese]",casserole
Southwestern-Corn-Casserole-1380635,Southwestern Corn Casserole,4,3600.0,[Side Dishes],,"[whole kernel corn, drain, cream style corn, corn mix muffin, sour cream, unsalted butter, pepper jack, bacon, non stick spray]",casserole
Broccoli-Casserole-1355616,Broccoli Casserole,4,3600.0,[Side Dishes],,"[butter, onions, garlic, all-purpose flour, chicken stock, milk, cheddar cheese, cauliflower, broccoli florets, panko breadcrumbs]",casserole
Chicken-Cobbler-Casserole-1373768,Chicken Cobbler Casserole,4,2700.0,[Main Dishes],,"[butter, rolls, grated parmesan cheese, fresh parsley, onions, fresh mushrooms, white wine, cream of mushroom soup, roasted red peppers, cooked chicken]",casserole
Cheesy-Vegetable-Casserole-1357010,Cheesy Vegetable Casserole,4,2700.0,,,"[olive oil, onions, minced garlic, kale, mushrooms, frozen green beans, butter, whole wheat flour, sugar, salt, light sour cream, shredded cheese, panko breadcrumbs]",casserole
Sweet-Potato-Casserole-1380441,Sweet Potato Casserole,4,4800.0,[Side Dishes],,"[sweet potatoes, softened butter, light brown sugar, milk, eggs, vanilla, chopped pecans, all-purpose flour]",casserole
Keto-Casserole-1353234,Keto Casserole,4,3300.0,,,"[eggs, red bell pepper, cauliflower, mild sausage, bacon, cheddar cheese, salt, pepper]",casserole
Fully-Loaded-Extreme-Cheesy-Potato-Casserole-1376224,Fully Loaded Extreme Cheesy Potato Casserole,4,5100.0,[Side Dishes],,"[thick-cut bacon, red potato, sour cream, cream cheese, shredded mild cheddar cheese, colby jack cheese, kosher salt, black pepper, scallions]",casserole
Gnocchi-Casserole-1364973,Gnocchi Casserole,4,2400.0,[Main Dishes],,"[potato gnocchi, cooking oil, green pepper, onions, chicken breast strips, pasta sauce, shredded mozzarella cheese]",casserole
Delicious-Taco-Casserole-1377226,Delicious Taco Casserole,3,2400.0,[Main Dishes],,"[tortilla chips, chili oil, onions, garlic, ground chicken, taco seasoning, black beans, hot salsa, shredded reduced fat cheddar cheese, olives]",casserole
Zucchini-and-Cream-Cheese-Casserole-topped-with-Butter-Crackers-1375893,Zucchini and Cream Cheese Casserole topped with Butter Crackers,4,2700.0,,,"[zucchini, cream cheese, butter, garlic powder, salt, pepper, butter crackers]",casserole
Potato-Mushroom-Casserole-1365140,Potato Mushroom Casserole,3,3000.0,[Side Dishes],,"[cream of mushroom soup, potatoes, salt, onions, butter, sour cream, pepper, grated parmesan cheese, shredded cheddar cheese]",casserole
French-Toast-Casserole-1342011,French Toast Casserole,4,4500.0,[Breakfast and Brunch],,"[french bread, eggs, milk, sugar, vanilla extract, cinnamon, salt, all-purpose flour, firmly packed brown sugar, butter, pecans]",casserole
Browned-Butter-Sweet-Potato-Casserole-1380488,Browned Butter Sweet Potato Casserole,4,6300.0,[Side Dishes],,"[sweet potatoes, salted butter, granulated sugar, light brown sugar, salt, large eggs, milk, corn flakes, chopped pecans, mini marshmallows]",casserole
Overnight-Cinnamon-Pecan-French-Toast-Casserole-1377169,Overnight Cinnamon Pecan French Toast Casserole,4,3600.0,[Breakfast and Brunch],,"[Texas toast bread, milk, eggs, vanilla, sugar, ground cinnamon, brown sugar, flour, salt, butter, chopped pecans]",casserole
Avocado-Chicken-Enchilada-Casserole-1356121,Avocado Chicken Enchilada Casserole,4,4200.0,[Main Dishes],[Mexican],"[sour cream, salsa verde, milk, flour tortillas, chicken, avocado, sharp cheddar cheese]",casserole
Country-Ham-Potato-Casserole-_Crock-Pot_-1376484,Country Ham Potato Casserole {Crock Pot},4,21900.0,,,"[cooked ham, milk, boiling water, cheddar cheese soup, scalloped potatoes mix, sweet corn]",casserole
Homestyle-Beef-Casserole-1369326,Homestyle Beef Casserole,3,12000.0,[Main Dishes],,"[olive oil, onions, carrots, flour, dried sage, ground allspice, chuck steaks, beef stock, water]",casserole
_Chicken_-Bacon-_-Ranch_-Hash-Brown-Casserole-1378964,"{Chicken, Bacon & Ranch} Hash-Brown Casserole",4,3600.0,,,"[cooked chicken, sharp cheddar cheese, ranch dressing, bacon pieces, cream of chicken soup, sour cream, frozen hash browns, fresh chives]",casserole
Broccoli-And-Cauliflower-Casserole-1374877,Broccoli And Cauliflower Casserole,4,4200.0,[Side Dishes],,"[cauliflower, broccoli, extra-virgin olive oil, leeks, salt, all-purpose flour, fat free milk, cheddar cheese, ground white pepper, panko, paprika, garlic powder]",casserole
Copycat-Bob-Evans-Zucchini-Casserole-1350514,Copycat Bob Evans Zucchini Casserole,3,2700.0,[Main Dishes],,"[sausages, zucchini, onions, green pepper, sliced mushrooms, pepper, crushed tomatoes, provolone cheese]",casserole
Garlic-Parmesan-Chicken-Lasagna-Bake-1360435,Garlic Parmesan Chicken Lasagna Bake,4,6300.0,[Main Dishes],,"[oven-ready lasagna noodles, chicken meat, peas, grated parmesan cheese, gruyere cheese, water, panko breadcrumbs, fresh thyme, butter, garlic, all-purpose flour, herbes de provence, coarse salt, milk]",casserole
Baked-Creamy-Corn-Casserole-1352266,Baked Creamy Corn Casserole,4,3000.0,[Side Dishes],,"[milk, heavy cream, butter, sugar, flour, salt, corn kernels, large eggs, asiago, chives]",casserole
Parmesan-Baked-Potato-Casserole-1363193,Parmesan Baked Potato Casserole,4,3300.0,[Side Dishes],,"[large potatoes, parmesan cheese, cheddar cheese, heavy cream, garlic salt, chives]",casserole
Sweet-Onion-And-Swiss-Rice-Casserole-1358624,Sweet Onion And Swiss Rice Casserole,3,3300.0,[Side Dishes],,"[white rice, sweet onion, butter, half & half, swiss cheese, salt, pepper, fresh parsley]",casserole
Healthy-and-Wholesome-French-Toast-Casserole-Bake-1379259,Healthy and Wholesome French Toast Casserole Bake,4,31800.0,[Breakfast and Brunch],,"[bread, large eggs, unsweetened coconut milk, cinnamon, nutmeg, pure vanilla extract, pure maple syrup, raw almond, dark brown sugar, unsalted butter]",casserole
Yellow-Squash-Casserole-1355200,Yellow Squash Casserole,4,2100.0,[Side Dishes],,"[yellow squash, onions, water, crackers, shredded cheddar cheese, eggs, milk, butter, salt, black pepper]",casserole
Sweet-Potato-Praline-Casserole-1372421,Sweet Potato Praline Casserole,4,4500.0,[Side Dishes],,"[sweet potatoes, sugar, vanilla, salt, eggs, butter, all-purpose flour, brown sugar, chopped pecans]",casserole
Weight-Watchers-Chicken-and-Cheese-Casserole-1362399,Weight Watchers Chicken and Cheese Casserole,3,,,,"[macaroni, boneless skinless chicken breasts, cream of mushroom soup, skim milk, low-fat cheddar cheese]",casserole
Healthy-Green-Bean-Casserole-1378178,Healthy Green Bean Casserole,4,4200.0,[Side Dishes],,"[butter, garlic, onions, mushrooms, whole wheat white flour, skim milk, plain greek yogurt, salt, onion powder, garlic powder, black pepper, frozen green beans, parmesan cheese, panko breadcrumbs]",casserole
Sweet-Potato-Casserole-1380300,Sweet Potato Casserole,4,4500.0,[Side Dishes],,"[unsalted butter, sweet potatoes, yams, baking powder, vanilla extract, ground cinnamon, large eggs, granulated sugar, buttermilk, chop fine pecan, flour, light brown sugar, dark brown sugar]",casserole
Overnight-Breakfast-Casserole-1340782,Overnight Breakfast Casserole,4,3600.0,[Breakfast and Brunch],,"[bread, ground sausage, green pepper, onions, sharp cheddar cheese, eggs, milk, salt, black pepper]",casserole
Stuffed-Pepper-Casserole-1379916,Stuffed Pepper Casserole,4,6000.0,[Main Dishes],,"[lean ground beef, bell pepper, minute rice, beef stock, tomato sauce, diced tomatoes, salt, pepper]",casserole
Leftover-Turkey-Casserole-1370967,Leftover Turkey Casserole,4,4200.0,[Main Dishes],,"[stuffing, boneless skinless turkey breasts, Hellmann's® Real Mayonnaise, whole cranberry sauce, mashed potatoes, shredded low-fat mozzarella cheese]",casserole
Chicken-Tortilla-Casserole-1354843,Chicken Tortilla Casserole,4,2400.0,[Main Dishes],,"[onions, olive oil, green chilies, tomato juice, pepper, Velveeta, evaporated milk, chicken, tortilla chips, cheddar cheese]",casserole
Cheesy-Chicken-and-Rice-Casserole-1371232,Cheesy Chicken and Rice Casserole,3,3900.0,[Main Dishes],,"[brown rice, boneless skinless chicken breasts, fat-free chicken broth, chicken bouillon, frozen broccoli, frozen mixed vegetables, reduced fat cheddar cheese, non-fat sour cream, fat free milk, whole wheat flour, light butter, onion powder, paprika, salt, pepper]",casserole
Green-Bean-Bacon-Casserole-1363867,Green Bean Bacon Casserole,4,3060.0,[Side Dishes],,"[green beans, cream of mushroom soup, bacon, french fried onions, milk, black pepper, salt]",casserole
Classic-Sweet-Potato-Casserole-1379017,Classic Sweet Potato Casserole,4,6300.0,[Side Dishes],,"[sweet potatoes, brown sugar, granulated sugar, half & half, unsalted butter, vanilla extract, sea salt, ground cinnamon, ground ginger, ground nutmeg, large eggs, mini marshmallows]",casserole
Sweet-Potato-Casserole-1377673,Sweet Potato Casserole,4,2400.0,,,"[sweet potatoes, coconut cream, vanilla extract, sea salt, pecans, pepitas, coconut sugar, coconut flour, maple syrup, unsweetened applesauce]",casserole
Cheddar-Potato-Casserole-1350517,Cheddar Potato Casserole,3,2400.0,[Side Dishes],,"[mashed potatoes, Campbell's Condensed Cheddar Cheese Soup, sour cream, ground black pepper, green onions]",casserole
Healthy-Chicken-And-Broccoli-Casserole-1363615,Healthy Chicken And Broccoli Casserole,3,3600.0,[Main Dishes],,"[cooking oil, chicken thighs, butter, broccoli, chicken broth, cream of mushroom soup]",casserole
Creamy-Chicken-_-Mushroom-Casserole-1360871,Creamy Chicken & Mushroom Casserole,4,4500.0,[Main Dishes],,"[mushrooms, dried shiitake mushrooms, dried porcini mushrooms, chicken legs, white onion, garlic, hot water, crème fraîche, heavy cream, Madeira, all-purpose flour, butter, extra-virgin olive oil, kosher salt, freshly ground pepper]",casserole
Easy-Breakfast-Casserole-1359150,Easy Breakfast Casserole,4,3000.0,[Breakfast and Brunch],,"[large eggs, green bell pepper, green onions, frozen hash browns, bacon, shredded cheddar cheese, light cream, cayenne pepper, kosher salt, black pepper]",casserole
Sweet-Potato-Casserole-made-with-Brevilles-The-Smart-Oven-1378245,Sweet Potato Casserole made with Breville’s The Smart Oven,4,1800.0,[Side Dishes],,"[sweet potatoes, coconut oil, brown sugar, 2% reduced-fat milk, cinnamon, mini marshmallows]",casserole
Hamburger-Casserole-with-Cornbread-Topping-Gluten-Free_-Dairy-Free-1367891,"Hamburger Casserole with Cornbread Topping Gluten Free, Dairy Free",4,2700.0,[Main Dishes],,"[ground beef, onions, beef broth, worcestershire sauce, pepper, cornbread mix]",casserole
Mashed-Potato-Casserole-1377445,Mashed Potato Casserole,3,4200.0,[Side Dishes],,"[unsalted butter, yukon gold potatoes, kosher salt, sour cream, black pepper, chives, bread crumbs, parmigiano reggiano cheese]",casserole
Cheeseburger-Macaroni-Casserole-1340471,Cheeseburger Macaroni Casserole,4,1800.0,[Main Dishes],,"[pasta, olive oil, ground beef, onions, garlic, diced tomatoes, San Marzano tomatoes, ketchup, ground mustard, dill, garlic powder, smoked paprika, red pepper flakes, salt, pepper, colby jack cheese]",casserole
Holiday-Sweet-Potato-Casserole-1380414,Holiday Sweet Potato Casserole,4,3600.0,[Side Dishes],,"[sweet potatoes, butter, cinnamon, brown sugar, nonstick spray]",casserole
Easy-Loaded-Potato-Skin-And-Chicken-Casserole-_MomsWingMan-1362239,Easy Loaded Potato Skin And Chicken Casserole #MomsWingMan,4,2700.0,[Main Dishes],,"[potatoes, boneless chicken, shredded sharp cheddar cheese, cream of celery soup, milk, green onions, bbq sauce]",casserole
Carbonara-Mac-_n-Cheese-Souffle-1375106,Carbonara Mac 'n Cheese Souffle,4,3900.0,[Main Dishes],,"[pasta shells, pancetta, eggs, butter, garlic, all-purpose flour, milk, salt, pepper, ground nutmeg, gruyere cheese, white cheddar cheese, fresh parsley]",casserole
Butternut-Squash-_-Cauliflower-Casserole-_low-carb_-gluten-free_-1378191,"Butternut Squash & Cauliflower Casserole (low carb, gluten free)",4,4200.0,[Side Dishes],,"[butternut squash, cauliflower, garlic, parmesan cheese, cream, salt, pepper, dried thyme]",casserole
Southwestern-Corn-Casserole-1379607,Southwestern Corn Casserole,4,3600.0,[Side Dishes],,"[whole kernel corn, drain, cream style corn, corn mix muffin, sour cream, unsalted butter, pepper jack, bacon, non stick spray]",casserole
Baked-Corn-Casserole-1377669,Baked Corn Casserole,4,1800.0,[Side Dishes],,"[frozen corn, whole kernel corn, drain, sour cream, sauce, soy sauce, pepper, salt, cayenne pepper, french fried onions]",casserole
Roasted-Sweet-Potato-Casserole-Bites-1377906,Roasted Sweet Potato Casserole Bites,4,5400.0,,,"[sweet potatoes, maple syrup, olive oil, brown sugar, cinnamon, salt, pepper, grated nutmeg, ground ginger, egg whites, sugar, unsalted butter, rolled oats, chopped pecans]",casserole
Apple-French-Toast-Casserole-1377962,Apple French Toast Casserole,4,4500.0,[Breakfast and Brunch],,"[bread, eggs, milk, vanilla, cinnamon, apple pie filling]",casserole
Easy-Breakfast-Casserole-_glutenfree-_dairyfree-1372063,Easy Breakfast Casserole – #glutenfree #dairyfree,4,2700.0,[Breakfast and Brunch],,"[margarine, gluten-free flour, salt, black pepper, milk, frozen hash browns, diced tomatoes and green chilies, black beans, eggs]",casserole
Healthy-Chicken-and-Rice-Casserole-1363612,Healthy Chicken and Rice Casserole,3,2700.0,[Main Dishes],,"[boneless skinless chicken breast halves, canola oil, red bell pepper, green pepper, onions, mushrooms, garlic, quick cooking brown rice, chicken broth, frozen corn, salt, pepper, slivered almonds, parsley]",casserole
Squash-Casserole-1364104,Squash Casserole,4,3900.0,[Side Dishes],,"[yellow squash, vegetable oil, onions, butter, sour cream, house seasoning, cheddar cheese, butter crackers, salt, black pepper, garlic powder]",casserole
Spinach-Spaghetti-Casserole-1353838,Spinach Spaghetti Casserole,4,3000.0,[Main Dishes],,"[frozen spinach, spaghetti, non-fat sour cream, milk, onions, parmesan cheese, garlic powder, eggs, salt, nutmeg, pepper, shredded cheese]",casserole
Spinach-Souffle-1353911,Spinach Souffle,4,3000.0,[Side Dishes],,"[eggs, butter, sharp cheddar cheese, cream, frozen chopped spinach, flour, salt]",casserole
Overnight-Egg-Casserole-with-Breakfast-Sausage-1374295,Overnight Egg Casserole with Breakfast Sausage,4,5400.0,[Breakfast and Brunch],,"[breakfast sausages, unsalted butter, diced onions, green pepper, red pepper, large eggs, nonfat milk, shredded cheddar cheese, wheat bread]",casserole
Crock-Pot-Biscuit-Breakfast-Casserole-1358575,Crock-Pot Biscuit Breakfast Casserole,4,8100.0,[Breakfast and Brunch],,"[refrigerated biscuits, eggs, milk, cheddar cheese, bacon, butter]",casserole
Appetizing-Brussels-Sprout-Casserole-1371340,Appetizing Brussels Sprout Casserole,3,2400.0,[Side Dishes],,"[brussels sprouts, butter, lemon juice, sour cream, fresh parsley, salt, freshly ground pepper, bread crumbs]",casserole
Lazy-Unstuffed-Cabbage-Roll-Casserole-1379161,Lazy Unstuffed Cabbage Roll Casserole,4,5400.0,[Main Dishes],,"[lean ground beef, onions, salt, dill, brown rice, cabbage, tomato sauce, low sodium beef broth]",casserole
Butternut-Squash-Casserole-1366973,Butternut Squash Casserole,4,,,,"[butternut squash, egg substitute, soy milk, light butter, coconut, ginger paste, coconut extract]",casserole
Cheesy-Potato-Casserole-1368842,Cheesy Potato Casserole,4,2700.0,[Side Dishes],,"[olive oil, diced onions, red bell pepper, brown hash potato, salt, pepper, milk, flour, light sour cream, sharp cheddar cheese, corn flakes, melted butter]",casserole
Eggplant-Beef-Casserole-1340706,Eggplant Beef Casserole,4,7200.0,[Main Dishes],,"[eggplant, olive oil, onions, minced beef, tomatoes, finely chopped fresh parsley, ground black pepper, salt, eggs, almond milk]",casserole
Cornbread-Casserole-1346899,Cornbread Casserole,4,3600.0,[Main Dishes],,"[cooked chicken, boneless skinless chicken breasts, diced onions, butter, frozen mixed vegetables, flour, milk, chicken broth, salt, pepper, cornbread mix]",casserole
Hamburger-Wild-Rice-Casserole-1353529,Hamburger Wild Rice Casserole,3,3300.0,[Main Dishes],,"[wild rice, lean ground beef, cremini mushrooms, yellow onion, garlic, all-purpose flour, beef broth, ground thyme, paprika, dried oregano, milk, grated parmesan cheese, shredded cheese]",casserole
BEST-EVER-GREEN-BEAN-CASSEROLE-1379174,BEST-EVER GREEN BEAN CASSEROLE,3,5400.0,[Side Dishes],,"[onions, all-purpose flour, japanese bread crumbs, kosher salt, fresh green bean, unsalted butter, button mushrooms, black pepper, garlic, nutmeg, half & half, low sodium chicken broth]",casserole
Scalloped-Potatoes-and-Ham-1363016,Scalloped Potatoes and Ham,3,6300.0,[Main Dishes],,"[cooked ham, onions, butter, flour, milk, large potatoes, salt, pepper]",casserole
Individual-Fish-Casserole-1376540,Individual Fish Casserole,4,2100.0,[Main Dishes],,"[fish fillets, onions, garlic, butter, sour cream, semi-hard cheese, freshly ground black pepper, salt]",casserole
Sweet-Potato-Casserole-1347191,Sweet Potato Casserole,4,2400.0,[Side Dishes],,"[sweet potatoes, fat free milk, unsalted butter, pumpkin pie spice, pecans, mini marshmallows]",casserole
Loaded-Potato-Casserole-Real-Mom-Kitchen-46183,Loaded Potato Casserole,5,3300.0,,,"[sour cream, cheddar cheese, bacon bits, green onions, ranch dip mix, hash brown]",casserole
Spaghetti-And-Meatballs-Casserole-1375304,Spaghetti And Meatballs Casserole,4,2700.0,[Main Dishes],,"[spaghetti, oil, vegetarian meatballs, purple onion, garlic, carrots, mushrooms, black olives, tomato sauce, water, salt, black pepper, fresh mozzarella, fresh basil]",casserole
Twice-Baked-Potato-Casserole-For-One-1351297,Twice Baked Potato Casserole For One,4,5700.0,[Side Dishes],,"[baking potatoes, butter, sour cream, milk, salt, black pepper, bacon, shredded cheddar cheese, eggs]",casserole
Easy-Corn-Casserole-1376409,Easy Corn Casserole,4,4800.0,[Side Dishes],,"[olive oil, small yellow onion, garlic cloves, bacon, corn, cream style corn, green chile, corn mix muffin, butter, sour cream, cream cheese, cheddar cheese]",casserole
Chicken-Florentine-Casserole-1378704,Chicken Florentine Casserole,4,3600.0,[Main Dishes],,"[olive oil, boneless skinless chicken breasts, pepper, prosciutto, baby spinach, butter, sliced mushrooms, onions, garlic, Campbell's Condensed Cream of Mushroom Soup, cream, fresh lemon juice, italian seasoning, dried parsley, grated parmesan cheese, shredded mozzarella cheese]",casserole
Better-than-Ever-Green-Bean-Casserole-1362454,Better-than-Ever Green Bean Casserole,3,5400.0,[Side Dishes],,"[olive oil, fresh mushrooms, onions, fresh green bean, reduced fat reduced sodium condensed cream of mushroom soup, Knudsen Light Sour Cream, milk, pepper, french fried onions]",casserole
Broccoli-Rice-Casserole-1376166,Broccoli-Rice Casserole,4,3600.0,[Side Dishes],,"[broccoli stems, lemon juice, chopped onion, celery, butter, flour, evaporated milk, shredded cheddar cheese, cooked rice, salt, garlic powder]",casserole
Loaded-Mashed-Potato-Casserole-1378085,Loaded Mashed Potato Casserole,4,5400.0,[Side Dishes],,"[yukon gold potatoes, salt, cream cheese, milk, butter, sour cream, seasoning salt, garlic salt, freshly ground black pepper, green onions, cheddar cheese, bacon]",casserole
Creamy-Spinach-_-Spaghetti-Squash-Bake-1373435,Creamy Spinach & Spaghetti Squash Bake,4,3600.0,[Main Dishes],,"[spaghetti squash, water, olive oil, spinach, red bell pepper, garlic, nutmeg, salt, pepper, cream cheese, mozzarella cheese, parmesan cheese]",casserole
Ham-and-Cheese-Casserole-1320119,Ham and Cheese Casserole,3,1800.0,[Main Dishes],,"[penne pasta, olive oil, shallots, onions, diced ham, provolone cheese, grated parmesan cheese, shredded cheddar cheese, Alfredo sauce]",casserole
Tuna-Casserole-Freezer-Meal-1367183,Tuna Casserole Freezer Meal,4,3600.0,[Main Dishes],,"[butter, flour, chicken broth, tuna, noodles, sauce, mayonnaise, shredded cheddar cheese, onion salt, celery salt, salt, pepper]",casserole
Twice-Baked-Potato-Casserole-1378277,Twice Baked Potato Casserole,4,6300.0,[Side Dishes],,"[russet, Country Crock Spreadable Butter, heavy cream, sour cream, gruyere cheese, black pepper, kosher salt, bacon, parsley]",casserole
Best-Baked-Chicken-Thighs-1371174,Best Baked Chicken Thighs,4,3600.0,[Main Dishes],,"[dijon mustard, maple syrup, rice vinegar, chicken thighs, salt, pepper]",casserole
Green-Bean-Casserole-with-Bacon-and-Fried-Shallots-1379084,Green Bean Casserole with Bacon and Fried Shallots,4,5400.0,[Side Dishes],,"[all-purpose flour, cayenne, garlic powder, kosher salt, black pepper, shallots, canola, vegetable oil, fresh green bean, bacon, unsalted butter, button mushrooms, garlic, low sodium chicken stock, half & half, soy sauce, worcestershire sauce, grated parmesan cheese, fresh rosemary, chopped fresh thyme, freshly ground black pepper]",casserole
Cheesy-Chicken_-Broccoli-_-Rice-Casserole-_From-Scratch__-1361648,"Cheesy Chicken, Broccoli & Rice Casserole (From Scratch!)",4,2400.0,[Main Dishes],,"[unsalted butter, cremini mushrooms, all-purpose flour, whole milk, sharp cheddar cheese, salt, pepper, cooked chicken, broccoli florets, cooked rice, panko breadcrumbs]",casserole
Crock-Pot-Blueberry-Breakfast-Casserole-1380731,Crock Pot Blueberry Breakfast Casserole,4,8100.0,[Breakfast and Brunch],,"[melted butter, oats, cream of wheat, flour, brown sugar, eggs, milk, oil, baking powder, salt, blueberries, chopped walnuts]",casserole
Greek-Egg-Casserole-1323160,Greek Egg Casserole,4,2700.0,[Breakfast and Brunch],,"[cubed bread, feta cheese crumbles, frozen chopped spinach, eggs, milk, black pepper]",casserole
Simple-Seafood-Casserole-1309830,Simple Seafood Casserole,4,2700.0,[Main Dishes],,"[haddock, large shrimp, garlic cloves, heavy cream, shredded swiss cheese, paprika, sea salt, pepper]",casserole
Thanksgiving-Family-Fave-Veggie-Casserole-1365673,Thanksgiving Family Fave Veggie Casserole,3,2700.0,,,"[Country Crock® Spread, onions, panko breadcrumbs, mixed vegetables, 2% low fat cheddar chees]",casserole
Healthy-Stuffed-Pepper-Casserole-with-Cheddar-1359974,Healthy Stuffed Pepper Casserole with Cheddar,4,6300.0,[Main Dishes],,"[ground turkey breast, yellow onion, salt, pepper, bell pepper, crushed tomatoes, long grain brown rice, dried oregano, garlic powder, shredded sharp cheddar cheese]",casserole
Cheesy-Green-Bean-and-Red-Rice-Casserole-_Lactose-Free_-Gluten-Free_-1379072,Cheesy Green Bean and Red Rice Casserole {Lactose-Free; Gluten-Free},4,3600.0,[Side Dishes],,"[mild olive oil, red rice, salt, water, fresh green bean, onions, garlic, veggies, milk, vegan Worcestershire sauce, tamari soy sauce, black pepper]",casserole
No-Boil-Candied-Sweet-Potato-Casserole-1375562,No Boil Candied Sweet Potato Casserole,4,4500.0,[Side Dishes],,"[sweet potatoes, water, butter, brown sugar, cinnamon, salt, mini marshmallows]",casserole
Chicken-Cordon-Bleu-Casserole-1346205,Chicken Cordon Bleu Casserole,4,4800.0,[Main Dishes],,"[chicken meat, black forest ham, swiss cheese, butter, flour, milk, lemon juice, mustard, salt, smoked paprika, pepper, melted butter, seasoned bread crumbs, parmesan cheese]",casserole
Paleo-Buffalo-Chicken-Casserole-1379188,Paleo Buffalo Chicken Casserole,4,5100.0,[Main Dishes],,"[cauliflower, eggs, chicken, white onion, red bell pepper, garlic powder, salt, smoked paprika, buffalo sauce, crispy bacon, diced red onions, green onions, avocado, ranch dressing, crumbled blue cheese, diced tomatoes]",casserole
Green-Bean-Casserole-1351574,Green Bean Casserole,4,2400.0,[Side Dishes],,"[green beans, cream of mushroom soup, milk, salt, pepper, french fried onions]",casserole
Cheesy-Cauliflower-Casserole-1180556,Cheesy Cauliflower Casserole,3,2400.0,,,"[cauliflower, yellow onion, garlic, butter, flour, milk, sharp cheddar cheese, parmesan cheese, salt, pepper]",casserole
Quick-and-Easy-Thanksgiving-Casserole-1375754,Quick and Easy Thanksgiving Casserole,3,3600.0,[Main Dishes],,"[butter, onions, green pepper, potatoes, mushrooms, condensed cream of chicken soup, turkey, shredded cheddar cheese]",casserole
Cheesy-Broccoli-Quinoa-Casserole-1375140,Cheesy Broccoli Quinoa Casserole,4,3900.0,[Side Dishes],,"[quinoa, water, frozen broccoli florets, olive oil, yellow onion, garlic, cheddar cheese, mushroom soup, sea salt, ground pepper]",casserole
Cheesy-Manicotti-Casserole-1323228,Cheesy Manicotti Casserole,3,4500.0,[Main Dishes],,"[italian sausage, grated parmesan cheese, minced garlic, eggs, parsley, bread crumbs, tomato purée, manicotti shells, shredded mozzarella cheese]",casserole
Paleo-Breakfast-Casserole-1369572,Paleo Breakfast Casserole,4,4800.0,"[Breakfast and Brunch, Main Dishes]",,"[spaghetti squash, ground beef, purple onion, fresh mushrooms, bell pepper, sliced black olives, grape tomatoes, eggs, coconut milk, salt, black pepper]",casserole
Cottage-Cheese-Casserole-1374946,Cottage Cheese Casserole,4,3000.0,,,"[curds, eggs, sour cream, sugar, semolina, vanilla]",casserole
Hashbrown-Casserole-1354551,Hashbrown Casserole,4,4800.0,,,"[hash brown patties, butter, half & half, salt, grated parmesan cheese]",casserole
Mom_s-Best-Sweet-Potato-Casserole-with-marshmallows-1375098,Mom's Best Sweet Potato Casserole with marshmallows,4,3000.0,[Side Dishes],,"[sweet potatoes, brown sugar, butter, cinnamon, nutmeg, salt, milk, mini marshmallows]",casserole
Cabbage-Casserole-1269479,Cabbage Casserole,4,4500.0,,,"[cabbage, flour, mustard powder, cream, bacon slices]",casserole
White-Cheddar-_-Squash-Casserole-1366522,White Cheddar & Squash Casserole,4,3900.0,[Side Dishes],,"[butter, onions, yellow squash, salt, pepper, flour, milk, white cheddar cheese, Italian seasoned breadcrumbs]",casserole
Stuffed-Pepper-Casserole-1355903,Stuffed Pepper Casserole,4,3000.0,[Main Dishes],,"[instant rice, ground beef, green pepper, onions, marinara sauce, salt, water, shredded cheddar cheese]",casserole
Loaded-Cauliflower-Casserole-1310918,Loaded Cauliflower Casserole,4,3300.0,[Side Dishes],,"[cauliflower, water, sour cream, shredded cheddar cheese, panko breadcrumbs, onions, salt, black pepper, crispy bacon]",casserole
Sour-Cream-And-Onion-Smashed-Potato-Casserole-1343900,Sour Cream And Onion Smashed Potato Casserole,4,3900.0,[Side Dishes],,"[red potato, salt, butter, light cream, sour cream, garlic salt, garlic powder, onion powder, black pepper, paprika, sharp white cheddar cheese, green onions]",casserole
Leftover-Turkey-or-Chicken-and-Biscuits-Casserole-1368801,Leftover Turkey or Chicken and Biscuits Casserole,4,3600.0,[Main Dishes],,"[chicken broth, carrots, frozen peas, chicken, yellow onion, sliced mushrooms, celery ribs, italian seasoning, salt, pepper, butter, cream of chicken soup, biscuits]",casserole
FRESH-GREEN-BEAN-CASSEROLE-1374535,FRESH GREEN BEAN CASSEROLE,3,3000.0,[Side Dishes],,"[fresh green bean, cooking cream, black pepper, sliced almonds, panko breadcrumbs, garlic, butter]",casserole
Slow-Cooker-Green-Bean-Casserole-1362223,Slow Cooker Green Bean Casserole,4,10200.0,[Side Dishes],,"[cream of mushroom soup, milk, black pepper, onion powder, Del Monte Cut Green Beans, french's french fried onions, cooking oil]",casserole
Cheesy-Chicken-Casserole-1368864,Cheesy Chicken Casserole,4,3600.0,[Main Dishes],,"[olive oil spray, fresh tomatoes, onions, basil, minced garlic, olive oil, kosher salt, black pepper, boneless skinless chicken breasts, dried oregano, part-skim mozzarella]",casserole
Classic-Green-Bean-Casserole-1343100,Classic Green Bean Casserole,4,2700.0,[Side Dishes],,"[condensed cream of mushroom soup, milk, soy sauce, ground black pepper, green beans, french fried onions]",casserole
Amish-Ham-Casserole-1356444,Amish Ham Casserole,4,2400.0,[Main Dishes],,"[ham, onions, baking potatoes, shredded cheddar cheese, eggs, small curd cottage cheese, salt, freshly ground black pepper, chopped parsley]",casserole
Garlic-Bread-Meatball-Casserole-1364076,Garlic Bread Meatball Casserole,3,4500.0,[Main Dishes],[Italian],"[meatballs, ground beef, large eggs, seasoned bread crumbs, sweet onion, grated parmesan cheese, flat leaf parsley, heavy cream, tomato paste, dried oregano, dried basil, garlic powder, salt, ground black pepper, tomato sauce, extra-virgin olive oil, garlic, water, garlic bread, Italian bread, mayonnaise, onion powder, roma tomatoes, red pepper, shredded mozzarella cheese, Italian cheese blend]",casserole
Cranberry-Pecan-Sweet-Potato-Casserole-1378319,Cranberry Pecan Sweet Potato Casserole,4,3000.0,[Side Dishes],,"[chopped pecans, frozen cranberries, light brown sugar, sweet potatoes, unsalted butter, maple syrup, grated orange, kosher salt, ground cinnamon]",casserole
Buffalo-Hash-Brown-Chicken-Casserole-1365108,Buffalo Hash Brown Chicken Casserole,4,5400.0,[Main Dishes],,"[frozen hash browns, shredded cheddar cheese, carrots, celery, ranch dressing, buffalo, cream of chicken soup, milk, roasting chickens, panko breadcrumbs, blue cheese]",casserole
French-Toast-Casserole-1377905,French Toast Casserole,3,4800.0,[Breakfast and Brunch],,"[large eggs, half & half, whole milk, maple syrup, vanilla extract, ground cinnamon, kosher salt, pecans, raisins, sourdough bread, unsalted butter, turbinado]",casserole
Upgraded-Green-Bean-Casserole-1369157,Upgraded Green Bean Casserole,4,3300.0,,,"[steamer, refrigerated buttermilk biscuits, vegetables, french fried onions, salt, pepper]",casserole
Green-Bean-Casserole-1368866,Green Bean Casserole,4,4800.0,[Side Dishes],,"[green beans, mushrooms, water, soy sauce, onions, garlic, vegetable broth, almond milk]",casserole
Copycat-Ruth_s-Chris-Sweet-Potato-Casserole-1318519,Copycat Ruth's Chris Sweet Potato Casserole,3,3000.0,[Side Dishes],,"[sweet potatoes, butter, half & half, salt, brown sugar, flour, pecans]",casserole
Cheeseburger-casserole-344585,Cheeseburger Casserole,5,,[Main Dishes],,"[rotini, oil, onions, garlic cloves, lean ground beef, salt, black pepper, tomato paste, diced tomatoes, dijon mustard, cheese, dill pickles]",casserole
Pesto-Broccoli-Sweet-Potato-Rice-Casserole-Two-Ways_-1379762,Pesto Broccoli Sweet Potato Rice Casserole – Two Ways!,4,3300.0,[Side Dishes],,"[basil leaves, pinenuts, olive oil, sea salt, peppercorns, garlic, broccoli florets, sweet potatoes, pepper, low sodium vegetable broth, shredded mozzarella cheese]",casserole
Mushroom-Linguine-Casserole-1117367,Mushroom Linguine Casserole,3,1800.0,[Main Dishes],,"[cream of mushroom soup, peas, mushrooms, linguine, mozzarella cheese, salt, pepper]",casserole
Comforting-Potato-Cauliflower-Casserole-1356116,Comforting Potato Cauliflower Casserole,3,3600.0,[Side Dishes],,"[large potatoes, cauliflower, olive oil, onions, turkey bacon, shredded cheddar cheese]",casserole
Caesar-Green-Bean-Casserole-1372799,Caesar Green Bean Casserole,4,2100.0,[Side Dishes],,"[frozen green beans, olive oil, vinegar, dried minced onion, garlic, bread crumbs, grated parmesan cheese, butter]",casserole
Spicy-Sloppy-Joe-Cornbread-Casserole-1380041,Spicy Sloppy Joe Cornbread Casserole,4,4200.0,[Main Dishes],,"[cornbread mix, milk, eggs, shredded cheese, ground beef, ketchup, mustard, Sriracha, brown sugar, sweet onion, bell pepper, green onions]",casserole
Light-Meatless-Breakfast-Casserole-1363616,Light Meatless Breakfast Casserole,3,2700.0,[Breakfast and Brunch],,"[margarine, onions, eggs, salt, shredded cheddar cheese, frozen deep dish pie crust, zucchini, tomatoes]",casserole
Mashed-Potato-Casserole-1368770,Mashed Potato Casserole,3,4200.0,[Side Dishes],,"[unsalted butter, yukon gold potatoes, kosher salt, sour cream, black pepper, chives, bread crumbs, parmigiano reggiano cheese]",casserole
Chicken-Casserole-With-Roasted-Veggies-1353559,Chicken Casserole With Roasted Veggies,3,3600.0,[Main Dishes],,"[boneless skinless chicken breasts, red pepper, zucchini, artichoke hearts, sliced mushrooms, purple onion, olive oil, salt, ground black pepper, dried oregano, dried basil, marinara sauce, grated parmesan cheese, red pepper flakes, smoked gouda]",casserole
Blueberry-Cream-French-Toast-Casserole-1379879,Blueberry Cream French Toast Casserole,4,3900.0,[Breakfast and Brunch],,"[Texas toast bread, cream cheese, granulated sugar, blueberries, cinnamon, large eggs, milk, maple syrup, vanilla extract, butter]",casserole
Hash-Brown-Crust-Breakfast-Casserole-1353465,Hash Brown Crust Breakfast Casserole,4,3600.0,[Breakfast and Brunch],,"[brown hash potato, melted butter, salt, pepper, garlic powder, eggs, cooked ham, green onions, shredded cheddar cheese, milk]",casserole
Cinnamon-Roll-French-Toast-Bake-1375234,Cinnamon Roll French Toast Bake,4,3000.0,[Breakfast and Brunch],,"[cinnamon rolls, eggs, whipping cream, ground cinnamon, vanilla extract, mcintosh apples, walnuts, maple syrup]",casserole
Sweet-Potato-Casserole-with-Praline-Topping-1346940,Sweet Potato Casserole with Praline Topping,4,2700.0,[Side Dishes],,"[sweet potatoes, sugar, vanilla, milk, flour, brown sugar, butter, chopped pecans]",casserole
Bacon_-Egg-_-Cheese-Breakfast-Casserole-1339836,"Bacon, Egg & Cheese Breakfast Casserole",4,3600.0,[Breakfast and Brunch],,"[eggs, milk, frozen hash browns, green onions, salt, shredded cheddar cheese, bacon]",casserole
Taco-Casserole-1312205,Taco Casserole,4,3300.0,[Main Dishes],,"[skinless chicken breasts, onions, bell pepper, garlic, taco seasoning mix, taco sauce, non-fat sour cream, fat-free cottage cheese, low fat tortilla chip, low-fat cheddar cheese, salsa]",casserole
French-Toast-Casserole-1372425,French Toast Casserole,4,4500.0,[Breakfast and Brunch],,"[cubed bread, eggs, milk, white sugar, salt, vanilla extract, margarine, ground cinnamon]",casserole
Pineapple-casserole-369936,Pineapple Casserole,4,3300.0,[Side Dishes],,"[crushed pineapple, sugar, plain flour, grating cheese, crackers, melted butter]",casserole
Dilly-Casserole-Bread-1377687,Dilly Casserole Bread,4,3300.0,[Breads],,"[all-purpose flour, sugar, minced onion, dill seed, salt, baking soda, active dry yeast, water, margarine, curds, eggs, coarse salt]",casserole
No-Boil-Candied-Sweet-Potato-Casserole-1375310,No Boil Candied Sweet Potato Casserole,4,4500.0,[Side Dishes],,"[sweet potatoes, water, butter, brown sugar, cinnamon, salt, mini marshmallows]",casserole
Quesadilla-Casserole-1321216,Quesadilla Casserole,3,2700.0,[Main Dishes],[Southwestern],"[ground beef, chopped onion, tomato sauce, black beans, corn kernel whole, green chile, McCormick Chili Powder, McCormick Ground Cumin, McCormick Garlic, McCormick Oregano Leaves, mccormick red pepper, crushed, flour tortillas, shredded cheddar cheese]",casserole
Fresh-Corn-Casserole-902852,Fresh Corn Casserole,4,3600.0,[Side Dishes],,"[corn, heavy cream, butter, salt, ground pepper]",casserole
Italian-crescent-casserole-351173,Italian Crescent Casserole,5,2400.0,[Main Dishes],[Italian],"[ground beef, tomato sauce, Pillsbury™ Refrigerated Crescent Dinner Rolls, shredded Italian cheese, basil dried leaves]",casserole
Green-Bean-Casserole-1380633,Green Bean Casserole,3,3000.0,[Side Dishes],,"[condensed cream of mushroom soup, milk, soy sauce, pepper, frozen green beans, french fried onions]",casserole
Butternut-Squash-Casserole-with-Parmesan-Panko-Topping-1378532,Butternut Squash Casserole with Parmesan-Panko Topping,4,4200.0,[Side Dishes],,"[butternut squash, crème fraîche, chopped fresh sage, nutmeg, salt, shredded parmesan cheese, panko breadcrumbs, olive oil, cracked black pepper]",casserole
Tuna-Noodle-Casserole-1064466,Tuna Noodle Casserole,4,2400.0,[Main Dishes],,"[tuna packed in water, condensed cream of mushroom soup, milk, pasta shells, french fried onions, fresh parsley, old bay seasoning]",casserole
Broccoli-Casserole-1364908,Broccoli Casserole,4,3300.0,[Side Dishes],,"[frozen broccoli, cream of mushroom soup, shredded cheddar cheese, milk, mayonnaise, eggs, stuffing, butter, salt, pepper]",casserole
The-Best-Casserole-Potatoes-1336357,The Best Casserole Potatoes,4,4500.0,[Side Dishes],,"[salted butter, green onions, sour cream, cream of chicken soup, sharp cheddar cheese, potatoes, corn flakes]",casserole
Ham-and-Potato-Casserole-1334705,Ham and Potato Casserole,4,4800.0,[Main Dishes],,"[medium potatoes, cooked ham, onions, butter, all-purpose flour, milk, shredded cheddar cheese, salt, ground black pepper, cheese]",casserole
Easy-Cheesy-Potato-Casserole-1326790,Easy Cheesy Potato Casserole,3,1320.0,[Side Dishes],,"[hash brown, cheese, reduced fat cream of mushroom soup, reduced-fat sour cream, chopped fresh chives, garlic cloves, salt, freshly ground pepper]",casserole
Easy-Breakfast-Casserole-1345722,Easy Breakfast Casserole,4,2400.0,[Breakfast and Brunch],,"[eggs, heavy cream, sea salt, shredded cheese, cooked sausages, chopped ham, cooked bacon, baked potato]",casserole
Caveboy-Casserole-1317359,Caveboy Casserole,4,3300.0,[Main Dishes],,"[ground beef, taco seasoning, arrowroot starch, olive oil, yellow onion, bell pepper, plum tomatoes, black olives, diced green chilies, cornbread]",casserole
Sweet-Potato-Casserole-1368213,Sweet Potato Casserole,4,2400.0,[Side Dishes],,"[sweet potatoes, milk, butter, maple syrup, ground cinnamon, salt, black pepper, pecans, cayenne]",casserole
Southern-Chicken-and-Dressing-Casserole_-1375948,Southern Chicken and Dressing Casserole!,4,4500.0,[Main Dishes],,"[cooked chicken, herb seasoned stuffing mix, butter, cream of chicken soup, cream of celery soup, chicken broth, milk, diced onions, chopped celery, water chestnuts, seasoning salt, black pepper, poultry seasoning]",casserole
Cheesy-Broccoli-Rice-Casserole-for-One-1011906,Cheesy Broccoli Rice Casserole for One,4,300.0,,,"[rice, cheddar cheese, frozen broccoli florets, water]",casserole
Real-Food-Green-Bean-Casserole-_a-Make-Ahead-Dish_-1369733,Real Food Green Bean Casserole (a Make-Ahead Dish),4,3900.0,[Side Dishes],,"[frozen green beans, minced onion, butter, corn starch, milk, sea salt, cheddar cheese]",casserole
Pecan-Cobbler-1378145,Pecan Cobbler,4,6300.0,[Desserts],,"[eggs, light corn syrup, flour, butter, salt, brown sugar, unbaked pie crusts, pecans]",casserole
Bubble-Up-Pizza-Casserole-1331474,Bubble-Up Pizza Casserole,3,2700.0,[Main Dishes],,"[buttermilk biscuits, pasta sauce, mozzarella cheese, pizza toppings]",casserole
Green-Chili-Nacho-Casserole-1373659,Green Chili Nacho Casserole,4,3000.0,[Main Dishes],,"[ground beef, corn tortilla chips, shredded cheese, green enchilada sauce, green chilies, diced tomatoes, corn, canned black beans, salt, black pepper]",casserole
Cornbread-Dressing-Casserole-1356453,Cornbread Dressing Casserole,4,4200.0,[Side Dishes],,"[buttermilk cornbread, cornbread, eggs, milk, butter, chicken broth, chicken, stuffing mix]",casserole
Mashed-Potato-Casserole-1376165,Mashed Potato Casserole,4,1800.0,[Side Dishes],,"[medium potatoes, evaporated milk, parmesan cheese, shredded cheddar cheese, sour cream, bacon, salt, garlic powder]",casserole
Mashed-Potato-Casserole-1372836,Mashed Potato Casserole,3,4200.0,[Side Dishes],,"[unsalted butter, yukon gold potatoes, kosher salt, sour cream, black pepper, chives, bread crumbs, parmigiano reggiano cheese]",casserole
Cream-Cheese-Mushroom-And-Mince-Casserole-1368186,Cream Cheese Mushroom And Mince Casserole,4,1800.0,[Main Dishes],,"[ground beef, salt, black pepper, cream cheese, mushrooms, leeks, butter, all purpose seasoning, dried parsley, mozzarella cheese]",casserole
Mexican-Breakfast-Casserole-1347919,Mexican Breakfast Casserole,4,2700.0,[Breakfast and Brunch],,"[onions, butter, breakfast sausages, french bread, eggs, cheese, cayenne pepper, salt, pepper, cilantro]",casserole
Breakfast-Casserole-492063,Breakfast Casserole,4,4200.0,[Breakfast and Brunch],,"[large eggs, milk, cheese, salt, whole wheat bread, bacon, cooked vegetables]",casserole
Apple-Pie-Casserole-1366720,Apple Pie Casserole,3,4200.0,[Desserts],,"[apples, sugar, cinnamon, water, crust, flour, shortening]",casserole
Broccoli-and-Rice-Casserole-1074820,Broccoli and Rice Casserole,4,2100.0,,,"[frozen broccoli, onions, cream of mushroom soup, minute rice, cheez whiz]",casserole
Mexican-Casserole-1323260,Mexican Casserole,4,2400.0,[Main Dishes],[Mexican],"[lean ground beef, red enchilada sauce, shoepeg corn, salsa, soft corn tortillas, low sodium black beans, white cheddar cheese, light pepper jack cheese]",casserole
Comforting-Potato-Casserole-1375428,Comforting Potato Casserole,3,6000.0,[Side Dishes],,"[condensed cream of mushroom soup, sour cream, part-skim mozzarella cheese, green onions, brown hash potato]",casserole
Slow-Cooker-Sweet-Potato-Casserole-1370597,Slow Cooker Sweet Potato Casserole,4,3000.0,[Side Dishes],,"[sweet potatoes, water, whole milk, butter, pure maple syrup, lemon juice, pure vanilla extract, salt, ground cinnamon, ground nutmeg, ground ginger, chopped pecans]",casserole
Cheesy-Hashbrown-Casserole-971341,Cheesy Hashbrown Casserole,4,2700.0,,,"[unsalted butter, kosher salt, ground black pepper, onions, condensed soup, colby jack cheese, hash brown]",casserole
Pineapple-Bourbon-Sweet-Potato-Casserole-1378139,Pineapple-Bourbon Sweet Potato Casserole,4,9000.0,[Side Dishes],,"[sweet potatoes, dark brown sugar, bourbon whiskey, unsalted butter, kosher salt, ground cinnamon, ground ginger, ground allspice, grated nutmeg, ground black pepper, eggs, crushed pineapple, marshmallow creme]",casserole
Mashed-Potato-Casserole-1366709,Mashed Potato Casserole,3,4200.0,[Side Dishes],,"[unsalted butter, yukon gold potatoes, kosher salt, sour cream, black pepper, chives, bread crumbs, parmigiano reggiano cheese]",casserole
FRENCH_S-Green-Bean-Casserole-1365648,FRENCH'S Green Bean Casserole,4,2100.0,[Side Dishes],,"[Campbell's Condensed Cream of Mushroom Soup, milk, black pepper, cooked cut green beans, french fried onions]",casserole
Crockpot-Turkey-_-Rice-Casserole-1366768,Crockpot Turkey + Rice Casserole,3,23100.0,[Main Dishes],,"[bacon, turkey breast tenderloins, carrots, onions, celery, wild rice, condensed cream of chicken soup, water, soy sauce, sliced carrots, marjoram leaves, pepper]",casserole
Cheesy-Tater-Tot-and-Ham-Casserole-1367624,Cheesy Tater Tot and Ham Casserole,4,4800.0,[Main Dishes],,"[frozen tater tots, ham, cheese, cream of chicken soup]",casserole
Cheesy-Meatball-Tater-Tot-Casserole-1356410,Cheesy Meatball Tater Tot Casserole,4,3600.0,[Main Dishes],,"[meatballs, frozen tater tots, butter, onions, garlic, all-purpose flour, dried thyme, milk, salt, ground pepper, shredded cheese]",casserole
Broccoli-Cheese-Casserole-1049146,Broccoli Cheese Casserole,4,2700.0,[Side Dishes],,"[frozen broccoli florets, cream cheese, cheddar cheese, green onions, salt, pepper, bacon]",casserole
Easy-Green-Bean-Casserole-_NO-MUSHROOM-SOUP_-1380560,Easy Green Bean Casserole {NO MUSHROOM SOUP},4,2700.0,[Side Dishes],,"[green beans, white mushrooms, cold water, flour, milk, cream cheese, salt, black pepper, yellow onion, panko breadcrumbs, grated parmesan cheese, olive oil, pepper, vegetable oil]",casserole
Vegan-Broccoli-Cheese-Casserole-1360621,Vegan Broccoli Cheese Casserole,4,4800.0,[Main Dishes],,"[baking potatoes, carrots, olive oil, onions, garlic cloves, button mushrooms, vegetable broth, medium grain brown rice, broccoli, nutritional yeast flakes, lemon juice, white miso, soy milk, salt, pepper]",casserole
Cowboy-Meatloaf-and-Potato-Casserole-1363328,Cowboy Meatloaf and Potato Casserole,3,3300.0,[Main Dishes],,"[lean ground beef, finely chopped onion, dry bread crumbs, jack daniels, eggs, chili powder, salt, russet potatoes, evaporated milk, butter, flat leaf parsley, garlic powder, crumbled bacon, french fried onions, Mexican cheese blend]",casserole
Green-Bean-Casserole-1353909,Green Bean Casserole,4,2400.0,[Side Dishes],,"[butter, flour, milk, salt, black pepper, ground nutmeg, Del Monte Green Beans, french fried onions]",casserole
Chicken-Parm-Casserole-1340582,Chicken Parm Casserole,4,2400.0,[Main Dishes],,"[marinara sauce, cooked chicken, croutons, mozzarella cheese, parmesan cheese, fresh basil, garlic powder, red pepper flakes, kosher salt, freshly ground pepper]",casserole
Green-Bean-Casserole-1374941,Green Bean Casserole,4,3300.0,[Side Dishes],,"[fresh green bean, butter, onions, bread crumb fresh, salt, mushrooms, garlic cloves, whole wheat flour, dried thyme, mustard seeds, ground black pepper, vegetable broth, milk]",casserole
Portabella-Bacon-Green-Bean-Casserole-1367840,Portabella Bacon Green Bean Casserole,4,1320.0,[Side Dishes],,"[Del Monte Green Beans, Campbell's Condensed Cream of Mushroom Soup, french's french fried onions, bacon, mushrooms, olive oil, Italian cheese]",casserole
Broccoli-Cauliflower-Casserole-1345784,Broccoli Cauliflower Casserole,4,3300.0,[Side Dishes],,"[broccoli, cauliflower, butter, onions, minced garlic, flour, chicken broth, milk, salt, black pepper, crushed red pepper, shredded sharp cheddar cheese, melted butter, bread crumbs]",casserole
Cheesy-Macaroni-and-Beef-Casserole-1374991,Cheesy Macaroni and Beef Casserole,3,5400.0,[Main Dishes],,"[unsalted butter, red bell pepper, yellow onion, garlic cloves, kosher salt, dried oregano, paprika, freshly ground black pepper, tomato paste, lean ground beef, elbow macaroni, all-purpose flour, whole milk, crushed tomatoes, low sodium chicken broth, shredded sharp cheddar cheese]",casserole
Layered-Green-Bean-Casserole-Shepherds-Pie-_ThisIsMyTwist-1360265,Layered Green Bean Casserole Shepherd’s Pie #ThisIsMyTwist,4,2400.0,[Side Dishes],,"[Campbell's Condensed Cream of Mushroom Soup, milk, soy sauce, ground black pepper, Del Monte Green Beans, french fried onions]",casserole
Broccoli-Cauliflower-Casserole-1321501,Broccoli-Cauliflower Casserole,4,4200.0,[Side Dishes],,"[broccoli, cauliflower, butter, onions, garlic, flour, low sodium chicken broth, cream cheese, salt, black pepper, seasoning salt, paprika, grated jack cheese, seasoned bread crumbs]",casserole
Cream-of-Mushroom-Rice-Casserole-1313450,Cream of Mushroom Rice Casserole,3,2700.0,[Side Dishes],,"[instant rice, chopped onion, milk, cheese, butter, frozen chopped broccoli, condensed cream of mushroom soup]",casserole
Skinny-Cheesy-Potato-Casserole-1366968,Skinny Cheesy Potato Casserole,4,3300.0,[Side Dishes],,"[russet potatoes, green onions, butter, low-fat cream cheese, nonfat greek yogurt, skim milk, kosher salt, black pepper, part-skim mozzarella, sharp cheddar cheese]",casserole
Tater-Tot-Casserole-or-Hot-Dish-1354983,Tater Tot Casserole or Hot Dish,4,4500.0,[Main Dishes],,"[mushrooms, onions, garlic, vegetable broth, almond milk, frozen mixed vegetables, tater tots]",casserole
Pierogi-casserole-333817,Pierogi Casserole,5,4500.0,"[Main Dishes, Side Dishes]",,"[yukon gold potatoes, onions, cheese, pasta, butter]",casserole
Sweet-Potato-Casserole-with-Crumbly-Quinoa-Topping-1378113,Sweet Potato Casserole with Crumbly Quinoa Topping,4,4800.0,[Side Dishes],,"[sweet potatoes, maple syrup, almond milk, Earth Balance Buttery Spread, vanilla extract, ground cinnamon, cooked quinoa, chopped pecans, gluten, coconut sugar]",casserole
Gluten-Free-Cranberry-Casserole-1370594,Gluten Free Cranberry Casserole,4,3600.0,,,"[apples, cranberries, granulated sugar, gluten, brown sugar, gluten-free flour, pecans, melted butter]",casserole
Garlic-Mushroom-Chicken-Casserole-1358630,Garlic Mushroom Chicken Casserole,3,2100.0,[Main Dishes],,"[boneless chicken breast, vegetable oil, mushrooms, garlic, cream of mushroom soup, milk, salt, pepper, white rice, cheddar cheese]",casserole
Fish-and-Potato-Casserole-1377539,Fish and Potato Casserole,4,4200.0,[Main Dishes],,"[fish fillets, medium potatoes, garlic, onions, tomatoes, olive oil, greens, dried basil, dried thyme, freshly ground black pepper, salt, butter, milk, egg yolks]",casserole
Kale-and-feta-breakfast-casserole-309272,Kale and Feta Breakfast Casserole,5,2700.0,[Breakfast and Brunch],,"[kale, olive oil, feta cheese crumbles, eggs, Spike Seasoning, ground black pepper, salt]",casserole
Cheddar-Mashed-Potato-Casserole-1338317,Cheddar-Mashed Potato Casserole,3,5100.0,[Side Dishes],,"[yukon gold potatoes, butter, Knudsen Sour Cream, KRAFT Shredded Triple Cheddar Cheese with a TOUCH OF PHILADELPHIA, Oscar Mayer Bacon]",casserole
Chicken-Divan-Casserole-1372003,Chicken Divan Casserole,4,3000.0,[Main Dishes],,"[unsalted butter, all-purpose flour, chicken broth, half & half, dry sherry, lemon, kosher salt, ground pepper, freshly grated parmesan, frozen broccoli florets, diced chicken breast, cooked white rice, panko breadcrumbs, melted butter]",casserole
Sweet-Potato-Casserole-1372555,Sweet Potato Casserole,3,6300.0,[Side Dishes],,"[sweet potatoes, brown sugar, orange juice, heavy cream, unsalted butter, vanilla extract, salt, dark brown sugar, chopped pecans]",casserole
Classic-Homestyle-Baked-Chicken-1377030,Classic Homestyle Baked Chicken,3,3600.0,[Main Dishes],,"[pepper, salt, garlic powder, chicken drumsticks]",casserole
Spinach-Rice-Casserole-1054548,Spinach Rice Casserole,4,3300.0,[Side Dishes],,"[fresh spinach, eggs, milk, salt, cooked rice, onions, cheddar cheese]",casserole
Easy-Cheesy-Potato-Casserole-1346270,Easy Cheesy Potato Casserole,4,360.0,[Side Dishes],,"[frozen hash browns, cream of mushroom soup, sour cream, Mexican cheese blend, small yellow onion, salt, pepper]",casserole
Pineapple-Casserole-1323927,Pineapple Casserole,4,2700.0,,,"[sugar, all-purpose flour, cheddar cheese, pineapple chunks, pineapple juice, cracker crumbs, butter]",casserole
Meatball-Sub-Casserole-1322245,Meatball Sub Casserole,4,3000.0,,,"[french bread, cream cheese, mayonnaise, italian seasoning, pepper, shredded mozzarella cheese, frozen meatballs, pasta sauce]",casserole
Green-Bean-Casserole-1368755,Green Bean Casserole,3,3900.0,[Side Dishes],,"[unsalted butter, green beans, salt, bacon, shallots, mushrooms, crème fraîche, heavy cream, gruyere cheese, fresh marjoram, bread crumbs]",casserole
Chicken-macaroni-casserole-299443,Chicken Macaroni Casserole,4,3000.0,[Main Dishes],,"[elbow macaroni, cook and drain, knorr creami chees soup, white mushrooms, cooked chicken, hellmann' or best food real mayonnais, green bell pepper, pimentos, onions, grated parmesan cheese, graham cracker crumbs]",casserole
Browned-Butter-Sweet-Potato-Casserole-1379587,Browned Butter Sweet Potato Casserole,4,6300.0,[Side Dishes],,"[sweet potatoes, salted butter, granulated sugar, light brown sugar, salt, large eggs, milk, corn flakes, chopped pecans, mini marshmallows]",casserole
Cheeseburger-Crescent-Casserole-685396,Cheeseburger Crescent Casserole,4,1800.0,[Main Dishes],,"[ground beef, ketchup, pickle relish, shredded American cheese, Pillsbury™ Refrigerated Crescent Dinner Rolls]",casserole
Easy-Mexican-Casserole_S-or-E_-1305317,Easy Mexican Casserole(S or E),4,3300.0,[Main Dishes],[Mexican],"[hamburger, onions, salsa, tortillas, cheddar cheese, salt, pepper]",casserole
Squash-Casserole-1045926,Squash Casserole,4,3000.0,[Side Dishes],,"[butter, yellow squash, onions, eggs, cheddar cheese, milk, cayenne pepper, salt, ground black pepper, Ritz Crackers]",casserole
No-Fuss-Cheesy-Vegetable-Casserole-1341227,No-Fuss Cheesy Vegetable Casserole,3,2100.0,[Side Dishes],,"[frozen vegetables, yellow onion, butter, reduced-fat sour cream, mayonnaise, shredded sharp cheddar cheese, butter crackers, salt, pepper, garlic powder]",casserole
Deep-Dish-Pizza-Casserole-1330702,Deep Dish Pizza Casserole,3,1500.0,[Main Dishes],,"[refrigerated pizza dough, pizza sauce, cheese, parmesan cheese, pepperoni, italian sausage]",casserole
Cheesy-Chicken_-Broccoli-_-Rice-Casserole-_From-Scratch__-1364926,"Cheesy Chicken, Broccoli & Rice Casserole (From Scratch!)",4,2400.0,[Main Dishes],,"[unsalted butter, cremini mushrooms, all-purpose flour, whole milk, sharp cheddar cheese, salt, pepper, cooked chicken, broccoli florets, cooked rice, panko breadcrumbs]",casserole
Traditional-Green-Bean-Casserole-1347988,Traditional Green Bean Casserole,4,2700.0,[Side Dishes],,"[Campbell's Condensed Cream of Mushroom Soup, milk, soy sauce, ground black pepper, cooked cut green beans, french's french fried onions]",casserole
Caruso-Casserole-1372765,Caruso Casserole,4,3600.0,[Main Dishes],,"[italian sausage, chopped onion, garlic, butter, flour, italian seasoning, salt, pepper, milk, shredded mozzarella cheese, noodles, zucchini, tomatoes]",casserole
French-Toast-Casserole-1009519,French Toast Casserole,4,2400.0,[Breakfast and Brunch],,"[french bread, butter, brown sugar, eggs, milk, vanilla extract, cinnamon, powdered sugar]",casserole
Scratch-Made-Green-Bean-Casserole-with-Crispy-Shallot-Topping-1356415,Scratch Made Green Bean Casserole with Crispy Shallot Topping,4,3300.0,[Side Dishes],,"[olive oil, butter, onions, mushrooms, all-purpose flour, salt, ground black pepper, 2% reduced-fat milk, green beans, shallots, panko breadcrumbs, parmesan cheese]",casserole
Zesty-Sloppy-Joe-Casserole-1319853,Zesty Sloppy Joe Casserole,4,1200.0,[Main Dishes],,"[pasta, olive oil, lean ground turkey, sweet onion, green bell pepper, sloppy joe sauce, diced tomatoes and green chilies, salt, pepper, shredded mild cheddar cheese, sweet pickle]",casserole
Low-Sugar-Sweet-Potato-Casserole-1378305,Low Sugar Sweet Potato Casserole,4,3900.0,,,"[sweet potatoes, coconut oil, maple syrup, cinnamon, vanilla extract, sea salt, ground flaxseed, pecans, unsweetened shredded dried coconut, mini marshmallows]",casserole
Broccoli_-Cheese-_-Rice-Casserole-1239258,"Broccoli, Cheese & Rice Casserole",3,3000.0,[Side Dishes],,"[cheese, rice, vegetables, instant rice, chopped onion, fat free milk, processed cheese, butter, frozen chopped broccoli, condensed reduced fat reduced sodium cream of mushroom soup]",casserole
Bacon-Chicken-Potato-Casserole-1322575,Bacon Chicken Potato Casserole,4,3300.0,[Main Dishes],,"[bone in chicken thighs, potatoes, crispy bacon, extra-virgin olive oil, garlic powder, paprika, cayenne, kosher salt, freshly ground pepper]",casserole
The-Real-Green-Bean-Casserole-1374337,The Real Green Bean Casserole,4,3000.0,[Side Dishes],,"[unsalted butter, onions, garlic cloves, white button mushrooms, flour, cream, chicken broth, freshly ground black pepper, salt, haricots verts, cheese, russet potatoes, canola oil]",casserole
Loaded-Tater-Tot-Bake-1373954,Loaded Tater Tot Bake,4,2700.0,,,"[potatoes, cream of mushroom soup, sour cream, seasoning salt, bacon, cheddar cheese, sliced green onions]",casserole
Cheesy-Hash-Brown-Breakfast-Casserole-1366487,Cheesy Hash Brown Breakfast Casserole,3,4800.0,[Breakfast and Brunch],,"[frozen hash browns, eggs, milk, sour cream, McCormick Garlic Powder, McCormick Mustard, Ground, McCormick Black Pepper, bacon, shredded cheddar cheese, green onions]",casserole
Tuna-Noodle-Casserole-1361881,Tuna Noodle Casserole,4,2400.0,[Main Dishes],,"[medium egg noodles, celery, onions, butter, tuna in oil, cream of mushroom soup, sour cream, pimentos, frozen peas, saltines]",casserole
Rice_-Ham-And-Cheese-Casserole-1270834,"Rice, Ham And Cheese Casserole",4,3000.0,[Main Dishes],,"[cooked rice, mozzarella cheese, ham, carrots, chopped parsley, eggs, milk, cream cheese, grated parmesan cheese, salt, pepper]",casserole
Quick-Breakfast-Casserole-1260180,Quick Breakfast Casserole,4,3000.0,[Breakfast and Brunch],,"[eggs, milk, hash brown, onions, salt, mild cheddar cheese, bacon]",casserole
Buffalo-Chicken-Casserole-1334990,Buffalo Chicken Casserole,4,3900.0,[Main Dishes],,"[bread crumbs, chicken, buffalo sauce, ranch dressing, cream of celery soup, potatoes, grating cheese]",casserole
Quick-and-Easy-Angel-Hair-and-Asparagus-Casserole-1364427,Quick and Easy Angel Hair and Asparagus Casserole,3,2700.0,[Main Dishes],,"[butter, olive oil, minced garlic, fresh mushrooms, fresh asparagus, angel hair, cooked chicken, freshly grated parmesan]",casserole
Corn-Casserole-1350341,Corn Casserole,4,,,,"[whole kernel corn, drain, butter, white onion, eggs, half & half, yellow corn meal, ricotta cheese, dried basil, salt, black pepper, cheddar cheese]",casserole
Potato-Bacon-Casserole-1180521,Potato Bacon Casserole,3,4200.0,,,"[brown hash potato, finely chopped onion, bacon, shredded cheddar cheese, Nestle Carnation Evaporated Milk, egg substitute, large eggs, seasoning salt]",casserole
Eggplant-Casserole-589743,Eggplant Casserole,4,3000.0,,,"[olive oil spray, eggplant, tomato sauce, part-skim mozzarella, grated parmesan cheese, cayenne pepper, fresh basil, black pepper, garlic powder]",casserole
Semi-Homemade-Green-Bean-Casserole-1373040,Semi-Homemade Green Bean Casserole,4,2400.0,[Side Dishes],,"[fresh green bean, mushrooms, butter, all-purpose flour, chicken, fat, french fried onions, salt, pepper]",casserole
Broccoli-Quinoa-Casserole-771195,Broccoli Quinoa Casserole,4,1800.0,,,"[quinoa, broccoli, olive oil, panko, chicken breasts, kosher salt, ground black pepper, unsalted butter, all-purpose flour, 2% reduced-fat milk, shredded cheddar cheese, greek yogurt]",casserole
Best-Skinny-Zucchini-Casserole-1250954,Best Skinny Zucchini Casserole,4,3900.0,,,"[plain yogurt, eggs, all-purpose flour, zucchini, shredded mozzarella cheese, salt, black pepper]",casserole
Sweet-Potato-Casserole-1362144,Sweet Potato Casserole,3,4800.0,[Side Dishes],,"[sweet potatoes, butter, light pancake syrup, large eggs, egg substitute, whole milk, pecans, sweetened coconut flakes, brown sugar, flour, melted butter]",casserole
Manwich-Sloppy-Joe-Casserole-1127603,Manwich Sloppy Joe Casserole,4,2100.0,[Main Dishes],,"[sloppy joe sauce, ground beef, noodles, green onions, cheddar cheese]",casserole
Cheesy-Spaghetti-Squash-Casserole-1239514,Cheesy Spaghetti Squash Casserole,4,4680.0,,,"[spaghetti squash, light alfredo sauce, shredded mozzarella cheese, salt, pepper]",casserole
Lasagna-Casserole-901109,Lasagna Casserole,4,3900.0,[Main Dishes],,"[ground beef, minced onion, tomato sauce, basil, oregano, garlic powder, salt, cottage cheese, pasta]",casserole
Pizza-Casserole-1054954,Pizza Casserole,4,2700.0,[Main Dishes],,"[wagon wheel pasta, cook and drain, salt, low-fat spaghetti sauce, mozzarella cheese, mushrooms]",casserole
Bubble-Pizza-Casserole-1112924,Bubble Pizza Casserole,4,3000.0,[Main Dishes],,"[ground pork, bell pepper, diced ham, green onions, biscuits, pasta sauce, shredded mozzarella cheese]",casserole
Pineapple-Casserole-1053367, Pineapple Casserole,4,3900.0,,,"[butter, sugar, eggs, crushed pineapple, white bread]",casserole
Slow-Cooker-Green-Bean-Casserole-1347619,Slow Cooker Green Bean Casserole,4,15000.0,[Side Dishes],,"[green beans, Alfredo sauce, sliced mushrooms, shredded parmesan cheese, freshly ground pepper, french fried onions]",casserole
Jalapeno-Popper-Tater-Tot-Casserole-1303782,Jalapeno Popper Tater Tot Casserole,4,2400.0,,,"[cream cheese, sour cream, shredded cheese, bacon, jalapeno chilies, tater tots, green onions]",casserole
My-Perfect-Squash-Casserole-1234032,My Perfect Squash Casserole,4,3600.0,[Side Dishes],,"[yellow squash, onions, cheese crackers, shredded cheddar cheese, eggs, milk, butter, salt, pepper, water]",casserole
Cream-Cheese-Cinnamon-Casserole-1369063,Cream Cheese Cinnamon Casserole,4,3600.0,[Breakfast and Brunch],,"[Thomas English Muffins, cream cheese, eggs, milk, heavy cream, sugar, vanilla, flour, brown sugar, cinnamon, salt, butter, maple syrup, powdered sugar]",casserole
Best-Sweet-Potato-Casserole-990697,Best Sweet Potato Casserole,4,4200.0,,,"[sweet potatoes, coconut sugar, butter, almond milk, cinnamon, vanilla, almond flour, gluten-free oat, pecans]",casserole
Cheesy-Zucchini-Casserole-1350512,Cheesy Zucchini Casserole,3,1500.0,[Side Dishes],,"[zucchini, cheddar cheese, cream of chicken soup, sour cream, butter, onions, salt, green onions]",casserole
Trisha-Yearwood-Apple-Dumplings-1369061,Trisha Yearwood Apple Dumplings,4,3900.0,[Desserts],,"[granny smith apples, lemon, sugar, butter, vanilla extract, buttermilk biscuits, ground cinnamon]",casserole
Green-Bean-Casserole-Stuffed-Mushrooms-1368960,Green Bean Casserole Stuffed Mushrooms,4,2400.0,[Side Dishes],,"[baby portobello mushrooms, green beans, french fried onions]",casserole
Crispy-Sweet-Potato-Casserole-1365145,Crispy Sweet Potato Casserole,3,4500.0,[Side Dishes],,"[unsalted butter, olive oil, light cream, black pepper, coarse salt, sweet potatoes, shallots, sage]",casserole
Sweet-Potato-Casserole-_Vegan-and-Gluten-free_-1375006,Sweet Potato Casserole {Vegan and Gluten-free},4,6300.0,[Side Dishes],,"[sweet potatoes, coconut milk, maple syrup, salt, ground cinnamon, ground cloves, ground nutmeg, orange juice, orange zest, pecans, coconut oil]",casserole
Sweet-Potato-Casserole-1378461,Sweet Potato Casserole,3,4200.0,[Side Dishes],,"[sweet potatoes, unsalted butter, fresh thyme, peeled fresh ginger, buttermilk, kosher salt, mini marshmallows]",casserole
Green-Bean-Quinoa-Casserole-1368305,Green Bean Quinoa Casserole,4,4500.0,[Side Dishes],,"[quinoa, vegetable broth, olive oil, chopped onion, garlic cloves, salt, mushrooms, fresh green bean, whole wheat flour, cheddar cheese, milk, french fried onions, panko breadcrumbs, parmesan cheese]",casserole
Winter-Squash-Casserole-1372203,Winter Squash Casserole,4,5100.0,,,"[buttercup squash, squash, full fat coconut milk, egg yolks, maple syrup, cinnamon, vanilla extract, nutmeg, sea salt, egg whites]",casserole
Cabbage-Casserole-1339799,Cabbage Casserole,3,600.0,,,"[butter, green cabbage, onions, milk, eggs, crackers, salt, black pepper]",casserole
Comfort-Spinach-Egg-Casserole-_CanadianEggs-1378976,Comfort Spinach Egg Casserole #CanadianEggs,4,3900.0,[Breakfast and Brunch],,"[onions, garlic, red pepper, butter, ricotta cheese, mozzarella cheese, frozen spinach, beaten eggs, flour, salt, pepper, parmesan cheese, Ritz Crackers]",casserole
Au-Gratin-Potato-Casserole-1361768,Au Gratin Potato Casserole,4,4500.0,[Side Dishes],,"[whole milk, cream, flour, salt, ground black pepper, russet potatoes, shredded cheddar cheese, cornflakes, butter, fresh parsley]",casserole
Sweet-Potato-Casserole-1287630,Sweet Potato Casserole,4,3300.0,[Side Dishes],,"[sweet potatoes, whole milk, butter, ground nutmeg, ground pepper, salt, mini marshmallows]",casserole
Cajun-Shrimp-Quinoa-Casserole-1285453,Cajun Shrimp Quinoa Casserole,4,1800.0,[Main Dishes],[Cajun & Creole],"[large shrimp, medium tomatoes, jalapeno chilies, sweet onion, garlic, tomato paste, olive oil, cajun seasoning, salt, pepper, cooked quinoa, shredded fontina, fresh cilantro]",casserole
Green-Bean-Casserole-Cups-1364933,Green Bean Casserole Cups,4,1800.0,,,"[Campbell's Condensed Cream of Mushroom Soup, milk, soy sauce, ground black pepper, Del Monte Green Beans, french's french fried onions, biscuits]",casserole
Hot-Pineapple-Casserole-1363159,Hot Pineapple Casserole,4,3300.0,,,"[water, sugar, gelatin, corn starch, pineapple, sharp cheddar cheese, Ritz Crackers, butter, pineapple juice]",casserole
Italian-Chicken-Casserole-Gluten-Free-1367890,Italian Chicken Casserole Gluten Free,4,2700.0,[Main Dishes],,"[butter, flour, milk, plain yogurt, pasta, bread crumbs, cooked chicken, artichokes, mushrooms, garlic, fresh spinach, sun-dried tomatoes, crushed red pepper flakes, salt, pepper]",casserole
Easy-Polenta-Casserole-1363365,Easy Polenta Casserole,4,3300.0,[Main Dishes],,"[cornmeal, water, salt, italian sausage, arugula, goat cheese, ragu]",casserole
Cheesy-Green-Bean-Casserole-1361790,Cheesy Green Bean Casserole,4,2400.0,[Side Dishes],,"[cream of mushroom soup, milk, black pepper, seasoning salt, granulated garlic, worcestershire sauce, green beans, shredded cheddar cheese, french's french fried onions]",casserole
Cheesy-Chicken-Crunch-Casserole-1362597,Cheesy Chicken Crunch Casserole,3,2400.0,[Main Dishes],,"[cooked chicken, diced celery, shredded American cheese, shredded swiss cheese, slivered almonds, mayonnaise, salt, minced onion, lemon juice, potato chips]",casserole
Green-Bean-and-Beef-Pie-Casserole-1362913,Green Bean and Beef Pie Casserole,4,3600.0,[Main Dishes],,"[green beans, Campbell's Condensed Cream of Mushroom Soup, french fried onions, ground beef, potatoes, milk, butter, salt, pepper]",casserole
Mushroom-casserole-308810,Mushroom Casserole,5,4500.0,[Main Dishes],,"[brown mushroom, onions, garlic, brown rice, large eggs, cottage cheese, sour cream, fine sea salt, grated parmesan cheese, fresh tarragon]",casserole
Crockpot-Green-Bean-Casserole-1367121,Crockpot Green Bean Casserole,4,2100.0,[Side Dishes],,"[frozen green beans, cream of mushroom soup, french fried onions, milk, cracked black pepper]",casserole
Mediterranean-Chicken-Casserole-1333377,Mediterranean Chicken Casserole,3,11400.0,[Main Dishes],[Mediterranean],"[chicken stock, garlic, quinoa, cooked chicken, purple onion, black olives, feta cheese, paprika, cumin, olive oil, balsamic vinegar, tomatoes]",casserole
Turkey-casserole-299799,Turkey Casserole,4,3300.0,[Main Dishes],,"[stuffing, cooked turkey, hellmann' or best food real mayonnais, whole cranberry sauce, mashed potatoes, mozzarella cheese]",casserole
Cheesy-Brat-Casserole-996725,Cheesy Brat Casserole,3,1200.0,[Main Dishes],,"[polish sausage, potatoes, green beans, cream of mushroom soup, shredded cheddar cheese, chopped onion]",casserole
Easy-Stuffed-Cabbage-Casserole-1329130,Easy Stuffed Cabbage Casserole,4,2100.0,[Main Dishes],,"[ground turkey, olive oil, white onion, garlic powder, onion powder, dried thyme, ground pepper, sea salt, diced tomatoes, green cabbage, water, cooked rice, jack cheese, chopped parsley, salt]",casserole
Pink-Salmon-Fish-Casserole-1376680,Pink Salmon Fish Casserole,4,3900.0,[Main Dishes],,"[pink salmon, boiling potatoes, onions, sour cream, butter, dill, eggs, freshly ground black pepper, salt]",casserole
Sweet-Potato-Casserole-1370182,Sweet Potato Casserole,4,5100.0,[Side Dishes],,"[sweet potatoes, olive oil, butter, pineapple, dried cranberries, orange juice, cinnamon, salt, pepper, mini marshmallows, pecans]",casserole
Cheesy-Tomato-Quinoa-Casserole-1344571,Cheesy Tomato Quinoa Casserole,4,4500.0,[Main Dishes],,"[olive oil spray, onions, carrots, celery ribs, minced garlic, sun-dried tomatoes, dried thyme, crushed red pepper, diced tomatoes, grated parmesan cheese, ricotta cheese, chopped parsley, eggs, cooked quinoa, havarti cheese]",casserole
French-Toast-Casserole-924310,French Toast Casserole,4,3300.0,[Breakfast and Brunch],,"[butter, brown sugar, cinnamon, eggs, milk, white bread]",casserole
Sausage-Egg-and-Biscuits-Casserole-1203412,Sausage Egg and Biscuits Casserole,4,2700.0,[Breakfast and Brunch],,"[buttermilk, sausages, mozzarella cheese, cheddar cheese, eggs, milk]",casserole
Broccoli-Cheddar-Casserole-1366546,Broccoli Cheddar Casserole,4,4200.0,,,"[broccoli stems, broccoli florets, salt, thick-cut bacon, eggs, all-purpose flour, cream, whole milk, cracked black pepper, dijon mustard, cheddar cheese]",casserole
Green-Bean-Casserole-1376636,Green Bean Casserole,4,6300.0,[Side Dishes],,"[fresh green bean, wild mushrooms, boiling water, unsalted butter, cremini mushrooms, all-purpose flour, low sodium chicken stock, whole milk, kosher salt, freshly ground black pepper, shallots, vegetable oil]",casserole
Hashbrown-Casserole-1048814,Hashbrown Casserole,4,3900.0,,,"[frozen hash browns, egg whites, turkey, fat free milk, low-fat cheddar cheese, salt, bell pepper]",casserole
