id,recipeName,rating,totalTimeInSeconds,course,cuisine,ingredients
Chili-1368417,Chili,4,4800.0,[Main Dishes],,"[hamburger, red kidney beans, crushed tomatoes, water, onions, garlic, chili powder, salt, black pepper, ground cumin, cinnamon, cayenne pepper, red wine vinegar, worcestershire sauce, chocolate chips]"
Chili-1356765,Chili,3,2100.0,[Main Dishes],,"[lean ground beef, sweet pepper, chopped onion, garlic, tomato sauce, red kidney beans, diced tomatoes, chili powder, salt, dried basil, ground black pepper, shredded cheddar cheese, sour cream, crushed red pepper]"
Chili-1332837,Chili,3,900.0,[Main Dishes],,"[lean ground beef, sweet pepper, chopped onion, garlic, tomato sauce, red kidney beans, diced tomatoes, chili powder, salt, dried basil, ground black pepper, shredded cheddar cheese, sour cream, crushed red pepper]"
Chili-1311923,Chili,3,4500.0,[Main Dishes],,"[ground beef, cooking oil, red kidney beans, onions, green bell pepper, garlic, tomatoes, tomato sauce, salt, chili powder, bay leaf, crushed red pepper flakes, dried oregano, paprika, cayenne pepper]"
Chili-1357505,Chili,4,4800.0,[Main Dishes],,"[hamburger, red kidney beans, crushed tomatoes, water, onions, garlic, chili powder, salt, black pepper, ground cumin, cinnamon, cayenne pepper, red wine vinegar, worcestershire sauce, chocolate chips]"
Sweet-Potato-Chili-1302042,Sweet Potato Chili,4,2100.0,[Main Dishes],,"[olive oil, small yellow onion, sweet potatoes, green bell pepper, red bell pepper, chili powder, ground cumin, salt, pepper, black beans, pinto beans, diced tomatoes, vegetable broth, unsweetened cocoa powder]"
Chili-1284758,Chili,4,5100.0,[Main Dishes],,"[ground beef, salt, pepper, garlic powder, chili powder, cayenne pepper, white onion, diced tomatoes, tomato paste, black beans, kidney beans, corn]"
Brisket-Chili-1361007,Brisket Chili,4,900.0,[Main Dishes],,"[brisket, onions, green bell pepper, garlic, kidney beans, black beans, tomato sauce, diced tomatoes, brown sugar, chili powder, garlic powder, onion powder, ground cumin, ground mustard, salt, pepper, olive oil]"
Homemade-Chili-1344850,Homemade Chili,4,7200.0,[Main Dishes],,"[celery ribs, onions, red pepper, green pepper, jalapeno chilies, thai chile, garlic cloves, ground pork, ground beef, margarine, dried oregano, dried thyme, ancho powder, chili powder, coriander, ground cumin, soy sauce, worcestershire sauce, ketchup, diced tomatoes, tomato purée, water, beef stock cubes]"
Chipotle-Quinoa-Chili-1374265,Chipotle-Quinoa Chili,3,3900.0,[Main Dishes],,"[oil, yellow onion, garlic, chili powder, ground cumin, chile pepper, diced tomatoes, no-salt-added black beans, red kidney beans, red pepper, frozen corn, quinoa, green onions, chopped cilantro fresh, KRAFT Shredded Three Cheese with a TOUCH OF PHILADELPHIA]"
Darn-Good-Chili-1379254,Darn Good Chili,4,2700.0,[Main Dishes],,"[ground beef, celery, onions, green chilies, tomato sauce, diced tomatoes, kidney beans, pinto beans, ground cumin, chili powder, black pepper, fine sea salt, cayenne pepper]"
Chili-1015922,Chili,4,4800.0,[Main Dishes],,"[hamburger, red kidney beans, crushed tomatoes, water, onions, garlic, chili powder, salt, black pepper, ground cumin, cinnamon, cayenne pepper, red wine vinegar, worcestershire sauce, chocolate chips]"
Turkey-Chili-1321313,Turkey Chili,4,3300.0,[Main Dishes],,"[olive oil, green bell pepper, yellow onion, garlic, lean ground turkey, ground black pepper, salt, diced tomatoes and green chilies, tomato sauce, low sodium chicken broth, chili powder, ancho powder, ground cumin, ground paprika, ground coriander, red kidney beans, light sour cream, low-fat cheddar cheese, cayenne pepper, green onions]"
Turkey-Chili-1352225,Turkey Chili,3,3300.0,[Main Dishes],,"[olive oil, turkey meat, onions, chopped garlic, red bell pepper, chopped celery, jalapeno chilies, fresh oregano, bay leaves, chili powder, ground cumin, diced tomatoes, chicken broth, salt, freshly ground pepper, red kidney beans, shredded cheddar cheese, sour cream, lime]"
White-Chicken-Chili-1378484,White Chicken Chili,4,3000.0,[Main Dishes],,"[white beans, canola oil, poblano peppers, chili, onions, garlic cloves, freshly ground black pepper, kosher salt, ground cumin, ground coriander, chili powder, low sodium chicken broth, lime, rotisserie chicken, cilantro leaves, grating cheese, sour cream]"
Chili-982683,Chili,4,5400.0,[Main Dishes],,"[ground beef, onions, garlic, chili powder, ground cumin, dried oregano, salt, Tabasco Pepper Sauce, tomatoes, red beans]"
Flatlander-Chili-1316390,Flatlander Chili,4,7200.0,[Main Dishes],,"[lean ground beef, sausages, tomato sauce, diced tomatoes, chopped onion, chopped celery, chopped green bell pepper, chili powder, hot sauce, ground cumin, garlic powder, salt, ground black pepper, dried oregano, white sugar, ground cayenne pepper, chili beans, kidney beans]"
Fall-Favorite-Chicken-Chili-1373811,Fall Favorite Chicken Chili,4,2700.0,[Main Dishes],,"[rotisserie chicken, black beans, pinto beans, chicken stock, extra-virgin olive oil, onions, garlic, red bell pepper, oregano, chili powder]"
Chipotle-Quinoa-Chili-1378807,Chipotle-Quinoa Chili,3,3900.0,[Main Dishes],,"[oil, yellow onion, garlic, chili powder, ground cumin, chile pepper, diced tomatoes, no-salt-added black beans, red kidney beans, red pepper, frozen corn, quinoa, green onions, chopped cilantro fresh, KRAFT Shredded Three Cheese with a TOUCH OF PHILADELPHIA]"
Seriously_-The-Best-Healthy-Turkey-Chili-1367635,"Seriously, The Best Healthy Turkey Chili",4,3300.0,[Main Dishes],,"[olive oil, yellow onion, garlic cloves, red bell pepper, lean ground turkey, chili powder, ground cumin, dried oregano, cayenne pepper, salt, crushed tomatoes, chicken broth, red kidney beans, sweet corn, sour cream, tortilla chips, cilantro, avocado, cheese]"
3-Bean-Beef-Chili-1362637,3-Bean Beef Chili,4,3600.0,[Main Dishes],,"[lean ground beef, onions, garlic, chili powder, ground cumin, paprika, tomato sauce, diced tomatoes, black beans, kidney beans, pinto beans, water]"
White-Chili-1354853,White Chili,4,3000.0,[Main Dishes],,"[white beans, sweet corn, canola oil, jalapeno chilies, pepper, onions, garlic, salt, ground cumin, ground coriander, chili powder, vegetable broth, lime, cilantro leaves]"
Chili-339413,Chili,3,3600.0,[Main Dishes],,"[onions, green pepper, butter, ground beef, diced tomatoes, tomato sauce, chili beans, paprika, clove, bay leaf, salt, sugar, red pepper, chili powder]"
Easy-Chili-1377845,Easy Chili,4,3000.0,[Main Dishes],,"[ground beef, chili beans, chili]"
Charlies-Chili-1369737,Charlie’s Chili,4,4500.0,[Main Dishes],,"[ground sirloin, ground pork, yellow onion, garlic, chili powder, ground oregano, ground cumin, tomato sauce, pinto beans, kidney beans, chicken broth]"
Chili-519705,Chili,4,4800.0,[Main Dishes],[American],"[canola oil, onions, garlic cloves, carrots, ground turkey, chili powder, paprika, ground cumin, red pepper flakes, tomatoes, tomato sauce, fat-free chicken broth, apple cider vinegar, kidney beans, green pepper, table salt, black pepper, scallions]"
Basic-Beef-Chili-1356475,Basic Beef Chili,4,5100.0,[Main Dishes],,"[lean ground beef, onions, garlic, tomato sauce, chili powder, ground cumin, paprika, salt, pepper, kidney beans]"
Chili-for-Supper-1379676,Chili for Supper,4,6300.0,[Main Dishes],,"[ground beef, salt, pepper, chili powder, cumin, diced tomatoes, kidney beans, onions, celery]"
Texas-Chili-1353767,Texas Chili,4,6300.0,[Main Dishes],,"[canola oil, beef stew meat, garlic, chili powder, salt, dried oregano, cumin, chili paste, beef broth, cornmeal, red beans, sour cream, shredded cheddar cheese]"
Taco-Chili-1346928,Taco Chili,4,3600.0,[Main Dishes],,"[ground beef, onions, corn, tomato sauce, diced tomatoes, green chilies, chili powder, garlic powder, onion powder, crushed red pepper flakes, paprika, ground cumin, sea salt, black pepper]"
Chili-Martha-Stewart-192841,Chili,4,5400.0,"[Lunch and Snacks, Main Dishes]",[Southwestern],"[red chili peppers, olive oil, chopped onion, garlic cloves, ground beef, coarse salt, ground cumin, crushed red pepper flakes, cayenne pepper, dried oregano, bay leaf, pickled jalapenos, tomatoes, beer, beans]"
Beef-_-Two-Bean-Chili-1345445,Beef & Two Bean Chili,4,2700.0,[Main Dishes],,"[lean ground beef, chopped onion, Red Gold Petite Diced Tomatoes, light red kidney beans, pinto beans, chili powder, ground cumin, paprika, salt, red pepper flakes, jalapeno chilies, sour cream, crackers, jack cheese]"
Chili-1094582,Chili,4,3900.0,[Main Dishes],,"[ground chuck, italian sausage, chili beans, diced tomatoes in juice, tomato paste, yellow onion, green bell pepper, red bell pepper, garlic, Anaheim chile, beer, chili powder, chicken bouillon, oregano, cumin, basil, salt, pepper, cayenne, paprika, sugar, worcestershire sauce, hot sauce]"
Pumpkin_-Black-Rice_-Turkey-Crock-Chopped-Chili-1375721,"Pumpkin, Black Rice, Turkey Crock Chopped “Chili”",4,26400.0,[Main Dishes],,"[olives, butternut squash, yellow onion, zucchini, green beans, chopped celery, garlic cloves, brown mushroom, ground turkey, dried thyme, ground cumin, smoked paprika, cayenne pepper, dried sage, chili powder, kosher salt, black beans, white beans, broth, chicken, brown rice, black rice, pie filling, pumpkin purée, apple cider vinegar, cream style corn]"
Pumpkin-Chili-1363319,Pumpkin Chili,4,3300.0,[Main Dishes],,"[butter, onions, jalapeno chilies, garlic cloves, ground beef, green chilies, kidney beans, diced tomatoes, pumpkin purée, chicken stock, chili powder, cumin, salt, pepper, oregano, paprika, hot sauce]"
Competition-Style-Texas-Chili-1325446,Competition-Style Texas Chili,3,97200.0,[Main Dishes],,"[tomato paste, chuck, beef stock, chili powder, ancho chile pepper, chipotle chile, onions, garlic cloves, ground cumin, oregano, cayenne pepper, salt]"
Easy-Slow-Cooker-Chili-1366482,Easy Slow Cooker Chili,4,22500.0,[Main Dishes],,"[olive oil, extra lean ground beef, yellow onion, garlic, sweet potatoes, diced tomatoes, tomato sauce, beef broth, chili powder, ground cumin, smoked paprika, ground coriander, chipotles in adobo, salt, black pepper, red kidney beans, avocado, tortilla chips, sour cream, cilantro, shredded cheese]"
Vegetarian-Crockpot-Quinoa-Chili-1331319,Vegetarian Crockpot Quinoa Chili,4,2100.0,[Main Dishes],,"[vegetable broth, tomato sauce, quinoa, black beans, diced tomatoes, onions, garlic, chili powder, cayenne pepper, salt, ground black pepper, ground cumin, oregano]"
White-Chicken-Chili-1328636,White Chicken Chili,4,3000.0,[Main Dishes],,"[skinless chicken breasts, great northern beans, green chile, fat-free chicken broth, onions, jalapeno chilies, lime, canola oil, garlic cloves, ground coriander, ground cumin, chili powder, cilantro, reduced-fat sour cream, kosher salt, black pepper]"
White-Chili-1354449,White Chili,4,3000.0,[Main Dishes],,"[white beans, sweet corn, canola oil, jalapeno chilies, pepper, onions, garlic, salt, ground cumin, ground coriander, chili powder, vegetable broth, lime, cilantro leaves]"
Slow-Cooker-Vegetarian-Chili-with-Butternut-Squash-1379451,Slow Cooker Vegetarian Chili with Butternut Squash,4,15000.0,[Main Dishes],,"[onions, red pepper, fire roasted diced tomatoes, kidney beans, butternut squash, vegetables, corn, garlic, chipotle peppers, cumin, chili powder, smoked paprika, oregano, salt, pepper]"
Turkey_-Bean-and-Vegetable-Chili-1372941,"Turkey, Bean and Vegetable Chili",3,4500.0,[Main Dishes],,"[cooking spray, lean ground turkey, onions, garlic cloves, carrots, rib, yellow peppers, bell pepper, chili powder, paprika, ground cumin, dried oregano, table salt, cayenne pepper, fat-free reduced-sodium chicken broth, diced tomatoes, kidney beans, refried beans]"
Beer-Chili-1247590,Beer Chili,4,2700.0,[Main Dishes],,"[ground beef, ground pork, olive oil, minced onion, carrots, minced garlic, chili powder, cumin, dried oregano, cayenne pepper, brown sugar, kidney beans, tomato sauce, tomato paste, beer, salt]"
Red-bean-chili-307200,Red Bean Chili,5,3000.0,,,"[lean ground beef, onions, garlic, canned beef broth, chili powder, ground cumin, unsweetened cocoa powder, diced tomatoes, kidney beans, kosher salt, cider vinegar, chipotle, cayenne, sour cream]"
Slow-Cooker-Vegetarian-Chili-1360604,Slow Cooker Vegetarian Chili,4,15000.0,[Main Dishes],,"[farro, yellow onion, garlic, chipotles in adobo, red kidnei beans, rins and drain, tomato sauce, diced tomatoes, green chile, vegetable stock, beer, chili powder, ground cumin, salt, sugar, black pepper, shredded cheddar cheese, tortilla chips, sliced green onions, sour cream, salsa]"
Midwestern-Style-Chili-1370203,Midwestern Style Chili,4,29100.0,[Main Dishes],,"[ground beef, red kidney beans, chopped onion, chopped bell pepper, celery, tomato juice, stewed tomatoes, chili powder, cumin, elbow macaroni]"
Buffalo-Chili-1363960,Buffalo Chili,3,3000.0,[Main Dishes],,"[olive oil, sweet onion, shallots, garlic cloves, jalapeno chilies, Anaheim chile, buffalo, tri-tip steak, kale, crushed tomatoes, green chilies, black beans, red beans, chicken broth, dark beer, cayenne pepper, cinnamon, paprika, curry powder, black pepper, cumin, chili powder, salt]"
Chili-780195,Chili,3,,,,"[sweet italian sausage, ground beef, onions, red bell pepper, jalapeno chilies, garlic, chili powder, ground cumin, brown sugar, tomato paste, dried oregano, red wine, beef stock, chopped tomatoes, red kidney beans, olive oil, salt, pepper]"
Pumpkin-and-Black-Bean-Chili-1372519,Pumpkin and Black Bean Chili,4,2700.0,[Main Dishes],,"[olive oil, onions, bell pepper, garlic cloves, chicken broth, black beans, ground turkey, solid pack pumpkin, diced tomatoes, parsley flakes, chili powder, dried oregano, ground cumin, salt]"
Veggie-Beer-Chili-1369319,Veggie Beer Chili,4,4800.0,[Main Dishes],,"[olive oil, yellow onion, green bell pepper, celery, carrots, cremini mushrooms, minced garlic, tomato paste, chili powder, ground cumin, dried oregano, paprika, red pepper flakes, vegetable broth, wheat berries, beer, soy sauce, kidney beans, shredded cheddar cheese, purple onion, sour cream]"
Legendary-Vegetarian-Chili-1373803,Legendary Vegetarian Chili,4,2100.0,[Main Dishes],,"[chopped tomatoes, tomato paste, black beans, garlic, onions, corn, beer, cumin, chili powder]"
Simple-Turkey-Chili-Allrecipes,Simple Turkey Chili,5,3600.0,,,"[olive oil, ground turkey, onions, water, crushed tomatoes, kidney beans, garlic, chili powder, paprika, dried oregano, ground cayenne pepper, ground cumin, salt, ground black pepper]"
Touchdown-Chili-1316443,Touchdown Chili,4,1800.0,[Main Dishes],,"[lean ground beef, chopped onion, McCormick® Chili Seasoning Mix, kidney beans, diced tomatoes, tomato sauce]"
Turkey-Chili-1284186,Turkey Chili,4,4200.0,[Main Dishes],,"[ground turkey, crushed tomatoes, tomato sauce, kidney beans, pinto beans, black beans, chopped onion, minced garlic, red wine, chili powder, ground cumin, dried parsley, dried oregano, ground black pepper, crushed red pepper flakes, bay leaves, cheese, sour cream, condiments, tomatoes, cilantro, bell pepper]"
Slow-Cooker-Chili-1361884,Slow Cooker Chili,4,15000.0,[Main Dishes],,"[ground beef, water, crushed tomatoes, olive oil, minced garlic, worcestershire sauce, sugar, cayenne pepper, chili powder, cumin, garlic powder, onion powder, salt, green onions, cheese]"
Paleo-Chili-1308286,Paleo Chili,4,3300.0,[Main Dishes],,"[ground beef, seasoning, crushed tomatoes, diced tomatoes, chicken broth, chili powder, ground cumin, paprika, sea salt, ground pepper]"
Chili-1010682,Chili,4,6300.0,[Main Dishes],,"[ground beef, ground Italian sausage, celery ribs, onions, green pepper, garlic, tomato juice, diced tomatoes, diced green chilies, condensed tomato soup, soup, beef broth, kidney beans, black beans, chili beans, chili powder, red pepper flakes, bay leaves, brown sugar, McCormick® Chili Seasoning Mix, salt, pepper, noodles]"
Crockpot-Turkey-Chili-1342436,Crockpot Turkey Chili,3,1200.0,[Main Dishes],,"[lean ground turkey, green pepper, garlic, yellow onion, diced tomatoes, tomato sauce, chili powder]"
Tyler_s-Texas-Chili-1358484,Tyler's Texas Chili,3,6300.0,[Main Dishes],[Mexican],"[ancho chile pepper, dried oregano, sweet paprika, coriander, cumin seed, chili powder, extra-virgin olive oil, onions, chuck, freshly ground black pepper, kosher salt, garlic, chipotle chile, jalapeno chilies, tomatoes, cinnamon sticks, sugar, masa harina, mexican chocolate, queso fresco, cilantro leaves, lime wedges]"
Killer-Beef-and-Bean-Chili-1332831,Killer Beef and Bean Chili,4,9000.0,[Main Dishes],,"[vegetable oil, butter, green bell pepper, onions, garlic cloves, chili powder, ground cumin, ground coriander, ground cinnamon, beef, kidney beans, pinto beans, chili beans, enchilada sauce, beer, kosher salt, jalapeno chilies]"
Mole-Chili-1084901,Mole Chili,3,900.0,[Main Dishes],,"[ground round, chopped onion, garlic cloves, diced tomatoes, water, chili powder, semisweet chocolate, ground cumin, salt, dried oregano, reduced-fat sour cream, chopped cilantro fresh]"
Pumpkin-Chili-1285635,Pumpkin Chili,3,3600.0,[Main Dishes],,"[yellow onion, carrots, bell pepper, olive oil, garlic, jalapeno chilies, soy sauce, chili powder, ground cumin, diced tomatoes, pumpkin purée, vegetable broth, beans, lime juice, tortillas, chopped onion, cilantro, avocado, roasted tomatoes, chili, black beans]"
Favorite-Crockpot-Chili-783453,Favorite Crockpot Chili,3,2400.0,[Main Dishes],,"[chuck, chopped onion, red kidney beans, tomatoes, green pepper, garlic, chili powder, black pepper, ground cumin, salt]"
Big-Texas-Chili-1314527,Big Texas Chili,4,1800.0,[Main Dishes],,"[lean ground beef, yellow onion, bell pepper, salt, garlic powder, chili powder, cumin, tomato sauce, diced tomatoes, chicken broth, red kidney beans, black beans, pinto beans]"
Texas-Chili-1319213,Texas Chili,3,5100.0,[Main Dishes],,"[olive oil, ground bison, onions, beer, diced tomatoes, brewed coffee, tomato paste, brown sugar, chile sauce, cocoa powder, serrano peppers, ground cumin, ground coriander, cayenne pepper, salt, kidney beans, cannellini beans]"
Turkey-Chili-1354111,Turkey Chili,4,29100.0,[Main Dishes],,"[ground turkey, white onion, carrots, celery ribs, garlic cloves, diced tomatoes, Hunts Tomato Sauce, chipotles in adobo, chipotle, adobo sauce, kidney beans, pinto beans, navy beans, salt, ground black pepper, corn starch, beef stock cubes, vegetable stock, chili powder, cumin, unsweetened cocoa powder, paprika, dried oregano, ground cinnamon]"
Classic-Chili-TasteOfHome,Classic Chili,5,7200.0,[Main Dishes],,"[green pepper, onions, chopped celery, vegetable oil, ground beef, diced tomatoes, tomato sauce, water, worcestershire sauce, chili powder, garlic powder, dried oregano, salt, pepper, kidney beans]"
Playoff-Chili-1353845,Playoff Chili,3,9600.0,[Main Dishes],[American],"[ground beef, ground pork, white onion, green bell pepper, red bell pepper, garlic cloves, diced tomatoes, green chile, beer, tomato sauce, chili powder, ground cumin, sugar, salt, ground red pepper, black pepper, dried oregano, kidney beans, black beans, corn chips, chopped onion, shredded cheddar cheese, sour cream]"
My-Chili-1192655,My Chili,4,3900.0,[Main Dishes],,"[meat, chili powder, tomato paste, diced tomatoes, red kidney beans, rotel tomatoes, white onion]"
Super-Healthy-Pumpkin-Turkey-Chili-1376688,Super Healthy Pumpkin Turkey Chili,4,2400.0,[Main Dishes],,"[olive oil, ground turkey, chicken, vegetables, pumpkin purée, beans, chili powder, salt]"
Chicken-Chili-1344903,Chicken Chili,4,4500.0,[Main Dishes],,"[chicken, tomatoes, jalapeno chilies, onions, garlic, chipotles in adobo, chili powder, cumin, kidney beans, pinto beans, broth, salt, pepper, olive oil]"
Crock-Pot-3-Bean-Pumpkin-Chili-1368267,Crock Pot 3 Bean Pumpkin Chili,4,2100.0,[Main Dishes],,"[extra-virgin olive oil, onions, yellow bell pepper, garlic, black beans, chickpeas, red kidnei beans, rins and drain, pumpkin, diced tomatoes, chili powder, cumin, oregano, smoked paprika, sea salt, vegetable broth, fresh cilantro, avocado, scallions]"
Chili-749370,Chili,4,4500.0,[Main Dishes],,"[tomato juice, chili, tomato sauce, chili beans, black beans, lean ground beef, breakfast sausages, chili powder, ground cumin, chipotle chile powder, paprika, smoked paprika, pepper, salt, sugar]"
Slow-Cooker-Three-Bean-Chili-1358584,Slow Cooker Three – Bean Chili,3,11700.0,[Main Dishes],,"[onions, garlic cloves, canned black beans, kidney beans, pinto beans, diced tomatoes and green chilies, tomato sauce, seasoning mix, frozen corn kernels, fresh lime juice, cilantro]"
Chili-775354,Chili,3,4800.0,[Main Dishes],,"[red chili peppers, olive oil, chopped onion, garlic cloves, ground beef, coarse salt, ground cumin, crushed red pepper flakes, cayenne pepper, dried oregano, bay leaf, jalapeno chilies, tomatoes, beer, beans]"
Chili-1023414,Chili,4,5400.0,[Main Dishes],,"[olive oil, yellow onion, orange bell pepper, ground turkey, diced tomatoes, red kidney beans, white kidney beans, pinto beans, tomato sauce, V8 Vegetable Juice, chili powder, black pepper, corn niblets, sour cream, cheddar cheese]"
Vegan-Butternut-Squash-Chili-1365354,Vegan Butternut Squash Chili,4,3420.0,[Main Dishes],,"[extra-virgin olive oil, green bell pepper, small yellow onion, butternut squash, garlic, chili powder, ground cumin, dried leaves oregano, paprika, crushed red pepper, black beans, kidney beans, diced tomatoes, vegetable broth, salt, pepper, shredded cheese, chopped cilantro, feta cheese, scallions, avocado]"
Crockpot-Pumpkin-Chili-1372533,Crockpot Pumpkin Chili,4,11700.0,[Main Dishes],,"[olive oil, ground turkey, onions, diced tomatoes, pumpkin, chili beans, seasoned black beans, brown sugar, pumpkin pie spice, chili powder]"
Slow-Cooker-Cheesy-3-Bean-Chili-1374354,Slow Cooker Cheesy 3 Bean Chili,4,2400.0,[Main Dishes],,"[black beans, navy beans, kidney beans, fire roasted diced tomatoes, shredded cheese, poblano peppers, chili powder, ancho powder, cumin, garlic powder, onion powder, cilantro, flour, vegetable broth, milk, fresh cilantro, green onions]"
Vegan-Cincinnati-Chili-1376580,Vegan Cincinnati Chili,4,3000.0,[Main Dishes],,"[olive oil, yellow onion, chili powder, allspice, ground cumin, ground cloves, unsweetened cocoa powder, bay leaf, cinnamon, paprika, apple cider vinegar, low sodium vegetable broth, tomato sauce, brown lentils, whole wheat spaghetti, crackers, chopped onion]"
Spicy-Turkey-Chili-1335911,Spicy Turkey Chili,4,3600.0,[Main Dishes],,"[olive oil, onions, garlic, jalapeno chilies, poblano peppers, ground turkey, chipotles in adobo, diced tomatoes, kidney beans, chili powder, ancho powder, dried oregano, salt, ground pepper]"
Secret-Ingredient-Slow-Cooker-Chili-1375556,Secret Ingredient Slow Cooker Chili,4,600.0,[Main Dishes],,"[stew meat, ground beef, onions, green bell pepper, kidney beans, black beans, diced tomatoes in juice, diced tomatoes and green chilies, tomato paste, beef broth, chili powder, ground cumin, garlic powder, pepper, salt, ranch dressing]"
Chuck_s-Venison-Chili-1330889,Chuck's Venison Chili,4,2400.0,[Main Dishes],,"[olive oil, venison, onions, garlic, jalapeno chilies, chili powder, ground cumin, dried oregano, red kidney beans, black beans, corn, diced tomatoes, tomato sauce, pepper, salt]"
White-Bean-and-Chicken-Chili-1287574,White Bean and Chicken Chili,4,4800.0,[Main Dishes],,"[extra-virgin olive oil, onions, garlic cloves, ground chicken, dried oregano, chili powder, salt, ground cumin, flour, cannellini beans, frozen corn, low sodium chicken broth, red pepper flakes, ground pepper, cheddar cheese, tortilla chips, cilantro, sour cream]"
Halftime-Chili-472621,Halftime Chili,5,6300.0,"[Main Dishes, Soups]",[American],"[olive oil, sweet onion, large garlic cloves, ground beef, chili powder, ground cumin, dried basil, bay leaves, dried oregano, dried thyme, jalapeno chilies, crushed tomatoes, low sodium chicken broth, beer, tomato paste, barbecue sauce, chili beans]"
Cheesy-White-Chicken-Chili-1361971,Cheesy White Chicken Chili,4,4200.0,[Main Dishes],,"[olive oil, onions, chicken broth, cannellini beans, navy beans, corn, diced green chilies, chili powder, cumin, garlic powder, salt, pepper jack, jack cheese, sour cream, rotisserie chicken]"
White-Turkey-Chili-1378471,White Turkey Chili,4,900.0,[Main Dishes],,"[ground turkey, olive oil, salt, freshly ground black pepper, ground cumin, ground coriander, cayenne pepper, onions, garlic, tomatillos, low sodium chicken broth, poblano peppers, cannellini beans, cream, lime juice, fresh cilantro, scallions, shredded Monterey Jack cheese, sour cream]"
Slow-Cooker-Black-Bean-Chicken-Chili-1379305,Slow Cooker Black Bean Chicken Chili,3,29700.0,[Main Dishes],,"[chicken breasts, poultry seasoning, salt, chili powder, olive oil, onions, garlic, chicken broth, diced tomatoes, tomato sauce, black beans, worcestershire sauce, dried parsley, garlic salt, cumin]"
Chili-570042,Chili,4,3000.0,[Main Dishes],,"[ground beef, light red kidney beans, red kidney beans, red beans, rotelle, stewed tomatoes, tomato juice, chili powder, onion powder, paprika]"
Almost-Chasen_s-Chili-1370914,Almost Chasen's Chili,4,10800.0,[Main Dishes],,"[pinto beans, diced tomatoes in juice, green bell pepper, canola oil, onions, garlic, parsley, unsalted butter, ground turkey, chili powder, sea salt, freshly ground black pepper, ground cumin]"
Paleo-Pumpkin-Chili-1357077,Paleo Pumpkin Chili,4,2400.0,[Main Dishes],,"[olive oil, onions, garlic, bell pepper, jalapeno chilies, ground beef, roasted tomatoes, beef broth, paprika, chili powder, cinnamon, salt, pumpkin purée]"
Slow-Cooker-Vegetarian-Chili-1372058,Slow Cooker Vegetarian Chili,4,30000.0,[Main Dishes],,"[red bell pepper, yellow bell pepper, poblano peppers, purple onion, stewed tomatoes, pinto beans, V8 Juice, chili powder, ground turmeric, sea salt, onion powder, pepper, sharp white cheddar cheese, avocado]"
Chili-990694,Chili,4,4200.0,[Main Dishes],,"[extra-virgin olive oil, onions, garlic, ground beef, bell pepper, kidney beans, beef broth, tomatoes, tomato purée, chili powder, ground chipotle chile pepper, salt, black pepper, paprika, ground cumin, marjoram, red pepper flakes, organic dark chocolate]"
Smoky-Chipotle-Butternut-and-Sausage-Chili-1362062,Smoky Chipotle Butternut and Sausage Chili,4,3300.0,[Main Dishes],,"[ground Italian sausage, olive oil, onions, butternut squash, garlic, chicken stock, crushed tomatoes, diced tomatoes, black beans, red kidnei beans, rins and drain, ground chipotle chile pepper, ground cumin, chili powder]"
The-Best-Ever-Slow-Cooker-Turkey-Chili-1298832,The Best Ever Slow Cooker Turkey Chili,4,29400.0,[Main Dishes],,"[lean ground turkey, onions, condensed tomato soup, kidney beans, black beans, diced tomatoes and green chilies, chili powder, cayenne pepper, garlic powder, ground cumin, black pepper, ground allspice, salt]"
Slow-Cooker-Spicy-Beef-and-Bean-Chili-1352828,Slow Cooker Spicy Beef and Bean Chili,4,1800.0,[Main Dishes],,"[lean ground beef, yellow onion, green bell pepper, red bell pepper, jalapeno chilies, McCormick Chili Powder, McCormick Ground Cumin, McCormick Garlic Powder, McCormick Oregano Leaves, kosher salt, diced tomatoes, tomato sauce, kidney beans, tortilla chips, cilantro, shredded cheese, scallions, purple onion, sour cream]"
Grannys-Slow-Cooker-Vegetarian-Chili-1377404,Granny’s Slow Cooker Vegetarian Chili,4,3300.0,[Main Dishes],,"[bean soup, kidney beans, garbanzo beans, baked beans, tomato purée, whole kernel corn, drain, onions, green bell pepper, zucchini, celery, garlic cloves, diced green chilies, jalapeno chilies, chili powder, cumin, dried parsley, dried oregano, dried basil, cilantro]"
Healthy-Vegetarian-Quinoa-Chili-1355072,Healthy Vegetarian Quinoa Chili,4,2100.0,[Main Dishes],,"[yellow onion, green bell pepper, red bell pepper, garlic, olive oil, crushed tomatoes, corn, chili beans, black beans, chili powder, cumin, dried oregano, smoked paprika, salt, pepper, quinoa, water, jalapeno chilies, broth, chili]"
Hearty-Lean-Chili-461500,Hearty Lean Chili,4,60.0,[Main Dishes],,"[95% lean ground beef, chopped onion, chopped bell pepper, minced garlic, chili powder, ground cumin, cracked black pepper, light kidney beans, tomato sauce, diced tomatoes, water, Daisy Brand Light Sour Cream]"
Easy-Slow-Cooker-Chili-1342318,Easy Slow Cooker Chili,4,1800.0,[Main Dishes],,"[ground beef, chopped onion, pinto beans, black beans, tomato sauce, diced tomatoes, water, chili powder, ground cumin, dried oregano, cayenne pepper, masa harina]"
Super-bowl-Chili-1348590,Super-bowl Chili,4,2100.0,[Main Dishes],,"[kidney beans, chili beans, pinto beans, white beans, chunky tomatoes, chili powder, cayenne pepper]"
Famous-Chili-1270101,Famous Chili,4,12000.0,[Main Dishes],,"[hamburger, diced tomatoes, onions, tomato sauce, chili beans, water, chili powder, garlic salt, cumin, oregano]"
All-American-Chili-1005909,All American Chili,3,1800.0,[Main Dishes],,"[lean ground beef, chopped onion, McCormick Chili Powder, McCormick Ground Cumin, McCormick Garlic Salt, McCormick Oregano Leaves, kidney beans, diced tomatoes, tomato sauce]"
Vegetable-Chili-1250263,Vegetable Chili,4,4800.0,[Main Dishes],,"[extra-virgin olive oil, zucchini, onions, garlic, red pepper, peeled tomatoes, diced tomatoes, plum tomatoes, chili powder, ground cumin, dried basil, dried oregano, ground black pepper, salt, fennel seeds, flat leaf parsley, red kidney beans, garbanzo beans, fresh dill, fresh lemon juice, sour cream, grated jack cheese, scallions]"
Cincinnati-Chili-Copycat-1374473,Cincinnati Chili Copycat,4,12600.0,[Main Dishes],,"[ground beef, onions, bone broth, tomato sauce, garlic powder, allspice, ground cloves, cumin, chili powder, unsweetened cocoa powder, apple cider vinegar, ground cinnamon, salt, pepper]"
Red-Bean-and-Beef-Chili-1189607,Red Bean and Beef Chili,3,4800.0,[Main Dishes],,"[red kidney beans, oil, ground beef, yellow onion, minced garlic, diced tomatoes, tomato sauce, chili powder, ground cumin, sugar, adobo]"
My-Chili-Allrecipes,My Chili,5,6300.0,"[Lunch and Snacks, Main Dishes]",,"[ground beef, onions, garlic, chili powder, salt, dried oregano, stewed tomatoes, tomato sauce, kidney beans]"
Melanie_s-Chili-Allrecipes,Melanie's Chili,4,1800.0,[Main Dishes],,"[ground beef, onions, diced tomatoes, tomato sauce, pinto beans, chili powder, ground cumin, ground cayenne pepper, minced garlic]"
Hearty-Chunky-Chili-1371019,Hearty Chunky Chili,4,4800.0,[Main Dishes],,"[olive oil, onions, garlic, salt, pepper, tomato paste, chili powder, ground cinnamon, ground beef, tomatoes, Guinness Beer, kidney beans, hot sauce, shredded cheese]"
Easy-Crock-Pot-Chili-1352193,Easy Crock Pot Chili,4,15300.0,[Main Dishes],,"[ground sirloin, chopped onion, green pepper, garlic, chili powder, cumin, granulated sugar, salt, pepper, diced tomatoes, chili beans]"
Steak-Chili-900520,Steak Chili,4,4800.0,[Main Dishes],,"[stew meat, kosher salt, ground black pepper, purple onion, garlic, jalapeno chilies, diced tomatoes, tomato sauce, chili powder, kidney beans, monterey jack, cornbread]"
Simple-Slow-Cooker-Chili-1377797,Simple Slow Cooker Chili,4,15000.0,[Main Dishes],,"[ground beef, black beans, diced tomatoes and green chilies, tomato paste, water, garlic, onions, carrots, spinach, taco seasoning, chili powder, salt]"
Turkey-Pumpkin-Chili-1364503,Turkey Pumpkin Chili,4,3000.0,[Main Dishes],,"[olive oil, onions, yellow peppers, garlic cloves, solid pack pumpkin, chicken broth, black beans, diced tomatoes, cooked turkey, parsley flakes, chili powder, ground cumin, dried oregano, salt]"
Pumpkin-Chili-1355208,Pumpkin Chili,4,4200.0,[Main Dishes],,"[lean ground beef, yellow onion, poblano peppers, jalapeno chilies, olive oil, garlic, beef stock, water, pumpkin, red kidney beans, pinto beans, dried oregano, salt, freshly ground black pepper, chili powder, cumin seed, ancho powder, ground cloves, ground nutmeg, apple cider vinegar]"
Crockpot-Chicken-Taco-Chili-1339582,Crockpot Chicken Taco Chili,4,36300.0,[Main Dishes],,"[onions, black beans, red kidney beans, tomato sauce, frozen corn kernels, green chilies, diced tomatoes, taco seasoning, ground cumin, chili powder, boneless skinless chicken breasts]"
Mexican-Chili-684239,Mexican Chili,3,3000.0,[Main Dishes],[Mexican],"[lean ground beef, stewed tomatoes, red kidnei beans, rins and drain, celery, onions, water, tomato paste, chile pepper, garlic, chili powder, ground cumin, shredded cheddar cheese, sour cream, cilantro sprigs]"
Peanut-Butter-Vegetarian-Chili-1364098,Peanut Butter Vegetarian Chili,4,3600.0,[Main Dishes],,"[coconut oil, yellow onion, red bell pepper, garlic, carrots, chili powder, red pepper flakes, sea salt, freshly ground black pepper, canned tomatoes, tomato sauce, cannellini beans, red kidnei beans, rins and drain, black beans, frozen sweet corn, low sodium vegetable stock, chili pepper, dried oregano, dried basil, cocoa powder, natural peanut butter, fresh lime]"
Quinoa-Harvest-Chili-1318670,Quinoa Harvest Chili,3,900.0,[Main Dishes],,"[chopped onion, olive oil, garlic, black beans, sweet potatoes, zucchini, water, vegetable broth, tomato paste, chili powder, ground cumin, dried oregano, quinoa, salt, ground black pepper, plain greek yogurt, fresh cilantro]"
Easy-Slow-Cooker-Chili-1356218,Easy Slow Cooker Chili,4,16200.0,[Main Dishes],,"[hot Italian sausages, lean ground beef, kosher salt, freshly ground black pepper, kidney beans, pinto beans, crushed tomatoes, jalapeno chilies, smoked paprika, chili powder, onion powder, garlic powder, ground cinnamon, ground cumin, red pepper flakes]"
Turkey-and-Pumpkin-Chili-1353897,Turkey and Pumpkin Chili,4,2400.0,[Main Dishes],,"[olive oil, onions, bell pepper, garlic cloves, black beans, solid pack pumpkin, diced tomatoes, chicken broth, cooked turkey, parsley flakes, chili powder, ground cumin, dried oregano, salt, avocado, sliced green onions]"
Curry-Pumpkin-Turkey-Chili-1365846,Curry Pumpkin Turkey Chili,3,3600.0,[Main Dishes],,"[ground turkey, diced onions, diced celery, yellow peppers, mushrooms, curry paste, dried thyme, tomato sauce, diced tomatoes, pumpkin, red kidney beans, white kidney beans, chili powder]"
Pantry-Chili-1287048,Pantry Chili,4,5100.0,[Main Dishes],,"[garlic, onions, red bell pepper, yellow bell pepper, chili powder, ground cumin, dried oregano, smoked paprika, ground black pepper, salt, lean ground beef, ground pork, water, black beans, kidney beans, crushed tomatoes, diced tomatoes, scallions, shredded cheddar cheese, sour cream]"
Vegetarian-Quinoa-Chili-474317,Vegetarian Quinoa Chili,5,3300.0,[Main Dishes],,"[quinoa, water, olive oil, onions, garlic, jalapeno chilies, carrots, celery ribs, green bell pepper, red bell pepper, zucchini, black beans, red kidney beans, diced tomatoes, tomato sauce, chili powder, ground cumin, black pepper, green onions, cheese, avocado, greek yogurt, sour cream, crackers, chips]"
Cincinnati-Chili-440723,Cincinnati Chili,5,3900.0,[Main Dishes],,"[olive oil, garlic, yellow onion, ground beef, chili powder, ground cinnamon, ground allspice, ground cloves, ground cumin, dried oregano, ground nutmeg, celery seed, bay leaf, kosher salt, ground black pepper, tomato sauce, unsweetened cocoa powder, spaghetti, hot water, red kidney beans, cheddar cheese, oyster crackers]"
White-Chicken-Chili-1373471,White Chicken Chili,4,3600.0,[Main Dishes],,"[chicken, garlic cloves, onions, low sodium chicken broth, cannellini beans, corn, diced green chilies, oregano, cumin, cayenne pepper, jalapeno chilies, plain greek yogurt, mozzarella cheese]"
Turkey-Chili-1254020,Turkey Chili,4,3900.0,[Main Dishes],,"[chopped onion, garlic cloves, green pepper, olive oil, stewed tomatoes, kidney beans, tomato paste, chicken stock, chili powder, ground cumin, hot red pepper flakes, dried oregano, salt, black pepper, turkey meat, sugar, purple onion, shredded cheddar cheese, sour cream]"
Pumpkin-Chili-1318530,Pumpkin Chili,4,2700.0,[Main Dishes],,"[ground turkey, onions, jalapeno chilies, green bell pepper, garlic, olive oil, salt, pepper, ground cumin, chili powder, tomatoes, pumpkin purée, black beans, kidney beans, beans, sugar, hot sauce]"
White-Bean-Turkey-Chili-1331296,White Bean Turkey Chili,3,3600.0,[Main Dishes],,"[canola oil, diced onions, minced garlic, ground turkey, chili powder, ground cumin, dried oregano, white beans, chicken broth, protein powder, diced tomatoes, cilantro leaves, fresh lime juice, ground black pepper, salt, lime]"
White-Surprise-Chili-1360897,White Surprise Chili,3,1500.0,[Main Dishes],,"[great northern beans, water, chicken broth, chopped onion, garlic, green chilies, dried oregano, ground cumin, cayenne pepper, ground black pepper, cooked chicken, monterey jack, chile pepper, sliced green onions]"
Jalapeno-Zing-Chili-1280262,Jalapeno Zing Chili,3,600.0,[Main Dishes],,"[lean ground beef, vegetable oil, yellow onion, red bell pepper, garlic cloves, chili powder, cayenne pepper, ground cumin, salt, diced tomatoes, tomato sauce, kidney beans, pickled jalapenos, sharp cheddar cheese]"
Pumpkin-Chili-1373094,Pumpkin Chili,4,4800.0,[Main Dishes],,"[olive oil, chili powder, ground cinnamon, salt, ground cloves, ground nutmeg, cayenne pepper, ground ginger, onions, garlic cloves, carrots, frozen corn, celery, diced tomatoes, pumpkin purée, black beans, pinto beans, vegetable stock]"
Rock-_em-Sock-_em-Chili-1362655,Rock 'em Sock 'em Chili,4,4500.0,[Main Dishes],,"[beef, salt, cinnamon, pork and beans, tomato sauce, paprika, dried chipotle pepper, cayenne pepper, red pepper flakes, chili powder, ground black pepper]"
Famous-Chili-1072144,Famous Chili,4,12000.0,[Main Dishes],,"[hamburger, diced tomatoes, onions, tomato sauce, chili beans, water, chili powder, garlic salt, cumin, oregano]"
Homemade-Chili-1314909,Homemade Chili,4,3900.0,[Main Dishes],,"[flour, minced onion, chili powder, salt, crushed red pepper, minced garlic, sugar, ground cumin, ground beef, red kidney beans, diced tomatoes, water, all-purpose flour, yellow corn meal, baking powder, eggs, buttermilk, vegetable oil, corn kernel whole]"
My-Favorite-Chili-1343400,My Favorite Chili,4,3300.0,[Main Dishes],,"[ground beef, ground pork, diced tomatoes, black beans, onions, garlic, chili powder, chicken-flavored soup powder, ground cumin, smoked paprika, oregano, cocoa powder]"
Texas-5-Star-Chili-1056410,Texas 5 Star Chili,5,4200.0,[Main Dishes],,"[vegetable oil, onions, celery, green bell pepper, chili seasoning, chili powder, green chilies, lean ground beef, Mexican beer, roasted tomatoes, kidney beans, great northern beans, salt, ground black pepper, Crystal Farms Reduced Fat Shredded Marble Jack Cheese]"
Slow-Cooker-Beef-and-Bean-Chili-1374970,Slow Cooker Beef and Bean Chili,4,30600.0,[Main Dishes],,"[unsalted butter, olive oil, ground beef, brats, garlic cloves, onions, chipotle, chipotles in adobo, adobo sauce, red bell pepper, red kidney beans, black beans, crushed tomatoes, diced tomatoes, tomato paste, worcestershire sauce, chili powder, ground cumin, dried parsley, dried basil, cayenne, beef stock, ground espresso, cheddar cheese, sour cream, fresh cilantro]"
White-Chicken-Chili-1348137,White Chicken Chili,4,2400.0,[Main Dishes],,"[onions, vegetable oil, garlic, green chilies, ground cumin, dried oregano, cayenne pepper, chicken broth, chicken breasts, beans, monterey jack]"
Wendy_s-Chili-1026566,Wendy's Chili,3,2400.0,[Main Dishes],,"[ground beef, tomato sauce, kidney beans, pinto beans, diced onions, green chilies, diced celery, tomatoes, ground cumin, chili powder, black pepper, salt, water]"
The-Best-Freezer-Chili-1362646,The Best Freezer Chili,4,3600.0,[Main Dishes],,"[ground beef, tomato sauce, kidney beans, pinto beans, onions, diced green chilies, diced celery, roma tomatoes, cumin, chili powder, pepper, salt, water, cayenne pepper]"
Vegan-Chili-497339,Vegan Chili,0,4800.0,[Main Dishes],[Southwestern],"[sunflower oil, yellow onion, shredded carrots, jalapeno chilies, garlic cloves, bulgur, chili powder, ground cumin, fresh tomatoes, tomato sauce, kidney beans, black beans, kosher salt, chopped cilantro fresh]"
Classic-Chili-1225161,Classic Chili,4,4500.0,[Main Dishes],,"[white onion, green bell pepper, minced garlic, ground beef, diced tomatoes, crushed tomatoes, tomato sauce, red kidney beans, water, flour, dried oregano, cumin, dried parsley, dried basil, cayenne pepper, black pepper, salt, chili powder]"
A_1_-Chili-1316330,A.1. Chili,3,3300.0,[Main Dishes],,"[lean ground beef, green pepper, onions, garlic, chili powder, diced tomatoes, water, kidney beans, sauce]"
Tofu-Chili-1167578,Tofu Chili,3,4200.0,"[Soups, Main Dishes]",,"[green bell pepper, extra-virgin olive oil, extra firm tofu, gluten free vegetable broth, frozen corn, jalapeno chilies, yellow onion, diced tomatoes, tomato sauce, chili powder, salt, kidney beans, ground cumin]"
Tempeh-Bell-Pepper-Chili-1363516,Tempeh Bell Pepper Chili,3,3300.0,[Main Dishes],,"[extra-virgin olive oil, tempeh, green bell pepper, red bell pepper, yellow bell pepper, chopped garlic, fine sea salt, ground black pepper, kidney beans, no-salt-added diced tomatoes, chili powder, bay leaf, ground cumin, crushed red pepper flakes]"
Jack-_-Coke-Chili-1295039,Jack & Coke Chili,4,3300.0,[Main Dishes],,"[extra-virgin olive oil, onions, garlic, ground beef, jack daniels, coke, crushed tomatoes, tomato sauce, red kidney beans, white kidney beans, chili powder, ground cumin]"
Hearty-Turkey-Chili-1212357,Hearty Turkey Chili,4,5400.0,[Main Dishes],,"[ground turkey, minced garlic, onions, green bell pepper, tomato paste, chili powder, brown sugar, ground cumin, dried oregano, pepper, salt, bay leaves, merlot, tomatoes, diced tomatoes, kidney beans]"
Three-Bean-Sunday-Chili-1334622,Three Bean Sunday Chili,4,4800.0,[Main Dishes],,"[white beans, red kidney beans, black beans, whole peeled tomatoes, olive oil, garlic cloves, yellow onion, red pepper, green pepper, poblano peppers, paprika, ground cumin, cayenne pepper, chili powder, red pepper flakes, salt, black pepper]"
Spicy-Vegetarian-Chili-1277365,Spicy Vegetarian Chili,3,5100.0,[Main Dishes],,"[red kidney beans, black beans, salt, chili powder, ground cumin, chipotles in adobo, dried oregano, garlic, red bell pepper, green bell pepper, celery, carrots, yellow onion, olive oil, diced tomatoes]"
Crockpot-Turkey-Chili-966961,Crockpot Turkey Chili,4,22500.0,[Main Dishes],,"[lean ground turkey, white onion, bell pepper, tomato sauce, black beans, kidney beans, diced tomatoes, chili powder, ground cumin, garlic powder, pepper, salt]"
Creamy-White-Chili-1337335,Creamy White Chili,3,2700.0,[Main Dishes],,"[boneless skinless chicken breasts, onions, garlic powder, canola oil, great northern beans, chicken broth, chopped green chilies, salt, ground cumin, dried oregano, pepper, cayenne pepper, sour cream, heavy whipping cream]"
Simple-chili-351478,Simple Chili,4,2100.0,[Main Dishes],,"[ground beef, onions, condensed tomato soup, chili beans, chili sauce, chili powder, salt, pepper]"
Sweet-chili-369641,Sweet Chili,5,4500.0,[Main Dishes],,"[hamburger, onions, kidney beans, tomato paste, condensed tomato soup, chili powder, brown sugar]"
Slow-Cooker-Turkey-Chili-1354514,Slow Cooker Turkey Chili,4,14700.0,[Main Dishes],,"[ground turkey, yellow onion, red bell pepper, garlic, diced tomatoes, kidney beans, black beans, pure maple syrup, chili powder, cumin, paprika, cayenne pepper, ground black pepper, salt, chicken broth, green onions, cheddar cheese, sour cream]"
Delightfully-Light-and-Fiber-Rich-Chicken-and-White-Bean-Chili-1376175,Delightfully Light and Fiber Rich Chicken and White Bean Chili,4,2400.0,[Main Dishes],,"[boneless skinless chicken breasts, olive oil, onions, garlic, dried oregano, ground cumin, ground coriander, white pepper, reduced sodium chicken broth, russet potatoes, hominy, cannellini beans]"
Thursday-3-Bean-Chili-1360003,Thursday – 3 Bean Chili,4,900.0,[Main Dishes],,"[kidney, fire roasted diced tomatoes, sweet onion, salsa, garlic, clove, vegetable broth, chili powder, sweet potatoes, chopped cilantro, ground chipotle chile pepper, paprika, cumin]"
Easy-Slow-Cooker-Chili-1356154,Easy Slow Cooker Chili,4,16200.0,[Main Dishes],,"[hot Italian sausages, lean ground beef, kosher salt, freshly ground black pepper, kidney beans, pinto beans, crushed tomatoes, jalapeno chilies, smoked paprika, chili powder, onion powder, garlic powder, ground cinnamon, ground cumin, red pepper flakes]"
Quick-and-Easy-Beef-Chili-1333211,Quick and Easy Beef Chili,4,2400.0,[Main Dishes],,"[onions, green bell pepper, garlic, olive oil, ground beef, tomato sauce, black beans, kidney beans, chili powder, cumin, pepper, garlic powder, salt, ground pepper, paprika, water]"
Slow-Cooker-Taco-Chicken-Chili-1331806,Slow Cooker Taco Chicken Chili,4,14700.0,[Main Dishes],,"[boneless skinless chicken breasts, black beans, kidney beans, tomato sauce, corn, diced tomatoes, taco seasoning, cumin, cayenne pepper, chili powder]"
Chili-nachos-298110,Chili Nachos,4,2100.0,"[Appetizers, Lunch and Snacks, Main Dishes]",[Mexican],"[ground beef, onions, chili powder, red kidney beans, ragu old world style pasta sauc, chip plain tortilla, shredded cheddar cheese]"
Baked-Korean-Chili-Wings-1369584,Baked Korean Chili Wings,3,3300.0,[Appetizers],,"[chicken wings, garlic, ginger, light soy sauce, toasted sesame oil, Gochujang base, honey]"
Three-Bean-Turkey-Chili-1369222,Three-Bean Turkey Chili,4,2400.0,[Main Dishes],,"[ground turkey, onions, bell pepper, diced tomatoes, garbanzo beans, kidney beans, black beans, tomato sauce, chili powder, cumin, jalapeno chilies, shredded cheddar cheese, salt, pepper]"
Beanless-Orzo-Chili-1369172,Beanless Orzo Chili,4,12600.0,[Main Dishes],,"[ground chuck, onions, celery ribs, garlic cloves, tomatoes, water, beef stock cubes, orzo pasta, chili powder, ground cumin, kosher salt]"
Crockpot-Drunk-Deer-_or-beef_-Chili-1071340,Crockpot Drunk Deer (or beef) Chili,4,29400.0,[Main Dishes],,"[venison, kidney beans, black beans, diced tomatoes, onions, green pepper, garlic cloves, ground cumin, chili powder, hot pepper sauce, salt, beer, whiskey]"
Slow-Cooker-White-Chicken-Chili-1349988,Slow Cooker White Chicken Chili,4,29400.0,[Main Dishes],,"[white beans, boneless chicken skinless thigh, diced tomatoes and green chilies, sweet onion, chopped celery, garlic, low sodium chicken broth, ground cumin, dried oregano, salt, black pepper]"
Healthy-Chili-1001219,Healthy Chili,4,1800.0,[Main Dishes],,"[olive oil, ground turkey, green bell pepper, vidalia onion, celery ribs, jalapeno chilies, garlic, diced tomatoes, red kidney beans, pinto beans, tomato sauce, chili powder, ground cumin, salt, reduced fat shredded cheese, scallions]"
3-Bean-Slow-Cooker-Chuck-Roast-Chili-1365789,3 Bean Slow Cooker Chuck Roast Chili,4,3300.0,[Main Dishes],,"[boneless chuck roast, red kidney beans, tomatoes, beef broth, onions, green bell pepper, garlic, sour cream, green onions, shredded sharp cheddar cheese, shredded mozzarella cheese, cooked bacon, chili powder, cayenne pepper, salt, ground black pepper]"
All-American-Beef-Chili-482557,All-American Beef Chili,4,9000.0,[Main Dishes],[American],"[vegetable oil, yellow onion, red bell pepper, chili powder, ground cumin, cayenne pepper, salt, garlic cloves, ground beef, red kidney beans, diced tomatoes, tomato purée]"
Jimmy-Fallon_s-Crock-Pot-Chili-1328831,Jimmy Fallon's Crock Pot Chili,4,3600.0,[Main Dishes],,"[olive oil, ground beef, salt, ground pepper, white onion, garlic cloves, chili powder, dried oregano, ground cumin, juice, tomatoes, chopped cilantro fresh, beer, red kidnei beans, rins and drain]"
Crockpot-Veggie-Quinoa-Chili-1067310,Crockpot Veggie Quinoa Chili,4,29100.0,[Main Dishes],,"[garlic, quinoa, diced tomatoes, tomato sauce, chili powder, cumin, smoked paprika, sugar, salt, ground black pepper, corn, kidney beans, black beans, vegetable broth]"
Cowboy-Chili-747294,Cowboy Chili,4,3000.0,[Main Dishes],,"[ground beef, olive oil, onions, bell pepper, garlic cloves, salt, pepper, water, crushed tomatoes, stewed tomatoes, kidney beans, chili powder, cayenne, cumin, cold water, flour]"
No-Alarm-Chili-1029452,No Alarm Chili,4,1800.0,[Main Dishes],,"[extra lean ground beef, sloppy joe sauce, tomato sauce, red kidney beans, chili powder, ground cumin, garlic powder]"
Vegetarian-Chili-1343060,Vegetarian Chili,4,5100.0,[Main Dishes],,"[garlic, extra-virgin olive oil, yellow onion, bell pepper, sweet potatoes, low sodium black beans, garbanzo beans, pinto beans, red kidney beans, corn, quinoa, diced tomatoes, diced tomatoes and green chilies, tomato paste, low sodium vegetable stock, water, cumin, paprika, chili powder, cayenne, salt, pepper, sharp white cheddar cheese, sour cream, avocado]"
Easy-Crockpot-Chili-1060155,Easy Crockpot Chili,4,2700.0,[Main Dishes],,"[ground beef, garlic cloves, onions, chopped celery, carrots, kidney beans, pinto beans, diced tomatoes, frozen corn, chili powder, ground cumin, tomato paste, cornbread, tortilla chips, sour cream, chopped onion, shredded cheese]"
Halloween-Night-Chili-1360676,Halloween Night Chili,4,4800.0,[Main Dishes],,"[extra lean ground beef, celery, green pepper, onions, garlic, tomatoes, tomato paste, red kidney beans, mixed beans, chili powder, sugar, cumin, dried parsley, oregano, paprika, salt, cayenne pepper, Tabasco Pepper Sauce]"
Turkey-chili-347807,Turkey Chili,5,2100.0,[Main Dishes],,"[ground turkey, oil, onions, garlic, ground cumin, chili powder, cinnamon sticks, chickpeas, diced tomatoes, scallions]"
Bowl-O_-Red-Chili-873391,Bowl O' Red Chili,3,7200.0,[Main Dishes],,"[chuck, salt, ground black pepper, cooking oil, onions, chili powder, yellow corn meal, minced garlic, ground cumin, dried oregano, cayenne pepper, beef broth, water, brown sugar, chopped onion]"
Slow-Cooker-Pumpkin-Chili-1363087,Slow Cooker Pumpkin Chili,3,2700.0,[Main Dishes],,"[olive oil, diced onions, garlic, jalapeno chilies, red bell pepper, cumin seed, coriander seeds, vegetable broth, tomato paste, pumpkin, diced tomatoes, oregano, chili powder, kidney beans, black beans, corn, vegan Worcestershire sauce, brown sugar, salt, pepper]"
Pumpkin-Turkey-Chili-1366157,Pumpkin Turkey Chili,3,2400.0,[Main Dishes],,"[canola oil, onions, lean ground turkey, crushed tomatoes, pumpkin purée, pinto beans, frozen corn kernels, chili powder, ground cumin, ground cinnamon, shredded reduced fat cheddar cheese, avocado, fresh cilantro, light sour cream]"
Chicken-chili-299950,Chicken Chili,4,1800.0,"[Lunch and Snacks, Main Dishes]","[American, Southwestern]","[boneless skinless chicken breast halves, vegetable oil, chili powder, chunky pasta sauce, frozen whole kernel corn, chopped cilantro fresh]"
Classic-Chili-1242436,Classic Chili,4,3600.0,[Main Dishes],,"[ground beef, onions, green bell pepper, red bell pepper, salt, pepper, kidney beans, tomato sauce, tomato paste, chili powder, granulated garlic, oregano, cumin, water]"
One-Pot-Beef-Chili-1364649,One-Pot Beef Chili,4,1800.0,[Main Dishes],,"[olive oil, ground beef, onions, bell pepper, jalapeno chilies, garlic, chili powder, ground cumin, dried oregano, red pepper flakes, sea salt, ground black pepper, diced tomatoes, tomato sauce, beef stock, black beans]"
Crockpot-Southwest-Chicken-Chili-1354726,Crockpot Southwest Chicken Chili,4,29400.0,[Main Dishes],,"[boneless skinless chicken breasts, onions, diced tomatoes and green chilies, corn kernel whole, black beans, cumin, chili powder, dried parsley, dried dillweed, garlic powder, onion powder, black pepper, cream cheese, cheddar cheese, sour cream]"
Kentucky-Chili-1374145,Kentucky Chili,3,2100.0,[Main Dishes],,"[ground beef, onions, tomato juice, water, chili beans, chili powder, salt, pepper, spaghetti]"
Pumpkin-Turkey-Chili-1354971,Pumpkin-Turkey Chili,3,2100.0,[Main Dishes],,"[ground turkey breast, sweet pepper, sweet onion, garlic, olive oil, bottled chili sauce, crushed tomatoes, diced tomatoes, mixed beans, water, cider vinegar, brown sugar, chili powder, ground cumin, ground coriander, ground cinnamon, unsweetened cocoa powder, pumpkin purée]"
Wagon-Wheel-Chili-1365659,Wagon Wheel Chili,4,1500.0,[Main Dishes],,"[wagon wheels, chili, tomato sauce, ketchup, chili powder, shredded cheddar cheese]"
Beef-Chili-with-Butternut-Squash-1364710,Beef Chili with Butternut Squash,4,3000.0,[Main Dishes],,"[olive oil, garlic, yellow onion, celery, jalapeno chilies, ground beef, chili powder, ground cumin, dried oregano, kosher salt, crushed red pepper flakes, bay leaves, crushed tomatoes, tomato sauce, broth, green bell pepper, butternut squash]"
Butternut-Squash-Chili-1380429,Butternut Squash Chili,4,3900.0,[Main Dishes],,"[ground bison, coconut oil, lard, butter, ghee, yellow onion, garlic cloves, butternut squash, celery ribs, cumin, chili powder, italian seasoning, crushed red pepper flakes, bay leaf, chicken broth, crushed tomatoes, sea salt]"
Pedernales-River-Chili-1356867,Pedernales River Chili,4,3900.0,[Main Dishes],,"[lean ground beef, onions, garlic, dried oregano, ground cumin, chili powder, tomatoes, salt, hot water]"
Winter-White-Chili-1305769,Winter White Chili,4,3900.0,[Main Dishes],,"[canola oil, onions, red bell pepper, garlic cloves, cooked chicken, corn, garbanzo beans, green chilies, fat free less sodium chicken broth, ground cumin, chili powder, salt, pepper, 1% low-fat milk, cilantro, tortilla chips, monterey jack, lime juice]"
Smoky-BBQ-Pulled-POrk-Chili-1378965,Smoky BBQ Pulled POrk Chili,4,2700.0,[Main Dishes],,"[olive oil, yellow onion, green pepper, garlic cloves, crushed tomatoes, bbq sauce, pinto beans, green chilies, smoked paprika, chili powder, cumin, crushed red pepper flakes, pulled pork]"
How-To-Make-The-Best-Chili-Ever-1359153,How To Make The Best Chili Ever,3,4500.0,[Main Dishes],,"[ground beef, tomato paste, tomatoes, water, celery stick, red bell pepper, chili powder, cumin, onions, pepper, salt]"
White-Chili-1302492,White Chili,4,2700.0,[Main Dishes],,"[canola oil, chopped onion, green chile, dried oregano, ground cumin, cayenne pepper, great northern beans, reduced sodium chicken broth, turkey, cider vinegar]"
Vegetarian-Chili-Allrecipes_1,Vegetarian Chili,5,4200.0,"[Lunch and Snacks, Main Dishes]",[American],"[burger style crumbles, black beans, red kidney beans, light red kidney beans, diced tomatoes, tomato juice, onions, chili powder, ground cumin, garlic powder, bay leaves, pepper, salt]"
Turkey-or-Chicken-Chili-1317941,Turkey or Chicken Chili,3,3600.0,[Main Dishes],,"[olive oil, onions, red bell pepper, garlic, dried oregano, dried basil, chili powder, ground cumin, ground turkey, coarse salt, ground black pepper, crushed tomatoes, chipotles in adobo, beans, cannellini beans, fresh dill, cooked rice, sour cream, shredded cheese, Mexican cheese blend, guacamole, avocado, scallions, fresh tomatoes, lime wedges]"
My-Favorite-Chili-1334252,My Favorite Chili,4,3300.0,[Main Dishes],,"[coconut oil, onions, garlic, ground beef, dried leaves oregano, chili powder, ground cumin, unsweetened cocoa powder, ground allspice, salt, tomato paste, chopped tomatoes, chicken broth, water]"
Simple_-Perfect-Chili-1057543,"Simple, Perfect Chili",4,6300.0,[Main Dishes],,"[onions, garlic cloves, ground oregano, ground cumin, cayenne pepper, chili powder, ground beef, tomato sauce, salt, cornmeal, kidney beans, jalapeno chilies, diced tomatoes, shredded cheddar cheese, chopped onion, fritos]"
_20-Minute_-White-Chicken-Chili-1377048,{20 Minute} White Chicken Chili,4,2100.0,[Main Dishes],,"[oil, onions, garlic, chicken broth, great northern beans, white corn, taco seasoning, chop green chilies, undrain, condensed cream of chicken soup, chicken meat, sour cream, shredded Monterey Jack cheese, jalapeno chilies]"
Spicy-Crock-Pot-Chili-1190028,Spicy Crock Pot Chili,4,3300.0,[Main Dishes],,"[chili powder, ground coriander, ground cumin, ground cayenne pepper, garlic powder, oregano, ground beef, yellow onion, garlic, jalapeno chilies, salt, diced tomatoes, pinto beans, kidney beans, grating cheese]"
Pumpkin-Turkey-Chili-1363048,Pumpkin Turkey Chili,3,2400.0,[Main Dishes],,"[canola oil, onions, lean ground turkey, crushed tomatoes, pumpkin purée, pinto beans, frozen corn kernels, chili powder, ground cumin, ground cinnamon, shredded reduced fat cheddar cheese, avocado, fresh cilantro, light sour cream]"
Paleo-Turkey-Sweet-Potato-Chili-1349429,Paleo Turkey Sweet Potato Chili,4,4500.0,[Main Dishes],,"[olive oil, lean ground turkey, green pepper, onions, minced garlic, Spike Seasoning, chili powder, ancho chile pepper, ground cumin, diced green chilies, juice, diced tomatoes, tomato sauce, homemade beef stock, sweet potatoes, Tabasco Green Pepper Sauce, salt, ground pepper]"
Slow-Cooker-Chili-1349451,Slow Cooker Chili,4,3300.0,[Main Dishes],,"[ground beef, onions, celery, green bell pepper, garlic cloves, tomato purée, kidney beans, cannellini beans, chili powder, dried basil, oregano, ground black pepper, hot pepper sauce]"
Accidentally-Vegan-Chili-with-NO-Weird-Ingredients-1362172,Accidentally Vegan Chili with NO Weird Ingredients,4,4500.0,[Main Dishes],,"[olive oil, onions, celery ribs, large garlic cloves, carrots, beans, diced tomatoes, tomato paste, frozen corn, chili powder, salt, pepper, water, bay leaf, cooked brown rice]"
Amber-Turkey-Chili-1346700,Amber Turkey Chili,4,4500.0,[Main Dishes],,"[olive oil, yellow onion, garlic cloves, ground turkey breast, turkey thigh, chili powder, ground cumin, dried oregano, cilantro, ground chipotle chile pepper, Amber Ale, crushed tomatoes, black beans, lime, safflower oil, cornbread, plain greek yogurt, shredded cheddar cheese, cracked black pepper]"
Vegetable-Chili-1300718,Vegetable Chili,3,2100.0,[Main Dishes],,"[vegetable oil, onions, carrots, celery ribs, medium zucchini, yellow bell pepper, red bell pepper, large garlic cloves, brown sugar, chili powder, dried leaves oregano, salt, ground cumin, pepper, vegan Worcestershire sauce, diced tomatoes, tomato sauce, red kidney beans]"
Chicken-enchilada-chili-310299,Chicken Enchilada Chili,5,3000.0,[Main Dishes],,"[chicken, enchilada sauce, celery ribs, tomatoes, kidney beans, onions, chili powder, cumin]"
Caveman-Chili-1081200,Caveman Chili,4,23400.0,[Main Dishes],,"[thick-cut bacon, ground pork, yellow onion, green pepper, tomato paste, diced tomatoes, chili seasoning, onion powder, pepper, garlic powder, salt]"
Clean-Eating-Turkey-Chili-763008,Clean Eating Turkey Chili,4,3000.0,[Main Dishes],,"[olive oil, purple onion, green bell pepper, garlic, turkey meat, ground cumin, ground coriander, chili powder, fresh tomatoes, vegetable bouillon cube, tomato paste, kidney beans, tomato sauce]"
Lentil-Chili-1208686,Lentil Chili,3,4200.0,[Main Dishes],,"[garlic, salt free chili powder, no-salt-added diced tomatoes, chopped cilantro fresh, yellow onion, red bell pepper, low sodium vegetable broth, brown lentils]"
My-Favorite-Chili-1274238,My Favorite Chili,4,7800.0,[Main Dishes],,"[ground chuck, bulk italian sausag, bacon, chili beans, diced tomatoes in juice, tomato paste, yellow onion, green bell pepper, red bell pepper, beef bouillon, beer, chili powder, worcestershire sauce, minced garlic, dried oregano, ground cumin, dried basil, salt, ground black pepper, paprika, white sugar]"
White-chicken-Poblano-chili-1348929,White chicken Poblano chili,4,,[Main Dishes],,"[great northern beans, kosher salt, poblano chiles, chicken thighs, unsalted butter, yellow onion, garlic, jalapeno chilies, ground cumin, chili powder, cayenne, chopped cilantro, masa harina, sour cream, lime]"
Easy-Paleo-Chili-1339027,Easy Paleo Chili,4,2100.0,[Main Dishes],,"[grassfed beef, onions, fire roasted diced tomatoes, roasted tomatoes, tomato sauce, garlic powder, chili powder, salt]"
Copycat-Wendy_s-Chili-1066701,Copycat Wendy's Chili,3,4200.0,[Main Dishes],,"[ground beef, vegetable oil, onion soup, chili powder, ground cumin, pepper, cocoa powder, kidney beans, tomato paste, tomato sauce, brown sugar, vinegar, V8 Juice]"
Sweet-Potato-and-Black-Bean-Chili-1377311,Sweet Potato and Black Bean Chili,4,3000.0,[Main Dishes],,"[vegetable oil, onions, sweet potatoes, garlic, jalapeno chilies, chili powder, ancho chili ground pepper, salt, water, black beans, diced tomatoes in juice, fresh lime, chopped cilantro fresh, reduced-fat sour cream]"
Pumpkin-White-Bean-Chili-1352744,Pumpkin White Bean Chili,4,1800.0,[Main Dishes],,"[olive oil, onions, garlic, beans, pumpkin purée, green chile, ale, low sodium vegetable broth, ground cumin, chili powder, dried oregano, black pepper, kosher salt, oyster crackers, sour cream, hot sauce, chopped cilantro fresh]"
Pumpkin-Chili-1279008,Pumpkin Chili,4,11100.0,[Main Dishes],,"[garlic cloves, onions, green pepper, oil, ground beef, beef stock, ale, pumpkin purée, red kidney beans, diced tomatoes, mixed spice, chili powder, cumin, salt, pepper]"
Cowboy-Chili-379482,Cowboy Chili,5,5100.0,[Main Dishes],,"[olive oil, yellow onion, green bell pepper, red bell pepper, garlic, black pepper, coarse salt, lean ground beef, worcestershire sauce, chili powder, ancho powder, paprika, ground cumin, pork and beans, corn, reduced sodium beef broth, diced tomatoes, lager, shredded sharp cheddar cheese, pickled jalapenos, sour cream]"
Crock-Pot-Chili-1206563,Crock Pot Chili,4,15600.0,[Main Dishes],,"[ground beef, kidney beans, diced tomatoes, tomato paste, water, chili powder, salt, onions, green pepper]"
Touchdown-Chili-Allrecipes,Touchdown Chili,5,12600.0,[Main Dishes],,"[ground beef, onions, garlic, chili powder, ground cumin, dried basil, tomatoes with juice, chile pepper, tomato sauce, beer, white vinegar, brown sugar, hot pepper sauce, salt, ground black pepper]"
Vegan-Chili-1069446,Vegan Chili,3,2100.0,[Main Dishes],,"[beans, diced tomatoes, onions, cumin, chili powder, oregano, salt, pepper, cayenne pepper, olive oil]"
Quinoa-Chili-with-Slow-Cooker-Option-1373291,Quinoa Chili with Slow Cooker Option,4,2400.0,[Main Dishes],,"[garlic cloves, onions, red bell pepper, olive oil, corn kernels, red kidney beans, white beans, diced tomatoes, crushed tomatoes, vegetable broth, quinoa, chili powder, fajita seasoning mix, cumin, salt, cilantro, green onions, avocado, greek yogurt, tex-mex shredded cheese]"
Easy-Turkey-_-Three-Bean-Chili-1350830,Easy Turkey & Three Bean Chili,4,1800.0,[Main Dishes],,"[lean ground turkey, garlic powder, tomato sauce, tomato juice, beans, salsa, chili powder, salt, pepper]"
Pumpkin-Chili-1292615,Pumpkin Chili,4,8400.0,[Main Dishes],,"[ground turkey, chicken, sweet onion, garlic, yellow bell pepper, orange bell pepper, cannellini beans, red kidney beans, pumpkin purée, diced tomatoes, pumpkin beer, chicken broth, chili powder, oregano, cumin, brown sugar, cayenne pepper, olive oil, sea salt, pepper, sour cream, cheddar cheese, green onions]"
Quick-and-Easy-Beef-Chili-with-Beans-793066,Quick and Easy Beef Chili with Beans,3,1800.0,[Main Dishes],,"[lean ground beef, chopped onion, diced tomatoes, tomato sauce, kidney beans, chili powder, salt, shredded cheddar cheese]"
Pumpkin-Chili-750519,Pumpkin Chili,4,5400.0,[Main Dishes],,"[extra-virgin olive oil, onions, sweet pepper, hot pepper, garlic cloves, pumpkin, red wine, vegetable broth, tomatoes with juice, kidney beans, bulgur, chili powder, brown sugar, cumin, dried oregano, salt, smoked paprika, fresh cilantro]"
Slow-Cooker-White-Chicken-Chili-1377043,Slow Cooker White Chicken Chili,4,2400.0,[Main Dishes],,"[boneless chicken skinless thigh, great northern beans, white corn, onions, garlic, taco seasoning, chopped green chilies, condensed cream of chicken soup, chicken broth, sour cream, green onions, shredded Monterey Jack cheese]"
Shrimps-in-Sweet-Thai-Chili-Sauce-1373271,Shrimps in Sweet Thai Chili Sauce,3,1500.0,[Main Dishes],,"[vegetable oil, shrimp, salt, pepper, garlic, chili sauce]"
Tequila-Chili-Allrecipes,Tequila Chili,4,2700.0,[Main Dishes],,"[ground beef, italian style stewed tomatoes, light red kidney beans, onions, garlic, tomato sauce, tequila, chili powder, ground cumin, salt, cayenne pepper]"
Delicious-Beef-Chili-1234193,Delicious Beef Chili,3,18600.0,[Main Dishes],,"[extra-virgin olive oil, red bell pepper, garlic cloves, chili powder, ground beef, diced tomatoes, tomato sauce, kidney beans]"
Black-Bean-_n_-Pumpkin-Chili-1369265,Black Bean 'n' Pumpkin Chili,3,15600.0,[Main Dishes],,"[olive oil, onions, yellow peppers, garlic cloves, black beans, solid pack pumpkin, diced tomatoes, chicken broth, cooked turkey, parsley flakes, chili powder, ground cumin, dried oregano, salt, sliced green onions, avocado]"
Steak-Chili-Allrecipes,Steak Chili,5,5400.0,[Main Dishes],,"[olive oil, steak, onions, garlic, chile pepper, chili powder, ground cumin, ground cayenne pepper, diced tomatoes, kidney beans]"
Potluck-Pleaser-Chili-1379105,Potluck Pleaser Chili,3,1500.0,[Main Dishes],,"[lean ground beef, pork and beans, red kidnei beans, rins and drain, butter beans, diced tomatoes, tomato sauce, water, white wine vinegar, dark brown sugar, ketchup, molasses, sour cream, cooked bacon]"
Beef-and-Bean-Chili-1309932,Beef and Bean Chili,3,3000.0,[Main Dishes],,"[lean ground beef, onions, garlic, jalapeno chilies, chili powder, ground cumin, tomato sauce, water, kidney beans, chopped cilantro fresh, semisweet chocolate, salt, corn chips]"
Turkey-White-Bean-Pumpkin-Chili-Updated-1360461,Turkey White Bean Pumpkin Chili – Updated,4,2100.0,[Main Dishes],,"[cooking spray, ground turkey, olive oil, onions, garlic, cumin, chili powder, oregano, white beans, green chile, chicken broth, pumpkin purée, bay leaves, salt, pepper, cheese, greek yogurt]"
The-Best-Ever-Power-Packed-Vegetarian-Chili-1260852,The Best Ever Power Packed Vegetarian Chili,4,2700.0,[Main Dishes],,"[extra-virgin olive oil, yellow onion, garlic, jalapeno chilies, beer, bell pepper, kidney beans, black beans, navy beans, diced tomatoes, chili powder, smoked paprika, oregano, crushed red pepper, ground cumin, ground cinnamon, kosher salt, black pepper]"
_Slow-Cooker_-Spicy-Touchdown-Chili-1365545,{Slow Cooker} Spicy Touchdown Chili,4,2700.0,[Main Dishes],,"[ground beef, pork sausages, OSCAR MAYER Real Bacon Recipe Pieces, chili beans, black beans, tomatoes, beer, onion flakes, chili powder, cumin, garlic powder, dried basil, cayenne pepper]"
Chicken-Chili-1083460,Chicken Chili,4,2100.0,[Main Dishes],,"[cooking oil, onions, garlic, cooked chicken, beans, chicken broth, green chilies, ground cumin, chili flakes, pepper, sour cream, cheddar cheese]"
Savory-White-Chicken-Chili-1245512,Savory White Chicken Chili,3,2100.0,[Main Dishes],,"[olive oil, boneless skinless chicken breasts, onions, garlic, Progresso™ Chicken Broth, red bell pepper, chili powder, ground cumin, salt, sugar, ground red pepper, cannellini beans, Old El Paso™ chopped green chiles, chopped cilantro fresh, nonfat yogurt plain]"
Turkey-_-Black-Bean-Chili-With-Sweet-Pototoes-1366011,Turkey + Black Bean Chili With Sweet Pototoes,4,4500.0,[Main Dishes],,"[sweet potatoes, extra-virgin olive oil, coarse sea salt, yellow onion, garlic cloves, ground cumin, pimenton, chili powder, ground turkey, tomatoes, black beans]"
Hearty-Chili-1056839,Hearty Chili,4,30000.0,[Main Dishes],,"[ground beef, yellow onion, garlic, crushed tomatoes, kidney beans, pepper jack, beef broth, chili powder, salt, paprika, oregano, ground cumin, cayenne pepper, cheddar cheese, sour cream, onions]"
Paleo-Chili-1204015,Paleo Chili,4,5100.0,[Main Dishes],,"[ground beef, italian sausage, diced tomatoes in juice, tomato paste, yellow onion, celery, green bell pepper, red bell pepper, green chilies, bacon, beef broth, chili powder, minced garlic, dried oregano, ground cumin, hot pepper sauce, dried basil, sea salt, ground black pepper, cayenne pepper, paprika, stevia, cheddar cheese]"
Beef-and-bean-chili-307940,Beef and Bean Chili,5,,[Main Dishes],,"[cooking oil, canola oil, boneless beef chuck, sweet onion, garlic cloves, lager, fire roasted diced tomatoes, chicken stock, chili powder, ground cumin, bittersweet chocolate, red kidney beans, sugar, cayenne pepper, kosher salt, freshly ground pepper]"
Elk-Chili-Allrecipes,Elk Chili,5,5400.0,[Main Dishes],[American],"[elk meat, yellow onion, tomato sauce, italian style stewed tomatoes, kidney beans, green chile, chili powder, ground cumin, dried oregano, salt, black pepper, brown sugar]"
Steak-and-Beer-Chili-983325,Steak and Beer Chili,4,16200.0,[Main Dishes],,"[extra-virgin olive oil, sirloin steak, yellow onion, minced garlic, black beans, pinto beans, kidney beans, diced tomatoes, tomato paste, green bell pepper, red bell pepper, green chile, beer, beef broth, chili powder, cayenne pepper, ground cumin, dried oregano, molasses, green onions, sour cream, shredded cheese]"
Lentil-Chili-1341438,Lentil Chili,3,2700.0,[Main Dishes],,"[zucchini, green pepper, yellow peppers, purple onion, olive oil, cinnamon sticks, bay leaves, black peppercorns, garlic, red lentils, fire roasted diced tomatoes, Ro-Tel Diced Tomatoes & Green Chilies, water, red chili powder, ground cumin, salt, black pepper, lemon]"
Turkey-and-Bean-Chili-1310200,Turkey and Bean Chili,3,1800.0,[Main Dishes],,"[purple onion, poblano peppers, minced garlic, ground turkey, chili powder, tomato paste, dried oregano, ground cumin, salt, black pepper, cannellini beans, diced tomatoes, fat free less sodium chicken broth, chopped cilantro fresh, lime wedges]"
Chili-974238,Chili,4,2100.0,[Main Dishes],,"[ground beef, onions, salt, pepper, vegetable oil, cayenne pepper, cumin, paprika, garlic powder, chili powder, tomato paste, tomato sauce, chili, red kidney beans, light red kidney beans, onion powder, brown sugar, garlic salt]"
Tequila-and-Lime-Turkey-Chili-1376689,Tequila and Lime Turkey Chili,4,3300.0,[Main Dishes],,"[sandwich bread, milk, ground turkey, salt, pepper, vegetable oil, onions, bell pepper, jalapeno chilies, chili powder, ancho powder, smoked paprika, chili pepper, chili pepper flakes, tomato paste, garlic, ground cumin, fresh oregano, tomato sauce, diced tomatoes, pinto beans, tequila, low sodium soy sauce, honey, chipotles in adobo, lime zest, fresh lime juice, fresh cilantro, sharp cheddar cheese, tortilla chips, lime juice]"
Moms-Spicy-Chili-for-Seniors-1317284,Mom’s Spicy Chili for Seniors,4,4500.0,[Main Dishes],,"[ground meat, red pepper, onions, chili powder, vinegar, ground coriander, ground cumin, ground allspice, jalapeno chilies, salt, pepper, cayenne, diced tomatoes, tomato sauce, water, cocoa powder, black beans, shredded cheese, fresh cilantro, sour cream]"
Evan_s-Lazy-Chili-1373539,Evan's Lazy Chili,4,22200.0,[Main Dishes],,"[diced tomatoes, chili beans, black beans, pinto beans, corn, green chilies, mushrooms, brown sugar, ground beef, hot sauce, shredded cheddar cheese]"
The-Best-Beef-Chili-1264223,The Best Beef Chili,3,5100.0,[Main Dishes],,"[olive oil, white onion, red bell pepper, large garlic cloves, chili powder, ground cumin, paprika, cocoa powder, kosher salt, dried oregano, crushed red pepper flakes, brown sugar, ground black pepper, cayenne pepper, ground beef, diced tomatoes, tomato paste, beef broth, apple cider vinegar, red kidnei beans, rins and drain, sour cream, shredded cheddar cheese, jalapeno chilies, corn tortillas]"
Garlicky-Green-Chili-1367908,Garlicky Green Chili,4,3300.0,[Main Dishes],,"[olive oil, tofu, onions, garlic, green bell pepper, green chile, serrano peppers, ground cumin, dried oregano, ground coriander, white pepper, mung beans, quinoa, water, salt, white wine vinegar, hot sauce, chopped cilantro fresh]"
Slow-Cooker-Hawaiian-Chili-1357424,Slow Cooker Hawaiian Chili,4,2400.0,[Main Dishes],[Hawaiian],"[ground beef, onions, celery ribs, garlic cloves, chili powder, ginger, chili beans, medium salsa, pineapple chunks]"
White-Chicken-Chili-1365461,White Chicken Chili,4,3300.0,"[Soups, Main Dishes]",,"[oil, onions, garlic powder, cumin, oregano, cayenne, chicken breasts, chicken broth, cream of chicken soup, water, diced green chilies, mexicorn, great northern beans, evaporated milk, sour cream]"
Frank_s-Game-Day-Buffalo-Chicken-Chili-1364561,Frank's Game Day Buffalo Chicken Chili,4,1800.0,[Main Dishes],,"[chicken breasts, fire roasted diced tomatoes, chili beans, sweet corn, buffalo sauce, carrots, celery, onions, chicken broth, olive oil]"
Pumpkin-Beer-Chili-1327567,Pumpkin Beer Chili,4,30600.0,[Main Dishes],,"[ground meat, green bell pepper, yellow onion, garlic, ale, crushed tomatoes, pumpkin purée, white kidney beans, black beans, chili powder, cumin, oregano, kosher salt, tomato paste, worcestershire sauce, hot sauce, cinnamon]"
Seafood-Chili-1367397,Seafood Chili,3,5400.0,[Main Dishes],,"[vegetable stock, chipotle chile, chiles, ancho chile pepper, garlic, water, cumin, coriander, mustard powder, clove, cinnamon, Muir Glen Diced Tomatoes, tomato paste, small white beans, onions, zucchini, bell pepper, pepper, corn, mussels, shrimp, bay scallops, squid, white wine, cilantro]"
Paleo-Pumpkin-Chili-1365281,Paleo Pumpkin Chili,3,4200.0,[Main Dishes],,"[chili beans, tomato sauce, chili sauce, pumpkin purée, ground beef, onions, pumpkin pie spice, smoked paprika, cumin, salt, pepper, date honey]"
Darn-Good-Chili-782532,Darn Good Chili,4,4200.0,[Main Dishes],,"[meat, olive oil, onions, garlic, granulated garlic, oregano, chili powder, ground cumin, canned tomatoes, tomato paste, water, salt, poblano chilies, jalapeno chilies, black beans, red kidney beans]"
Habanero-Chili-1088535,Habanero Chili,4,3300.0,[Main Dishes],,"[ground beef, olive oil, onions, garlic, bell pepper, carrots, celery, habanero, diced tomatoes, chili powder, oregano, ground cumin, salt, paprika, bacon]"
One-Pan-Cheesy-Chili-Mac-1364831,One Pan Cheesy Chili Mac,4,1500.0,[Main Dishes],,"[noodles, extra-lean ground beef, yellow onion, tomato sauce, fat free beef broth, garlic, cumin, chili powder, olive oil, Mexican cheese blend, salt, pepper]"
Tommy_s-Chili-Allrecipes,Tommy's Chili,3,5400.0,[Main Dishes],,"[ground beef, all-purpose flour, beef broth, water, chili powder, grated carrot, white vinegar, dried minced onion, salt, granulated sugar, paprika, garlic powder]"
Titletown-Tailgate-Chili-1351394,Titletown Tailgate Chili,4,19200.0,[Main Dishes],,"[lean ground beef, jalapeno chilies, green pepper, onions, garlic, celery, chili powder, garlic powder, onion powder, cumin, black pepper, salt, chili beans, diced tomatoes, tomato sauce, crushed tomatoes]"
Turkey-Chili-1346123,Turkey Chili,4,4500.0,[Main Dishes],,"[tomato sauce, chili beans, Del Monte Diced Tomatoes, diced tomatoes and green chilies, Del Monte Fiesta Corn, ground turkey]"
Vegetarian-Black-Bean-Chili-1068115,Vegetarian Black Bean Chili,4,2400.0,[Main Dishes],,"[vegetable oil, onions, red bell pepper, garlic cloves, chili powder, dried oregano, ground cumin, cayenne pepper, liquid, black beans, tomato sauce, shredded cheddar cheese, light sour cream, green onions]"
Easy-Weeknight-Chili-1302989,Easy Weeknight Chili,4,3300.0,[Main Dishes],,"[lean ground beef, extra-virgin olive oil, onions, green pepper, garlic, chili powder, italian seasoning, ground black pepper, kidney, diced tomatoes, tomato sauce, beef broth]"
Copycat-Wendy_s-Chili-636263,Copycat Wendy's Chili,3,11400.0,[Main Dishes],,"[ground beef, onions, bell pepper, chopped celery, tomato juice, tomato sauce, chili powder, ground cumin, garlic powder, salt, pepper, oregano, white sugar, cayenne pepper, diced tomatoes, light red kidney beans]"
My-Favourite-Vegan-Chili-514661,My Favourite Vegan Chili,4,3600.0,[Main Dishes],,"[extra-virgin olive oil, sweet onion, minced garlic, jalapeno chilies, diced celery, red bell pepper, diced tomatoes, vegetable broth, tomato paste, kidney beans, pinto beans, chili powder, ground cumin, dried oregano, fine sea salt, ground cayenne pepper, hot sauce, vegan sour cream, green onions, fresh cilantro, raw cashews, water, fresh lemon juice, apple cider vinegar]"
