id,recipeName,rating,totalTimeInSeconds,course,cuisine,ingredients,dish
Old-fashioned-Peach-Cobbler-1353633,Old-fashioned Peach Cobbler,3,3900.0,[Desserts],,"[unsalted butter, all-purpose flour, granulated sugar, baking powder, salt, whole milk, large eggs, peach slices, corn starch, light brown sugar, ground cinnamon]",cobbler
Apple-Cobbler-1360104,Apple Cobbler,4,4200.0,[Desserts],,"[apples, lemon juice, honey, large eggs, milk, bran muffin mix, unsalted butter, light brown sugar]",cobbler
Pecan-Cobbler-1378145,Pecan Cobbler,4,6300.0,[Desserts],,"[eggs, light corn syrup, flour, butter, salt, brown sugar, unbaked pie crusts, pecans]",cobbler
Quick-_-Easy-Cobbler-1366536,Quick & Easy Cobbler,4,3000.0,[Desserts],,"[sugar, flour, baking powder, milk, butter, fruit]",cobbler
Strawberry-Cobbler-1379306,Strawberry Cobbler,3,3000.0,[Desserts],,"[strawberries, salted butter, granulated sugar, all-purpose flour, baking powder, sea salt, whole milk]",cobbler
Peach-Cobbler-1374636,Peach Cobbler,3,2700.0,[Desserts],,"[melted butter, flour, sugar, baking powder, salt, milk, eggs, peach slices, cinnamon, nutmeg]",cobbler
Cherry-Berry-Cobbler-1373526,Cherry Berry Cobbler,4,3300.0,[Desserts],,"[blueberry pie filling, cherry pie filling, blueberry muffin mix, unsalted butter]",cobbler
Holiday-Cobbler-with-Cinnamon-Ice-Cream-1377607,Holiday Cobbler with Cinnamon Ice Cream,3,3900.0,[Desserts],,"[cranberries, cherries, water, granulated sugar, all-purpose flour, plums, quick rolled oats, brown sugar, baking powder, salt, cream of tartar, butter, milk, cinnamon ice cream]",cobbler
Chocolate-Cobbler-489852,Chocolate Cobbler,4,4200.0,[Desserts],,"[granulated sugar, all-purpose flour, cocoa, baking powder, salt, milk, unsalted butter, vanilla extract, light brown sugar, hot water]",cobbler
Peach-Cobbler-1294815,Peach Cobbler,4,3600.0,[Desserts],,"[unsalted butter, peach slices, sugar, flour, baking powder, kosher salt, milk]",cobbler
The-Easiest-Blackberry-Cobbler-1199798,The Easiest Blackberry Cobbler,4,2100.0,[Desserts],,"[butter, all-purpose flour, baking powder, granulated sugar, milk, nutmeg, blackberries]",cobbler
Skillet-Cranberry-Cobbler-1378698,Skillet Cranberry Cobbler,4,3000.0,[Desserts],,"[butter, fresh cranberries, sugar, flour, kosher salt, baking powder, milk, large eggs]",cobbler
Blueberry-Cobbler-1365041,Blueberry Cobbler,4,3600.0,[Desserts],,"[granulated sugar, corn starch, ground cinnamon, salt, blueberries, grated lemon zest, lemon juice, all-purpose flour, yellow corn meal, baking powder, baking soda, buttermilk, unsalted butter, vanilla extract]",cobbler
Winter-Peach-Cobbler-1312895,Winter Peach Cobbler,4,3000.0,[Desserts],,"[frozen peach slices, flour, sugar, salt, cinnamon, eggs, unsalted butter]",cobbler
Rustic-Cobbler-996112,Rustic Cobbler,4,3000.0,[Desserts],,"[frozen blackberries, all-purpose flour, sugar, eggs, butter]",cobbler
Berry-Cobbler-1369217,Berry Cobbler,4,3300.0,[Desserts],,"[forest fruit, lemon juice, brown sugar, corn starch, cinnamon, flour, quick-cooking oats, granulated sugar, baking powder, salt, butter, milk]",cobbler
Warm-Chocolate-Cobbler-1378331,Warm Chocolate Cobbler,4,4200.0,[Desserts],,"[unsweetened cocoa powder, sugar, brown sugar, coffee, caramels, all-purpose flour, baking powder, baking soda, salt, eggs, milk, coconut oil, pure vanilla extract]",cobbler
Blackberry-Cobbler-1314794,Blackberry Cobbler,4,4800.0,[Desserts],,"[butter, sugar, all-purpose flour, baking powder, salt, milk, blackberries]",cobbler
Chocolate-cobbler-333888,Chocolate Cobbler,5,3300.0,[Desserts],,"[flour, salt, baking powder, sugar, cocoa powder, milk, vegetable oil, brown sugar, hot water]",cobbler
Strawberry-Cobbler-1026757,Strawberry Cobbler,4,2400.0,[Desserts],,"[strawberries, sugar, juice, self rising flour, vanilla, milk, butter]",cobbler
Apple-Cobblers-1337782,Apple Cobblers,4,2700.0,[Desserts],,"[apples, cinnamon, lemon juice, flour, brown sugar, sugar, baking powder, nutmeg, salt, medium eggs, butter]",cobbler
Apple-Cobbler-1219410,Apple Cobbler,3,1200.0,[Desserts],,"[cooking apples, sugar, ground cinnamon, all-purpose flour, Land O Lakes® Eggs, baking powder, salt, Land O Lakes® Butter, ice cream]",cobbler
Pumpkin-Pecan-Cobbler-1319732,Pumpkin Pecan Cobbler,4,3000.0,[Desserts],,"[all-purpose flour, baking powder, salt, granulated sugar, cinnamon, nutmeg, clove, pumpkin purée, milk, melted butter, vanilla, brown sugar, chopped pecans, hot water]",cobbler
Apple-Cobbler-1355487,Apple Cobbler,3,3600.0,[Desserts],,"[tart apples, granulated sugar, all-purpose flour, cinnamon, salt, vanilla extract, water, butter, baking powder, eggs, cinnamon sugar]",cobbler
Peach-Cobbler-TasteOfHome,Peach Cobbler,4,2400.0,[Desserts],"[American, Southern & Soul Food]","[butter, peaches, sugar, all-purpose flour, milk, baking powder, salt]",cobbler
Blueberry-Cobbler-456251,Blueberry Cobbler,5,1200.0,,,"[blueberries, sugar, all-purpose flour, ground cinnamon, baking powder, salt, unsalted butter, heavy cream, vanilla ice cream]",cobbler
Easy-Strawberry-Dump-Cobbler-1368329,Easy Strawberry Dump Cobbler,4,3300.0,[Desserts],,"[sugar, strawberries, cake mix or white yellow, butter]",cobbler
Pumpkin-Cobbler-1319727,Pumpkin Cobbler,4,3900.0,[Desserts],,"[pumpkin purée, whole milk, heavy cream, large eggs, granulated sugar, light brown sugar, whole wheat white flour, pumpkin pie spice, salt, vanilla bean paste, baking powder, unsalted butter]",cobbler
Salted-Caramel-Apple-Cobbler-1379552,Salted Caramel Apple Cobbler,4,1500.0,[Desserts],,"[dough, granny smith apples, lady apples, cinnamon, nutmeg, allspice, caramel topping, whipped cream]",cobbler
Cherry-Cobbler-606980,Cherry Cobbler,3,5400.0,[Desserts],,"[sweet cherries, granulated sugar, corn starch, ground cinnamon, lemon juice, all-purpose flour, baking powder, kosher salt, unsalted butter, whole milk]",cobbler
Peach-Cobbler-1217258,Peach Cobbler,4,3900.0,[Desserts],,"[peaches, sugar, fresh lemon juice, unsalted butter, flour, baking powder, salt, whole milk]",cobbler
CRANBERRY-APPLE-COBBLER-1368183,CRANBERRY APPLE COBBLER,4,3000.0,[Desserts],,"[apples, frozen cranberries, corn starch, pure vanilla extract, raw sugar, ground nutmeg, all-purpose flour, ground cinnamon, baking powder, salt, unsalted butter, whole milk]",cobbler
Strawberry-Cobbler-1035311,Strawberry Cobbler,4,4800.0,[Desserts],,"[strawberries, granulated sugar, butter, self rising flour, milk]",cobbler
Paleo-Apple-Cobbler-1372381,Paleo Apple Cobbler,4,3600.0,[Desserts],,"[pecans, medjool date, sea salt, apples, water, maple syrup, cinnamon, ginger, nutmeg, clove, almond flour, coconut sugar, unsweetened applesauce]",cobbler
Snickerdoodle-Apple-Cobbler-1349169,Snickerdoodle Apple Cobbler,4,3300.0,[Desserts],,"[apples, brown sugar, cinnamon, white cake mix, unsalted butter, eggs, sugar]",cobbler
Fig-Cobbler-753837,Fig Cobbler,4,2400.0,[Desserts],,"[flour, sugar, milk, butter, figs]",cobbler
Chocolate-Cobbler-980738,Chocolate Cobbler,3,3900.0,[Desserts],,"[butter, sugar, self rising flour, vanilla, milk, cocoa powder, boiling water]",cobbler
Cranberry-Cobbler-Dump-Cake-1380463,Cranberry Cobbler Dump Cake,4,3900.0,[Desserts],,"[cooking spray, whole cranberry sauce, yellow cake mix, butter, granola cereal, Craisins]",cobbler
Mixed-Berry-Cobbler-490057,Mixed Berry Cobbler,4,2700.0,[Desserts],,"[berries, lemon juice, all-purpose flour, baking powder, salt, unsalted butter, light brown sugar, vanilla extract]",cobbler
Cherry-Cobbler-1123047,Cherry Cobbler,4,3900.0,[Desserts],,"[pitted cherries, sugar, brown sugar, corn starch, cinnamon, nutmeg, flour, salt, baking powder, butter, milk]",cobbler
Apple-Cobbler-TasteOfHome,Apple Cobbler,5,4200.0,[Desserts],[American],"[all-purpose flour, sugar, baking powder, salt, butter, eggs, vanilla extract, milk, apples, quick-cooking tapioca, ground cinnamon]",cobbler
Summery-Blackberry-Cobbler-1209163,Summery Blackberry Cobbler,4,3600.0,[Desserts],,"[blackberries, all-purpose flour, baking powder, unsalted butter, granulated sugar, milk, vanilla ice cream]",cobbler
Plum-Cobbler-1185849,Plum Cobbler,4,3780.0,[Desserts],,"[unsalted butter, all-purpose flour, sugar, baking powder, salt, milk, plums, lemon juice]",cobbler
Pecan-Cobbler-1310656,Pecan Cobbler,4,4500.0,[Desserts],,"[flour, brown sugar, baking powder, cinnamon, salt, milk, unsalted butter, maple-flavored syrup, eggs, sugar, vanilla, pecan halves]",cobbler
Classic-Crockpot-Berry-Cobbler-1363119,Classic Crockpot Berry Cobbler,3,7800.0,[Desserts],,"[frozen mixed berries, flour, sugar, eggs, baking powder, ground cinnamon, whole milk, salt, canola oil]",cobbler
Lazy-Day-Cobbler-1336645,Lazy Day Cobbler,4,3600.0,[Desserts],,"[butter, flour, salt, sugar, baking powder, milk, peach pie filling]",cobbler
Southern-Peach-Cobbler-1277139,Southern Peach Cobbler,4,4200.0,[Desserts],"[Southern & Soul Food, American]","[peaches, lemon juice, sugar, corn starch, ground cinnamon, ground nutmeg, all-purpose flour, baking powder, baking soda, salt, unsalted butter, buttermilk, almond extract, vanilla ice cream]",cobbler
Papas-Blueberry-Cobbler-1368389,Papa’s Blueberry Cobbler,4,2700.0,[Desserts],,"[fresh blueberries, regular sugar, orange juice, butter, eggs, vanilla, all-purpose flour, baking powder, salt]",cobbler
Pineapple-Cobbler-471117,Pineapple Cobbler,5,2400.0,[Desserts],,"[pineapple, butter, all-purpose flour, brown sugar, Pioneer Brand Baking Mix, milk]",cobbler
Slow-Cooker-Berry-Cobbler-577489,Slow Cooker Berry Cobbler,4,3600.0,[Desserts],,"[flour, sugar, baking powder, cinnamon, eggs, fat free milk, canola oil, salt, raspberries, lemon juice]",cobbler
Fresh-Strawberry-Cobbler-1121529,Fresh Strawberry Cobbler,4,3300.0,[Desserts],,"[strawberries, sugar, all-purpose flour, baking powder, salt, milk, vanilla extract, butter]",cobbler
Blackberry-Cobbler-1188355,Blackberry Cobbler,3,3600.0,[Desserts],,"[blackberries, sugar, all-purpose flour, grated lemon zest, salt, baking powder, ground cinnamon, eggs, buttermilk, unsalted butter, vanilla extract]",cobbler
Mini-Raspberry-Cobblers-484636,Mini Raspberry Cobblers,4,3300.0,[Desserts],,"[fresh raspberries, unsalted butter, sugar, flour, milk, baking powder, table salt, vanilla extract, warm water]",cobbler
Old-Fashion-Blueberry-Cobbler-1009914,Old Fashion Blueberry Cobbler,4,2700.0,[Desserts],,"[sugar, corn starch, lemon juice, blueberries, all-purpose flour, baking powder, salt, butter, milk]",cobbler
Chocolate-Cobbler-471354,Chocolate Cobbler,5,2100.0,[Desserts],,"[self rising flour, sugar, cocoa, milk, vanilla, vegetable oil, brown sugar, tap water, chopped pecans]",cobbler
Pumpkin-Pie-Pecan-Cobbler-1379223,Pumpkin Pie Pecan Cobbler,4,4200.0,[Desserts],,"[pure pumpkin, evaporated milk, brown sugar, large eggs, pumpkin pie spice, spice cake mix, butter, chopped pecans]",cobbler
Chocolate-Cobbler-1032788,Chocolate Cobbler,4,3300.0,[Desserts],,"[sugar, self rising flour, cocoa, milk, melted butter, vanilla, brown sugar, hot water]",cobbler
Snickerdoodle-Cobbler-1069916,Snickerdoodle Cobbler,4,2460.0,[Desserts],,"[butter, self rising flour, sugar, milk, vanilla extract, cinnamon, light brown sugar, hot water]",cobbler
Cobbler-Dough-456850,Cobbler Dough,5,,[Desserts],,"[all-purpose flour, sugar, salt, unsalted butter, egg yolks, vanilla extract, cold water]",cobbler
Easy-Peach-Pie-Cobbler-1377087,Easy Peach Pie Cobbler,4,2700.0,[Desserts],,"[unsalted butter, all-purpose flour, sugar, baking powder, salt, milk, frozen peaches, ground cinnamon, ground nutmeg, fresh lemon juice]",cobbler
Chocolate-Cobbler-1219475,Chocolate Cobbler,4,3000.0,[Desserts],,"[flour, baking powder, salt, cocoa powder, sugar, milk, melted butter, vanilla extract, light brown sugar, hot water]",cobbler
Peach-Cobbler-Overnight-Oatmeal-1302123,Peach Cobbler Overnight Oatmeal,4,900.0,[Breakfast and Brunch],,"[rolled oats, greek yogurt, milk, peaches, chia seeds, vanilla extract, cinnamon]",cobbler
Easy-Peach-Cobbler-1260388,Easy Peach Cobbler,4,4500.0,[Desserts],,"[peaches, butter, flour, sugar, milk]",cobbler
Easy-Peach-Cobbler-1356357,Easy Peach Cobbler,3,4500.0,[Desserts],,"[peaches, butter, flour, sugar, milk]",cobbler
Blackberry-Cobbler-1231261,Blackberry Cobbler,4,3900.0,[Desserts],,"[blackberries, granulated sugar, lemon zest, lemon juice, cinnamon, corn starch, sugar, all-purpose flour, baking powder, salt, butter, milk, eggs]",cobbler
Strawberry-Cobbler-556647,Strawberry Cobbler,4,4500.0,[Desserts],,"[strawberries, sugar, all-purpose flour, ground cinnamon, kosher salt, vanilla extract, unsalted butter, baking powder, light cream, vanilla ice cream]",cobbler
Blueberry-Peach-Cobbler-1370831,Blueberry Peach Cobbler,4,3600.0,[Desserts],,"[all-purpose flour, granulated sugar, golden brown sugar, baking powder, salt, cinnamon, unsalted butter, whole milk, peaches, fresh blueberries]",cobbler
Apple-Cinnamon-Cobbler-1312801,Apple Cinnamon Cobbler,3,3300.0,[Desserts],,"[golden delicious apples, sugar, flour, ground cinnamon, kosher salt, butter, baking powder, whole milk, large eggs]",cobbler
Quinoa-Peach-Cobbler-1361840,Quinoa Peach Cobbler,4,3000.0,[Desserts],,"[quinoa, ground cinnamon, salt, butter, cane sugar, peaches, coconut oil, baking powder, whole milk, brown sugar, rolled oats, arrowroot flour, tapioca flour, cinnamon sugar]",cobbler
Southern-Peach-Cobbler-1070470,Southern Peach Cobbler,4,4500.0,[Desserts],[Southern & Soul Food],"[butter, sugar, flour, baking powder, salt, milk, peaches]",cobbler
Old-Fashioned-Peach-Cobbler-1230218,Old Fashioned Peach Cobbler,4,3000.0,[Desserts],,"[peaches, white sugar, brown sugar, ground cinnamon, ground nutmeg, fresh lemon juice, almond extract, corn starch, all-purpose flour, baking powder, salt, unsalted butter, boiling water, vanilla ice cream]",cobbler
Easy-Blueberry-Cobbler-1216212,Easy Blueberry Cobbler,4,4800.0,[Desserts],,"[melted butter, all-purpose flour, baking powder, salt, sugar, milk, vanilla extract, frozen blueberries, water]",cobbler
Blueberry-cobbler-346669,Blueberry Cobbler,5,3900.0,[Desserts],,"[frozen blueberries, granulated sugar, all-purpose flour, baking powder, salt, unsalted butter, whole milk, pure vanilla extract]",cobbler
One-Minute-Blueberry-Cobbler-1333598,One Minute Blueberry Cobbler,4,360.0,[Desserts],,"[all-purpose flour, sugar, baking powder, salt, milk, unsalted butter, fresh blueberries, whipped cream, whipped topping, ice cream]",cobbler
Pear-Cobbler-1047162,Pear Cobbler,4,3600.0,[Desserts],,"[pears, sugar, water, baking mix, milk, nonstick spray]",cobbler
Southern-Peach-Cobbler-1218623,Southern Peach Cobbler,4,3600.0,[Desserts],[Southern & Soul Food],"[peaches, white sugar, brown sugar, ground cinnamon, ground nutmeg, fresh lemon juice, corn starch, all-purpose flour, baking powder, salt, unsalted butter, boiling water]",cobbler
Old-Fashioned-Berry-Cobbler-471487,Old Fashioned Berry Cobbler,5,3600.0,[Desserts],,"[berries, sugar, milk, self rising flour, butter]",cobbler
The-Best-and-Easiest-Peach-Cobbler-Recipe-Ever-968622,The Best and Easiest Peach Cobbler Recipe Ever,4,3900.0,[Desserts],,"[peaches, sugar, milk, all-purpose flour, baking powder, melted butter]",cobbler
Low-Calorie-Peach-Cobbler-1244157,Low Calorie Peach Cobbler,4,3600.0,[Desserts],,"[peaches, brown sugar, all-purpose flour, fat free milk, liquid egg substitute, baking powder, vanilla extract, light butter, salt, ground nutmeg, grated lemon zest]",cobbler
Apricot-Cobbler-TasteOfHome,Apricot Cobbler,4,3000.0,[Desserts],[American],"[sugar, corn starch, ground cinnamon, ground nutmeg, water, apricot halves, butter, all-purpose flour, baking powder, salt, milk]",cobbler
Easy-Pear-Cobbler-781095,Easy Pear Cobbler,3,4500.0,[Desserts],,"[pears, sugar, butter, all-purpose flour, baking powder, cinnamon, salt, milk, eggs]",cobbler
Cherry-Cobbler-1170260,Cherry Cobbler,4,3000.0,[Desserts],,"[butter, self rising flour, sugar, milk, cherries, flavoring]",cobbler
Easy-Apple-Cobbler-1210713,Easy Apple Cobbler,4,3300.0,[Desserts],,"[apples, brown sugar, cinnamon, butter, sugar, all-purpose flour, milk, vanilla, baking powder]",cobbler
Cherry-Cobbler-Squares-1319375,Cherry Cobbler Squares,4,3600.0,[Desserts],,"[butter, sugar, eggs, vanilla, almond extract, all-purpose flour, salt, cherry pie filling, powdered sugar, milk, butter cooking spray]",cobbler
Winter-Peach-Cobbler-973328,Winter Peach Cobbler,4,3600.0,,,"[self rising flour, granulated sugar, salt, unsalted butter, peaches in heavy syrup]",cobbler
Grandma_s-Floating-Peach-Cobbler-1270871,Grandma's Floating Peach Cobbler,4,3300.0,[Desserts],,"[peaches, flour, sugar, butter, self rising flour, milk]",cobbler
Peach-Cobbler-1032972,Peach Cobbler,4,4200.0,[Desserts],,"[butter, sugar, self rising flour, milk, peaches]",cobbler
Cherry-Cobbler-for-Two-Jo-Cooks-46064,Cherry Cobbler for Two,5,2400.0,[Desserts],,"[cherries, sugar, lemon juice, salt, all-purpose flour, baking powder, melted butter, milk]",cobbler
Snickerdoodle-Cobbler-967615,Snickerdoodle Cobbler,4,2460.0,[Desserts],,"[butter, self rising flour, sugar, milk, vanilla extract, cinnamon, light brown sugar, hot water]",cobbler
Peach-Cobbler-From-Scratch-1290647,Peach Cobbler From Scratch,4,4200.0,[Desserts],,"[peaches, light brown sugar, white sugar, cinnamon, lemon juice, corn starch, nutmeg, all-purpose flour, baking powder, salt, unsalted butter, boiling water]",cobbler
Southern-Peach-Cobbler-Allrecipes_1,Southern Peach Cobbler,5,3600.0,[Desserts],"[American, Southern & Soul Food]","[peaches, white sugar, brown sugar, ground cinnamon, ground nutmeg, fresh lemon juice, corn starch, all-purpose flour, baking powder, salt, unsalted butter, boiling water]",cobbler
Sweet-Slow-Cooked-Strawberry-Cobbler-1363132,Sweet Slow-Cooked Strawberry Cobbler,3,600.0,[Desserts],,"[frozen strawberries, sugar, baking mix, butter, milk, cinnamon]",cobbler
Picnic-Berry-Cobbler-1231157,Picnic Berry Cobbler,4,4500.0,[Desserts],,"[blueberries, all-purpose flour, granulated sugar, salt, unsalted butter]",cobbler
Mini-Cranberry-Sauce-Cobblers-899030,Mini Cranberry Sauce Cobblers,4,3000.0,[Desserts],,"[cranberry sauce, unsalted butter, granulated sugar, flour, milk, baking powder, vanilla extract, table salt, warm water]",cobbler
Peach-Cobbler-with-Orange-Yogurt-Sauce-1377474,Peach Cobbler with Orange Yogurt Sauce,3,2100.0,[Desserts],,"[peaches, sugar, corn starch, lemon, cream, lemon juice, unbleached flour, almond flour, baking powder, baking soda, salt, butter, brown sugar, orange juice, plain greek yogurt, orange]",cobbler
Peach-Cobbler-1081492,Peach Cobbler,4,3300.0,[Desserts],,"[butter, flour, sugar, salt, baking powder, milk, peaches, fresh lemon juice, cinnamon]",cobbler
Crock-Pot-Cherry-Cobbler-1322538,Crock Pot Cherry Cobbler,4,3000.0,[Desserts],,"[cherry pie filling, all-purpose flour, sugar, margarine, milk, baking powder, almond extract, salt]",cobbler
Blackberry-Cobbler-_2-902899,Blackberry Cobbler #2,4,3000.0,[Desserts],,"[frozen blackberries, sugar, lemon juice, zest, flour, salt, baking powder, crisco, butter, eggs, milk]",cobbler
Individual-Strawberry-Cobblers-1042851,Individual Strawberry Cobblers,4,1800.0,[Desserts],,"[strawberries, all-purpose flour, granulated sugar, baking powder, salt, milk, vanilla, vanilla ice cream, whipped topping]",cobbler
No-Bake-Apple-Bourbon-Cobbler-1364325,No Bake Apple Bourbon Cobbler,4,1200.0,[Desserts],,"[apples, oil, ground cinnamon, ground nutmeg, ground cloves, bourbon whiskey, brown sugar, granola]",cobbler
Skillet-Rhubarb-Cobbler-1073770,Skillet Rhubarb Cobbler,4,3600.0,[Desserts],,"[rhubarb, brown sugar, butter, eggs, milk, vanilla, all-purpose flour, baking powder, granulated white sugar, shortening]",cobbler
Blackberry-Cobbler-_1-902851,Blackberry Cobbler #1,4,4800.0,[Desserts],,"[butter, sugar, self rising flour, milk, blackberries]",cobbler
Chocolate-Cobbler-Allrecipes,Chocolate Cobbler,5,2700.0,[Desserts],,"[butter, self rising flour, white sugar, unsweetened cocoa powder, milk, vanilla extract, boiling water]",cobbler
4-Ingredient-Peach-Cobbler-1207157,4-Ingredient Peach Cobbler,4,2400.0,[Desserts],,"[peaches, butter, oats, sugar]",cobbler
Best-Ever-Blueberry-Cobbler-_gluten-free-option_-1215509,Best Ever Blueberry Cobbler {gluten free option},4,5400.0,,,"[fresh blueberries, granulated sugar, grated lemon zest, all-purpose flour, baking powder, salt, unsalted butter, large eggs, pure vanilla extract, ground cinnamon, ground nutmeg]",cobbler
Super-Easy-Peach-Cobbler-1215071,Super Easy Peach Cobbler,4,2400.0,[Desserts],,"[peach slices, butter, flour, sugar, milk, baking powder]",cobbler
French-Apple-Cobbler-596068,French Apple Cobbler,4,3300.0,[Desserts],,"[apples, sugar, flour, cinnamon, salt, vanilla, water, butter, baking powder, eggs]",cobbler
Crockpot-Blueberry-Cobbler-Dump-Cake-1271113,Crockpot Blueberry Cobbler Dump Cake,3,11700.0,[Desserts],,"[flour, sugar, baking powder, cinnamon, sour cream, water, eggs, lemon juice, blueberries]",cobbler
Easy-Blackberry-Cobbler-1193477,Easy Blackberry Cobbler,4,4500.0,[Desserts],,"[blackberries, butter, sugar, all-purpose flour, baking powder, salt, milk]",cobbler
Pecan-Cobbler-and-Reasons-I-Blog-1069705,Pecan Cobbler and Reasons I Blog,4,2100.0,[Desserts],,"[butter, pecans, self rising flour, granulated sugar, milk, vanilla, light brown sugar, hot water]",cobbler
Sally_s-Peach-Cobbler-1241073,Sally's Peach Cobbler,4,3900.0,[Desserts],,"[peaches, sugar, butter, self raising flour, evaporated milk]",cobbler
Create-Black-And-Blue-Crockpot-Cobbler-1363124,Create Black And Blue Crockpot Cobbler,3,600.0,[Desserts],,"[blueberries, blackberries, flour, sugar, milk, vegetable oil, salt, nutmeg, cinnamon, egg substitute, water, baking powder, orange peel]",cobbler
Blackberry-Cobbler-1177349,Blackberry Cobbler,3,3300.0,[Desserts],,"[butter, blackberries, confectioners sugar, pancake mix, whole milk, large eggs, whipped cream]",cobbler
Georgia-Peach-Cobbler-1329088,Georgia Peach Cobbler,3,3300.0,[Desserts],,"[granulated sugar, self rising flour, butter, peach slices]",cobbler
Apple-Cobbler-530485,Apple Cobbler,4,4800.0,[Desserts],[American],"[apples, sugar, cinnamon, pancake mix, milk, butter]",cobbler
Peach-Cobbler-1225172,Peach Cobbler,4,3000.0,[Desserts],,"[peaches, brown sugar, cinnamon, vanilla, flour, baking powder, baking soda, unsalted butter, buttermilk, whipped cream]",cobbler
Chocolate-Cobbler-1244759,Chocolate Cobbler,4,3000.0,[Desserts],,"[butter, self rising flour, white sugar, cocoa powder, instant coffee, milk, vanilla extract, brown sugar, hot water]",cobbler
Peach-Cobbler-Snack-Cake-1183509,Peach Cobbler Snack Cake,4,3900.0,[Desserts],,"[granulated sugar, peach slices, corn starch, flour, salt, baking powder, whole milk, unsalted butter]",cobbler
Berry-Cobbler-456511,Berry Cobbler,5,2100.0,,,"[forest fruit, lemon, granulated sugar, corn starch, ground cinnamon, ground ginger, all purpose unbleached flour, golden brown sugar, baking powder, salt, baking soda, unsalted butter, eggs, heavy cream, crystallized ginger, vanilla ice cream]",cobbler
Warm-Crockpot-Peach-Cobbler-1225922,Warm Crockpot Peach Cobbler,3,2700.0,[Desserts],,"[peaches, sugar, bisquick, milk]",cobbler
SALT-LICK-PEACH-COBBLER-1009412,SALT LICK PEACH COBBLER,4,3900.0,[Desserts],,"[unsalted butter, all-purpose flour, granulated sugar, baking powder, kosher salt, milk, large eggs, peach slices, ground cinnamon, ground nutmeg]",cobbler
Coffee-Cake-Peach-Cobbler-Dessert-1373067,Coffee Cake Peach Cobbler Dessert,3,4800.0,"[Desserts, Breads]",,"[butter, sugar, eggs, vanilla extract, all-purpose flour, baking powder, baking soda, salt, sour cream, peach pie filling, peach slices, brown sugar, quick-cooking oats, ground cinnamon, confectioners sugar, 2% reduced-fat milk]",cobbler
Easy-Fruit-Cobbler-1372114,Easy Fruit Cobbler,3,3600.0,[Desserts],,"[cooking spray, apples, blueberry pie filling, cherries, cake mix, butter, chopped pecans, ground cinnamon, vanilla ice cream]",cobbler
Peach-Cobbler-Muffins-1182511,Peach Cobbler Muffins,4,2400.0,[Breads],,"[all-purpose flour, baking powder, ground cinnamon, salt, unsalted butter, sugar, large eggs, vanilla extract, whole milk, peaches, flour, cinnamon, vegetable oil]",cobbler
Skillet-Strawberry-Cobbler-1238243,Skillet Strawberry Cobbler,4,3300.0,[Desserts],,"[butter, strawberries, cranberries, sugar, self rising flour, milk]",cobbler
Pumpkin-Pecan-Cobbler-1360296,Pumpkin Pecan Cobbler,4,3900.0,[Desserts],,"[flour, baking powder, salt, sugar, cinnamon, nutmeg, ground cloves, pumpkin purée, milk, melted butter, vanilla, brown sugar, chopped pecans, hot water]",cobbler
Chicken-Cobbler-Casserole-1373768,Chicken Cobbler Casserole,4,2700.0,[Main Dishes],,"[butter, rolls, grated parmesan cheese, fresh parsley, onions, fresh mushrooms, white wine, cream of mushroom soup, roasted red peppers, cooked chicken]",cobbler
Peach-Cobbler-1282102,Peach Cobbler,4,3300.0,[Desserts],,"[peaches, white sugar, brown sugar, ground cinnamon, ground nutmeg, fresh lemon juice, corn starch, all-purpose flour, baking powder, salt, unsalted butter, boiling water]",cobbler
Southern-Peach-Cobbler-1026426,Southern Peach Cobbler,4,3900.0,[Desserts],[Southern & Soul Food],"[butter, sugar, peaches, lemon juice, all-purpose flour, baking powder, salt, milk, ground cinnamon]",cobbler
Rhubarb-Cobbler-The-Pioneer-Woman-Cooks-_-Ree-Drummond-41160,Rhubarb Cobbler,5,,[Desserts],,"[rhubarb, sugar, salt, lemon juice, almond extract, all-purpose flour, baking powder, vegetable shortening, butter, whole milk, eggs]",cobbler
Blueberry-Cobbler-792624,Blueberry Cobbler,3,2700.0,[Desserts],,"[fresh blueberries, sugar, corn starch, water, cinnamon, melted butter, flour, baking powder, granulated sugar, salt, milk]",cobbler
Blueberry-Cobbler-1132153,Blueberry Cobbler,4,4200.0,[Desserts],,"[frozen blueberries, granulated sugar, water, butter, large eggs, vanilla extract, all-purpose flour, baking powder, salt, sugar]",cobbler
Highest-Rated-Crockpot-Cherry-Almond-Cobbler-1363122,Highest-Rated Crockpot Cherry Almond Cobbler,3,7800.0,[Desserts],,"[cherry pie filling, flour, baking powder, butter, brown sugar, milk, slivered almonds, almond extract, salt]",cobbler
Peach-Cobbler-Smoothie-1099128,Peach Cobbler Smoothie,5,300.0,[Beverages],,"[Silk Unsweetened Vanilla Almondmilk, 2% lowfat greek yogurt, peach slices, graham crackers, ground cinnamon, vanilla extract]",cobbler
Apple-Cinnamon-Cobbler-1313859,Apple Cinnamon Cobbler,3,3600.0,[Desserts],,"[cinnamon rolls, apple pie filling, butter, flour, brown sugar, chopped pecans, cream cheese frosting]",cobbler
Blueberry-Cobbler-1155645,Blueberry Cobbler,3,2400.0,[Desserts],,"[sugar, eggs, unsalted butter, milk, all-purpose flour, lemon zest, baking powder, cinnamon, blueberries]",cobbler
Mamas-Strawberry-Cobbler-471149,Mama’s Strawberry Cobbler,5,3000.0,[Desserts],,"[self rising flour, sugar, milk, cinnamon, strawberries, margarine]",cobbler
Blackberry-Cobbler-782509,Blackberry Cobbler,4,3600.0,[Desserts],,"[blackberries, granulated sugar, flour, baking powder, eggs, vanilla, butter]",cobbler
Caramel-Apple-Cobbler-1254082,Caramel Apple Cobbler,4,3600.0,[Desserts],,"[yellow cake mix, apple pie filling, ground cinnamon, butter, caramel ice cream topping]",cobbler
Southern-Peach-Cobbler-933089,Southern Peach Cobbler,4,3600.0,[Desserts],[Southern & Soul Food],"[brown sugar, ground cinnamon, peaches, white sugar, fresh lemon juice, corn starch, ground nutmeg, salt, unsalted butter, all-purpose flour, baking powder, boiling water]",cobbler
Caramel-Apple-Cobbler-1310846,Caramel Apple Cobbler,4,3600.0,[Desserts],,"[apples, cinnamon, granulated sugar, caramel sauce, brown sugar, unsalted butter, heavy cream, butter, all-purpose flour, baking powder, salt, milk, vanilla extract]",cobbler
Easy-Pear-Cobbler-a_k_a_-Pear-Dump-Cake-1378979,Easy Pear Cobbler a.k.a. Pear Dump Cake,3,3000.0,[Desserts],,"[yellow cake mix, butter, pears in heavy syrup, ground ginger]",cobbler
Chocolate-Cobbler-1021236,Chocolate Cobbler,4,3300.0,[Desserts],,"[sugar, flour, cocoa powder, baking powder, salt, milk, butter, brown sugar, boiling water, vanilla extract, ice cream]",cobbler
Rhubarb-cobbler-307111,Rhubarb Cobbler,5,4800.0,[Desserts],,"[all-purpose flour, sugar, baking powder, egg yolks, salt, unsalted butter, heavy cream, rhubarb, vanilla beans, corn starch, turbinado]",cobbler
Classic-Bisquick-Peach-Cobbler-1035862,Classic Bisquick™ Peach Cobbler,3,4200.0,[Desserts],,"[Bisquick Baking Mix, milk, ground nutmeg, butter, sugar, peaches]",cobbler
Caramel-Apple-Cobbler-with-Walnuts-1356378,Caramel Apple Cobbler with Walnuts,4,3900.0,[Desserts],,"[sugar, butter, whipping cream, apples, cinnamon, flour, baking powder, salt, brown sugar, milk, vanilla extract, walnuts]",cobbler
Blueberry-Cobbler-642544,Blueberry Cobbler,4,1800.0,[Desserts],,"[butter, fresh blueberries, sugar, water, self rising flour, buttermilk]",cobbler
Peach-Cobbler-1054586,Peach Cobbler,4,2400.0,[Desserts],,"[yellow cake mix, peaches, cinnamon sugar]",cobbler
Easy-Blackberry-Cobbler-1168226,Easy Blackberry Cobbler,3,3300.0,[Desserts],,"[blackberries, lemon juice, large eggs, sugar, all-purpose flour, butter, whipped cream, mint sprigs]",cobbler
Pear-Maple-Cobblers-770368,Pear Maple Cobblers,4,2400.0,[Desserts],,"[pears, pure maple syrup, all-purpose flour, salt, vanilla extract, ground nutmeg, butter, baking powder, ground cinnamon, unsalted butter, heavy cream, maple syrup, sugar]",cobbler
Peach-Cobbler-Simply-Recipes-42793,Peach Cobbler,5,5400.0,[Desserts],,"[peaches, sugar, instant tapioca, lemon zest, lemon juice, vanilla extract, flour, baking powder, ground nutmeg, butter, heavy cream]",cobbler
Chocolate-Cobbler-1313479,Chocolate Cobbler,4,3600.0,[Desserts],,"[all-purpose flour, granulated sugar, unsweetened cocoa powder, baking powder, espresso powder, fine sea salt, whole milk, unsalted butter, pure vanilla extract, brown sugar, chocolate chips, toasted pecans, hot water, vanilla ice cream]",cobbler
Country-Peach-Cobbler-578252,Country Peach Cobbler,4,3600.0,[Desserts],,"[peach slices, all-purpose flour, sugar, baking powder, table salt, unsalted butter, heavy cream, cinnamon]",cobbler
Snickerdoodle-Apple-Cobbler-1277534,Snickerdoodle Apple Cobbler,4,2700.0,[Desserts],,"[unsalted butter, granny smith apples, brown sugar, cinnamon, granulated sugar, eggs, vanilla extract, baking soda, cream of tartar, salt, flour]",cobbler
Easy-Quadruple-Berry-Cobbler-1233087,Easy Quadruple Berry Cobbler,4,3600.0,[Desserts],,"[berries, lemon juice, flour, sugar, large eggs, butter]",cobbler
Blackberry-Cobbler-1080477,Blackberry Cobbler,3,3000.0,[Desserts],,"[blackberries, sugar, fresh lemon juice, corn starch, flour, light brown sugar, salt, butter, vanilla ice cream]",cobbler
Skinny-apple-cobbler-352073,Skinny Apple Cobbler,5,4800.0,[Desserts],,"[gala apples, honey, corn starch, cinnamon, nutmeg, sea salt, fresh lemon juice, water, whole wheat flour, all-purpose flour, granulated sugar, baking powder, baking soda, light butter, low-fat buttermilk, canola oil, light brown sugar]",cobbler
PEACH-COBBLER-1273587,PEACH COBBLER,4,3000.0,[Desserts],,"[peaches, raw sugar, pure vanilla extract, ground cinnamon, nutmeg, corn starch, all-purpose flour, baking powder, salt, unsalted butter, milk]",cobbler
Pecan-Pie-Cobbler-1341493,Pecan Pie Cobbler,3,5100.0,[Desserts],,"[refrigerated piecrusts, light corn syrup, brown sugar, butter, vanilla, eggs, chopped pecans, butter cooking spray, pecan halves, vanilla ice cream]",cobbler
Fresh-Strawberry-Cobbler-1058625,Fresh Strawberry Cobbler,4,3900.0,[Desserts],,"[strawberries, granulated sugar, corn starch, cold water, brown sugar, quick-cooking oats, all-purpose flour, butter]",cobbler
Snickerdoodle-Pumpkin-Cobbler-1322530,Snickerdoodle Pumpkin Cobbler,3,3000.0,[Desserts],,"[pumpkin purée, evaporated milk, large eggs, sugar, pumpkin pie spice, salt, cookie mix, butter]",cobbler
Fresh-Peach-Cobbler-1245662,Fresh Peach Cobbler,4,3600.0,[Desserts],,"[unsalted butter, all-purpose flour, sugar, baking powder, kosher salt, milk, peaches, fresh lemon juice, lemon zest, cinnamon, nutmeg]",cobbler
Grilled-Blueberry-Cobbler-1236631,Grilled Blueberry Cobbler,4,2400.0,[Desserts],[Barbecue],"[blueberries, sugar, orange, berries, corn starch, cinnamon, nutmeg, salt, orange juice, flour, butter, brown sugar, baking powder, milk]",cobbler
Blueberry-Cobbler-472722,Blueberry Cobbler,5,,[Desserts],[Kid-Friendly],"[fresh blueberries, white sugar, butter, self rising flour, milk, vanilla extract]",cobbler
Crockpot-Berry-Cobbler-1271116,Crockpot Berry Cobbler,3,2700.0,[Desserts],,"[frozen strawberries, frozen blackberries, frozen raspberries, sugar, baking mix, butter, milk, ground cinnamon]",cobbler
Chunky-Caramel-Apple-Cobbler-1330236,Chunky Caramel Apple Cobbler,4,2100.0,[Desserts],,"[muffin mix, milk, apples, caramel ice cream topping, vanilla ice cream]",cobbler
Blueberry-Cobbler-1279069,Blueberry Cobbler,4,3000.0,[Desserts],,"[fresh blueberries, sugar, cinnamon, corn starch, water, flour, baking powder, salted butter, milk]",cobbler
Crock-Pot-Chocolate-Cobbler-1187874,Crock Pot Chocolate Cobbler,4,11400.0,[Desserts],,"[butter, milk, sugar, self rising flour, cocoa, vanilla extract, boiling water]",cobbler
Chocolate-Cobbler-1062956,Chocolate Cobbler,4,3600.0,[Desserts],,"[flour, baking powder, salt, instant espresso powder, dark chocolate cocoa powder, milk, sugar, unsalted butter, vanilla, brown sugar, tap water]",cobbler
Quick-Cobbler-1099755,Quick Cobbler,4,3000.0,[Desserts],,"[margarine, flour, sugar, milk, baking powder, salt, fruit]",cobbler
Peach-Cobbler-1026125,Peach Cobbler,4,4500.0,[Desserts],,"[self rising flour, butter, water, sugar, peaches, milk, ground cinnamon]",cobbler
Easy-Pear-Cobbler-566697,Easy Pear Cobbler,4,4200.0,[Desserts],,"[pears, sugar, butter, gluten, baking powder, ground cinnamon, salt, milk, eggs]",cobbler
Easy-Cherry-Cobbler-1180603,Easy Cherry Cobbler,4,3300.0,[Desserts],,"[butter, cake flour, granulated sugar, baking powder, milk, cherry pie filling]",cobbler
Pumpkin-Cobbler-1299497,Pumpkin Cobbler,4,3300.0,[Desserts],,"[eggs, pumpkin, evaporated milk, sugar, salt, cinnamon, ground ginger, vanilla, cake, butter, chopped pecans]",cobbler
Yummy-Blueberry-Cobbler-Allrecipes,Yummy Blueberry Cobbler,5,3300.0,[Desserts],,"[fresh blueberries, lemon, white sugar, butter, all-purpose flour, baking powder, whole milk, salt, corn starch, ground cinnamon, boiling water]",cobbler
Blueberry-Cobbler-1157512,Blueberry Cobbler,3,3300.0,[Desserts],,"[butter, Bisquick Baking Mix, sugar, milk, fresh blueberries]",cobbler
Homemade-Apple-Cobbler-1238098,Homemade Apple Cobbler,4,3900.0,[Desserts],,"[sliced apples, brown sugar, flour, cinnamon, salt, vanilla extract, water, butter, all-purpose flour, granulated sugar, baking powder, eggs]",cobbler
Blueberry-_-Cream-Skillet-Cobbler-1242082,Blueberry & Cream Skillet Cobbler,4,3000.0,[Desserts],,"[butter, all-purpose flour, eggs, milk, sugar, baking powder, salt, blueberries, cream cheese]",cobbler
Chocolate-Cobbler-1305013,Chocolate Cobbler,4,3900.0,[Desserts],,"[sugar, flour, cocoa powder, baking powder, salt, milk, butter, brown sugar, boiling water, vanilla extract]",cobbler
Easy-Peach-Cobbler-My-Recipes,Easy Peach Cobbler,5,4200.0,[Desserts],[American],"[unsalted butter, all-purpose flour, sugar, baking powder, salt, milk, peach slices, lemon juice, ground cinnamon]",cobbler
Peach-and-Cinnamon-Cobbler-751281,Peach and Cinnamon Cobbler,3,4800.0,[Desserts],,"[butter, peaches, sugar, quick-cooking tapioca, ground cinnamon, lemon juice, salt, baking powder, unsalted butter, heavy cream]",cobbler
Warm-Apple-Cobbler-1377341,Warm Apple Cobbler,3,4800.0,[Desserts],,"[granny smith apples, fuji apples, fresh lemon juice, grated lemon peel, vanilla extract, golden brown sugar, all-purpose flour, ground cinnamon, unsalted butter, white miso, large eggs, sugar, baking powder, ground ginger, vanilla ice cream]",cobbler
Butterscotch-Caramel-Peach-Cobbler-1094261,Butterscotch Caramel Peach Cobbler,4,3900.0,[Desserts],,"[peaches, dark brown sugar, butter, water, all-purpose flour, baking powder, salt, sugar, milk, pure vanilla extract]",cobbler
Blueberry-Cobbler-1076523,Blueberry Cobbler,3,2820.0,[Desserts],,"[butter, all-purpose flour, sugar, baking powder, salt, 1% low-fat milk, grated lemon zest, vanilla extract, fresh blueberries, fat free ice cream]",cobbler
Cake-Mix-Apple-Cobbler-in-the-CrockPot-1337341,Cake Mix Apple Cobbler in the CrockPot,4,1500.0,[Desserts],,"[apple pie filling, white cake mix, cinnamon, unsalted butter, cinnamon sugar, vanilla ice cream]",cobbler
Simple-Peach-Cobbler-976123,Simple Peach Cobbler,4,3000.0,[Desserts],,"[butter, flour, sugar, milk, baking powder, peaches, pure vanilla extract]",cobbler
Guava-Cobbler-1310050,Guava Cobbler,4,3600.0,[Desserts],,"[shells, flour, baking powder, sugar, salt, evaporated milk, canola oil, ground cinnamon]",cobbler
Fruit-Cobbler-Cake-1004678,Fruit Cobbler Cake,4,3600.0,[Desserts],,"[butter, sugar, large eggs, vanilla, all-purpose flour, baking powder, salt, fruit]",cobbler
Paleo-Peach-Cobbler-1013311,Paleo Peach Cobbler,4,2700.0,[Desserts],,"[peaches, honey, coconut sugar, ground cinnamon, ground nutmeg, lemon juice, arrowroot powder, almond flour, baking powder, salt, coconut oil, boiling water]",cobbler
Crock-Pot-Blueberry-Cobbler-1292116,Crock Pot Blueberry Cobbler,4,9300.0,[Desserts],,"[refrigerated biscuits, brown sugar, cinnamon, butter, blueberry pie filling]",cobbler
Easy-Fruit-Cobbler-Allrecipes,Easy Fruit Cobbler,4,4500.0,[Desserts],[Kid-Friendly],"[all-purpose flour, baking powder, white sugar, milk, butter, peaches]",cobbler
Crock-Pot-Blackberry-Cobbler-753084,Crock-Pot Blackberry Cobbler,4,15000.0,[Desserts],,"[fruit, frozen blackberries, granulated sugar, corn starch, all-purpose flour, butter, milk, baking powder, salt]",cobbler
Dutch-Cobblers-Cake-997730,Dutch Cobbler’s Cake,4,4800.0,[Desserts],,"[tart apples, water, eggs, butter, sugar, rusk, cinnamon, ground ginger, ground cloves, raisins, powdered sugar]",cobbler
Paula-Deen_s-Peach-Cobbler-977939,Paula Deen's Peach Cobbler,4,3600.0,[Desserts],,"[peach slices, sugar, water, butter, self rising flour, milk, ground cinnamon]",cobbler
Texas-style-blueberry-cobbler-368881,Texas-Style Blueberry Cobbler,5,4800.0,[Desserts],,"[butter, sugar, lemon zest, blueberries, flour, baking powder, salt, milk]",cobbler
Blueberry-Cobbler-_clean-Eats_vegan_-759335,Blueberry Cobbler (clean Eats/vegan),4,2100.0,[Desserts],,"[honey, blueberries, shredded coconut, oats, applesauce]",cobbler
Apple-Cobbler-1327194,Apple Cobbler,4,3600.0,[Desserts],,"[apples, golden delicious apples, sugar, flour, lemon juice, cinnamon, grated nutmeg, salt, butter, brown sugar, baking powder, boiling water]",cobbler
Zucchini-Cobbler-Allrecipes_1,Zucchini Cobbler,5,4800.0,[Desserts],,"[zucchini, lemon juice, white sugar, ground cinnamon, ground nutmeg, all-purpose flour, butter]",cobbler
Peach-Cobbler-1248563,Peach Cobbler,4,3900.0,[Desserts],,"[sugar, flour, milk, baking powder, cinnamon, nutmeg]",cobbler
Raw-Peach-Cobbler-1215172,Raw Peach Cobbler,4,900.0,[Desserts],,"[peaches, cinnamon, agave nectar, walnuts, dates, vanilla extract, vanilla yogurt]",cobbler
Crock-Pot-Blueberry-Cobbler-1218727,Crock Pot Blueberry Cobbler,4,14400.0,[Desserts],,"[all-purpose flour, sugar, baking powder, eggs, milk, vanilla, canola oil, salt, frozen blueberries, butter, lemon]",cobbler
Butterscotch-Apple-Pecan-Cobbler-1362584,Butterscotch Apple Pecan Cobbler,4,3900.0,[Desserts],,"[butterscotch flavored morsels, brown sugar, all-purpose flour, cinnamon, tart apples, butter, pecans, quick oats]",cobbler
Brown-Butter-Blueberry-Cobbler-624890,Brown Butter Blueberry Cobbler,3,1200.0,[Desserts],,"[fresh blueberries, sugar, yellow cake mix, butter]",cobbler
Rhubarb-Cobbler-1124692,Rhubarb Cobbler,4,3900.0,[Desserts],,"[rhubarb, white sugar, flour, salt, baking powder, eggs, margarine]",cobbler
Crockpot-Blackberry-Cobbler-1244238,Crockpot Blackberry Cobbler,4,9300.0,[Desserts],,"[blackberries, flour, milk, sugar, melted butter]",cobbler
Pumpkin-Cobbler-1230724,Pumpkin Cobbler,4,3300.0,[Desserts],,"[pumpkin purée, evaporated milk, eggs, sugar, brown sugar, flour, pumpkin pie spice, salt, baking powder, baking soda, butter, buttermilk]",cobbler
Peach-Cobbler-1165595,Peach Cobbler,4,2400.0,[Desserts],,"[peaches in light syrup, butter, all-purpose flour, sugar, milk, baking powder, cinnamon]",cobbler
Peach-Cobbler-1171558,Peach Cobbler,4,3300.0,[Desserts],,"[peaches, white sugar, brown sugar, ground cinnamon, ground nutmeg, fresh lemon juice, corn starch, all-purpose flour, baking powder, salt, unsalted butter, boiling water]",cobbler
Cherry-Cobbler-Ii-Allrecipes,Cherry Cobbler II,4,4500.0,[Desserts],[Kid-Friendly],"[butter, all-purpose flour, white sugar, baking powder, milk, cherry pie filling]",cobbler
Pecan-Cobbler-and-Reasons-I-Blog-731924,Pecan Cobbler and Reasons I Blog,4,2100.0,[Desserts],,"[butter, pecans, self rising flour, granulated sugar, milk, vanilla, light brown sugar, hot water]",cobbler
Quick-And-Easy-Peach-Cobbler-Allrecipes,Quick and Easy Peach Cobbler,4,3900.0,[Desserts],"[American, Kid-Friendly]","[self rising flour, white sugar, milk, peaches, syrup, butter]",cobbler
Pear-Cobbler-1022524,Pear Cobbler,4,3000.0,[Desserts],,"[light brown sugar, all-purpose flour, cinnamon, salt, lemon juice, pear halves, sugar, baking powder, baking soda, buttermilk, butter]",cobbler
Rhubarb-Cobbler-996874,Rhubarb Cobbler,4,4500.0,[Desserts],,"[rhubarb stalks, sugar, dark brown sugar, salt, vanilla, corn starch, all-purpose flour, baking powder, butter, heavy cream, cold milk, whipped cream]",cobbler
Pioneer-Cobbler-1220779,Pioneer Cobbler,4,3000.0,[Desserts],,"[unsalted butter, flour, sugar, baking powder, salt, milk, peaches, blackberries, cinnamon sugar]",cobbler
Blueberry-Cobbler-1177248,Blueberry Cobbler,3,3300.0,[Desserts],,"[blueberries, granulated sugar, all-purpose flour, baking powder, kosher salt, grated lemon zest, unsalted butter, heavy cream]",cobbler
Easy-Skillet-Peach-Cobbler-1282585,Easy Skillet Peach Cobbler,4,3600.0,[Desserts],,"[butter, peaches, sugar, honey, whole wheat flour, baking powder, skim milk]",cobbler
Texas-Peach-Cobbler-MyRecipes-224954,Texas Peach Cobbler,4,4200.0,[Desserts],[American],"[peaches, granulated sugar, fresh lemon juice, vanilla extract, butter, all-purpose flour, baking powder, salt, ground cinnamon, 1% low-fat milk, turbinado]",cobbler
Chocolate-Cobbler-680500,Chocolate Cobbler,4,3900.0,[Desserts],,"[sugar, flour, cocoa powder, baking powder, salt, milk, butter, brown sugar, boiling water, vanilla extract]",cobbler
Skillet-Blackberry-Cobbler-1003373,Skillet Blackberry Cobbler,4,3300.0,[Desserts],,"[refrigerated piecrusts, frozen blackberries, butter, sugar, flour, water]",cobbler
Skinny-Fresh-Strawberry-Cobbler-1062622,Skinny Fresh Strawberry Cobbler,4,3000.0,[Desserts],,"[all-purpose flour, baking powder, salt, milk, vanilla extract, applesauce, strawberries]",cobbler
Rhubarb-Cobbler-1014866,Rhubarb Cobbler,4,3600.0,[Desserts],,"[rhubarb, lemon, vanilla extract, corn starch, sugar, all-purpose flour, cornmeal, baking powder, baking soda, salt, unsalted butter, buttermilk]",cobbler
Easy-Berry-Cobbler-1103846,Easy Berry Cobbler,4,2100.0,[Desserts],,"[blueberries, lemon juice, eggs, sugar, flour, butter]",cobbler
Fresh-And-Sugary-Strawberry-Rhubarb-Cobbler-1346911,Fresh And Sugary Strawberry Rhubarb Cobbler,3,7800.0,[Desserts],,"[strawberries, rhubarb, honey, sugar, quick-cooking tapioca, flour, baking powder, butter, milk, salt, eggs]",cobbler
Zucchini-cobbler-bars-358117,Zucchini Cobbler Bars,4,4200.0,[Desserts],,"[zucchini, lemon juice, sugar, cinnamon, ground nutmeg, all-purpose flour, butter]",cobbler
Blackberry-Cobbler-1169174,Blackberry Cobbler,4,5400.0,[Desserts],,"[flour, sugar, eggs, butter, blackberries]",cobbler
The-Yummiest-Peach-Cobbler-977948,The Yummiest Peach Cobbler,3,3900.0,[Desserts],,"[peaches, sugar, corn starch, butter, eggs, vanilla extract, grated lemon zest, flour, baking powder, salt]",cobbler
PMcs-Caramel-Cobbler-1069915,PMc’s Caramel Cobbler,4,2100.0,[Desserts],,"[butter, self rising flour, sugar, milk, vanilla, light brown sugar, hot water, ice cream]",cobbler
Healthy-Blueberry-Cobbler-1340469,Healthy Blueberry Cobbler,3,3900.0,[Desserts],,"[blueberries, almond flour, coconut flour, baking soda, sea salt, honey, butter, almond extract, flax seed meal, apple cider vinegar]",cobbler
Slow-Cooker-Mixed-Berry-Cobbler-634991,Slow Cooker Mixed Berry Cobbler,3,3000.0,[Desserts],,"[all-purpose flour, sugar, baking powder, ground cinnamon, eggs, milk, canola oil, salt, frozen mixed berries]",cobbler
Blueberry-Cornmeal-Cobbler-1063764,Blueberry Cornmeal Cobbler,4,3600.0,[Desserts],,"[fresh blueberries, melted butter, all-purpose flour, salt, baking powder, cornmeal, granulated sugar, whole milk]",cobbler
Peach-Cobbler-Bars-1282148,Peach Cobbler Bars,4,2100.0,[Desserts],,"[sugar, baking powder, all-purpose flour, salt, egg yolks, butter, lemon zest, lemon juice, peaches, corn starch, cinnamon]",cobbler
Blueberry-Cobbler-979064,Blueberry Cobbler,4,3300.0,[Desserts],,"[frozen blueberries, corn starch, lemon juice, all-purpose flour, turbinado, baking powder, salt, milk, butter, boiling water]",cobbler
Best-in-Show-Blackberry-Cobbler-AllRecipes-36987,Best in Show Blackberry Cobbler,5,7200.0,[Desserts],,"[white sugar, all-purpose flour, baking powder, milk, margarine, blackberries, water]",cobbler
Strawberry-Cobbler-643815,Strawberry Cobbler,4,3300.0,[Desserts],,"[strawberries, arrowroot, vanilla extract, coconut sugar, coconut flour, baking powder, large eggs, milk, butter oil]",cobbler
How-To-Make-Peach-Cobbler-471094,How To Make Peach Cobbler,4,3600.0,[Desserts],,"[peach slices, lemon juice, sugar, cinnamon, milk, flour, butter]",cobbler
Blackberry-Cobbler-1204752,Blackberry Cobbler,4,2700.0,[Desserts],,"[butter, bisquick, sugar, milk, blackberries]",cobbler
Easy-Peach-Cobbler-1064765,Easy Peach Cobbler,4,4200.0,[Desserts],,"[self rising flour, granulated sugar, butter, peaches in heavy syrup]",cobbler
Easy-Peach-Cobbler-1060617,Easy Peach Cobbler,4,2100.0,[Desserts],,"[self rising flour, sugar, milk, butter, fruit]",cobbler
Peachy-Cobbler-501676,Peachy Cobbler,4,1800.0,[Desserts],,"[flour, butter, salt, white sugar, boiling water]",cobbler
Cherry-cobbler-308919,Cherry Cobbler,5,2700.0,[Desserts],,"[sweet cherries, corn starch, cane sugar, whole wheat pastry flour, baking powder, salt, toasted nuts, eggs, buttermilk, butter]",cobbler
Very-Berry-Cobbler-1036680,Very Berry Cobbler,4,2100.0,[Desserts],,"[berries, almond flour, coconut oil, vanilla, stevia, honey, cream]",cobbler
Lazy-Day-Blueberry-Cobbler-1239530,Lazy Day Blueberry Cobbler,4,3000.0,[Desserts],,"[flour, sugar, baking powder, salt, milk, butter, blueberries, lemon juice]",cobbler
Skillet-Biscuit-Cobbler-1359522,Skillet Biscuit Cobbler,4,3300.0,[Desserts],,"[fruit, sugar, corn starch, cinnamon, clove, salt, gluten free blend, coconut milk, coconut oil, baking powder, baking soda]",cobbler
Apple-Snickerdoodle-Cobbler-761594,Apple Snickerdoodle Cobbler,4,4800.0,[Desserts],,"[cream of tartar, salt, baking powder, flour, unsalted butter, sugar, eggs, cinnamon, apples, brown sugar]",cobbler
Magic-Floating-Crust-Fruit-Cobbler-1321482,Magic Floating Crust Fruit Cobbler,3,2700.0,[Desserts],,"[butter, flour, baking powder, sugar, milk, fruit, ice cream]",cobbler
Chocolate-Cobbler-1256106,Chocolate Cobbler,4,3600.0,[Desserts],,"[granulated sugar, all-purpose flour, unsweetened cocoa powder, baking powder, salt, milk, butter, vanilla extract, light brown sugar, hot water]",cobbler
Pineapple-Cobbler-My-Recipes,Pineapple Cobbler,4,3300.0,[Desserts],,"[all-purpose flour, salt, sugar, baking powder, milk, vanilla extract, unsalted butter, pineapple chunks, juice]",cobbler
Old-Fashioned-Peach-Cobbler-1203853,Old-Fashioned Peach Cobbler,3,3300.0,[Desserts],,"[large eggs, sugar, melted butter, low-fat milk, all-purpose flour, baking powder, salt, peaches, ground nutmeg, ground cinnamon]",cobbler
Snickerdoodle-Cobbler-747096,Snickerdoodle Cobbler,4,3600.0,[Desserts],,"[flour, baking powder, salt, cinnamon, granulated sugar, milk, vegetable oil, vanilla extract, light brown sugar, hot water]",cobbler
Easy-Peach-Cobbler-1171579,Easy Peach Cobbler,4,3600.0,[Desserts],,"[peaches, white sugar, brown sugar, ground cinnamon, ground nutmeg, fresh lemon juice, corn starch, all-purpose flour, baking powder, salt, unsalted butter, boiling water]",cobbler
Peach-Cobbler-1208246,Peach Cobbler,4,6300.0,[Desserts],,"[peaches, lemon, unsalted butter, granulated sugar, all-purpose flour, baking powder, kosher salt, whole milk, hot water, heavy cream]",cobbler
Chocolate-Cobbler-1280675,Chocolate Cobbler,4,4200.0,[Desserts],,"[all-purpose flour, powdered sugar, cocoa powder, baking powder, espresso powder, fine sea salt, milk, unsalted butter, pure vanilla extract, brown sugar, chocolate, chopped walnuts, hot water]",cobbler
Coconut-Peach-Cobbler-637457,Coconut Peach Cobbler,3,2700.0,[Desserts],,"[peaches, sugar, flour, fresh lemon juice, almond extract, coconut extract, sweetened coconut flakes, all-purpose flour, baking powder, baking soda, salt, butter, buttermilk]",cobbler
Red-Velvet-Cobbler-750119,Red Velvet Cobbler,4,2700.0,[Desserts],,"[butter, all-purpose flour, sugar, cocoa powder, baking soda, salt, buttermilk, red food coloring, vanilla extract, boiling water]",cobbler
Berry-Skillet-Cobbler-1262228,Berry Skillet Cobbler,4,1800.0,[Desserts],,"[strawberries, blueberries, lemon juice, white sugar, all-purpose flour, baking powder, cinnamon, salt, unsalted butter, brown sugar, almond extract]",cobbler
Patricia_s-Fantastic-Fall-Cobbler-1314233,Patricia's Fantastic Fall Cobbler,3,3900.0,[Desserts],,"[yellow cake mix, ground cinnamon, ground nutmeg, butter, chopped nuts, peach pie filling, whole cranberry sauce]",cobbler
Blackberry-cobbler-waffles-333712,Blackberry Cobbler Waffles,5,1800.0,[Breakfast and Brunch],,"[flour, rolled oats, baking powder, brown sugar, salt, cinnamon, eggs, vanilla extract, milk, butter, blackberries, maple syrup, vanilla ice cream]",cobbler
Fresh-Strawberry-Cobbler-1222803,Fresh Strawberry Cobbler,4,4500.0,,,"[strawberries, granulated sugar, lemon juice, self rising flour, lemon zest, milk, large eggs, melted butter]",cobbler
Apple-Cinnamon-Cobbler-1247760,Apple Cinnamon Cobbler,3,3600.0,[Desserts],,"[cinnamon rolls, apple pie filling, butter, flour, brown sugar, chopped pecans, cream cheese frosting]",cobbler
Easy-Berry-Cobbler-1207228,Easy Berry Cobbler,4,4200.0,[Desserts],,"[berries, sugar, milk, flour, baking powder, salt, corn starch, boiling water]",cobbler
Chocolate-Cobbler-965323,Chocolate Cobbler,4,2100.0,[Desserts],,"[butter, semi-sweet chocolate morsels, brown sugar, eggs, vanilla, flour, cocoa, salt]",cobbler
Mini-Peach-Cobbler-513043,Mini Peach Cobbler,3,2400.0,[Desserts],,"[sugar, flour, baking powder, salt, milk, butter, brown sugar, cinnamon, peaches]",cobbler
Dewberry-cobbler-305825,Dewberry Cobbler,5,3900.0,[Desserts],,"[butter, flour, sugar, baking powder, buttermilk, salt, dewberry, corn starch, cinnamon, lemon juice]",cobbler
Blackberry-Farms-Blackberry-Cobbler-763331,Blackberry Farm’s Blackberry Cobbler,5,2400.0,,,"[blackberries, sugar, lime, corn starch, all-purpose flour, baking powder, baking soda, fine sea salt, unsalted butter, buttermilk]",cobbler
Mini-blackberry-cobblers-344742,Mini Blackberry Cobblers,5,2400.0,[Desserts],,"[blackberries, strawberries, corn starch, sugar, whole wheat flour, baking powder, brown sugar, salt, small eggs, buttermilk, butter]",cobbler
Fresh-Peach-Cobbler-1207331,Fresh Peach Cobbler,4,3300.0,[Desserts],,"[peaches, vanilla, fresh lemon juice, ground cinnamon, sugar, unsalted butter, all-purpose flour, baking powder, milk, salt]",cobbler
Magic-Peach-Cobbler-1172291,Magic Peach Cobbler,4,4200.0,[Desserts],,"[peaches, unsalted butter, sugar, vanilla extract, milk, all purpose unbleached flour, salt, baking powder, cinnamon, corn starch, boiling water]",cobbler
Easy-Peach-Cobbler-1304545,Easy Peach Cobbler,4,3600.0,[Desserts],,"[all-purpose flour, baking powder, salt, baking soda, granulated sugar, butter, peaches in heavy syrup]",cobbler
4-Ingredient-Cobbler-1267450,4-Ingredient Cobbler,4,3300.0,[Desserts],,"[blueberries, white cake mix, butter, vanilla ice cream]",cobbler
Blueberry-Cobbler-482401,Blueberry Cobbler,4,3600.0,[Desserts],,"[granulated sugar, corn starch, ground cinnamon, salt, blueberries, grated lemon zest, lemon juice, all-purpose flour, yellow corn meal, baking powder, baking soda, buttermilk, unsalted butter, vanilla extract]",cobbler
Blueberry-cobbler-bars-368801,Blueberry Cobbler Bars,5,1500.0,[Desserts],,"[all-purpose flour, sugar, salt, unsalted butter, lemon, large eggs, sour cream, berries]",cobbler
Blackberry-Cobbler-1180883,Blackberry Cobbler,4,3900.0,[Desserts],,"[blackberries, granulated sugar, lemon zest, lemon juice, cinnamon, corn starch, sugar, all-purpose flour, baking powder, salt, butter, milk, eggs]",cobbler
Fresh-Cherry-Cobbler-Allrecipes,Fresh Cherry Cobbler,4,7200.0,[Desserts],,"[butter, all-purpose flour, white sugar, baking powder, milk, sour cherries]",cobbler
Fruit-Cobbler-Allrecipes_1,Fruit Cobbler,4,3600.0,[Desserts],[Kid-Friendly],"[self rising flour, melted butter, milk, white sugar, fruit]",cobbler
Berry-Cobbler-with-Coconut-Walnut-Topping-Simply-Recipes-42970,Berry Cobbler with Coconut Walnut Topping,5,4500.0,[Desserts],,"[forest fruit, sugar, instant tapioca, fresh lemon juice, flour, shredded coconut, chopped walnuts, baking powder, salt, unsalted butter]",cobbler
Crockpot-Peach-Cobbler-1331323,Crockpot Peach Cobbler,4,12000.0,[Desserts],,"[peaches, butter, lemon juice, granulated sugar, brown sugar, nutmeg, cinnamon, flour, baking powder, milk, vanilla, sugar]",cobbler
Old-Fashion-Peach-Cobbler-574010,Old Fashion Peach Cobbler,3,4200.0,[Desserts],,"[peach slices, sugar, butter, all-purpose flour, baking powder, salt, milk]",cobbler
Patchwork-Cobbler-1121893,Patchwork Cobbler,3,5400.0,[Desserts],,"[crust, all-purpose flour, granulated sugar, table salt, butter, large egg yolks, cold milk, peaches, plums, fresh blueberries, vanilla extract, large eggs, sanding sugar]",cobbler
Simple-Peach-Cobbler-Dump-Cake-983934,Simple Peach Cobbler Dump Cake,4,3600.0,[Desserts],,"[unsalted butter, sugar, flour, baking powder, kosher salt, milk, pure vanilla extract, peach slices, ground cinnamon, ground nutmeg]",cobbler
Slow-Cooker-Peach-Cobbler-1258466,Slow Cooker Peach Cobbler,4,18600.0,[Desserts],,"[peach slices, peach juice, buttermilk baking mix, quick oats, brown sugar, cinnamon]",cobbler
Pumpkin-Skillet-Cobbler-1225821,Pumpkin Skillet Cobbler,4,1500.0,[Desserts],,"[butter, milk, sugar, flour, baking powder, pumpkin pie spice, pumpkin pie filling]",cobbler
Pear-Cranberry-Cobblers-1371774,Pear-Cranberry Cobblers,3,4500.0,[Desserts],,"[vegetable oil cooking spray, steel-cut oats, pears, frozen cranberries, whole wheat flour, all-purpose flour, ground ginger, salt, baking soda, eggs, brown sugar, low-fat vanilla yogurt]",cobbler
Strawberries-and-Cream-Skillet-Cobbler-1114807,Strawberries and Cream Skillet Cobbler,4,4200.0,[Desserts],,"[strawberries, sugar, flour, fresh lemon juice, vanilla extract, cream cheese, heavy whipping cream, all-purpose flour, baking powder, baking soda, salt, butter, buttermilk]",cobbler
Fresh-Peach_-Raspberry-and-Blueberry-Cobbler-1270232,"Fresh Peach, Raspberry and Blueberry Cobbler",4,4200.0,[Desserts],,"[butter, all-purpose flour, sugar, baking powder, milk, vanilla, peaches, raspberries, blueberries, lemon juice, cinnamon]",cobbler
Easy_-Foolproof-Cobbler-for-Any-Fruit-608448,"Easy, Foolproof Cobbler for Any Fruit",3,4500.0,[Desserts],,"[flour, sugar, unsalted butter, berries]",cobbler
Apple-Pie-Cobbler-Skillet-1289961,Apple Pie Cobbler Skillet,4,3900.0,[Desserts],,"[sour cream, milk, sugar, vanilla, all-purpose flour, sea salt, baking powder, butter, granny smith apples, cinnamon, flour, ice cream]",cobbler
Farm-Fresh-Peach-Cobbler-_Recipe-1018432,Farm Fresh Peach Cobbler #Recipe,4,3600.0,[Desserts],,"[peach slices, bisquick, milk, nutmeg, cinnamon, butter, sugar]",cobbler
Cobbler-Crust-Martha-Stewart,Cobbler Crust,3,2700.0,[Desserts],[American],"[all-purpose flour, salt, vegetable shortening]",cobbler
Pineapple-Cobbler-Allrecipes,Pineapple Cobbler,4,2700.0,[Desserts],[Kid-Friendly],"[butter, self rising flour, white sugar, milk, pineapple chunks, brown sugar, cocktail cherries]",cobbler
Strawbery-Cobbler-1065835,Strawbery Cobbler,4,2700.0,[Desserts],,"[all-purpose flour, brown sugar, baking powder, salt, milk, melted butter, greek yogurt, lemon juice, lemon, strawberries]",cobbler
Southern-Peach-Cobbler-1081942,Southern Peach Cobbler,4,3600.0,[Desserts],"[Southern & Soul Food, American]","[butter, granulated sugar, brown sugar, nutmeg, cinnamon, lemon juice, flour, peaches, baking powder, milk, vanilla]",cobbler
Butterscotch-Apple-Pecan-Cobbler-1360167,Butterscotch Apple Pecan Cobbler,4,3900.0,[Desserts],,"[butterscotch flavored morsels, brown sugar, all-purpose flour, cinnamon, tart apples, butter, pecans, quick oats]",cobbler
Blackberry-Cobbler-Allrecipes_1,Blackberry Cobbler,4,5400.0,[Desserts],"[American, Kid-Friendly]","[butter, self rising flour, white sugar, milk, blackberries]",cobbler
Cherry-Cobbler-in-the-Microwave-1164780,Cherry Cobbler in the Microwave,4,120.0,[Desserts],,"[cherries, flour, quick oats, butter, brown sugar, vanilla extract]",cobbler
Berry-Best-Blackberry-Cobbler-AllRecipes-39328,Berry Best Blackberry Cobbler,3,4200.0,[Desserts],,"[all-purpose flour, white sugar, baking powder, salt, milk, unsalted butter, heavy cream, blackberries, ground nutmeg]",cobbler
Weeknight-Cobbler-For-Two-631606,Weeknight Cobbler For Two,3,3300.0,[Desserts],,"[peaches, strawberries, all-purpose flour, light brown sugar, old-fashioned oats, ground cinnamon, ground nutmeg, ground allspice, salt, unsalted butter, sliced almonds]",cobbler
Simple-Fruit-Cobbler-1224440,Simple Fruit Cobbler,4,3000.0,[Desserts],,"[butter, self rising flour, sugar, milk, pie filling]",cobbler
Winter-Peach-Cobbler-1132113,Winter Peach Cobbler,4,3000.0,[Desserts],,"[frozen peach slices, flour, sugar, salt, cinnamon, eggs, unsalted butter]",cobbler
Strawberry-Bourbon-Cobbler-782522,Strawberry-Bourbon Cobbler,3,900.0,[Beverages],,"[sugar, strawberries, vanilla beans, mint leaves, bourbon whiskey, ice, club soda]",cobbler
Peach-Raspberry-Almond-Cobbler-1275632,Peach Raspberry Almond Cobbler,4,3600.0,[Desserts],,"[peaches, raspberries, granulated sugar, lime, flour, baking powder, sliced almonds, cinnamon, eggs, vanilla, butter]",cobbler
Busy-Mom-Peach-Cobbler-Allrecipes,Busy Mom Peach Cobbler,4,4800.0,[Desserts],"[Southern & Soul Food, American, Kid-Friendly]","[butter, peaches, syrup, white sugar, self rising flour, ground cinnamon, ground nutmeg, 2% reduced-fat milk]",cobbler
Grandma-Potter_s-Peach-Cobbler-441410,Grandma Potter's Peach Cobbler,5,6300.0,[Desserts],,"[flour, salt, baking powder, unsalted butter, cream cheese, cider vinegar, milk, sugar, peaches, corn starch, fresh lemon juice, grated nutmeg]",cobbler
Skillet-Peach-Cobbler-643636,Skillet Peach Cobbler,3,3900.0,[Desserts],,"[all-purpose flour, sugar, baking powder, salt, large eggs, crème fraîche, whole milk, vanilla extract, unsalted butter, peaches, peach preserves, heavy cream]",cobbler
Blackberry-Cobbler-1080035,Blackberry Cobbler,4,3600.0,[Desserts],,"[frozen blackberries, all-purpose flour, butter, sugar, milk, lemon juice, lemon zest, salt, baking powder, shortening, vanilla ice cream, butter cooking spray]",cobbler
My-Favorite-Peach-Cobbler-1244974,My Favorite Peach Cobbler,4,3900.0,[Desserts],,"[peaches, flour, sugar, cinnamon, cornmeal, baking powder, salt, butter, eggs]",cobbler
Chocolate-Cobbler-1124846,Chocolate Cobbler,4,2700.0,[Desserts],,"[self rising flour, sugar, unsweetened cocoa powder, chopped pecans, salt, milk, vanilla extract, butter, brown sugar, hot water, vanilla ice cream, pecans]",cobbler
Peach-Cobbler-1299226,Peach Cobbler,4,3600.0,[Desserts],,"[tapioca, peaches, sugar, cinnamon, nutmeg, butter, flour, milk, baking powder, salt, corn starch, boiling water]",cobbler
Strawberry-cream-cheese-cobbler-340611,Strawberry Cream Cheese Cobbler,4,3600.0,[Desserts],,"[butter, eggs, milk, all-purpose flour, sugar, baking powder, salt, strawberries, cream cheese]",cobbler
Summer-Fruit-Cobbler-1018143,Summer Fruit Cobbler,4,3000.0,[Desserts],,"[butter, bisquick, sugar, milk, fruit]",cobbler
Perfect-Peach-Cobbler-1253746,Perfect Peach Cobbler,4,3900.0,[Desserts],,"[peaches, sugar, warm water, cinnamon, butter, flour, milk, salt, brown sugar]",cobbler
Overnight-Blueberry-Cobbler-Oatmeal-1199593,Overnight Blueberry Cobbler Oatmeal,4,1500.0,[Breakfast and Brunch],,"[quick-cooking oats, milk, light brown sugar, ground cinnamon, fresh blueberries, pecans, honey]",cobbler
Berry-Cobbler-624561,Berry Cobbler,3,4200.0,[Desserts],,"[berries, sugar, all-purpose flour, table salt, baking powder, unsalted butter, whipping cream]",cobbler
Brown-Sugar-Berry-Cobbler-Epicurious,Brown Sugar Berry Cobbler,5,4500.0,[Desserts],,"[dark brown sugar, corn starch, forest fruit, all-purpose flour, baking powder, salt, unsalted butter, whole milk, granulated sugar]",cobbler
Blueberry-Cobbler-Mug-Cake-1247469,Blueberry Cobbler Mug Cake,4,420.0,[Desserts],,"[granulated sugar, all-purpose flour, fresh blueberries, milk, butter, vanilla bean paste, vanilla extract, baking powder, cinnamon, sugar]",cobbler
Plum-and-Peach-Cobbler-1231155,Plum and Peach Cobbler,4,3900.0,[Desserts],,"[peaches, plums, sugar, corn starch, all-purpose flour, baking powder, salt, butter, milk, vanilla extract]",cobbler
Slow-Cooker-Peach-Cobbler-1261966,Slow Cooker Peach Cobbler,4,3900.0,[Desserts],,"[peaches, granulated sugar, all-purpose flour, light brown sugar, baking powder, baking soda, salt, ground cinnamon, unsalted butter, buttermilk, ice cream]",cobbler
Peach-Cobbler-482442,Peach Cobbler,4,5400.0,[Desserts],,"[peaches, lemon juice, granulated sugar, ground cinnamon, ground nutmeg, salt, instant tapioca, all-purpose flour, cake flour, baking powder, baking soda, unsalted butter, buttermilk]",cobbler
B_-Smith_s-Peach-Cobbler-589433,B. Smith's Peach Cobbler,3,3300.0,[Desserts],,"[peaches, dark brown sugar, corn starch, fresh lemon juice, ground cinnamon, ground nutmeg, Bisquick Baking Mix, granulated sugar, unsalted butter, milk, vanilla]",cobbler
Mason-Jar-Blueberry-Cobbler-1028619,Mason Jar Blueberry Cobbler,3,1800.0,[Desserts],,"[blueberries, sugar, yellow cake mix, unsalted butter]",cobbler
Caramel-Apple-Cobbler-Cake-1343238,Caramel Apple Cobbler Cake,4,3900.0,[Desserts],,"[butter, all-purpose flour, baking powder, light brown sugar, granulated sugar, milk, vanilla extract, apple pie filling, sweetened condensed milk]",cobbler
Ooey-gooey-peach-cobbler-369897,Ooey-Gooey Peach Cobbler,5,4200.0,[Desserts],,"[peaches, yellow cake mix, butter, sugar, cinnamon, nutmeg]",cobbler
Pecan-Cobbler-1229931,Pecan Cobbler,4,6300.0,[Desserts],,"[light corn syrup, sugar, large eggs, butter, vanilla, chop fine pecan, oatmeal, self rising flour, ice water]",cobbler
Easy-Strawberry-Cobbler-932189,Easy Strawberry Cobbler,4,3000.0,[Desserts],,"[strawberries, sugar, unsalted butter, eggs, all-purpose flour, baking soda, kosher salt]",cobbler
5-Ingredient-Blueberry-Cobbler-1210749,5-Ingredient Blueberry Cobbler,3,1800.0,[Desserts],,"[blueberry pie filling, bisquick, sugar, fat free milk, butter]",cobbler
Apple-Pecan-Cobbler-489841,Apple Pecan Cobbler,4,3900.0,[Desserts],,"[all-purpose flour, brown sugar, granulated sugar, baking powder, salt, ground cinnamon, apple pie filling, unsalted butter, chopped pecans]",cobbler
Southern-Peach-Cobbler-1071132,Southern Peach Cobbler,4,3300.0,[Desserts],"[Southern & Soul Food, American]","[peaches, white sugar, brown sugar, ground cinnamon, ground nutmeg, fresh lemon juice, corn starch, all-purpose flour, baking powder, salt, unsalted butter, boiling water]",cobbler
Old-Fashioned-Peach-Cobbler-965807,Old Fashioned Peach Cobbler,3,3300.0,[Desserts],,"[butter, peaches, sugar, water, corn starch, self rising flour, vanilla, milk, cinnamon]",cobbler
Hill-Country-Peach-and-Strawberry-Cobbler-779297,Hill Country Peach and Strawberry Cobbler,4,3600.0,[Desserts],,"[unsalted butter, granulated sugar, all-purpose flour, baking powder, salt, milk, peaches, strawberries, ground cinnamon, firmly packed brown sugar]",cobbler
Peach-Cobbler-1274394,Peach Cobbler,4,3900.0,[Desserts],,"[peaches, brown sugar, flour, baking powder, salt, milk, butter, cinnamon sugar]",cobbler
Easy-Blueberry-Cobbler-1190205,Easy Blueberry Cobbler,4,1800.0,[Desserts],,"[blueberries, lemon juice, xanthan gum, almond flour, coconut flour, sugar, eggs, butter]",cobbler
Easiest-Ever-Fruit-Cobbler-Allrecipes,Easiest Ever Fruit Cobbler,4,2700.0,[Desserts],[Kid-Friendly],"[butter, peaches, self rising flour, white sugar, salt, milk]",cobbler
Peach-cobbler-326940,Peach Cobbler,3,2400.0,[Desserts],,"[peaches, fresh lemon juice, sugar, nutmeg, salt, large eggs, all-purpose flour, butter, fresh mint]",cobbler
Easy-Peach-Cobbler-Allrecipes_1,Easy Peach Cobbler,4,2400.0,[Desserts],"[American, Kid-Friendly]","[white sugar, butter, self rising flour, milk, peaches]",cobbler
Butterscotch-Caramel-Peach-Cobbler-1072059,Butterscotch Caramel Peach Cobbler,3,4500.0,[Desserts],,"[peaches, Equal Sweetener, dark brown sugar, butter, water, flour, baking powder, salt, sugar, milk, pure vanilla extract]",cobbler
Sally_s-Peach-Cobbler-753356,Sally's Peach Cobbler,4,3900.0,[Desserts],,"[peaches, sugar, butter, self raising flour, evaporated milk]",cobbler
Pumpkin-Cheesecake-Cobbler-1320602,Pumpkin Cheesecake Cobbler,4,4200.0,[Desserts],,"[pumpkin, evaporated milk, pumpkin pie spice, graham cracker crumbs, vanilla cake mix, butter, cream cheese, powdered sugar]",cobbler
Peach-Cobbler-Ice-Cream-1313350,Peach Cobbler Ice Cream,4,2400.0,[Desserts],,"[heavy cream, milk, vanilla, sugar, fine sea salt, peaches]",cobbler
Easy-Blueberry-Cobbler-1242749,Easy Blueberry Cobbler,4,3300.0,[Desserts],,"[fresh blueberries, sugar, cinnamon, cake mix or white yellow, water, melted butter]",cobbler
Baron_s-Blackberry-Cobbler-AllRecipes-39323,Baron's Blackberry Cobbler,5,4200.0,[Desserts],[Kid-Friendly],"[white sugar, corn starch, blackberries, melted butter, all-purpose flour, baking powder, salt, milk, vanilla extract]",cobbler
Fruit-Cobblers-for-Two-1206957,Fruit Cobblers for Two,3,1380.0,[Desserts],,"[fruit pie filling, Bisquick Baking Mix, milk, sugar, butter]",cobbler
Blueberry-Nectarine-Cobbler-1273468,Blueberry Nectarine Cobbler,4,3900.0,[Desserts],,"[nectarines, blueberries, flour, light brown sugar, butter]",cobbler
Four-Berry-Skillet-Cobbler-1025893,Four Berry Skillet Cobbler,4,3600.0,[Desserts],,"[bisquick, milk, strawberries, sugar, water, butter]",cobbler
CHERRY-CREAM-CHEESE-COBBLER-1118212,CHERRY CREAM CHEESE COBBLER,4,3300.0,[Desserts],,"[butter, granulated sugar, all-purpose flour, baking powder, almond extract, milk, eggs, cherry pie filling, cream cheese]",cobbler
Johnnycake-Cobblers-791678,Johnnycake Cobblers,3,2700.0,[Desserts],,"[unsalted butter, sugar, plums, all purpose unbleached flour, cornmeal, baking powder, baking soda, kosher salt, milk]",cobbler
Flip_flop-Cobbler-Allrecipes,Flip-Flop Cobbler,5,3900.0,[Desserts],,"[all-purpose flour, baking powder, salt, white sugar, milk, peach slices, butter]",cobbler
Peach-and-Cinnamon-Cobbler-1183236,Peach and Cinnamon Cobbler,3,4800.0,[Desserts],,"[butter, peaches, sugar, quick-cooking tapioca, ground cinnamon, lemon juice, salt, baking powder, unsalted butter, heavy cream]",cobbler
Skillet-Cobbler-1231037,Skillet Cobbler,4,3900.0,[Desserts],,"[peaches, berries, white sugar, brown sugar, ground cinnamon, cardamon, fresh lemon juice, vanilla, salt, corn starch, biscuits, all-purpose flour, baking powder, unsalted butter, boiling water, sugar]",cobbler
Stone-Fruit-Cobbler-1274824,Stone Fruit Cobbler,4,1200.0,[Desserts],,"[fruit, stone fruit, sugar, all purpose unbleached flour, kosher salt, baking powder, unsalted butter, buttermilk, berries, whipped cream]",cobbler
Simple-Homemade-Peach-Cobbler-749497,Simple Homemade Peach Cobbler,4,2100.0,[Desserts],,"[peaches, flour, old-fashioned oats, brown sugar, melted butter]",cobbler
Strawberry-Basil-Crockpot-Cobbler-1236453,Strawberry Basil Crockpot Cobbler,4,8400.0,[Desserts],,"[all-purpose flour, granulated sugar, baking powder, ground cinnamon, eggs, skim milk, canola oil, salt, frozen strawberries, rolled oats, fresh basil, vanilla frozen yogurt]",cobbler
MINI-PEACH-COBBLERS-678450,MINI PEACH COBBLERS,4,3000.0,[Desserts],,"[peaches, triple sec, brown sugar, corn starch, flour, sugar, baking powder, butter, buttermilk]",cobbler
Pioneer-Cobbler-984936,Pioneer Cobbler,4,3000.0,[Desserts],,"[unsalted butter, flour, sugar, baking powder, salt, milk, peaches, blackberries, cinnamon sugar]",cobbler
Peach-Cobbler-779295,Peach Cobbler,4,3600.0,[Desserts],,"[peaches, corn starch, dark brown sugar, granulated sugar, ground cinnamon, all-purpose flour, baking powder, salt, unsalted butter, large eggs, heavy cream, sparkling sugar]",cobbler
Cup-O_-Cobbler-Martha-Stewart-195174,Cup-O'-Cobbler,5,6300.0,[Desserts],,"[peaches, sugar, unsalted butter, all-purpose flour, baking powder, grated nutmeg, salt, milk, whipped cream]",cobbler
Fresh-Cherry-Cobbler-627608,Fresh Cherry Cobbler,3,5100.0,[Desserts],,"[unsalted butter, all-purpose flour, granulated sugar, baking powder, ground cinnamon, pure vanilla extract, almond extract, whole milk, sweet cherries, slivered almonds]",cobbler
Peach-Cobbler-Moonshine-1270498,Peach Cobbler Moonshine,4,900.0,[Beverages],,"[peach juice, brown sugar, peaches, cinnamon sticks, everclear, peach schnapps]",cobbler
Peach-Cobbler-Bread-TasteOfHome,Peach Cobbler Bread,5,3900.0,[Breads],,"[butter, sugar, eggs, water, vanilla extract, almond extract, peaches, all-purpose flour, baking soda, salt, baking powder, chopped pecans, brown sugar]",cobbler
Zucchini-Cobbler-Allrecipes,Zucchini Cobbler,5,3600.0,[Desserts],,"[zucchini, fresh lemon juice, white sugar, ground cinnamon, ground nutmeg, all-purpose flour, butter]",cobbler
Lemon-Blackberry-Cobbler-1069411,Lemon Blackberry Cobbler,4,1920.0,[Desserts],,"[blackberries, sugar, flour, lemon cake mix, butter]",cobbler
Crockpot-Berry-Cobbler-1338262,Crockpot Berry Cobbler,4,3600.0,[Desserts],,"[cooking spray, all purpose unbleached flour, granulated sugar, baking powder, ground cinnamon, eggs, milk, vegetable oil, table salt, frozen blueberries, ice cream, powdered sugar]",cobbler
Peach-Cobbler-1262553,Peach Cobbler,4,2700.0,[Desserts],,"[peach slices, squirt, sugar, cinnamon, water, corn starch, bisquick, milk, sour cream]",cobbler
Stone-Fruit-Cobbler-1275037,Stone Fruit Cobbler,4,3900.0,[Desserts],,"[peaches, nectarines, granulated sugar, all-purpose flour, kosher salt, baking powder, unsalted butter, almond paste, large eggs, sliced almonds]",cobbler
Apple-Pie-Cinnamon-Roll-Cobbler-1278997,Apple Pie Cinnamon Roll Cobbler,4,2700.0,[Desserts],,"[granny smith apples, brown sugar, unsalted butter, sugar, water, flour, cinnamon, apple cider vinegar, cinnamon rolls]",cobbler
Single-Serve-Strawberry-Cobbler-1345500,Single Serve Strawberry Cobbler,4,1500.0,[Desserts],,"[maple syrup, vanilla bean paste, rosewater, strawberries, almond meal, sugar substitute, baking powder, ground cinnamon, sea salt flakes, melted butter]",cobbler
Peach-Blueberry-Cobbler-1296782,Peach Blueberry Cobbler,4,3000.0,[Desserts],,"[blueberries, peach slices, sugar, corn starch, butter, oats, brown sugar, flour]",cobbler
Blueberry-peach-cobbler-351080,Blueberry Peach Cobbler,5,6300.0,[Desserts],,"[peaches, blueberries, crystallized ginger, granulated sugar, light brown sugar, corn starch, fresh lemon juice, vanilla extract, unsalted butter, flour, baking powder, coarse salt, sugar, milk, ground cinnamon, whipped cream, ice cream]",cobbler
Fig-Cobbler-1258069,Fig Cobbler,4,2400.0,[Desserts],,"[flour, sugar, milk, butter, figs]",cobbler
Best-Peach-Cobbler-Ever-Allrecipes,Best Peach Cobbler Ever,4,5400.0,[Desserts],[Kid-Friendly],"[peach slices, butter, ground cinnamon, ground nutmeg, corn starch, water, milk, white sugar, all-purpose flour, baking powder, salt]",cobbler
Cop-Cobbler-Allrecipes,Cop Cobbler,4,4500.0,[Desserts],,"[glazed doughnuts, sweetened condensed milk, eggs, peaches, ground cinnamon, salt, butter, confectioners sugar, vanilla extract]",cobbler
Slow-Cooker-Peach-Cobbler-1281123,Slow Cooker Peach Cobbler,4,3900.0,[Desserts],,"[peaches, granulated sugar, all-purpose flour, light brown sugar, baking powder, baking soda, salt, ground cinnamon, unsalted butter, buttermilk, ice cream]",cobbler
Brown-Sugar-Apple-Cobbler-679052,Brown Sugar Apple Cobbler,4,3300.0,[Desserts],,"[unsalted butter, baking apples, light brown sugar, all-purpose flour, ground cinnamon, baking powder, baking soda, salt, milk, sour cream, cinnamon sugar]",cobbler
Bing-Cherry-Cobbler-456429,Bing Cherry Cobbler,5,2400.0,,,"[bing cherries, fresh lemon juice, sugar, buttermilk, vanilla extract, all-purpose flour, baking powder, baking soda, salt, ground cinnamon, unsalted butter]",cobbler
Crispy-Peach-Cobbler-1284169,Crispy Peach Cobbler,4,5400.0,[Desserts],,"[peaches, lemon, unsalted butter, granulated sugar, all-purpose flour, baking powder, kosher salt, milk, hot water, heavy cream]",cobbler
Blueberry-Cobbler-1237981,Blueberry Cobbler,3,4200.0,[Desserts],,"[flour, baking powder, bicarbonate of soda, unsalted butter, sugar, large eggs, buttermilk, blueberries, grated lemon zest, ground cinnamon]",cobbler
Slow-Cooker-Cobbler-with-ALL-the-Berries-1178323,Slow Cooker Cobbler with ALL the Berries,4,8100.0,[Desserts],,"[all-purpose flour, granulated sugar, baking powder, ground cinnamon, eggs, whole milk, canola oil, salt, frozen mixed berries]",cobbler
Blackberry-Cobbler-1260112,Blackberry Cobbler,4,3000.0,[Desserts],,"[flour, baking powder, salt, milk, butter, vanilla, sugar, blackberries]",cobbler
Apple-Dumpling-Cobbler-759837,Apple Dumpling Cobbler,4,3600.0,[Desserts],,"[apples, water, granulated sugar, unsalted butter, ground cinnamon, pie crust, vanilla ice cream]",cobbler
Crispy-Peach-Cobbler-1277915,Crispy Peach Cobbler,4,5400.0,[Desserts],,"[peaches, lemon, unsalted butter, granulated sugar, all-purpose flour, baking powder, kosher salt, milk, hot water, heavy cream]",cobbler
Snickerdoodle-Apple-Cobbler-1341619,Snickerdoodle Apple Cobbler,4,3000.0,[Desserts],,"[apples, brown sugar, cinnamon, nutmeg, butter, granulated sugar, eggs, vanilla extract, baking soda, cream of tartar, salt, flour]",cobbler
Strawberry-Raspberry-Cobbler-1023118,Strawberry-Raspberry Cobbler,3,3900.0,[Desserts],,"[strawberries, fresh raspberries, corn starch, sugar, all-purpose flour, baking powder, baking soda, salt, buttermilk, unsalted butter, grated lemon zest]",cobbler
Sweet-Plum-Cobbler-1195763,Sweet Plum Cobbler,4,3000.0,[Desserts],,"[plums, brown sugar, butter, plain flour, baking powder, bicarb, caster sugar, yoghurt]",cobbler
Tomato-cobbler-345093,Tomato Cobbler,5,6300.0,,,"[extra-virgin olive oil, onions, garlic cloves, cherry tomatoes, all-purpose flour, crushed red pepper flakes, freshly ground pepper, coarse salt, baking powder, unsalted butter, grated Gruyère cheese, heavy cream]",cobbler
Peach-Cobbler-Coffee-Cake-1323625,Peach Cobbler Coffee Cake,4,4800.0,[Breads],,"[butter, sugar, eggs, vanilla extract, all-purpose flour, baking powder, baking soda, salt, sour cream, peach pie filling, peach slices, brown sugar, quick-cooking oats, ground cinnamon, confectioners sugar, 2% reduced-fat milk]",cobbler
Lady-and-Sons-Peach-Cobbler-1230914,Lady and Son’s Peach Cobbler,4,3600.0,[Desserts],,"[butter, sugar, self rising flour, milk, peaches in heavy syrup, cinnamon, vanilla ice cream, whipped cream]",cobbler
Crock-Pot-Peach-Cobbler-1227390,Crock Pot Peach Cobbler,4,7800.0,[Desserts],,"[peach pie filling, flour, granulated sugar, ground almonds, baking powder, salt, butter, large eggs, vanilla extract, sliced almonds]",cobbler
Apple-And-Pear-Cobbler-1010499,Apple And Pear Cobbler,4,3600.0,[Desserts],,"[Bramley apples, pears, orange juice, caster sugar, ground cinnamon, butter, self raising flour, greek yogurt, eggs]",cobbler
Peach_-Almond-_-Ginger-Cobbler-1059815,"Peach, Almond & Ginger Cobbler",4,3900.0,[Desserts],,"[granulated sugar, ginger, slivered almonds, peaches, flour, baking powder, salt, small eggs, evaporated milk, butter]",cobbler
Crock-Pot-Apple-Cobbler-1191074,Crock Pot Apple Cobbler,4,15000.0,[Desserts],,"[apple pie filling, brown sugar, flour, ground almonds, cinnamon, baking powder, salt, butter, eggs, vanilla extract]",cobbler
Blueberry-Cobbler-1053964,Blueberry Cobbler,4,3000.0,[Desserts],,"[fresh blueberries, lemon juice, all-purpose flour, granulated sugar, cinnamon, brown sugar, kosher salt, salted butter, quick-cooking oats]",cobbler
Blackberry-Cobbler-1023412,Blackberry Cobbler,4,5100.0,[Desserts],,"[butter, sugar, water, all-purpose flour, salt, baking powder, milk, blackberries, ground cinnamon]",cobbler
Apricot-Cobbler-Epicurious-51093,Apricot Cobbler,4,4500.0,[Desserts],,"[apricots, sugar, all-purpose flour, fresh lemon juice, almond extract, baking powder, baking soda, salt, unsalted butter, buttermilk]",cobbler
Slow-Cooker-Peach-Cobbler-1255616,Slow Cooker Peach Cobbler,4,3900.0,[Desserts],,"[peaches, granulated sugar, all-purpose flour, light brown sugar, baking powder, baking soda, salt, ground cinnamon, unsalted butter, buttermilk, ice cream]",cobbler
Crock-Pot-Apple-Crumble-Cobbler-1284623,Crock Pot Apple Crumble Cobbler,4,2700.0,[Desserts],,"[apples, cinnamon, nutmeg, eggs, milk, vanilla extract, sugar, butter, Bisquick Baking Mix, brown sugar]",cobbler
Pear-_-Apple-Cobbler-1082052,Pear & Apple Cobbler,3,4200.0,[Desserts],,"[sugar, all-purpose flour, cinnamon, anjou pears, golden delicious apples, apple juice, butter, baking powder, salt, Sargento® Fine Cut Shredded Sharp Cheddar Cheese, milk]",cobbler
Remarkable-Slow-Cooker-Peach-Cobbler-1363127,Remarkable Slow-Cooker Peach Cobbler,3,600.0,[Desserts],,"[white cake mix, butter, peaches]",cobbler
Mini-Cherry-Cobbler-1189679,Mini Cherry Cobbler,4,3300.0,[Desserts],,"[unsalted butter, whole wheat white flour, Truvía® Baking Blend, baking powder, milk, cinnamon, vanilla extract, cherries]",cobbler
Blackberry-Oatmeal-Skillet-Cobbler-1278492,Blackberry Oatmeal Skillet Cobbler,4,3300.0,[Desserts],,"[blackberries, sugar, corn starch, lemon juice, vanilla, salt, butter, brown sugar, eggs, baking powder, flour, old-fashioned oats, vanilla ice cream]",cobbler
Summertime-Peach-Cobbler-1070525,Summertime Peach Cobbler,4,3000.0,[Desserts],,"[butter, flour, sugar, baking powder, salt, milk, vanilla, peaches, cherries]",cobbler
Microwave-Peach-Cobbler-1244975,Microwave Peach Cobbler,4,900.0,[Desserts],,"[peaches, brown sugar, quick oats, flour, cinnamon, butter]",cobbler
3-Ingredient-Peaches-_-Cream-Cobbler-1208955,3-Ingredient Peaches & Cream Cobbler,4,3300.0,[Desserts],,"[peach slices, vanilla ice cream, self rising flour, ice cream, sugar]",cobbler
Peach-Cobbler-757482,Peach Cobbler,3,3000.0,[Desserts],,"[sugar, corn starch, ground cinnamon, peaches, water, lemon juice, Bisquick Baking Mix, milk, butter, cream sweeten whip]",cobbler
One-Pan-Cranberry-Orange-Cobbler-1347251,One Pan Cranberry-Orange Cobbler,4,2400.0,[Desserts],,"[fresh cranberries, orange marmalade, orange, whole wheat flour, all-purpose flour, sugar, baking powder, salt, butter, eggs, milk]",cobbler
Slow-Cooker-Berry-Cobbler-1193006,Slow Cooker Berry Cobbler,4,3000.0,[Desserts],,"[all-purpose flour, sugar, baking powder, ground cinnamon, eggs, milk, oil, salt, frozen mixed berries]",cobbler
Peach-Cobbler-771237,Peach Cobbler,4,2700.0,[Desserts],,"[all-purpose flour, sugar, baking powder, salt, unsalted butter, milk, peaches, corn starch, boiling water, butter, cinnamon]",cobbler
Fresh-Homemade-Apple-Cobbler-1107351,Fresh Homemade Apple Cobbler,4,4200.0,,,"[sliced apples, fresh lemon juice, granulated sugar, ground cinnamon, chopped pecans, self rising flour, butter, milk, eggs]",cobbler
Peach-Cobbler-With-A-Cinnamon-Crust-My-Recipes,Peach Cobbler with a Cinnamon Crust,4,5100.0,[Desserts],"[Southern & Soul Food, American]","[all-purpose flour, sugar, ground cinnamon, peaches, cooking spray, pie dough, large egg whites]",cobbler
Rustic-Apple-Cobbler-1282829,Rustic Apple Cobbler,4,2700.0,[Desserts],,"[green apples, dried cranberries, sugar, flour, ground cinnamon, butter, muffin mix, chopped pecans]",cobbler
Blackberry-Cobbler-1116737,Blackberry Cobbler,3,4800.0,[Desserts],,"[blackberries, sugar, all-purpose flour, milk, baking powder, table salt, butter, ground cinnamon, whipped cream]",cobbler
Classic-Country-Apple-Cobbler-Cupcakes-469459,Classic Country Apple Cobbler Cupcakes,5,3300.0,[Desserts],,"[apples, batter, flour, sugar, unsalted butter, rolled oats, chips]",cobbler
Tenntucky-Blackberry-Cobbler-My-Recipes,TennTucky Blackberry Cobbler,4,4800.0,[Desserts],,"[sugar, self rising flour, milk, butter, blackberries]",cobbler
Blackberry-Cobbler-1247254,Blackberry Cobbler,3,4200.0,[Desserts],,"[unsalted butter, blackberries, sugar, water, fresh lemon juice, self rising flour, milk, salt, ground cinnamon, ice cream]",cobbler
Cranberry-Cobbler-529582,Cranberry Cobbler,3,3300.0,[Desserts],,"[unsalted butter, cranberries, sugar, all-purpose flour, baking powder, fine salt, whole milk, large eggs]",cobbler
Peach-Cobbler-Cupcakes-469424,Peach Cobbler Cupcakes,5,2400.0,[Desserts],,"[flour, baking powder, baking soda, unsalted butter, brown sugar, sugar, eggs, sour cream, vanilla extract, peaches]",cobbler
Blueberry-Cobbler-596233,Blueberry Cobbler,4,2700.0,[Desserts],,"[cake flour, light brown sugar, milk, eggs, vanilla extract, baking powder, baking soda, salt, unsalted butter, fresh blueberries, granulated sugar, corn starch, water]",cobbler
Apple-Cobbler-My-Recipes,Apple Cobbler,4,3900.0,[Desserts],[American],"[granny smith apples, apple cider, all-purpose flour, brown sugar, ground cinnamon, butter, pie dough, water, large egg whites, turbinado]",cobbler
Blackberry-Skillet-Cobbler-1208556,Blackberry Skillet Cobbler,4,2700.0,[Desserts],,"[blackberries, sugar, baking powder, flour, cornmeal, butter, large eggs, milk, salt]",cobbler
Graham-Cracker-Apple-Pear-Cobbler-1309259,Graham Cracker Apple Pear Cobbler,4,3600.0,[Desserts],,"[graham cracker crumbs, large eggs, milk, all-purpose flour, granulated sugar, baking powder, salt, unsalted butter, apples, pears, firmly packed light brown sugar, ground cinnamon, ground nutmeg, sanding sugar, ice cream]",cobbler
Peach-Berry-Cobbler-1283080,Peach Berry Cobbler,4,3900.0,[Desserts],,"[peach slices, fresh blueberries, fruit, baking mix, milk, nutmeg, cinnamon, butter, sugar]",cobbler
PAMA-Cobbler-1201082,PAMA Cobbler,4,600.0,[Beverages],,"[Pama Pomegranate Liqueur, vodka, lemon juice, simple syrup, blueberries, club soda]",cobbler
Easy-Batter-Fruit-Cobbler-608435,Easy Batter Fruit Cobbler,5,3900.0,[Desserts],,"[butter, all-purpose flour, sugar, baking powder, salt, milk, peaches]",cobbler
Fresh-Peach-Cobbler-1353482,Fresh Peach Cobbler,3,4800.0,[Desserts],,"[peaches, brown sugar, cinnamon, ground cloves, nutmeg, yellow cake mix, walnuts, butter]",cobbler
Blackberry-Cobbler-with-Bisquick-1222089,Blackberry Cobbler with Bisquick,4,3000.0,[Desserts],,"[blackberries, water, sugar, cinnamon, corn starch, bisquick, butter, milk]",cobbler
Easy-Pear-Cobbler-1056603,Easy Pear Cobbler,4,2700.0,[Desserts],,"[butter, bisquick, sugar, milk, Del Monte Pear Halves, cinnamon sugar]",cobbler
Peach-Cobbler-1063785,Peach Cobbler,4,2400.0,[Desserts],,"[peaches, sugar, flour, lemon juice, butter, baking powder, salt, shortening, milk]",cobbler
Country-Apple-Cobbler-TasteOfHome,Country Apple Cobbler,4,2700.0,[Desserts],,"[sugar, water, quick-cooking tapioca, ground cinnamon, tart apples, all-purpose flour, baking powder, salt, butter, milk, shredded cheddar cheese, chopped walnuts, whipped topping]",cobbler
Peach-and-Strawberry-Cobbler-748694,Peach and Strawberry Cobbler,4,3600.0,[Desserts],,"[peaches, strawberries, all-purpose flour, sugar, baking powder, salt, butter, milk, vanilla extract]",cobbler
Apricot-Berry-Cobbler-Simply-Recipes-42669,Apricot Berry Cobbler,5,3900.0,[Desserts],,"[all-purpose flour, baking powder, baking soda, salt, granulated sugar, butter, buttermilk, almond extract, brown sugar, apricots, blackberries, flour]",cobbler
Classic-Peach-Cobbler-682446,Classic Peach Cobbler,3,600.0,[Desserts],,"[sugar, corn starch, lemon juice, peach slices, baking mix, butter, orange juice]",cobbler
Easy-Peasy-Cherry-Cheese-Cobbler-471285,Easy Peasy Cherry Cheese Cobbler,5,3000.0,[Desserts],,"[crescent rolls, pie filling, granulated sugar, vanilla, cream cheese, unsalted butter]",cobbler
Old-Fashioned-Peach-Cobbler---nothing-like-it_-1357316,Old Fashioned Peach Cobbler - nothing like it!,4,3900.0,[Desserts],,"[peaches, peaches in light syrup, milk, self rising flour, sugar, butter, cinnamon]",cobbler
Easy-cherry-cobbler-343498,Easy Cherry Cobbler,4,2400.0,[Desserts],,"[cherries, tart, all-purpose flour, sugar, milk, baking powder, salt, butter, vanilla ice cream]",cobbler
Peach-Blackberry-Cobbler-1215757,Peach Blackberry Cobbler,4,3900.0,"[Desserts, Afternoon Tea]",,"[sugar, all-purpose flour, fine sea salt, peaches, frozen blackberries, lemon zest, lemon, unsalted butter, buttermilk, eggs]",cobbler
Crock-Pot-Pumpkin-Cobbler-1316148,Crock Pot Pumpkin Cobbler,4,,,,"[eggs, pumpkin, evaporated milk, granulated sugar, brown sugar, cinnamon, ginger, salt, vanilla, yellow cake mix, melted butter]",cobbler
Chocolate-Cobbler-Remix-_For-food-allergies_-1304619,Chocolate Cobbler Remix *For food allergies*,4,2700.0,[Desserts],,"[self rising flour, sugar, cocoa, Silk Vanilla Soy milk, vanilla, vegetable oil, brown sugar, hot water]",cobbler
Easy-Peach-Cobbler-1288485,Easy Peach Cobbler,4,4500.0,[Desserts],,"[butter, self rising flour, peaches, salt, sugar, milk, baking powder, lemon juice, water, nutmeg]",cobbler
Peach-Cobbler-1211894,Peach Cobbler,4,3900.0,[Desserts],,"[butter, self rising flour, granulated white sugar, milk, peaches, brown sugar, lemon juice, corn starch, cinnamon, nutmeg]",cobbler
Cast-Iron-Skillet-Peach-and-Blueberry-Cobbler-1201005,Cast-Iron Skillet Peach and Blueberry Cobbler,4,5400.0,[Desserts],,"[unsalted butter, canola oil, wheat, baking powder, kosher salt, milk, granulated sugar, vanilla extract, peaches, frozen blueberries]",cobbler
Peach-Cobbler-1273795,Peach Cobbler,4,3000.0,[Desserts],,"[peaches in light syrup, yellow cake mix, butter, brown sugar, chopped walnuts]",cobbler
Texas-Peach-Cobbler-1167554,Texas Peach Cobbler,4,3600.0,[Desserts],,"[peaches, sugar, fresh lemon juice, cinnamon, vanilla, unsalted butter, unbleached flour, baking powder, half & half]",cobbler
Simple-Peach-Cobbler-1191120,Simple Peach Cobbler,4,4200.0,[Desserts],,"[peach slices, sugar, self rising flour, milk, butter]",cobbler
Peach-Cobbler-Bubble-Up-1187578,Peach Cobbler Bubble Up,4,2400.0,[Desserts],,"[biscuits, peach pie filling, cinnamon, brown sugar]",cobbler
Triple-Berry-Skillet-Cobbler-987436,Triple Berry Skillet Cobbler,4,3300.0,[Desserts],,"[forest fruit, granulated sugar, corn starch, lemon juice, butter, self rising flour, whole milk, large eggs, pure vanilla, almond extract, ground cinnamon]",cobbler
Blueberry-Breakfast-Cobbler-1220049,Blueberry Breakfast Cobbler,4,3600.0,"[Desserts, Breakfast and Brunch]",,"[butter, lemon, sugar, flour, baking powder, kosher salt, fresh blueberries, buttermilk, raw sugar]",cobbler
Peach-Cobbler-Cupcakes-1179070,Peach Cobbler Cupcakes,4,2400.0,[Desserts],,"[cupcakes, all-purpose flour, sugar, baking powder, ground cinnamon, salted butter, egg whites, eggs, vanilla extract, 2% reduced-fat milk, peaches, peach slices, whipped cream, heavy whipping cream, powdered sugar]",cobbler
Rhubarb-Cobbler-1243111,Rhubarb Cobbler,4,3000.0,[Desserts],,"[rhubarb, brown sugar, corn starch, orange, sugar, baking powder, baking soda, salt, butter, buttermilk, vanilla]",cobbler
5-Ingredient-Peach-Cobbler-Reicpe-1231973,5 Ingredient Peach Cobbler Reicpe,4,4200.0,[Desserts],,"[butter, sugar, self rising flour, milk, fruit]",cobbler
Peach-Cobbler-1316441,Peach Cobbler,4,3900.0,[Desserts],,"[peaches, brown sugar, cinnamon, vanilla, flour, baking powder, baking soda, unsalted butter, buttermilk, whipped cream]",cobbler
Build-Your-Own-Microwave-Mug-Cobbler-1276845,Build-Your-Own Microwave Mug Cobbler,3,420.0,[Desserts],,"[fruit, sugar, Bisquick Baking Mix, ground cinnamon, grated lemon peel, nuts, old-fashioned oats, coarse sugar, milk]",cobbler
Fresh-Peach-Cobbler-with-Cream-Pastry-Crust-894300,Fresh Peach Cobbler with Cream Pastry Crust,3,3300.0,[Desserts],,"[peaches, granulated sugar, butter, all-purpose flour, baking powder, salt, heavy cream]",cobbler
Slow-Cooker-Peach-Cobbler-1110665,Slow Cooker Peach Cobbler,4,16200.0,[Desserts],,"[Pillsbury Pie Crusts, peaches in heavy syrup, granulated sugar, cinnamon, corn starch, butter, sugar]",cobbler
Cinnamon-Biscuit-Blueberry-Cobbler-1276360,Cinnamon Biscuit Blueberry Cobbler,4,3600.0,[Desserts],,"[sugar, corn starch, blueberries, lemon juice, lemon zest, flour, baking powder, cinnamon, butter, eggs, milk, vanilla extract]",cobbler
Black-Raspberry-Cobbler-1214458,Black Raspberry Cobbler,4,3000.0,[Desserts],,"[raspberries, granulated sugar, corn starch, boiling water, butter, all purpose unbleached flour, baking powder, salt, unsalted butter, buttermilk, milk, coarse sugar]",cobbler
Merry-Berry-Cobbler-589431,Merry Berry Cobbler,3,3300.0,[Desserts],,"[granulated sugar, corn starch, frozen raspberries, frozen blueberries, frozen blackberries, lemon juice, Gold Medal All Purpose Flour, brown sugar, baking powder, salt, ground nutmeg, butter, hot water, whipped cream]",cobbler
Jalapeno-Havarti-Peach-Cobbler-1055521,Jalapeno Havarti Peach Cobbler,4,3900.0,[Desserts],,"[peaches, granulated sugar, corn starch, lemon juice, lemon zest, salt, ground cinnamon, pure vanilla extract, unsalted butter, all-purpose flour, cheese, baking powder, buttermilk]",cobbler
Southern-Peach-Cobbler-1254117,Southern Peach Cobbler,4,2400.0,[Desserts],[Southern & Soul Food],"[peaches, fresh lemon juice, white sugar, brown sugar, cinnamon, nutmeg, arrowroot, all-purpose flour, baking powder, kosher salt, butter, boiling water, brown rice flour, tapioca starch, potato starch]",cobbler
Savory-Corn-Cobbler-1291438,Savory Corn Cobbler,3,5400.0,,,"[unsalted butter, jalapeno chilies, scallions, frozen corn kernels, low sodium chicken broth, heavy cream, kosher salt, black pepper, flour, baking powder, fresh thyme, whole milk]",cobbler
Mixed-Berry-Cobbler-1255458,Mixed Berry Cobbler,4,5400.0,[Desserts],,"[berry pie filling, frozen blackberries, granulated sugar, grated lemon zest, lemon, all-purpose flour, biscuits, baking powder, salt, unsalted butter, large eggs, pure vanilla extract, ground cinnamon]",cobbler
Peach-Cobbler-1227827,Peach Cobbler,4,3600.0,[Desserts],,"[flour, cinnamon, peaches, white sugar, baking powder, salt, margarine, eggs]",cobbler
