id,recipeName,rating,totalTimeInSeconds,course,cuisine,ingredients
Almond-Snowball-Cookies-1377147,Almond Snowball Cookies,4,1680.0,[Desserts],,"[unsalted butter, cookies, powdered sugar, vanilla, all-purpose flour, fine salt, almond meal, orange zest]"
Cashew-Brickle-Cookies-1377606,Cashew-Brickle Cookies,3,2700.0,[Desserts],,"[refrigerated sugar cookie dough, cashew nuts, toffee bits]"
Sugar-Cookie-1359846,Sugar Cookie,4,2100.0,[Desserts],,"[salted butter, powdered sugar, eggs, vanilla extract, all-purpose flour, baking powder, salt]"
Twix-Cookies-1375058,Twix Cookies,4,2400.0,[Desserts],,"[softened butter, powdered sugar, flour, vanilla, salt, caramels, evaporated milk, milk, shortening]"
Grandmas-Soft-Sugar-Cookies-1371051,Grandma’s Soft Sugar Cookies,4,1800.0,[Desserts],,"[large eggs, vegetable oil, vanilla, white sugar, flour, baking powder, salt]"
Peanut-Butter-Pecan-Cluster-Cookies-1377431,Peanut Butter Pecan Cluster Cookies,4,9300.0,[Desserts],,"[butter, peanut butter, brown sugar, granulated sugar, eggs, vanilla extract, milk, salt, baking soda, all-purpose flour, pecans]"
Oatmeal-Cookies-1374573,Oatmeal Cookies,4,1200.0,[Desserts],,"[sugar, butter, raisins, oatmeal, eggs, soda, flour, cinnamon, salt]"
Pudding-Chip-Cookies-1375878,Pudding Chip Cookies,3,1800.0,[Desserts],,"[all-purpose flour, chocolate pudding mix, vanilla, butter, brown sugar, baking soda, large eggs, large egg whites, semi sweet chocolate mini morsels]"
Chocolate-Vanilla-Swirl-Icebox-Cookies-1375059,Chocolate Vanilla Swirl Icebox Cookies,4,4320.0,[Desserts],,"[unsalted butter, granulated sugar, powdered sugar, large egg yolks, vanilla extract, all-purpose flour, salt, dark chocolate, Dutch-processed cocoa powder]"
Thin-Mint-Cookies-From-Scratch-1374238,Thin Mint Cookies From Scratch,4,6000.0,[Desserts],,"[all-purpose flour, unsweetened cocoa powder, baking soda, salt, baking powder, granulated sugar, butter, large eggs, vanilla extract, peppermint extract, confectioners sugar, semi-sweet chocolate morsels]"
Chocolate-Pecan-Pie-Cookies-1369656,Chocolate Pecan Pie Cookies,4,4200.0,[Desserts],,"[chocolate cookie, butter, light brown sugar, granulated sugar, vanilla extract, large eggs, all-purpose flour, unsweetened cocoa powder, baking soda, salt, cookies, pecans, brown sugar, corn syrup, eggs]"
Buttery-Jam-Thumbprint-Cookies-1378362,Buttery Jam Thumbprint Cookies,4,2100.0,[Desserts],,"[salted butter, powdered sugar, pure vanilla extract, table salt, all-purpose flour, preserves]"
Flourless-Fudge-Cookies-1371346,Flourless Fudge Cookies,4,2100.0,[Desserts],,"[powdered sugar, sea salt, cocoa powder, eggs, vanilla extract]"
Cranberry-Orange-Shortbread-Cookies-1376694,Cranberry Orange Shortbread Cookies,4,8400.0,[Desserts],,"[all-purpose flour, sugar, butter, almond extract, orange, dried cranberries]"
Soft-Buttermilk-Sugar-Cookies-1368230,Soft Buttermilk Sugar Cookies,4,600.0,[Desserts],,"[buttermilk, baking soda, salted butter, granulated sugar, eggs, salt, vanilla extract, all-purpose flour, baking powder, frosting, sprinkles]"
Eggnog-Cookies-1373647,Eggnog Cookies,4,3000.0,[Desserts],,"[flour, baking powder, salt, nutmeg, cinnamon, butter, brown sugar, sugar, large eggs, eggnog, vanilla extract, rum extract, powdered sugar]"
Cookies-and-Cream-Cookies-679661,Cookies and Cream Cookies,4,1620.0,[Desserts],[Kid-Friendly],"[all-purpose flour, baking soda, baking powder, butter, white sugar, eggs, vanilla extract, OREO® Cookies]"
Secret-Kiss-Snowball-Cookies-1370640,Secret Kiss Snowball Cookies,4,1800.0,[Desserts],,"[butter, granulated sugar, vanilla extract, flour, cocoa powder, Hershey's Kisses, powdered sugar]"
Chocolate-Chip-Cookies-1374583,Chocolate Chip Cookies,3,1200.0,[Desserts],,"[flour, baking soda, salt, ground cinnamon, butter, brown sugar, granulated sugar, eggs, vanilla extract, semi-sweet chocolate morsels, chopped nuts]"
Flourless-Hot-Chocolate-Cookies-1375207,Flourless Hot Chocolate Cookies,4,1500.0,[Desserts],,"[powdered sugar, unsweetened cocoa powder, corn starch, salt, large egg whites, milk chocolate chips, mini marshmallows]"
Slutty-Brownie-Cookies-1354912,Slutty Brownie Cookies,4,1860.0,"[Afternoon Tea, Desserts]",,"[all-purpose flour, cocoa powder, baking soda, corn starch, salt, unsalted butter, sugar, eggs, vanilla, chocolate extract, strong black coffee, chocolate, mini chocolate chips, chocolate chip cookies, OREO® Cookies]"
Snowmen-Cookies-1367687,Snowmen Cookies,4,2700.0,[Desserts],,"[vanilla, Nutter Butter Cookies, confetti sprinkles, chocolate, sunflower seeds, cake, icing]"
Coconut-Cream-Filled-Biscoff-Cookies-1377210,Coconut Cream Filled Biscoff Cookies,4,600.0,[Desserts],,"[salted butter, vanilla extract, powdered sugar, sweetened coconut flakes, Biscoff Cookies]"
Chocolate-Vanilla-Cookies-1373831,Chocolate Vanilla Cookies,4,2400.0,[Desserts],,"[flour, baking powder, sugar, butter, egg whites, water, vanilla, white chocolate chips, pink food coloring]"
Thick-Nutella-Chip-Shortbread-Cookies-1375404,Thick Nutella Chip Shortbread Cookies,4,3240.0,[Desserts],,"[chips, Nutella, butter, dark chocolate, dough, flour, powdered sugar, salt, vanilla]"
Fall-Foliage-Sugar-Cookies-1375499,Fall Foliage Sugar Cookies,4,3900.0,[Desserts],,"[unsalted butter, confectioners sugar, large eggs, vanilla extract, all-purpose flour, salt, red food colouring gel, food gel, cookies, orange colored sugar]"
Fat-Molasses-Cookies-1377614,Fat Molasses Cookies,3,3000.0,[Desserts],,"[all-purpose flour, baking soda, ground ginger, ground cinnamon, salt, shortening, brown sugar, molasses, eggs, water, cider vinegar, crystallized ginger, coarse sugar]"
Brown-Sugar-Cookies-1371214,Brown Sugar Cookies,4,1500.0,[Desserts],,"[all-purpose flour, baking soda, unsalted butter, butter flavor shortening, brown sugar, eggs, vanilla]"
Oreo-Stuffed-Chocolate-Chip-Cookies-1114282,Oreo Stuffed Chocolate Chip Cookies,5,1800.0,[Desserts],[Kid-Friendly],"[softened butter, light brown sugar, granulated sugar, large eggs, pure vanilla, all-purpose flour, kosher salt, baking soda, chocolate chips, OREO® Cookies]"
Strawberry-Shortcake-Cookies-1366412,Strawberry Shortcake Cookies,4,3300.0,"[Desserts, Afternoon Tea]",,"[strawberries, fresh lemon juice, sugar, lemon zest, all-purpose flour, baking powder, kosher salt, unsalted butter, heavy cream, coarse sugar]"
Butterfinger-Cookies-1379885,Butterfinger Cookies,4,1500.0,[Desserts],,"[flour, baking soda, salt, sugar, unsalted butter, eggs, butterfinger]"
Maple-Shortbread-Cookies-_-Maple-Cookbook-Review-1363209,Maple Shortbread Cookies & Maple Cookbook Review,4,1200.0,[Desserts],,"[unsalted butter, maple sugar, egg yolks, all-purpose flour, baking powder, salt, turbinado]"
Soft-Cream-Cheese-Sugar-Cookies-with-Perfect-Frosting-1378155,Soft Cream Cheese Sugar Cookies with Perfect Frosting,4,9900.0,[Desserts],,"[unsalted butter, granulated sugar, large eggs, reduced fat cream cheese, vanilla extract, almond extract, lemon zest, all-purpose flour, baking powder, kosher salt, powdered sugar, milk, light corn syrup, food colouring, sprinkles, decorating sugars, cookies]"
Soft-_-Chewy-Snickerdoodle-Cookies-1370669,Soft & Chewy Snickerdoodle Cookies,4,2340.0,[Desserts],,"[butter, granulated sugar, brown sugar, large eggs, vanilla, all-purpose flour, salt, baking soda, lemon juice, cinnamon]"
Red-Velvet-Cookies-1368306,Red Velvet Cookies,4,1500.0,[Desserts],,"[cookies, eggs, vegetable oil, powdered sugar]"
Fudge-Dipped-Orange-Shortbread-Cookies-1367708,Fudge Dipped Orange Shortbread Cookies,4,2400.0,[Desserts],,"[unsalted butter, shortening, sugar, eggs, vanilla extract, flour, baking powder, baking soda, grated orange peel, chocolate chips]"
Chocolate_-Hazelnut_-and-Caramel-Thumbprint-Cookies-1377613,"Chocolate, Hazelnut, and Caramel Thumbprint Cookies",3,3000.0,[Desserts],,"[all-purpose flour, Dutch-processed cocoa powder, butter, sugar, salt, egg yolks, milk, vanilla, chopped hazelnuts, egg whites, caramels, whipping cream, semisweet chocolate, shortening, hazelnuts]"
Christmas-Sugar-Cookies-1367280,Christmas Sugar Cookies,4,3300.0,[Desserts],,"[butter, white sugar, eggs, vanilla extract, all-purpose flour, baking powder, salt]"
Peppermint-Sugar-Cookies-1373603,Peppermint Sugar Cookies,3,2400.0,[Desserts],,"[all-purpose flour, baking powder, salt, butter, sugar, eggs, egg yolks, peppermint extract, food colouring, decorating sugars]"
Frosted-Sugar-Cookie-1350034,Frosted Sugar Cookie,4,2400.0,[Desserts],,"[sugar cookies, white sugar, butter, egg yolks, almond extract, all-purpose flour, baking soda, cream of tartar, frosting, confectioners sugar, milk]"
Christmas-Ornament-Gingerbread-Cookies-1366745,Christmas Ornament Gingerbread Cookies,3,7200.0,[Desserts],,"[cookie mix, butter, water, large eggs, icing]"
Bet-You-Can_t-Eat-Just-One-Sugar-Cookies-1373606,Bet You Can't Eat Just One Sugar Cookies,3,2400.0,[Desserts],,"[butter, cooking oil, granulated sugar, powdered sugar, baking soda, cream of tartar, salt, eggs, vanilla, all-purpose flour, decorating sugars, edible glitter]"
Strawberry-Swirl-Cookies-1371998,Strawberry Swirl Cookies,4,4500.0,[Desserts],,"[butter, sugar, brown sugar, large eggs, vanilla, flour, baking powder, salt, strawberry jam, coconut, chop fine pecan]"
Bakery-style-cookies-and-cream-cookies-334955,Bakery Style Cookies and Cream Cookies,5,2400.0,[Desserts],[Kid-Friendly],"[softened butter, granulated sugar, light brown sugar, large eggs, pure vanilla extract, all-purpose flour, baking soda, kosher salt, chocolate chips, cocoa powder, OREO® Cookies]"
Crunchy-Sugar-Cookies-1370462,Crunchy Sugar Cookies,4,2100.0,[Desserts],,"[all-purpose flour, baking powder, baking soda, shortening, granulated sugar, large eggs, pure vanilla extract]"
Chocolate-Crinkle-Cookies-1372317,Chocolate Crinkle Cookies,4,2400.0,"[Desserts, Afternoon Tea]",,"[unsalted butter, light brown sugar, large eggs, all-purpose flour, unsweetened cocoa powder, baking powder, salt, confectioners sugar]"
Potato-Chip-Cookies-1372730,Potato Chip Cookies,4,1800.0,[Desserts],,"[butter, sugar, vanilla extract, all-purpose flour, potato chips, powdered sugar]"
Thumbprint-Cookies-1368090,Thumbprint Cookies,4,2700.0,[Desserts],,"[butter, granulated sugar, blueberry pie filling, all-purpose flour, powdered sugar, milk]"
Christmas-Cookies_-Simple-Coconut-Macaroon-Recipe-_Gluten-Free_-1376210,Christmas Cookies! Simple Coconut Macaroon Recipe (Gluten-Free),4,1500.0,[Desserts],,"[sweetened coconut flakes, large egg whites, sugar, vanilla extract, salt]"
Copycat-Jenny-Bakery-Butter-Cookies-1380767,Copycat Jenny Bakery Butter Cookies,4,2100.0,[Desserts],,"[plain flour, corn starch, butter, powdered sugar]"
Monster-Soft-Pudding-Cookies-1353983,Monster Soft Pudding Cookies,3,1920.0,[Desserts],,"[unsalted butter, brown sugar, granulated sugar, large eggs, pure vanilla extract, all-purpose flour, baking soda, vanilla instant pudding, salt, chocolate]"
Snickerdoodles-Cookie-1377567,Snickerdoodles Cookie,4,2280.0,[Desserts],,"[all-purpose flour, cream of tartar, baking soda, salt, ground cinnamon, granulated sugar, butter, large eggs]"
Copycat-Jenny-Bakery-Butter-Cookies-1380446,Copycat Jenny Bakery Butter Cookies,4,2100.0,[Desserts],,"[plain flour, corn starch, butter, powdered sugar]"
Coconut-Cutout-Cookies-1379229,Coconut Cutout Cookies,4,2100.0,[Desserts],,"[coconut flour, baking soda, sea salt, butter, coconut oil, Truvía® natural sweetener, eggs, vanilla extract]"
Copycat-Jenny-Bakery-Butter-Cookies-1379790,Copycat Jenny Bakery Butter Cookies,4,2100.0,[Desserts],,"[plain flour, corn starch, butter, powdered sugar]"
Black-Forest-Cookies-1379309,Black Forest Cookies,4,4800.0,[Desserts],,"[unsalted butter, granulated sugar, large eggs, sour cream, pure vanilla extract, almond extract, all-purpose flour, unsweetened cocoa powder, baking powder, baking soda, kosher salt, morello cherries, semisweet chocolate, sweetened condensed milk, instant coffee, vanilla extract]"
Turtle-Cookies-1358284,Turtle Cookies,4,3900.0,[Desserts],,"[flour, cocoa powder, salt, butter, sugar, eggs, egg whites, milk, vanilla, pecans, candy, heavy cream]"
3-Ingredient-Cookie-Butter-Cookies-1351660,3-Ingredient Cookie Butter Cookies,4,900.0,[Desserts],,"[cookie butter, eggs, all-purpose flour]"
Pumpkin-Cookie-Pie-1375327,Pumpkin Cookie Pie,4,900.0,[Desserts],,"[Krusteaz Pie Crust Mix, water, cookie mix, unsalted butter, eggs, white chocolate chips, chopped pecans]"
Soft-Cookies-and-Cream-Cookies-963868,Soft Cookies and Cream Cookies,4,2400.0,[Desserts],,"[all-purpose flour, baking soda, butter, light brown sugar, granulated white sugar, cookies, large eggs, vanilla extract, OREO® Cookies]"
Snowball-Cookies-1323755,Snowball Cookies,4,1800.0,[Desserts],,"[butter, confectioners sugar, vanilla, all-purpose flour, salt, chopped nuts]"
Tropical-Thumbprint-Cookies-1379273,Tropical Thumbprint Cookies,4,1500.0,[Desserts],,"[unsalted butter, light brown sugar, egg yolks, zest, pure vanilla extract, all-purpose flour, kosher salt, egg whites, macadamia nuts, pineapple topping, marshmallows, lime zest]"
Melt-in-Your-Mouth-Pumpkin-Cookies-1363054,Melt-in-Your-Mouth Pumpkin Cookies,4,3300.0,[Desserts],,"[butter, granulated sugar, baking powder, baking soda, salt, ground cinnamon, ground nutmeg, eggs, vanilla, pumpkin, all-purpose flour, brown sugar, milk, powdered sugar]"
Butter-Thumbprint-Cookies-1376123,Butter Thumbprint Cookies,4,1500.0,[Desserts],,"[salted butter, confectioners sugar, vanilla extract, butter flavorings, kosher salt, all-purpose flour, jam]"
Monas-Cream-Cheese-Cookies-1370867,Mona’s Cream Cheese Cookies,4,2100.0,[Desserts],,"[cream cheese, butter, sugar, all purpose unbleached flour, vanilla extract, chopped pecans]"
Apple-Pie-Cookies-1278649,Apple Pie Cookies,4,6300.0,[Desserts],,"[apples, lemon juice, white sugar, brown sugar, corn starch, cinnamon, nutmeg, water, unsalted butter, all-purpose flour, salt, sugar, ice water, refrigerated piecrusts, apple pie filling, caramel sauce, eggs]"
Peppermint-Shortbread-Cookies-1377519,Peppermint Shortbread Cookies,4,1800.0,[Desserts],,"[all-purpose flour, sugar, butter, peppermint, extract, red food coloring]"
Iced-Oatmeal-Cookies-1358731,Iced Oatmeal Cookies,3,1620.0,[Desserts],,"[rolled oats, all-purpose flour, baking powder, baking soda, salt, cinnamon, ground nutmeg, butter, light brown sugar, sugar, large eggs, vanilla extract, confectioners sugar, milk]"
Swedish-Icebox-Cookies-1378028,Swedish Icebox Cookies,4,2400.0,[Desserts],[Swedish],"[butter, powdered sugar, eggs, plain flour, caraway seeds, walnuts, vanilla extract]"
Swedish-Sugar-Cookies-1376173,Swedish Sugar Cookies,3,2400.0,[Desserts],[Swedish],"[sugar, butter, large eggs, vanilla, cream of tartar, baking soda, flour]"
Walnut-Oatmeal-Cookies-1363802,Walnut Oatmeal Cookies,4,2100.0,[Desserts],,"[all-purpose flour, unsalted butter, brown sugar, white sugar, large eggs, oatmeal, chopped walnuts, vanilla extract, baking soda, salt]"
Ned-Ludds-Skillet-Cookie-1377973,Ned Ludd’s Skillet Cookie,3,3300.0,[Desserts],,"[all-purpose flour, baking soda, unsalted butter, white sugar, dark brown sugar, large eggs, salt, vanilla extract, chocolate wafer]"
Date-Night-Cookies-1376796,Date Night Cookies,4,1500.0,[Desserts],,"[almond flour, eggs, honey, coconut oil, coconut sugar, vanilla, baking soda, sea salt, dates, chopped pecans]"
Black-Gold-Cookies-1345899,Black Gold Cookies,4,3900.0,[Desserts],,"[all-purpose flour, baking powder, salt, semisweet chocolate, unsweetened chocolate, unsalted butter, large eggs, granulated sugar, vanilla]"
Tahini-Cookies-1378015,Tahini Cookies,4,2700.0,[Desserts],,"[caster sugar, unsalted butter, tahini paste, vanilla essence, cream, plain flour, ground cinnamon]"
Chocolat-Chip-Oatmeal-Cookies-1369596,Chocolat Chip Oatmeal Cookies,4,1800.0,[Desserts],,"[butter, brown sugar, granulated sugar, large eggs, vanilla extract, baking soda, baking powder, salt, all-purpose flour, old-fashioned oats, chocolate chips]"
FROZEN-inspired-Shortbread-Cookies-with-Gay-Lea-_-Contest-1368698,FROZEN inspired Shortbread Cookies with Gay Lea + Contest,4,2100.0,[Desserts],,"[butter, powdered sugar, peppermint extract, all-purpose flour, salt, candy canes]"
Almond-Butter-Banana-Cookies-1380660,Almond Butter Banana Cookies,4,1140.0,[Desserts],,"[mashed banana, almond butter, quick oats, vanilla extract, salt]"
Jumbo-Chocolate-Chip-Cookies-1374219,Jumbo Chocolate Chip Cookies,4,2400.0,[Desserts],,"[flour, corn starch, baking soda, salt, butter, brown sugar, granulated sugar, eggs, vanilla, chocolate chips]"
Chai-Latte-Snickerdoodle-Cookie-1375114,Chai Latte Snickerdoodle Cookie,4,4800.0,[Desserts],,"[cookies, sugar, chai tea, ground cinnamon, ground ginger, ground allspice, butter, eggs, vanilla, flour, cream of tartar, baking soda, salt, chocolate, chocolate wafer, icing, egg whites, powdered sugar, red food colouring gel]"
Snowball-cookies-369425,Snowball Cookies,5,2100.0,[Desserts],,"[unsalted butter, confectioners sugar, pure vanilla extract, all-purpose flour, chopped pecans, kosher salt, cookies]"
Italian-Anisette-Cookies-1371208,Italian Anisette Cookies,4,2400.0,[Desserts],,"[butter, shortening, granulated sugar, eggs, all-purpose flour, baking powder, salt, anise extract, confectioners sugar, milk]"
Soft-_-Chewy-M_M-Cookies-1354742,Soft & Chewy M&M Cookies,4,1500.0,[Desserts],,"[unsalted butter, brown sugar, granulated sugar, vanilla, large eggs, powdered vanilla pudding mix, all-purpose flour, baking soda, salt, cookies]"
Meltaway-Lemon-Cookies-1364684,Meltaway Lemon Cookies,3,1680.0,[Desserts],,"[all-purpose flour, baking powder, salt, unsalted butter, Dixie Crystals Extra Fine Granulated Sugar, large eggs, lemon, Dixie Crystals Confectioners Powdered Sugar, lemon juice]"
Christmas-Cookies-Funfetti-Cookies-1371911,Christmas Cookies – Funfetti Cookies,4,2100.0,[Desserts],,"[white cake mix, oil, eggs, sprinkles, mini m&ms]"
Salted-Caramel-Molasses-Cookies-1373630,Salted Caramel Molasses Cookies,4,3000.0,[Desserts],,"[unsalted butter, brown sugar, molasses, eggs, vanilla extract, baking soda, salt, cinnamon, ground ginger, ground cloves, ground nutmeg, flour, chocolate candy]"
Buttery-Ginger-Shortbread-Cookies-1353744,Buttery Ginger Shortbread Cookies,3,3300.0,[Desserts],,"[unsalted butter, superfine sugar, vanilla bean paste, candied ginger, fine sea salt, all purpose unbleached flour, granulated sugar]"
Pumpkin-Spice-Hot-Cocoa-Cookies-1376477,Pumpkin Spice Hot Cocoa Cookies,3,1200.0,[Desserts],,"[cookie mix, eggs, unsalted butter, milk, milk chocolate, large marshmallows, ground cinnamon]"
Cookies-and-Cream-Cookies-1073458,Cookies and Cream Cookies,4,2400.0,[Desserts],,"[butter, sugar, brown sugar, eggs, vanilla, all-purpose flour, baking soda, salt, cookies, OREO® Cookies]"
Snickerdoodle-Cookies-1338918,Snickerdoodle Cookies,4,1800.0,[Desserts],,"[all-purpose flour, baking soda, cream of tartar, salt, ground cinnamon, butter, vegetable oil, powdered sugar, granulated sugar, vanilla extract, large eggs]"
Christmas-Sugar-Cookie-Cutouts_-1362707,Christmas Sugar Cookie Cutouts!,4,3000.0,[Desserts],,"[all-purpose flour, baking powder, salt, organic butter, organic sugar, eggs, vanilla]"
Chewy-Sugar-Cookies-1351980,Chewy Sugar Cookies,3,4200.0,"[Desserts, Afternoon Tea]",,"[all-purpose flour, baking powder, kosher salt, unsalted butter, sugar, large eggs, pure vanilla extract]"
Simple-Spiced-Linzer-Cookies-1370246,Simple Spiced Linzer Cookies,4,2820.0,[Desserts],,"[unsalted butter, sugar, vanilla extract, cardamom, all-purpose flour, kosher salt, powdered sugar, strawberry jam]"
Vanilla-Cookies-964625,Vanilla Cookies,4,2700.0,"[Desserts, Afternoon Tea]",,"[all-purpose flour, baking powder, salt, unsalted butter, sugar, eggs, vanilla extract]"
Grain-Free-Sugar-Cookie-Cut-Outs-1377603,Grain-Free Sugar Cookie Cut-Outs,4,3000.0,[Desserts],,"[cashew meal, coconut flour, baking soda, sea salt, coconut oil, raw honey, almond extract]"
Chocolate-Chip-Peanut-Butter-Cookies-1375731,Chocolate Chip Peanut Butter Cookies,4,2400.0,[Desserts],,"[wheat flour, baking powder, salt, large egg whites, vanilla extract, peanut butter, coconut sugar, dark chocolate chip, miniature chocolate chips]"
Eggnog-Thumbprint-Cookies-1374917,Eggnog Thumbprint Cookies,4,1320.0,[Desserts],,"[unsalted butter, granulated sugar, light brown sugar, eggs, vanilla, all-purpose flour, salt, powdered sugar, spiced rum, ground nutmeg]"
Pill-Bottle-Cookies-1363959,Pill Bottle Cookies,4,3600.0,[Desserts],,"[butter, heavy cream, flour, granulated sugar, powdered sugar, vanilla, yolk]"
Salted-Caramel-Apple-Cookies-1373699,Salted Caramel Apple Cookies,3,4200.0,[Desserts],,"[cookie mix, butter, eggs, Gold Medal All Purpose Flour, apple pie spice, apples, chopped pecans, caramels, heavy whipping cream, coarse sea salt]"
Shortbread-Cookies-1171306,Shortbread Cookies,4,1800.0,[Desserts],,"[butter, eggs, vanilla extract, sugar, all-purpose flour, chocolate chip cookies, M&M's Candy]"
Snickerdoodle-Cookies-1378835,Snickerdoodle Cookies,4,1800.0,[Desserts],,"[butter, sugar, large eggs, flour, cream of tartar, baking soda, salt, cinnamon]"
Pumpkin-Cookies-1341699,Pumpkin Cookies,4,1080.0,[Desserts],,"[flour, baking soda, baking powder, pumpkin pie spice, cinnamon, salt, butter, granulated sugar, pumpkin, eggs, vanilla, confectioners sugar]"
Pumpkin-Cookie-Butter-Dip-1378518,Pumpkin Cookie Butter Dip,4,1500.0,[Appetizers],,"[cream cheese, cookie butter, brown sugar, pumpkin purée, vanilla extract, cinnamon, nutmeg, allspice, salt]"
Slutty-Brownie-Cookies-1377386,Slutty Brownie Cookies,4,,,,"[all-purpose flour, cocoa powder, baking soda, corn starch, salt, unsalted butter, sugar, eggs, vanilla, chocolate extract, strong black coffee, chocolate, mini chocolate chips, chocolate chip cookies, OREO® Cookies]"
Candida-Killing-Cinnamon-Cookies-1375518,Candida Killing Cinnamon Cookies,4,960.0,[Desserts],,"[coconut oil, almonds, xylitol sweetener, large eggs, baking soda, baking powder, pink salt, pure vanilla extract, cinnamon, coconut flour]"
Peppermint-Fudge-Thumbprint-Cookies-1377563,Peppermint Fudge Thumbprint Cookies,4,2700.0,[Desserts],,"[butter, white sugar, egg yolks, flour, candy canes, mint extract, heavy whipping cream, semi-sweet chocolate morsels]"
Tea-Cup-Cookies-1375550,Tea Cup Cookies,4,1800.0,[Desserts],,"[biscuits, chocolate, marshmallows, peppermint, icing, sprinkles]"
Mint-Chocolate-Shamrock-Cookies-1380496,Mint Chocolate Shamrock Cookies,4,3600.0,[Desserts],,"[butter, brown sugar, water, semi-sweet chocolate morsels, eggs, flour, baking soda, salt]"
Grandma_s-Shortbread-Cookies-_Cookie-Press_-1354834,Grandma's Shortbread Cookies (Cookie Press),4,1500.0,[Desserts],,"[butter, vanilla, powdered sugar, corn starch, salt, all-purpose flour]"
Thumbprint-Snowman-Cookies-1371539,Thumbprint Snowman Cookies,4,3300.0,"[Afternoon Tea, Desserts]",,"[butter, granulated sugar, brown sugar, baking powder, salt, eggs, milk, vanilla, all-purpose flour, icing, powdered sugar, almond extract, food colouring]"
Muesli-Breakfast-Cookies-1365962,Muesli Breakfast Cookies,4,1500.0,[Breakfast and Brunch],,"[coconut oil, light brown sugar, eggs, muesli, sweetened coconut]"
Dutch-Apple-Pie-Cookies-1365489,Dutch Apple Pie Cookies,4,3000.0,"[Afternoon Tea, Desserts]",,"[pie dough, granny smith apples, granulated sugar, ground cinnamon, lemon juice, corn starch, all-purpose flour, brown sugar, old-fashioned oats, salt, butter]"
Honey-Sesame-Cookies-1366537,Honey Sesame Cookies,4,2700.0,[Desserts],,"[eggs, flour, butter, honey, sugar, vanilla extract, baking powder, sesame seeds]"
Italian-Wedding-Cookie-1366832,Italian Wedding Cookie,4,2700.0,[Desserts],,"[unsalted butter, powdered sugar, salt, ground almonds, vanilla extract, all-purpose flour]"
Easy-Iced-Oatmeal-Cardamom-Cookies-1376469,Easy Iced Oatmeal-Cardamom Cookies,3,2100.0,[Desserts],,"[Betty Crocker™ oatmeal cookie mix, butter, eggs, water, ground cardamom, butterscotch topping, milk, ground cinnamon, vanilla, powdered sugar]"
Almond-Joy-Cookies-1376362,Almond Joy Cookies,3,2100.0,[Desserts],,"[butter, granulated sugar, eggs, vanilla, flour, baking soda, salt, semi-sweet chocolate morsels, sweetened coconut flakes, slivered almonds]"
Chocolate-Peppermint-Cookies-1363031,Chocolate Peppermint Cookies,4,2400.0,"[Desserts, Afternoon Tea]",,"[all-purpose flour, unsweetened cocoa powder, baking soda, salt, unsalted butter, sugar, eggs, vanilla, M&M's Candy, semi-sweet chocolate morsels]"
Mascarpone-Oreo-Snowflake-Cookies-966393,Mascarpone Oreo Snowflake Cookies,4,2400.0,[Desserts],,"[butter, mascarpone, sugar, egg yolks, flour, vanilla, OREO® Cookies]"
Eggless-Custard-Cookies-1370113,Eggless Custard Cookies,4,2400.0,[Desserts],,"[unsalted butter, all-purpose flour, powdered sugar, custard powder, pure vanilla extract]"
Funfetti-Cake-Batter-Cookies-1362082,Funfetti Cake Batter Cookies,4,1800.0,[Desserts],,"[vanilla cake mix, baking powder, eggs, vegetable oil, vanilla extract, sprinkles]"
Chewy-Gingerbread-Cookies-1323745,Chewy Gingerbread Cookies,4,3300.0,[Desserts],,"[unsalted butter, brown sugar, large eggs, molasses, all-purpose flour, baking soda, kosher salt, ground ginger, ground cinnamon, ground cloves, ground nutmeg, ground allspice, granulated white sugar]"
Cranberry-Cookies-1358206,Cranberry Cookies,4,3600.0,[Desserts],,"[butter, sugar, brown sugar, eggs, milk, all-purpose flour, baking powder, salt, fresh cranberries, chopped walnuts]"
Almond-Raspberry-Shortbread-Thumbprint-Cookies-1362463,Almond Raspberry Shortbread Thumbprint Cookies,4,2100.0,[Desserts],,"[sugar, butter, almond extract, flour, seedless raspberry jam, powdered sugar, milk]"
Peanut-Butter-Chocolate-Chip-Cookies-1330643,Peanut Butter Chocolate Chip Cookies,4,1800.0,[Desserts],,"[sugar, peanut butter, eggs, vanilla, baking soda, salt, chocolate chip cookies]"
Peppermint-Cheesecake-Cookies-1376322,Peppermint Cheesecake Cookies,4,3000.0,[Desserts],,"[butter, sugar, large eggs, vanilla, instant pudding mix, flour, salt, baking powder, baking soda, cream of tartar, baking chips]"
Honey-Peanut-Butter-_-Coconut-Cookies-1365227,Honey Peanut Butter & Coconut Cookies,4,1200.0,[Desserts],,"[creamy peanut butter, maple syrup, honey, vanilla, oat flour, baking soda, dried coconut flakes]"
Super-Soft-Chocolate-Chip-Cookies-1313717,Super Soft Chocolate Chip Cookies,4,3000.0,[Desserts],,"[butter, sugar, brown sugar, vanilla, eggs, flour, baking soda, salt, chocolate chips]"
Gluten-Free-Minty-Sugar-Cookies-1372491,Gluten Free Minty Sugar Cookies,4,1800.0,[Desserts],,"[flour, salt, baking powder, sugar, large eggs, melted butter, vanilla, peppermint extract, peppermint pattie, sprinkles]"
Caramel-Chocolate-Cranberry-Treasure-Cookies-1380419,Caramel Chocolate Cranberry Treasure Cookies,4,1500.0,[Desserts],,"[graham cracker crumbs, all-purpose flour, baking powder, sweetened condensed milk, butter, flaked coconut, dark chocolate chip, pecans, dried cranberries, vanilla extract, chopped pecans]"
50-Cookie-Exchange-Recipes---It_s-me_-debcb_-1370030,"50 Cookie Exchange Recipes - It's me, debcb!",3,3600.0,[Desserts],,"[butter, white sugar, eggs, vanilla extract, all-purpose flour, baking powder, salt]"
Chocolate-Chip-Cookie-Bars-1364446,Chocolate Chip Cookie Bars,4,2700.0,[Desserts],,"[flour, baking powder, salt, butter, firmly packed brown sugar, eggs, vanilla, chocolate chips]"
Low-Carb-Apple-Spice-Cookies-1377580,Low Carb Apple Spice Cookies,4,780.0,[Desserts],,"[eggs, pecans, coconut, dried apple, mixed spice, vanilla extract, liquid stevia]"
Gingerbread-Cookies-1378257,Gingerbread Cookies,4,3300.0,[Desserts],,"[butter, dark brown sugar, dark molasses, large eggs, baking soda, ground cinnamon, ground ginger, ground nutmeg, ground cloves, freshly ground pepper, salt, all-purpose flour]"
World-Peace-Cookies-1348960,World Peace Cookies,3,3300.0,"[Desserts, Afternoon Tea]",,"[all-purpose flour, unsweetened cocoa powder, baking soda, unsalted butter, golden brown sugar, sugar, vanilla extract, fine sea salt, bittersweet chocolate]"
Double-fudge-oreo-crunch-cookies-333550,Double Fudge Oreo Crunch Cookies,5,2400.0,[Desserts],,"[butter, sugar, eggs, vanilla, flour, cocoa powder, baking soda, salt, chocolate chips, OREO® Cookies]"
Thumbprint-Cookies-with-Jam-1377282,Thumbprint Cookies with Jam,4,2400.0,[Desserts],,"[unsalted butter, vegetable shortening, sugar, brown sugar, large egg yolks, vanilla extract, flour, salt, jam]"
Crispy-Butter-Cookies-1343474,Crispy Butter Cookies,3,1500.0,,,"[butter, white sugar, eggs, all-purpose flour, salt, vanilla extract]"
Baklava-Cookies-1032957,Baklava Cookies,4,1320.0,[Desserts],,"[butter, powdered sugar, honey, walnuts, cinnamon, refrigerated sugar cookie dough]"
Pecan-Raisin-Cookies-1378223,Pecan Raisin Cookies,4,900.0,[Desserts],,"[butter, sugar, brown sugar, eggs, vanilla extract, all-purpose flour, baking soda, salt, raisins, pecans]"
Pecan-Raisin-Cookies-1378146,Pecan Raisin Cookies,4,900.0,[Desserts],,"[butter, sugar, brown sugar, eggs, vanilla extract, all-purpose flour, baking soda, salt, raisins, pecans]"
Cake-Batter-Christmas-Cookies-1378970,Cake Batter Christmas Cookies,4,900.0,[Desserts],,"[vanilla cake mix, baking powder, eggs, vegetable oil, vanilla extract, sprinkles]"
Apple-And-Oatmeal-Cookies-1378918,Apple And Oatmeal Cookies,4,2400.0,[Desserts],,"[unsalted butter, caster sugar, eggs, vanilla, all-purpose flour, salt, ground cinnamon, soda, apples, rolled oats]"
GF-Linzer-Torte-Cookies-1373469,GF Linzer Torte Cookies,4,3600.0,[Desserts],,"[blanched almond flour, honey, eggs, vanilla extract, almond extract, unsalted butter, applesauce, baking soda, sea salt, jam, chia seeds]"
Grannys-Sugar-Cookies-1368174,Granny’s Sugar Cookies,4,900.0,[Desserts],,"[sugar, butter, large eggs, vanilla extract, all-purpose flour, salt, baking soda, cream of tartar, powdered sugar, food colouring, colored sprinkles]"
Hot-Chocolate-Cookies-1362982,Hot Chocolate Cookies,3,2400.0,[Desserts],,"[chocolate chip cookie mix, butter, eggs, marshmallows, instant cocoa mix, powdered sugar]"
Funfetti-Sugar-Cookie-Bars-1341927,Funfetti Sugar Cookie Bars,4,1800.0,[Desserts],,"[butter, brown sugar, sugar, eggs, vanilla extract, flour, baking powder, salt, colored sprinkles, powdered sugar, heavy cream, sprinkles]"
Girl-Scout-Cookie-Fudge-1367788,Girl Scout Cookie Fudge,4,2400.0,[Desserts],,"[milk chocolate chips, sweetened condensed milk, cookies, vanilla, butter]"
Pumpkin-Cheesecake-Cookies-1380187,Pumpkin Cheesecake Cookies,4,1620.0,[Desserts],,"[graham crackers, all-purpose flour, baking powder, unsalted butter, light brown sugar, large eggs, cream cheese, large egg yolks, pumpkin purée, sugar, vanilla extract, pumpkin pie spice, whipped cream]"
Evelyns-Christmas-Cookies-1332404,Evelyn’s Christmas Cookies,3,1800.0,[Desserts],,"[unsalted butter, granulated sugar, large egg yolks, vanilla extract, all-purpose flour, currant jelly]"
Brown-Sugar-Oatmeal-Cookies-1363410,Brown Sugar-Oatmeal Cookies,3,3300.0,[Desserts],,"[brown sugar, butter, vanilla, eggs, Gold Medal All Purpose Flour, Gold Medal Whole Wheat Flour, baking powder, old-fashioned oats]"
Forgotten-Meringue-Cookies-1340422,Forgotten Meringue Cookies,4,2700.0,[Desserts],,"[egg whites, salt, sugar, vanilla, semi-sweet chocolate morsels]"
Christmas-Coconut-Snowball-Cookies-1317272,Christmas Coconut Snowball Cookies,4,2400.0,[Desserts],,"[butter, powdered sugar, salt, vanilla extract, corn starch, all-purpose flour, coconut]"
Bakery-Style-Chocolate-Chip-Cookies-1379752,Bakery Style Chocolate Chip Cookies,4,1800.0,[Desserts],,"[all-purpose flour, baking soda, butter, shortening, firmly packed brown sugar, vanilla, large eggs, semi-sweet chocolate morsels]"
Banana-Drop-Cookies-1328469,Banana Drop Cookies,4,2280.0,[Desserts],,"[sugar, butter, vanilla, bananas, eggs, flour, baking powder, baking soda, salt, cinnamon]"
Donut-Hole-Cookies-Once-Upon-A-Chef-200034,Donut Hole Cookies,5,2400.0,[Desserts],,"[all-purpose flour, ground nutmeg, baking powder, salt, unsalted butter, sugar, large eggs, vanilla extract, cinnamon]"
Nutella-Hazelnut-Cookies-1365094,Nutella-Hazelnut Cookies,4,9000.0,"[Desserts, Afternoon Tea]",,"[all-purpose flour, baking powder, salt, Nutella, unsalted butter, granulated sugar, eggs, vanilla extract, instant espresso powder, milk, hazelnuts, powdered sugar]"
Secret-Ingredient-Chocolate-Chip-Cookies-1378335,Secret Ingredient Chocolate Chip Cookies,3,7200.0,[Desserts],,"[all-purpose flour, baking soda, salt, unsalted butter, cream cheese, sugar, light brown sugar, vanilla extract, large eggs, semi-sweet chocolate morsels]"
No-Chill-Vegan-Sugar-Cookies-1357386,No-Chill Vegan Sugar Cookies,4,2400.0,[Desserts],,"[all purpose unbleached flour, baking powder, salt, palm oil, cane sugar, vanilla, rice milk, sugar]"
Gingerbread-Cheesecake-Cookie-Cups-1378109,Gingerbread Cheesecake Cookie Cups,4,3600.0,[Desserts],,"[cookies, butter, brown sugar, eggs, molasses, all-purpose flour, ground ginger, cinnamon, nutmeg, clove, baking soda, corn starch, cheesecake, cream cheese, powdered sugar, ground cinnamon]"
Cookies-and-Cream-Cookies-1171404,Cookies and Cream Cookies,4,900.0,[Desserts],,"[all-purpose flour, baking soda, salt, light brown sugar, granulated sugar, butter, large eggs, vanilla extract, chocolate sandwich cookies]"
Crumb-Cookies-1350485,Crumb Cookies,4,1080.0,[Desserts],,"[unsalted butter, all-purpose flour, brown sugar, rolled oats]"
Copycat-Lime-Cooler-Cookies-1067275,Copycat Lime Cooler Cookies,4,1260.0,[Desserts],,"[butter, powdered sugar, all-purpose flour, corn starch, lime zest, key lime juice, vanilla extract]"
Diwali-Cardamom-Pistachio-and-Almond-Cookies-1372076,Diwali Cardamom Pistachio and Almond Cookies,4,2700.0,[Desserts],,"[butter, granulated sugar, lemon juice, ground cardamom, salt, all-purpose flour, chopped almonds, pistachios]"
The-easiest-Brownie-Cookies-in-the-world-1372551,The easiest Brownie Cookies in the world,4,1500.0,[Desserts],,"[butter, chocolate chips, eggs, sugar, cocoa powder, flour]"
Gingerbread-Cookie-Smoothie-1359945,Gingerbread Cookie Smoothie,4,300.0,[Beverages],,"[bananas, plain greek yogurt, protein powder, oats, molasses, cinnamon, ground ginger, vanilla, nutmeg, ground cloves, salt, ice]"
Cinnamon-Dusted-Orange-Icebox-Cookies-1380344,Cinnamon Dusted Orange Icebox Cookies,4,3300.0,[Desserts],,"[cookies, all-purpose flour, fine sea salt, unsalted butter, granulated sugar, orange, powdered sugar, egg yolks, vanilla, orange extract, cinnamon]"
Chocolate-Chip-S_mores-Cookies-1378740,Chocolate Chip S'mores Cookies,4,3300.0,"[Desserts, Afternoon Tea]",,"[graham cracker crumbs, all-purpose flour, baking soda, salt, unsalted butter, brown sugar, sugar, large eggs, vanilla, semi-sweet chocolate morsels, mini marshmallows]"
Butter-Pecan-Cookies-for-Tea-Time-1350544,Butter Pecan Cookies for Tea Time,4,900.0,[Desserts],,"[pecans, unsalted butter, sugar, pure vanilla extract, fine sea salt, all-purpose flour]"
Almond-Flour-Sugar-Cookies-1380064,Almond Flour Sugar Cookies,4,2700.0,[Desserts],,"[blanched almond flour, Himalayan salt, baking soda, coconut oil, pure maple syrup, milk, vanilla, powdered sugar, cookies]"
Molasses-Cookies-1376282,Molasses Cookies,4,3000.0,[Desserts],,"[granulated sugar, all-purpose flour, baking soda, ground cinnamon, ground ginger, ground cloves, ground allspice, black pepper, salt, unsalted butter, dark brown sugar, large egg yolks, vanilla, dark molasses]"
Old-Fashioned-Oatmeal-Cookies-1366070,Old Fashioned Oatmeal Cookies,4,4200.0,[Desserts],,"[unsalted butter, white sugar, brown sugar, eggs, vanilla, all-purpose flour, baking soda, salt, ground cinnamon, golden raisins, rolled oats]"
Gingerbread-Cookies-1360281,Gingerbread Cookies,4,1800.0,[Desserts],,"[butter, butter flavor shortening, white sugar, eggs, vanilla, molasses, all-purpose flour, baking soda, ground cinnamon, ground ginger, ground cloves, salt]"
Chewy-BUTTERFINGER-Sugar-Cookies-1361094,Chewy BUTTERFINGER® Sugar Cookies,4,1320.0,[Desserts],,"[butterfinger, unsalted butter, sugar, eggs, vanilla, flour, baking powder, salt]"
The-Perfect-Sugar-Cookie-for-Cutouts-1356593,The Perfect Sugar Cookie for Cutouts,4,3000.0,[Desserts],,"[butter, sugar, sea salt, eggs, vanilla extract, all-purpose flour, corn starch, nutmeg, sour cream]"
Soft-Peanut-Butter-Cookies-1334186,Soft Peanut Butter Cookies,4,2700.0,[Desserts],,"[brown sugar, sugar, butter, eggs, peanut butter, vanilla extract, baking soda, salt, flour]"
Filled-Cookies-1369122,Filled Cookies,4,4500.0,[Desserts],,"[coconut oil, sugar, eggs, vanilla extract, gluten-free flour, baking soda, cream of tartar, coconut milk, golden raisins, crushed pineapples in juice, starch, tapioca, water]"
Low-Carb-Gingerbread-Cookies-1380539,Low Carb Gingerbread Cookies,4,2400.0,[Desserts],,"[cream cheese, butter, coconut flour, Swerve Sweetener, mixed spice, vanilla extract]"
Chewy-Molasses-Cookies-1360406,Chewy Molasses Cookies,4,4200.0,[Desserts],,"[shortening, brown sugar, white sugar, large eggs, molasses, Pam Cooking Spray, all-purpose flour, salt, baking soda, ground ginger, allspice, ground cinnamon, nutmeg]"
Cookie-Butter-Cookie-Cupcakes-1351327,Cookie Butter Cookie Cupcakes,4,1200.0,[Desserts],,"[frosting, butter, powdered sugar, butter cookies, cookie butter, vanilla, milk, fresh lemon]"
Chocolate-Chip-Peanut-Butter-Cookies-1377287,Chocolate Chip Peanut Butter Cookies,4,1800.0,[Desserts],,"[creamy peanut butter, firmly packed brown sugar, large eggs, water, almond extract, all-purpose flour, baking soda, salt, semi-sweet chocolate morsels]"
Gooey-Butter-Cake-Cookies-1371683,Gooey Butter Cake Cookies,4,3540.0,[Desserts],,"[cream cheese, unsalted butter, granulated sugar, vanilla extract, large eggs, all-purpose flour, baking powder, fine salt, powdered sugar]"
Oatmeal-Cookie-Protein-Smoothie-1363043,Oatmeal Cookie Protein Smoothie,3,600.0,[Beverages],,"[Silk Unsweetened Original Almondmilk, rolled oats, vanilla extract, maple syrup, sea salt, ice]"
Oatmeal-and-Raisin-Cookies-1367327,Oatmeal and Raisin Cookies,3,2100.0,[Desserts],,"[butter, caster sugar, carnation condensed milk, oats, self rising flour, cinnamon, raisins]"
Chocolate-Cherry-Chip-Cookies-1380060,Chocolate Cherry Chip Cookies,4,1800.0,[Desserts],,"[butter, white sugar, brown sugar, large eggs, vanilla extract, salt, all-purpose flour, corn starch, baking soda, espresso powder, chocolate chips, dried cherry]"
Orange_-Almond-and-Dark-Chocolate-Crinkle-Cookies-1368667,"Orange, Almond and Dark Chocolate Crinkle Cookies",4,3600.0,"[Desserts, Afternoon Tea]",,"[all-purpose flour, unsweetened cocoa powder, baking powder, fine sea salt, dark chocolate, unsalted butter, Nutella, large eggs, granulated sugar, almond extract, orange zest, orange juice, confectioners sugar]"
Snowball-Cookie-1369226,Snowball Cookie,4,3300.0,[Desserts],,"[butter, granulated sugar, flour, chopped nuts, vanilla extract, salt, powdered sugar]"
Butter-Cookies-1112755,Butter Cookies,3,3900.0,[Desserts],,"[all-purpose flour, butter, white sugar, eggs, almond extract]"
Chocolate-Chip-Toffee-Coffee-Cookies-1377950,Chocolate Chip Toffee Coffee Cookies,4,1500.0,"[Desserts, Afternoon Tea]",,"[all-purpose flour, baking soda, salt, unsalted butter, brown sugar, granulated sugar, vanilla extract, brewed coffee, large eggs, semi-sweet chocolate morsels, toffee bits]"
Thanksgiving-Surprise-Inside-Cookies-1370318,Thanksgiving Surprise Inside Cookies,4,4800.0,[Desserts],,"[butter, granulated sugar, eggs, vanilla bean paste, all-purpose flour, chocolate, orange, sprinkles]"
The-Best-Chewy-Chocolate-Chip-Cookies-1367428,The Best Chewy Chocolate Chip Cookies,4,1680.0,[Desserts],,"[salted butter, granulated sugar, brown sugar, vanilla, eggs, all-purpose flour, baking soda, sea salt, chocolate chips]"
Nutjammer-Cookies-1373614,Nutjammer Cookies,3,1800.0,[Desserts],,"[butter, cream cheese, all-purpose flour, baking powder, honey, eggs, water, powdered sugar, chopped walnuts, apricots, chop fine pecan, sugar, melted butter, ground cinnamon]"
Coconut-Butter-Cookies-1356043,Coconut Butter Cookies,4,1800.0,[Desserts],,"[butter, cake flour, dry coconut, powdered sugar, eggs, vanilla extract]"
Hot-Chocolate-Cookies-1357551,Hot Chocolate Cookies,4,1200.0,[Desserts],,"[butter, shortening, sugar, brown sugar, eggs, vanilla, flour, salt, baking soda, chocolate chips, hot chocolate mix, mini marshmallows]"
Butter-Cookies-1046662,Butter Cookies,4,3600.0,[Desserts],,"[butter, confectioners sugar, eggs, all-purpose flour, salt]"
Christmas-Cookies-In-A-Jar-1368097,Christmas Cookies In A Jar,4,1500.0,[Desserts],,"[flour, baking soda, baking powder, salt, brown sugar, sugar, M&M's Candy, chocolate chips, oil, butter, eggs, vanilla]"
Peppermint-Checkerboard-Sandwich-Cookies-1380335,Peppermint Checkerboard Sandwich Cookies,4,4800.0,[Desserts],,"[unsalted butter, granulated sugar, eggs, vanilla extract, almond extract, all-purpose flour, salt, food colouring, butter, confectioners sugar, peppermint extract, milk]"
Oatmeal-and-Chocolate-Cookies-I-Adore-Food-55270,Oatmeal and Chocolate Cookies,5,,[Desserts],[Kid-Friendly],"[butter, brown sugar, white sugar, eggs, vanilla extract, all-purpose flour, baking soda, quick oats, chocolate chips]"
Peppermint-Butter-Cookies-1376567,Peppermint Butter Cookies,4,1320.0,[Desserts],,"[all-purpose flour, baking powder, baking soda, salt, butter, sugar, eggs, peppermint extract, sour cream, powdered sugar, heavy cream, candy canes]"
Irresistible-Peanut-Butter-Cookies-1331027,Irresistible Peanut Butter Cookies,3,2640.0,[Desserts],,"[Jif Creamy Peanut Butter, crisco, firmly packed brown sugar, milk, vanilla extract, large eggs, all-purpose flour, baking soda, salt]"
Chocolate-Cut-Out-Cookies-1368908,Chocolate Cut-Out Cookies,4,2400.0,[Desserts],,"[unsalted butter, sugar, eggs, vanilla, cocoa, coarse salt, all-purpose flour]"
Cookies-and-Cream-Frosting-1338399,Cookies and Cream Frosting,4,600.0,[Desserts],,"[powdered sugar, salted butter, vanilla extract, whipping cream, OREO® Cookies]"
Loaded-Oatmeal-Cookies-1364067,Loaded Oatmeal Cookies,4,720.0,[Desserts],,"[slivered almonds, semi-sweet chocolate morsels, dried tart cherries, flour, baking powder, baking soda, salt, bittersweet chocolate, butter, sugar, dark brown sugar, vanilla extract, eggs, old-fashioned oats]"
Chocolate-Oatmeal-Cookies-1377279,Chocolate Oatmeal Cookies,4,2700.0,[Desserts],,"[rolled oats, semi-sweet chocolate morsels, all-purpose flour, unsalted butter, brown sugar, sugar, large eggs, unsweetened cocoa powder, vegetable oil, vanilla extract, baking soda, salt]"
Sugar-Cookies-1302466,Sugar Cookies,4,3000.0,[Desserts],,"[unsalted butter, granulated sugar, large eggs, pure vanilla extract, almond extract, all-purpose flour, salt]"
Pecan-Pumpkin-Spice-Cookies-1364572,Pecan Pumpkin Spice Cookies,4,3000.0,[Desserts],,"[butter, sugar, eggs, vanilla, all-purpose flour, baking powder, salt, chopped pecans, pumpkin pie spice]"
Oatmeal-Pumpkin-Spice-Cookies-1371199,Oatmeal Pumpkin Spice Cookies,3,1620.0,[Desserts],,"[all-purpose flour, quick oats, baking soda, baking powder, salt, ground cinnamon, ground nutmeg, butter, brown sugar, granulated sugar, pure pumpkin, morsels]"
Chocolate-Chip-Cookies-1366421,Chocolate Chip Cookies,3,1500.0,[Desserts],,"[margarine, sugar, brown sugar, soy, vanilla, salt, flour, baking soda, semi-sweet chocolate morsels]"
Brownie-Cookies-1357192,Brownie Cookies,4,1800.0,[Desserts],,"[brownie mix, butter, eggs, instant coffee, cinnamon, vanilla extract, chocolate chips, walnut pieces]"
Cinnamon-Roll-Cookies-1062203,Cinnamon Roll Cookies,3,1620.0,[Desserts],,"[cookie dough, unsalted butter, brown sugar, cinnamon, confectioners sugar, milk]"
Glazed-Lemon-Cookies-1351981,Glazed Lemon Cookies,3,6300.0,"[Desserts, Afternoon Tea]",,"[unsalted butter, granulated sugar, large egg yolks, pure vanilla extract, kosher salt, all-purpose flour, confectioners sugar, fresh lemon juice, grated lemon zest]"
Chewy-Coconut-Cookies-1344406,Chewy Coconut Cookies,4,2100.0,[Desserts],,"[all-purpose flour, baking soda, salt, butter, brown sugar, white sugar, eggs, vanilla extract, flaked coconut]"
Caramel-Macchiato-Cookies-1378700,Caramel Macchiato Cookies,4,3900.0,[Desserts],,"[all-purpose flour, baking powder, espresso powder, Dutch-processed cocoa powder, salt, unsalted butter, light brown sugar, sweetened condensed milk, dulce de leche]"
Coal-Cookies-1364778,Coal Cookies,4,2400.0,[Desserts],,"[salted butter, powdered sugar, dark chocolate cocoa powder, oil, eggs, vanilla extract, all-purpose flour, baking powder, salt]"
Keto-Walnut-Cookies-1372690,Keto Walnut Cookies,4,1080.0,[Desserts],,"[butter, large eggs, almond flour, erythritol, chopped walnuts, baking soda]"
Perfect-Vegan-Gingerbread-Cookies-1374225,Perfect Vegan Gingerbread Cookies,4,7800.0,[Desserts],,"[whole wheat flour, all purpose unbleached flour, baking powder, baking soda, cinnamon, ginger, nutmeg, clove, coconut oil, cane sugar, water, molasses, vanilla]"
Classic-Christmas-Sugar-Cookies-1359821,Classic Christmas Sugar Cookies,4,2700.0,[Desserts],,"[eggs, butter flavor shortening, vanilla, baking powder, all-purpose flour, sugar, color food green]"
Frosted-Sugar-Cookie-Bars-1370720,Frosted Sugar Cookie Bars,4,2100.0,[Desserts],,"[all-purpose flour, baking powder, salt, unsalted butter, granulated sugar, eggs, vanilla extract, powdered sugar, milk, food colouring, sprinkles]"
Gingersnap-Cookies-1370727,Gingersnap Cookies,4,3000.0,[Desserts],,"[unsalted butter, sugar, large eggs, molasses, flour, baking soda, ground cinnamon, ground cloves, ground ginger]"
Lemon-Sugar-Cookies-631370,Lemon Sugar Cookies,3,1320.0,"[Desserts, Afternoon Tea]",,"[butter, granulated sugar, eggs, all-purpose flour, baking powder, kosher salt, vanilla, lemon, sugar]"
Old-Fashioned-Oatmeal-Raisin-Cookies-1366062,Old-Fashioned Oatmeal-Raisin Cookies,3,3600.0,[Desserts],,"[sugar, butter, molasses, eggs, quick-cooking oats, Gold Medal All Purpose Flour, baking soda, ground cinnamon, salt, raisins]"
Peppermint-Hot-Cocoa-Cookie-Cups-1375258,Peppermint Hot Cocoa Cookie Cups,4,1800.0,[Desserts],,"[unsalted butter, eggs, sugar, brown sugar, vanilla, cocoa, baking soda, baking powder, salt, flour, minted, Hersheys Semi-Sweet Chocolate Chips, marshmallows]"
Kentucky-Butter-Cookies-with-Bourbon-Glaze-1363926,Kentucky Butter Cookies with Bourbon Glaze,4,1800.0,[Desserts],,"[cookies, unsalted butter, sugar, eggs, vanilla, baking powder, salt, flour, glaze, bourbon whiskey, crushed peppermint candy]"
Coconut-Ginger-Cookies-1375515,Coconut Ginger Cookies,3,2700.0,[Desserts],,"[coconut flour, hemp seeds, salt, egg whites, coconut milk, stevia, fresh ginger]"
Salted-mudslide-cookies-333569,Salted Mudslide Cookies,5,3300.0,[Desserts],,"[all-purpose flour, baking soda, dark chocolate cocoa powder, instant coffee, sea salt, unsalted butter, brown sugar, sugar, eggs, vanilla extract, coffee liqueur, chocolate chunks]"
_Cinnamon-Roll-Crescent-Cookies_-1367730,~Cinnamon Roll Crescent Cookies!,4,1200.0,[Desserts],,"[rolls, cinnamon sugar, butter-margarine blend, cream cheese, powdered sugar, milk]"
Crinkle-Spice-Pumpkin-Cookies-1365089,Crinkle Spice Pumpkin Cookies,4,2100.0,[Desserts],,"[spice cake mix, butter, large eggs, pumpkin pie spice, pumpkin purée, pecans, powdered sugar, corn starch, yellow food coloring]"
Healthy-No-Bake-No-Heat-Cookies-1357051,Healthy No Bake No Heat Cookies,4,3000.0,[Desserts],,"[natural peanut butter, coconut oil, honey, vanilla, rolled oats, cocoa]"
Chocolate-Cut-Out-Cookies-1358314,Chocolate Cut Out Cookies,4,2700.0,[Desserts],,"[all-purpose flour, baking powder, salted butter, sugar, eggs, vanilla extract, unsweetened cocoa powder]"
Cake-Mix-Christmas-Sugar-Cookies-1377333,Cake Mix Christmas Sugar Cookies,4,1800.0,[Desserts],,"[white cake mix, large egg whites, oil, frosting, sprinkles]"
Chewy-Oatmeal-Raisin-Cookies_-1362709,Chewy Oatmeal Raisin Cookies!,4,2400.0,[Desserts],,"[all-purpose flour, baking soda, salt, ceylon cinnamon, vanilla, nutmeg, organic butter, eggs, oats, organic sugar, raisins]"
Lemon-Thumbprint-Cookies-_Recipe_-1365948,Lemon Thumbprint Cookies {Recipe},4,4200.0,"[Desserts, Afternoon Tea]",,"[unsalted butter, powdered sugar, sugar, eggs, lemon zest, fresh lemon juice, vanilla, baking powder, all-purpose flour, lemon curd]"
5-Ingredient-Oreo-Cheesecake-Cookies-633168,5 Ingredient Oreo Cheesecake Cookies,3,4200.0,[Desserts],,"[cream cheese, salted butter, sugar, all-purpose flour, OREO® Cookies]"
Funfetti-Sandwich-Cookies-1368101,Funfetti Sandwich Cookies,4,1800.0,[Desserts],,"[cake mix, egg whites, oil, sprinkles, buttercream frosting]"
Bachelor-Button-Cookies-1377864,Bachelor Button Cookies,4,480.0,[Desserts],,"[butter, brown sugar, eggs, vanilla, bread flour, soda, salt, coconut, brazil nuts, candied cherries]"
No-Bake-Dark-Chocolate-Muesli-Cookie-1379812,No Bake Dark Chocolate Muesli Cookie,4,2100.0,[Desserts],,"[dark chocolate chunks, milk, nuts, dark chocolate cocoa powder]"
Spiced-Sugar-Cookies-With-Maple-Icing-_Vegan_-1372427,Spiced Sugar Cookies With Maple Icing [Vegan],3,2400.0,[Desserts],,"[flour, sugar, baking soda, nutmeg, cinnamon, allspice, vegan butter, vanilla extract, water, non dairy milk, maple syrup]"
White-Chocolate-Cherry-Shortbread-Cookies-1380006,White Chocolate Cherry Shortbread Cookies,4,3900.0,[Desserts],,"[cocktail cherries, all-purpose flour, sugar, butter, cocoa butter, white chocolate, almond extract, red food coloring, shortening, edible glitter, nonpareils]"
Cookies-and-Cream-Cookies-627325,Cookies and Cream Cookies,3,2400.0,[Desserts],,"[butter, sugar, brown sugar, eggs, vanilla, all-purpose flour, baking soda, salt, cookies, OREO® Cookies]"
Pecan-Pie-Cookies-1351158,Pecan Pie Cookies,4,2100.0,"[Desserts, Afternoon Tea]",,"[light brown sugar, unsalted butter, eggs, vanilla extract, all-purpose flour, baking powder, heavy cream, pecans]"
Korova-Cookies-1366414,Korova Cookies,4,3600.0,[Desserts],,"[all-purpose flour, cocoa powder, baking soda, margarine, dark brown sugar, granulated sugar, salt, vanilla extract, bittersweet chocolate]"
Nutella-Lava-Cookies-1334819,Nutella Lava Cookies,4,9120.0,[Desserts],,"[all-purpose flour, corn starch, baking soda, sea salt, granulated sugar, brown sugar, eggs, butter, vanilla, unsweetened cocoa powder, Nutella, semi-sweet chocolate morsels]"
The-Good-Dinosaur-Cookies-Recipe-_-_200-Fandango-Giveaway_-1368461,The Good Dinosaur Cookies Recipe + $200 Fandango Giveaway!,3,3000.0,[Desserts],,"[all-purpose flour, salt, baking powder, unsalted butter, vanilla extract, large eggs, color food green]"
Lemon-Shortbread-Cookies-1369741,Lemon Shortbread Cookies,4,3000.0,[Desserts],,"[lemon, grated lemon zest, unsalted butter, granulated sugar, egg yolks, all-purpose flour, kosher salt, confectioners sugar, lemon juice]"
Best-Sugar-Cookie-1254298,Best Sugar Cookie,4,2400.0,[Desserts],,"[butter, granulated white sugar, vanilla extract, almond extract, eggs, baking powder, all-purpose flour]"
Fudgy-Chocolate-Cookies-1335082,Fudgy Chocolate Cookies,4,2400.0,"[Desserts, Afternoon Tea]",,"[all-purpose flour, cocoa, baking soda, butter, sugar, eggs, vanilla]"
Colorful-Spiral-Cookies-1380239,Colorful Spiral Cookies,4,3000.0,[Desserts],,"[cake flour, baking powder, salt, powdered sugar, granulated sugar, unsalted butter, vanilla, strawberries, food colouring, nonpareils]"
Rainbow-Swirl-Cookies-1012769,Rainbow Swirl Cookies,4,3300.0,"[Afternoon Tea, Desserts]",,"[unsalted butter, cream cheese, granulated sugar, large eggs, vanilla extract, all-purpose flour, baking powder, salt, food colouring]"
Chocolate-Chip-Cream-Cheese-Cookie-Bars-1269102,Chocolate Chip Cream Cheese Cookie Bars,4,3600.0,[Desserts],,"[cream cheese, sugar, eggs, vanilla]"
Coconut-Flour-Cookies-1349457,Coconut Flour Cookies,4,2100.0,[Desserts],,"[coconut flour, butter, raw honey, sea salt]"
Secret-to-Chewy-Chocolate-Chip-Cookies-1376305,Secret to Chewy Chocolate Chip Cookies,4,1500.0,[Desserts],,"[butter, dark brown sugar, white sugar, large eggs, egg yolks, vanilla, bread flour, all-purpose flour, salt, baking soda, baking powder, semi-sweet chocolate morsels, milk chocolate chips]"
Banana-Nut-Protein-Cookies-1374524,Banana Nut Protein Cookies,4,1380.0,[Desserts],,"[bananas, vanilla protein, old-fashioned oats, almond meal, cinnamon, chocolate chips, walnuts]"
Grinch-Cookies-1378488,Grinch Cookies,4,4800.0,[Desserts],,"[butter, sugar, eggs, flour, cream of tartar, baking soda, red food coloring, sprinkles]"
Coconut-Chocolate-Chip-Cookies-1379279,Coconut Chocolate Chip Cookies,3,1500.0,[Desserts],,"[coconut oil, powdered sugar, light brown sugar, eggs, all-purpose flour, baking soda, sea salt, semi-sweet chocolate morsels]"
Double-Nutella-Oreo-Cookies-1049124,Double Nutella Oreo Cookies,4,2700.0,[Desserts],,"[all-purpose flour, baking soda, baking powder, butter, white sugar, eggs, vanilla extract, Nutella, OREO® Cookies]"
Easy-Pilgrim-Hat-Cookies-for-Thanksgiving-_No-cooking-required__-1377088,Easy Pilgrim Hat Cookies for Thanksgiving (No cooking required!),4,900.0,[Desserts],,"[cookies, peanut butter cups, yellow icing]"
Keto-Coconut-Pecan-Cookies-1378344,Keto Coconut Pecan Cookies,4,2100.0,[Desserts],,"[natural peanut butter, almond flour, coconut flakes, pecans, coconut flour, coconut oil, large eggs, erythritol, vanilla extract, cinnamon]"
Fresh-Apple-Cookies-1367290,Fresh Apple Cookies,4,2100.0,[Desserts],,"[brown sugar, white sugar, coconut oil, butter, vanilla, apples, flour, salt, baking powder, baking soda, ground cinnamon, cinnamon]"
No-Fail-Sugar-Cookie-NFSC-1378508,No Fail Sugar Cookie – NFSC,4,3900.0,[Desserts],,"[flour, baking powder, unsalted butter, sugar, eggs, flavoring, vanilla extract, salt]"
Lemon-Burst-Cookies-932569,Lemon Burst Cookies,4,2280.0,"[Afternoon Tea, Desserts]",,"[all-purpose flour, baking powder, salt, unsalted butter, granulated sugar, lemon zest, eggs, fresh lemon juice, pure vanilla, powdered sugar]"
Reese_s-Pieces-Monster-Cookies-1337743,Reese's Pieces Monster Cookies,4,1380.0,[Desserts],,"[peanuts, sugar, brown sugar, butter, eggs, vanilla, oats, baking soda, chocolate chips, cookies]"
Cranberry-Chocolate-Chip-Cookies-1377046,Cranberry Chocolate Chip Cookies,4,1320.0,[Desserts],,"[old-fashioned oats, whole wheat flour, baking powder, baking soda, cinnamon, salt, semi-sweet chocolate morsels, dried cranberries, applesauce, honey, butter, large eggs, vanilla extract]"
Classic-Gingerbread-Cookie-1359837,Classic Gingerbread Cookie,4,3900.0,[Desserts],,"[butter, dark brown sugar, molasses, eggs, water, all-purpose flour, ground ginger, baking soda, salt, ground cinnamon, nutmeg, allspice]"
Pumpkin-Pecan-Peanut-Butter-Cookie-Cups-1376466,Pumpkin Pecan Peanut Butter Cookie Cups,3,5700.0,[Desserts],,"[cookie mix, butter, eggs, chocolate, pecan halves]"
Cookies-and-Cream-Frozen-Dessert-1368475,Cookies and Cream Frozen Dessert,4,900.0,[Desserts],,"[vanilla beans, chocolate, chocolate syrup, gluten, coconut milk, coco, cherries]"
Lemon-Supreme-Cookies-1323749,Lemon Supreme Cookies,4,2400.0,[Desserts],,"[lemon, whipped topping, eggs, powdered sugar]"
Chocolate-Chip-Banana-Bread-Cookies-1057123,Chocolate Chip Banana Bread Cookies,4,2400.0,"[Afternoon Tea, Desserts]",,"[all-purpose flour, bread flour, corn starch, baking soda, baking powder, salt, dark chocolate chip, unsalted butter, light brown sugar, large eggs, vanilla extract, mashed banana]"
Oatmeal-cookies-345197,Oatmeal Cookies,5,2700.0,"[Desserts, Afternoon Tea]",,"[flour, baking powder, baking soda, salt, unsalted butter, sugar, light brown sugar, large eggs, vanilla extract, rolled oats, sea salt]"
Sugar-Free-Low-Carb-Lemon-Cookies-1367544,Sugar-Free Low Carb Lemon Cookies,4,2100.0,[Desserts],,"[all-purpose flour, baking soda, sugar, butter, eggs, lemon juice]"
Classic-Shortbread-Cookies-760452,Classic Shortbread Cookies,4,4500.0,[Desserts],,"[unsalted butter, granulated sugar, kosher salt, vanilla extract, vanilla beans, all-purpose flour]"
Vanilla-Orange-Cookies-1368499,Vanilla Orange Cookies,3,1200.0,[Desserts],,"[cooki vanilla wafer, slivered almonds, coconut, powdered sugar, white chocolate chips, butter, orange juice, orange marmalade, corn syrup]"
3-ingredient-easy-butter-cookies_Shortbread-Cookies-1348784,3 ingredient easy butter cookies/Shortbread Cookies,4,1500.0,[Desserts],,"[salted butter, all-purpose flour, powdered sugar]"
Happy-Thumbprint-Cookies-1338134,Happy Thumbprint Cookies,4,5100.0,[Desserts],,"[butter, sugar, vanilla extract, flour, baking powder, jam]"
Cookie-within-a-Cookie-1059087,Cookie within a Cookie,4,1800.0,[Desserts],,"[all-purpose flour, baking soda, baking powder, butter, granulated sugar, large eggs, coffee extract, vanilla extract, cookies]"
Day-350-French-Butter-Cookies-1132295,Day 350 – French Butter Cookies,4,4500.0,[Desserts],,"[butter, light brown sugar, eggs, vanilla, flour, salt, granulated sugar]"
Dr_-Davis_-Peanut-Butter-Cookies-1367657,Dr. Davis' Peanut Butter Cookies,3,2400.0,[Desserts],,"[baking mix, peanuts, sugar, natural peanut butter, black treacle, eggs, vanilla extract]"
Old-Fashioned-Molasses-Cookies-1364093,Old Fashioned Molasses Cookies,4,5400.0,[Desserts],,"[all-purpose flour, baking soda, salt, ground cinnamon, ground cloves, ground ginger, butter, sugar, eggs, blackstrap molasses]"
Skillet-Chocolate-Chip-Cookie-624715,Skillet Chocolate Chip Cookie,3,3600.0,[Desserts],,"[all-purpose flour, baking soda, salt, unsalted butter, sugar, light brown sugar, large eggs, pure vanilla extract, milk]"
Brownie-Cookies-1341599,Brownie Cookies,4,2400.0,"[Desserts, Afternoon Tea]",,"[unsalted butter, unsweetened chocolate, semi-sweet chocolate morsels, all-purpose flour, baking powder, salt, large eggs, granulated sugar, vanilla extract]"
Cookies-and-cream-brownies-333783,Cookies and Cream Brownies,5,4200.0,[Desserts],,"[baking chocolate, butter, sugar, eggs, flour, vanilla, OREO® Cookies, powdered sugar, milk]"
Soft-Pumpkin-Cookies-1346853,Soft Pumpkin Cookies,3,2100.0,[Desserts],,"[butter, brown sugar, eggs, pumpkin purée, flour, baking powder, ginger, cinnamon, nutmeg, salt, chopped walnuts]"
Banana-Oatmeal-Cookies-1355703,Banana Oatmeal Cookies,4,1500.0,[Desserts],,"[nonstick spray, rolled oats, ground cinnamon, sea salt, bananas, semi-sweet chocolate morsels, unsweetened shredded dried coconut]"
Healthy-No-Bake-Cookies-1344466,Healthy No-Bake Cookies,4,1200.0,[Desserts],,"[natural peanut butter, honey, coconut oil, vanilla, quick oats, cocoa powder]"
Funfetti-Cookies-1198623,Funfetti Cookies,4,900.0,[Desserts],,"[butter, granulated sugar, eggs, all-purpose flour, baking powder, salt, vanilla, sprinkles]"
Simple-Cream-Cheese-Cookies-1343204,Simple Cream Cheese Cookies,3,2700.0,[Desserts],,"[all-purpose flour, cream cheese, butter, sugar]"
Oatmeal-Cookies-636468,Oatmeal Cookies,3,2100.0,"[Afternoon Tea, Desserts]",,"[butter, brown sugar, granulated sugar, baking powder, baking soda, ground cinnamon, ground cloves, eggs, vanilla, all-purpose flour, rolled oats]"
Toffee-Butter-Cookies-with-Chololate-1348458,Toffee Butter Cookies with Chololate,4,2100.0,[Desserts],,"[butter, brown sugar, large eggs, vanilla, all-purpose flour, baking powder, salt, toffee bits, milk chocolate chips]"
Pound-Cake-Cookies-1352069,Pound Cake Cookies,4,2040.0,"[Desserts, Afternoon Tea]",,"[all-purpose flour, salt, unsalted butter, cream cheese, firmly packed light brown sugar, large eggs, vanilla extract, pecan halves]"
Gobble-Gobble-Turkey-Cookies-1360969,Gobble Gobble Turkey Cookies,3,6900.0,[Desserts],,"[sugar cookies, chocolate, cooki vanilla wafer, mini candy button eyes, orange, candy, candy coated chocolate, jimmies]"
Cowboy-Cookies-1371025,Cowboy Cookies,4,1620.0,[Desserts],,"[all-purpose flour, quick oats, salt, shredded coconut, unsalted butter, sugar, brown sugar, eggs, vanilla, chocolate chips, chopped walnuts]"
Starry-Eyed-Christmas-Cookies-1374351,Starry-Eyed Christmas Cookies,4,1500.0,[Desserts],,"[waffle, chocolate candy, milk chocolate kisses]"
5-Ingredient-Chocolate-Chip-Cookies-1366264,5 Ingredient Chocolate Chip Cookies,4,1200.0,[Desserts],,"[cashew butter, coconut sugar, large eggs, vanilla extract, dark chocolate chip, salt]"
Chinese-Walnut-Cookies-1367421,Chinese Walnut Cookies,4,1200.0,[Desserts],,"[all-purpose flour, baking powder, ground walnuts, salt, granulated sugar, butter, alkaline water, peanut oil, walnut halves, oil, egg yolks]"
Healthy-Ginger-Cookies-1360131,Healthy Ginger Cookies,4,2280.0,[Desserts],,"[whole wheat pastry flour, ground ginger, baking soda, ground cinnamon, ground cloves, salt, shortening, coconut sugar, eggs, molasses, sugar]"
Oreo-Cookies-and-Cream-Cupcakes-1368877,Oreo Cookies and Cream Cupcakes,4,2100.0,[Desserts],,"[all-purpose flour, baking powder, salt, unsalted butter, sugar, large eggs, pure vanilla extract, milk, OREO® Cookies, butter, confectioners sugar, vanilla extract, half & half]"
Butter-Cookies-566990,Butter Cookies,3,5280.0,[Desserts],,"[unsalted butter, sugar, eggs, salt, all-purpose flour, vanilla extract]"
Low-Carb-Snickerdoodle-Protein-Cookies-1377588,Low Carb Snickerdoodle Protein Cookies,4,420.0,[Desserts],,"[cashew butter, eggs, mayonnaise, vanilla whey protein powder, vanilla extract, ground cinnamon, liquid stevia]"
Macadamia-Cranberry-White-Chocolate-Cookies-1378382,Macadamia Cranberry White Chocolate Cookies,4,1620.0,[Desserts],,"[chocolate bars, butter, large eggs, brown sugar, granulated sugar, vanilla extract, all-purpose flour, baking powder, cinnamon, dried cranberries, macadamia nuts]"
Best-Cookies-1356842,“Best” Cookies,4,4200.0,[Desserts],,"[butter, powdered sugar, flour, ice water, chopped pecans, vanilla]"
Buckwheat-Chocolate-Chip-Coconut-Bar-Cookie-1379674,Buckwheat Chocolate Chip-Coconut Bar Cookie,4,2700.0,[Desserts],,"[eggs, butter, xylitol sweetener, vanilla, gluten, baking powder, baking soda, buckwheat flour, coconut, chocolate chips]"
Sugar-Free-Cashew-Cookies-1374310,Sugar Free Cashew Cookies,4,2100.0,[Desserts],,"[cashew nuts, vegetables, all-purpose flour, salt, softened butter, sugar, eggs, vanilla]"
Whipped-Shortbread-Drop-Cookies-909410,Whipped Shortbread Drop Cookies,4,2700.0,[Desserts],,"[cookies, butter, all-purpose flour, powdered sugar, vanilla extract]"
Brownie-Cookies-1071569,Brownie Cookies,4,1560.0,[Desserts],,"[baking chocolate, softened butter, sugar, large eggs, vanilla extract, flour, cocoa powder, baking powder, salt, powdered sugar]"
ABC-Cookies-1376263,ABC Cookies,4,4800.0,[Desserts],,"[all-purpose flour, baking soda, baking powder, butter, sugar, eggs, vanilla, chocolate, icing]"
Jam-Thumbprint-Cookies-483789,Jam Thumbprint Cookies,4,2400.0,[Desserts],,"[unsalted butter, granulated sugar, large egg yolks, vanilla extract, all-purpose flour, salt, jam]"
Butterscotch-Brown-Sugar-Cashew-Cookies-1380277,Butterscotch Brown Sugar Cashew Cookies,4,1800.0,[Desserts],,"[butter, brown sugar, eggs, yolk, vanilla, all-purpose flour, baking soda, salt, cinnamon, corn starch, cashew nuts, butterscotch chips, sea salt]"
Pecan-Shortbread-Cookies-1232049,Pecan Shortbread Cookies,3,3600.0,[Desserts],,"[unsalted butter, sugar, pure vanilla extract, all-purpose flour, salt, ground pecans]"
Cookie-Bomb-_Cookie-Triffle_-1012139,Cookie Bomb (Cookie Triffle),4,23400.0,[Desserts],,"[chocolate chip cookies, cookies, vanilla custard, heavy whipping cream, powdered sugar]"
Greek-Yogurt-Chocolate-Chip-Cookies-1376922,Greek Yogurt Chocolate Chip Cookies,4,12600.0,[Desserts],,"[whole wheat flour, all-purpose flour, baking soda, salt, coconut oil, dark brown sugar, granulated sugar, vanilla extract, large eggs, greek yogurt, semi-sweet chocolate morsels]"
Chewy-lemon-cookies-333541,Chewy Lemon Cookies,5,2100.0,"[Desserts, Afternoon Tea]",,"[all-purpose flour, baking soda, salt, unsalted butter, granulated sugar, brown sugar, eggs, lemon juice, grated lemon zest, vanilla extract, lemon extract]"
Molasses-Cookies-1380691,Molasses Cookies,4,2700.0,[Desserts],,"[sugar, shortening, eggs, vanilla, flour, soda, salt, cinnamon, molasses, coffee, raisins, nuts]"
Ouija-Board-Cookies-1351822,Ouija Board Cookies,4,3000.0,[Desserts],,"[cookie dough, cookies, icing, cocoa, food gel]"
Reese_s-Pieces-Peanut-Butter-Cookies-1323419,Reese's Pieces Peanut Butter Cookies,4,1500.0,[Desserts],,"[butter, sugar, peanut butter, eggs, vanilla extract, all-purpose flour, baking soda, salt, Reese's Pieces]"
Smoosh-Cookies-Cookie-1060095,Smoosh Cookies Cookie,4,3000.0,[Desserts],,"[chocolate chip cookie dough, cream cheese, sugar, eggs, vanilla]"
Short-and-Loaded-Chocolate-Chip-Cookies-1375360,Short and Loaded Chocolate Chip Cookies,4,2100.0,[Desserts],,"[unsalted butter, light brown sugar, granulated sugar, eggs, vanilla extract, all-purpose flour, baking soda, salt, chocolate chips, chopped walnuts]"
3-Ingredient-Shortbread-Cookies-485109,3-Ingredient Shortbread Cookies,5,2100.0,[Desserts],,"[butter, powdered sugar, all-purpose flour]"
Spritz-Cookies-471140,Spritz Cookies,5,2400.0,[Desserts],,"[all-purpose flour, baking powder, softened butter, sugar, eggs, whole milk, vanilla, flavoring]"
Shortbread-Cookies-1331165,Shortbread Cookies,4,1800.0,[Desserts],,"[shortbread, butter, powdered sugar, corn starch, salt, flour, brown sugar]"
Vegan-Cut-Out-Sugar-Cookies-1375868,Vegan Cut-Out Sugar Cookies,3,10800.0,[Desserts],,"[cookies, ground flaxseed, water, Earth Balance Buttery Spread, powdered sugar, vanilla extract, almond extract, all purpose unbleached flour, sea salt, icing, vanilla soy milk, sprinkles, sugar]"
White-Chocolate-Peppermint-Cookies-1377197,White Chocolate Peppermint Cookies,4,1500.0,[Desserts],,"[butter, brown sugar, sugar, semisweet chocolate, eggs, vanilla extract, peppermint extract, flour, M&M's Candy, cocoa powder, baking powder, salt]"
Cherry-Pie-Cookies-1355944,Cherry Pie Cookies,4,3000.0,[Desserts],,"[sugar, softened butter, eggs, vanilla, sour cream, salt, soda, flour, cherry pie filling, white chocolate]"
Strawberry-Pudding-Cheesecake-Cookie-1369244,Strawberry Pudding Cheesecake Cookie,4,2700.0,[Desserts],,"[strawberry cake mix, cake mix, eggs, vegetable oil, strawberries, cheesecake filling, Philadelphia Cream Cheese, butter, vanilla, powdered sugar]"
Caramel-Pumpkin-Snickerdoodle-Cookies-1356156,Caramel Pumpkin Snickerdoodle Cookies,4,4200.0,[Desserts],,"[cookies, salted butter, granulated white sugar, light brown sugar, pumpkin, eggs, vanilla extract, all-purpose flour, baking powder, salt, ground cinnamon, caramels, ground ginger, allspice]"
Jam-Filled-Thumbprint-Cookies-1274038,Jam-Filled Thumbprint Cookies,4,3600.0,[Desserts],,"[unsalted butter, granulated sugar, large egg yolks, vanilla extract, all-purpose flour, salt, jam]"
Gingersnap-Cookie-Fudge-1372976,Gingersnap Cookie Fudge,3,1500.0,[Desserts],,"[dark brown sugar, molasses, heavy cream, cinnamon, ginger, nutmeg, clove, white chocolate chips, gingersnap cookies]"
Maple-Cookies-1362575,Maple Cookies,4,3300.0,[Desserts],,"[butter, brown sugar, eggs, maple syrup, maple extract, baking soda, salt, all-purpose flour, granulated sugar]"
Bacon-Chocolate-Chip-Cookie-1376058,Bacon Chocolate Chip Cookie,3,1500.0,[Desserts],,"[all-purpose flour, bacon, baking soda, salt, sugar, brown sugar, unsalted butter, egg yolks, vanilla extract, chocolate chips]"
Double-Dark-Chocolate-Cookies-1374570,Double Dark Chocolate Cookies,3,2520.0,[Desserts],,"[butter, canola oil, brown sugar, granulated sugar, eggs, vanilla, whole wheat pastry flour, all-purpose flour, unsweetened cocoa powder, baking powder, salt, bittersweet chocolate]"
Giant-rainbow-cookies-333381,Giant Rainbow Cookies,5,2400.0,[Desserts],,"[all-purpose flour, baking soda, salted butter, brown sugar, sugar, eggs, vanilla extract, M&M's Candy]"
Sugar-Cookies-1357610,Sugar Cookies,4,2100.0,[Desserts],,"[all-purpose flour, baking soda, baking powder, butter, white sugar, eggs, vanilla extract]"
Eggnog-Ice-Box-Cookies-1360470,Eggnog Ice Box Cookies,4,1800.0,[Desserts],,"[butter, sugar, eggnog, flour, baking soda, nutmeg, powdered sugar]"
Pumpkin-Snickerdoodle-Cookies-1338584,Pumpkin Snickerdoodle Cookies,4,810.0,[Desserts],,"[butter, granulated sugar, eggs, vanilla, pumpkin purée, all-purpose flour, baking powder, salt, cream of tartar, nutmeg, clove, cinnamon]"
Vanilla-Butter-Meltaway-Cookie-1365645,Vanilla Butter Meltaway Cookie,4,2100.0,[Desserts],,"[unsalted butter, sugar, eggs, vanilla, salt, all-purpose flour, baking soda, baking powder, butter, powdered sugar, milk]"
Simply-Delicious-Chocolate-Cookies-1325665,Simply Delicious Chocolate Cookies,4,1800.0,[Desserts],,"[butter, salt, sugar, vanilla, flour, cocoa, eggs]"
Pumpkin-Spice-Cookie-Butter-Fudge-1376578,Pumpkin Spice Cookie Butter Fudge,4,1800.0,[Desserts],,"[cookie butter, sweetened condensed milk, unsalted butter, confectioners sugar, cookies]"
Cookie-Butter-Cheesecake-1359136,Cookie Butter Cheesecake,3,25200.0,[Desserts],,"[cookies, Philadelphia Cream Cheese, granulated sugar, dark brown sugar, vanilla, ground cinnamon, ground nutmeg, eggs, cookie butter]"
Soft-Lemon-Cookies-1364983,Soft Lemon Cookies,4,3000.0,[Desserts],,"[flour, baking powder, cream of tartar, salt, sugar, butter, eggs, honey, grated lemon zest, grated orange, fresh lemon juice]"
Cookies-_n-Cream-Cookies-624984,Cookies 'n Cream Cookies,3,1800.0,"[Afternoon Tea, Desserts]",[Kid-Friendly],"[all-purpose flour, baking soda, salt, granulated sugar, unsalted butter, large eggs, Hershey''s Cookies, white chocolate chips]"
Raspberry-Lemon-Cookies-1014747,Raspberry Lemon Cookies,4,2400.0,"[Desserts, Afternoon Tea]",,"[unsalted butter, granulated sugar, vanilla, large eggs, lemon zest, salt, baking powder, baking soda, all-purpose flour, frozen raspberries]"
Butter-Cookies-496834,Butter Cookies,0,3900.0,[Desserts],,"[butter, Pam Cooking Spray, egg yolks, powdered sugar, salt, all-purpose flour, corn starch, milk, vanilla extract]"
Chewy-Coconut-Cookies-1339466,Chewy Coconut Cookies,4,1200.0,[Desserts],,"[unsalted butter, brown sugar, granulated sugar, honey, vanilla, large eggs, all-purpose flour, baking soda, salt, sweetened coconut flakes, boiling water]"
PB_J-Thumbprint-Cookies-1327652,PB&J Thumbprint Cookies,3,1800.0,[Desserts],,"[sugar cookies, peanuts, creamy peanut butter, ground cinnamon, strawberry jam]"
Butterscotch-Cookies-592971,Butterscotch Cookies,4,600.0,"[Desserts, Afternoon Tea]",,"[unsalted butter, brown sugar, granulated sugar, large eggs, vanilla extract, salt, all-purpose flour, baking soda, corn starch, chips]"
Brookie-Cookies-1247643,Brookie Cookies,4,600.0,[Desserts],,"[chocolate cookie, unsalted butter, brown sugar, caster sugar, vanilla extract, large eggs, plain flour, cocoa powder, Dutch-processed cocoa powder, baking soda, corn flour, milk, milk chocolate chips, chocolate chip cookies]"
Cranberry-Gingersnap-Cookie-Butter-1351306,Cranberry Gingersnap Cookie Butter,4,300.0,,,"[unsalted butter, gingersnap crumbs, light brown sugar, salt, dried cranberries]"
Coconut-Cookies-638277,Coconut Cookies,3,1800.0,[Desserts],,"[butter, eggs, vanilla, cookies, shortening, brown sugar, baking soda, hot water, shredded coconut, flour, salt, baking powder]"
Salted-Dulce-de-Leche-Thumbprint-Cookies-1321137,Salted Dulce de Leche Thumbprint Cookies,4,5520.0,[Desserts],,"[unsalted butter, light brown sugar, vanilla extract, egg yolks, all-purpose flour, salt, dulce de leche, sea salt]"
Walnut-Snowball-Cookies-Simply-Recipes-42453,Walnut Snowball Cookies,5,2700.0,[Desserts],,"[cake flour, walnuts, sugar, vanilla extract, butter, salt, powdered sugar]"
Lemon-Shortbread-Heart-Cookies-1270775,Lemon Shortbread Heart Cookies,3,4200.0,[Desserts],,"[unsalted butter, powdered sugar, grated lemon peel, vanilla extract, all-purpose flour, coarse kosher salt, sugar, cookies]"
Oatmeal-Coconut-Chocolate-Chip-Cookies-1377106,Oatmeal Coconut Chocolate Chip Cookies,3,2100.0,[Desserts],,"[butter, sugar, brown sugar, eggs, vanilla, flour, salt, baking soda, quick-cooking oats, flaked coconut, semi-sweet chocolate morsels, shortening]"
The-Best-Oatmeal-Raisin-Cookies-1361899,The Best Oatmeal Raisin Cookies,4,2400.0,[Desserts],,"[old-fashioned oats, all-purpose flour, baking soda, fine salt, cinnamon, nutmeg, maple extract, large eggs, butter, white sugar, dark brown sugar, raisins, cranberries, chop fine pecan]"
Gingerbread-_-Caramel-Cream-Cheese-Cookie-Cups-1364910,Gingerbread & Caramel Cream Cheese Cookie Cups,4,2400.0,[Desserts],,"[gluten, flour, baking powder, baking soda, salt, ginger, cinnamon, ground cloves, maple syrup, blackstrap molasses, applesauce, vanilla extract, eggs, medjool date, cream cheese, vanilla, water]"
Best-Sugar-Cookie-Frosting-Ever-1331912,Best Sugar Cookie Frosting Ever,4,600.0,[Desserts],,"[butter, milk, powdered sugar, vanilla, creme bouquet]"
Chocolate-Butter-Cookies-1349265,Chocolate Butter Cookies,4,3900.0,[Desserts],,"[unsalted butter, Dutch-processed cocoa powder, espresso powder, sugar, salt, large egg yolks, vanilla extract, all-purpose flour, bittersweet chocolate, corn syrup]"
Whole-Wheat-Oatmeal-Butterscotch-Cookies-1371425,Whole Wheat Oatmeal Butterscotch Cookies,4,1800.0,[Desserts],,"[melted butter, sucanat, eggs, baking powder, vanilla extract, baking soda, rolled oats, whole wheat flour, butterscotch chips]"
Homemade-Fudge-Stripe-Cookies-_SecretRecipeClub-1368067,Homemade Fudge Stripe Cookies #SecretRecipeClub,4,3600.0,[Desserts],,"[all-purpose flour, baking soda, clarified butter, corn syrup, vanilla extract, chocolate]"
Easy-Christmas-Cookies-1377653,Easy Christmas Cookies,4,1500.0,[Desserts],,"[cake mix, eggs, butter, vanilla, color food green, flour, peppermint, M&M's Candy, milk chocolate, peppermint extract]"
Pecan-Nougat-Cookies-471256,Pecan Nougat Cookies,5,2700.0,[Desserts],,"[softened butter, sugar, vanilla, all-purpose flour, salt, ground nuts, confectioners sugar]"
Pecan-Cookie-Balls-1337641,Pecan Cookie Balls,3,2100.0,[Desserts],,"[butter, confectioners sugar, McCormick® Pure Vanilla Extract, McCormick Nutmeg, Ground, salt, flour, chop fine pecan]"
Perfect-Coconut-Flour-Chocolate-Chip-Cookies-1347835,Perfect Coconut Flour Chocolate Chip Cookies,4,1500.0,[Desserts],,"[coconut flour, brown sugar, baking soda, salt, large eggs, butter, vanilla, chocolate]"
Soft-Coconut-Peanut-Butter-Cookies-1371780,Soft Coconut Peanut Butter Cookies,4,2700.0,[Desserts],,"[peanut butter, coconut oil, honey, eggs, vanilla extract, baking soda, coconut flour, salt, coconut sugar]"
Candy-Cane-Cookies-931858,Candy Cane Cookies,4,3900.0,[Desserts],,"[unsalted butter, all-purpose flour, confectioners sugar, large egg yolks, salt, pure vanilla extract, almond extract, food colouring]"
Lacey-Oatmeal-Cookies-1371671,Lacey Oatmeal Cookies,4,3900.0,[Desserts],,"[butter, brown sugar, granulated sugar, eggs, vanilla extract, flour, salt, baking soda, quick rolled oats]"
Single-Serve-Chocolate-Chip-Cookies-1378070,Single Serve Chocolate Chip Cookies,4,1800.0,[Desserts],,"[butter, Swerve Sweetener, vanilla extract, baking soda, egg whites, stevia extract, almond flour, sugar free chocolate chips]"
Christmas-Cookie-Tree-1378506,Christmas Cookie Tree,4,3000.0,[Desserts],,"[sugar cookies, royal icing]"
All-Edges-Brownie-Cookies-1365817,All Edges Brownie Cookies,4,900.0,[Desserts],,"[flour, Dutch-processed cocoa powder, cinnamon, kosher salt, baking soda, unsalted butter, sugar, light brown sugar, vanilla, large eggs, bittersweet chocolate, chopped walnuts]"
Nutella-Cookies-565990,Nutella Cookies,3,1200.0,[Desserts],,"[Nutella, sugar, all-purpose flour, eggs]"
Cranberry-Orange-Pinwheel-Cookies-1369563,Cranberry-Orange Pinwheel Cookies,4,540.0,[Desserts],,"[cranberries, pecans, brown sugar, butter, sugar, baking powder, salt, eggs, orange zest, flour]"
Spritz-Cookies-960765,Spritz Cookies,4,2400.0,[Desserts],,"[butter, sugar, eggs, vanilla extract, all-purpose flour, decorating sugars, candy]"
Copycat-Oreo-Cookie-Frappuccino-1213503,Copycat Oreo Cookie Frappuccino,4,600.0,[Beverages],,"[brewed coffee, milk, vanilla extract, OREO® Cookies, whipped cream]"
Little-Charmers-Magical-Friendship-Cookies-1375274,Little Charmers Magical Friendship Cookies,4,4500.0,[Desserts],,"[butter, sugar, baking powder, salt, eggs, vanilla beans, all-purpose flour, white chocolate, food gel]"
Pumpkin-Sugar-Cookies-1298425,Pumpkin Sugar Cookies,4,3000.0,[Desserts],,"[sugar, all-purpose flour, baking powder, salt, cinnamon, butter, vanilla extract, egg yolks, pumpkin purée]"
Iced-Carrot-Cookies-1366067,Iced Carrot Cookies,4,1920.0,"[Desserts, Afternoon Tea]",,"[all-purpose flour, baking powder, salt, granulated sugar, margarine, eggs, carrots, vanilla extract, flaked coconut, unsalted butter, confectioners sugar, orange juice]"
Peanut-Free-Tagalong-Cookies-1376808,Peanut-Free Tagalong Cookies,4,3900.0,[Desserts],,"[almond flour, sunflower seed butter, coconut nectar, vanilla extract, baking powder, sea salt, coconut sugar, non dairy milk, cocoa powder, cocoa butter, liquid stevia]"
Maxines-No-Bake-Cookies-1294846,Maxine’s No-Bake Cookies,4,1500.0,[Desserts],,"[butter, cocoa, sugar, milk, salt, vanilla, peanut butter, oatmeal]"
Gluten-Free-Chocolate-Chip-Cookies-1370351,Gluten-Free Chocolate Chip Cookies,4,1020.0,[Desserts],,"[almond meal, coconut oil, maple syrup, almond milk, vanilla, sea salt, baking powder, chocolate chips]"
Butter-cookies-345667,Butter Cookies,5,3300.0,[Desserts],,"[blanched almond flour, sea salt, salted butter, agave nectar, vanilla extract]"
Gingerbread-Butterscotch-cookies-1367478,Gingerbread Butterscotch cookies,4,1500.0,[Desserts],,"[all-purpose flour, baking soda, ground cinnamon, ground ginger, ground cloves, salt, butter, brown sugar, eggs, mild molasses, butterscotch chips]"
Macadamia-White-Choco-Chip-Cookies-1380599,Macadamia White Choco Chip Cookies,4,900.0,[Desserts],,"[butter, sugar, brown sugar, eggs, vanilla, flour, baking soda, salt, white chocolate chips, macadamia nuts]"
Butterscotch-Cookies-1180263,Butterscotch Cookies,4,1200.0,"[Desserts, Afternoon Tea]",,"[unsalted butter, brown sugar, vanilla extract, large eggs, baking soda, all-purpose flour, butterscotch chips]"
Low-Fat-Chocolate-Chip-Cookie-Dough-1366428,Low-Fat Chocolate Chip Cookie Dough,4,1200.0,[Desserts],,"[oat flour, sugar substitute, vanilla extract, semi-sweet chocolate morsels, almond milk]"
White-Chocolate-Pudding-Peppermint-Cookies-1378520,White Chocolate Pudding Peppermint Cookies,4,,,,"[butter, brown sugar, sugar, eggs, vanilla, salt, baking soda, hot water, all-purpose flour, chocolate pudding mix, M&M's Candy, OREO® Cookies]"
Oatmeal-Raisin-Cookie-512711,Oatmeal Raisin Cookie,5,2400.0,[Desserts],,"[unsalted butter, light brown sugar, eggs, vanilla extract, all-purpose flour, baking soda, salt, ground cinnamon, quick-cooking oats, raisins]"
Chocolate-Mint-Thumbprint-Cookies-1341138,Chocolate Mint Thumbprint Cookies,4,4200.0,[Desserts],,"[butter, powdered sugar, peppermint extract, egg yolks, color food green, all-purpose flour, baking powder, salt, dark chocolate chip, whipping cream, chocolate candy]"
Italian-Butter-Cookies-1369392,Italian Butter Cookies,4,1260.0,"[Desserts, Afternoon Tea]",,"[unsalted butter, sugar, large eggs, vanilla, all-purpose flour, baking powder, salt, cherries]"
Meringue-Cookies-1023260,Meringue Cookies,4,3300.0,[Desserts],,"[egg whites, cream of tartar, sugar, vanilla]"
Softbatch-Cream-Cheese-Chocolate-Chip-Cookies-484201,Softbatch Cream Cheese Chocolate Chip Cookies,4,2400.0,"[Afternoon Tea, Desserts]",,"[unsalted butter, cream cheese, light brown sugar, granulated sugar, large eggs, vanilla extract, all-purpose flour, corn starch, baking soda, salt, semi-sweet chocolate morsels]"
Cinnamon-Sugar-Cookies-1379603,Cinnamon Sugar Cookies,4,3600.0,[Desserts],,"[unsalted butter, granulated sugar, firmly packed light brown sugar, eggs, vanilla extract, all-purpose flour, ground cinnamon, salt, chop fine pecan]"
Crispy-Skillet-Cookies-1368489,Crispy Skillet Cookies,3,2100.0,[Desserts],,"[butter, sugar, dates, eggs, vanilla, Rice Krispies Cereal, powdered sugar]"
Egg-Free-Double-Chocolate-Chip-Cookies-1366423,Egg-Free Double Chocolate Chip Cookies,4,1800.0,[Desserts],,"[semi-sweet chocolate morsels, butter, sugar, brown sugar, cream cheese, vanilla extract, instant coffee, all-purpose flour, cocoa powder, baking soda, salt]"
Cookies-and-Cream-Cheesecakes-1337469,Cookies and Cream Cheesecakes,4,2100.0,[Desserts],,"[OREO® Cookies, butter, cream cheese, sugar, vanilla, eggs, salt, heavy cream, powdered sugar]"
Cast-Iron-Skillet-Chocolate-Chip-Cookie-1375320,Cast Iron Skillet Chocolate Chip Cookie,4,2700.0,[Desserts],,"[flour, baking soda, salt, unsalted butter, sugar, light brown sugar, vanilla, eggs, semi-sweet chocolate morsels]"
Cream-cheese-chocolate-cookies-333930,Cream Cheese Chocolate Cookies,5,1800.0,[Desserts],,"[butter, cream cheese, sugar, eggs, vanilla, flour, salt, chocolate chips]"
Mexican-Wedding-Cookies-1349269,Mexican Wedding Cookies,4,3000.0,[Desserts],,"[walnuts, all-purpose flour, salt, butter, superfine sugar, vanilla extract, confectioners sugar]"
Cherry-Shortbread-Cookies-1282264,Cherry Shortbread Cookies,4,1800.0,[Desserts],,"[cocktail cherries, flour, sugar, butter, vanilla extract, chocolate]"
Homemade-Milano-Cookies-1311231,Homemade Milano Cookies,4,4500.0,[Desserts],,"[cookies, unsalted butter, confectioners sugar, pure vanilla extract, egg whites, all-purpose flour, salt, ganache, chocolate, heavy cream]"
Perfect-Vanilla-Almond-Cut-out-Cookies-1357530,Perfect Vanilla Almond Cut-out Cookies,4,1500.0,"[Desserts, Afternoon Tea]",,"[all purpose unbleached flour, baking powder, granulated sugar, salted butter, large eggs, pure vanilla extract, almond extract]"
Homemade-Gingersnap-Cookies-1371248,Homemade Gingersnap Cookies,4,1500.0,[Desserts],,"[all purpose unbleached flour, baking soda, salt, ground ginger, ground cinnamon, ground allspice, granulated sugar, light brown sugar, unsalted butter, large eggs, dark molasses]"
Oatmeal-Chocolate-Chip-Cookies-1369679,Oatmeal Chocolate Chip Cookies,4,2100.0,[Desserts],,"[shortening, brown sugar, granulated sugar, eggs, vanilla, flour, salt, baking soda, quick oats, chocolate chips]"
Iced-Gingerbread-Cookies-1358209,Iced Gingerbread Cookies,4,7200.0,[Desserts],,"[butter, sugar, brown sugar, eggs, molasses, vanilla extract, all-purpose flour, ground ginger, baking powder, ground cloves, milk, powdered sugar]"
My-Favorite-Chocolate-Chip-Cookie-1371407,My Favorite Chocolate Chip Cookie,4,3300.0,[Desserts],,"[all-purpose flour, baking soda, unsalted butter, brown sugar, granulated sugar, salt, vanilla extract, yolk, large eggs, semi-sweet chocolate morsels, pecans]"
Coconut-Chocolate-Chip-Cookies-1368091,Coconut Chocolate Chip Cookies,4,1800.0,[Desserts],,"[flour, salt, baking soda, butter, sugar, brown sugar, vanilla extract, eggs, flaked coconut, semi-sweet chocolate morsels]"
Sadelle_s-Oatmeal-Raisin-Cookies-1327735,Sadelle's Oatmeal Raisin Cookies,4,345600.0,[Desserts],,"[raisins, hot water, all-purpose flour, ground cinnamon, baking soda, fine sea salt, unsalted butter, light brown sugar, granulated sugar, old-fashioned oats, eggs, vanilla extract]"
Apple-Pie-Cookies-1315473,Apple Pie Cookies,4,3000.0,[Desserts],,"[apples, granulated sugar, cinnamon, nutmeg, salt, pie crust, large eggs]"
Dark-Chocolate-Walnut-Cookies-1353462,Dark Chocolate Walnut Cookies,3,1620.0,"[Afternoon Tea, Desserts]",,"[bittersweet chocolate chips, cacao, unsalted butter, large eggs, granulated sugar, pure vanilla extract, baking powder, salt, strong black coffee, all-purpose flour, cocoa powder, chopped walnuts]"
Gooey-Butter-Cookies-1333506,Gooey Butter Cookies,4,1800.0,[Desserts],,"[cream cheese, butter, vanilla extract, eggs, yellow cake mix, powdered sugar]"
Vegan-Lemon-Chamomile-Shortbread-Cookies-1342023,Vegan Lemon-Chamomile Shortbread Cookies,4,3000.0,[Desserts],,"[coconut oil, sugar, oil of lemon, lemon, fresh lemon juice, chamomile, vanilla extract, sea salt, all-purpose flour]"
Eggless-Sugar-Cookies-1199005,Eggless Sugar Cookies,4,2400.0,[Desserts],,"[butter, white sugar, white vinegar, vanilla extract, all-purpose flour, baking soda, decorating sugars]"
Grandmas-All-Occasion-Sugar-Cookies-1371217,Grandma’s All-Occasion Sugar Cookies,4,1800.0,[Desserts],,"[all-purpose flour, salt, double-acting baking powder, unsalted butter, sugar, large eggs, large egg yolks, pure vanilla extract]"
Chewy-Pumpkin-Chip-Cookies-1358973,Chewy Pumpkin Chip Cookies,4,1800.0,[Desserts],,"[white sugar, brown sugar, unsalted butter, shortening, vanilla, ice cream, vanilla extract, flour, baking soda, salt, baking chips]"
Big-Rigs-_n-Lil_-Cookies-978793,Big Rigs 'n Lil' Cookies,4,3900.0,[Desserts],,"[butter, sugar, brown sugar, eggs, vanilla, all-purpose flour, baking powder, salt, chopped pecans]"
Chewy-Soft-Sugar-Cookie-1213475,Chewy Soft Sugar Cookie,4,1500.0,[Desserts],,"[Country Crock® Spread, granulated sugar, large eggs, vanilla extract, all-purpose flour, baking powder, salt]"
Double-Chocolate-Chip-Cookies-1370733,Double Chocolate Chip Cookies,4,2700.0,"[Afternoon Tea, Desserts]",,"[all-purpose flour, salt, baking powder, unsalted butter, granulated sugar, large eggs, vanilla extract, Dutch-processed cocoa powder, milk chocolate chips]"
Soft-Batch-Cream-Cheese-Chocolate-Chip-Cookies-1365190,Soft Batch Cream Cheese Chocolate Chip Cookies,4,1800.0,[Desserts],,"[butter, cream cheese, light brown sugar, granulated white sugar, vanilla extract, eggs, all-purpose flour, baking soda, corn starch, salt, M&M's Candy]"
Holiday-Danish-Butter-Cookies-965468,Holiday Danish Butter Cookies,4,1800.0,[Desserts],,"[unsalted butter, confectioners sugar, large eggs, vanilla extract, milk, all-purpose flour, salt, sprinkles]"
Chewy-Sugar-Cookies-Allrecipes,Chewy Sugar Cookies,5,1500.0,[Desserts],,"[all-purpose flour, baking soda, salt, margarine, white sugar, eggs, vanilla extract]"
Oreo-Cupcakes-with-Cookies-_-Cream-Frosting-1360323,Oreo Cupcakes with Cookies & Cream Frosting,4,1680.0,[Desserts],,"[bittersweet chocolate, unsweetened cocoa powder, hot water, bread flour, sugar, table salt, baking soda, vegetable oil, large eggs, vanilla extract, white vinegar, OREO® Cookies, all-purpose flour, milk, butter, granulated sugar]"
Poinsettia-Cookies-1358330,Poinsettia Cookies,4,7200.0,[Desserts],,"[butter, cream cheese, powdered sugar, eggs, vanilla, almond extract, baking powder, salt, flour, sugar, silver]"
Lemon-Tea-Cookies-1214241,Lemon Tea Cookies,4,2700.0,"[Desserts, Afternoon Tea]",,"[all-purpose flour, baking powder, salt, unsalted butter, confectioners sugar, egg yolks, lemon juice, lemon zest, vanilla extract]"
Snowball-Cookies-967521,Snowball Cookies,4,2400.0,[Desserts],,"[butter, powdered sugar, salt, vanilla extract, corn starch, all-purpose flour, chop fine pecan]"
Ginger-Molasses-Cookies-1264882,Ginger Molasses Cookies,4,2400.0,[Desserts],,"[butter, sugar, eggs, molasses, all-purpose flour, ground ginger, baking soda, ground cinnamon, ground cloves, salt]"
Thin-Mint-Cheesecake-Sandwich-Cookies-1063707,Thin Mint Cheesecake Sandwich Cookies,4,900.0,[Desserts],,"[cookies, cream cheese, powdered sugar, vanilla extract, peppermint extract, color food green]"
DoubleTree-Hotel-Chocolate-Chip-Cookies-1357042,DoubleTree Hotel Chocolate Chip Cookies,4,2400.0,[Desserts],,"[rolled oats, all-purpose flour, baking soda, salt, cinnamon, butter, brown sugar, granulated sugar, vanilla, lemon juice, eggs, semi-sweet chocolate morsels, chopped walnuts]"
Cookies-and-Cream-Blondies-625997,Cookies and Cream Blondies,3,3300.0,[Desserts],[Kid-Friendly],"[all-purpose flour, baking soda, kosher salt, unsalted butter, light brown sugar, granulated sugar, large eggs, vanilla extract, OREO® Cookies]"
Make-Unicorn-Poop-Cookies-791005,Make Unicorn Poop Cookies,4,2400.0,[Desserts],,"[sugar cookie mix, food colouring, sprinkles]"
Chocolate-Crackle-Cookies-1368094,Chocolate Crackle Cookies,4,1020.0,"[Desserts, Afternoon Tea]",,"[unsalted butter, sugar, large eggs, dark chocolate cocoa powder, all-purpose flour, coarse salt, baking powder, powdered sugar]"
Chewy-Ginger-Cookies-1356323,Chewy Ginger Cookies,4,1500.0,[Desserts],,"[all-purpose flour, whole wheat flour, baking soda, ginger, cinnamon, nutmeg, clove, salt, canola oil, molasses, white sugar, eggs, granulated sugar]"
3-Ingredient-Peanut-Butter-Cookies-1323752,3 Ingredient Peanut Butter Cookies,4,1800.0,[Desserts],,"[creamy peanut butter, sugar, large eggs]"
Lemon-Melting-Moments-Cookies-932987,Lemon Melting Moments Cookies,4,1500.0,[Desserts],,"[butter, confectioners sugar, water, lemon extract, vanilla extract, plain flour]"
MAPLE-SPRITZ-COOKIES-1340590,MAPLE SPRITZ COOKIES,4,2100.0,[Desserts],,"[shortening, large eggs, all-purpose flour, maple sugar, granulated sugar, salt, baking powder, pure vanilla extract, food colouring, orange, sanding sugar]"
Butter-Cream-Cookies-With-Chocolate-Fudge-Icing-1372562,Butter Cream Cookies With Chocolate Fudge Icing,4,2100.0,[Desserts],,"[all-purpose flour, baking powder, salt, butter, sugar, large eggs, vanilla, unsweetened cocoa powder, confectioners sugar, milk, vanilla extract, espresso powder]"
4-Ingredient-Peanut-Butter-Cookies-1362951,4 Ingredient Peanut Butter Cookies,4,1500.0,[Desserts],,"[natural peanut butter, eggs, oats, sugar]"
Mint-Chocolate-Chip-Cookies-1281348,Mint Chocolate Chip Cookies,4,2100.0,[Desserts],,"[sugar cookie mix, butter, peppermint extract, eggs, color food green, baking chips, semi-sweet chocolate morsels]"
7-Layer-Cookie-1360651,7 Layer Cookie,4,3000.0,[Desserts],,"[butter, graham cracker crumbs, chocolate chips, butterscotch chips, coconut, condensed milk, chopped walnuts]"
Keto-Cinnamon-Butter-Cookies-1353231,Keto Cinnamon Butter Cookies,4,2100.0,[Desserts],,"[almond meal, stevia, salted butter, vanilla extract, ground cinnamon]"
No-Bake-Coconut-Pecan-Praline-Cookies-1357636,No Bake Coconut Pecan Praline Cookies,4,3000.0,[Desserts],,"[granulated sugar, evaporated milk, corn syrup, salted butter, vanilla extract, chopped pecans, sweetened coconut flakes]"
Melt-In-Mouth-Oreo-Chocolate-Chip-German-Cookies-__-1379591,Melt-In-Mouth Oreo Chocolate Chip German Cookies​ ​ 入口即化奥利奥巧克力豆德国酥饼 (中英食谱教程),4,2100.0,[Desserts],,"[unsalted butter, powdered sugar, potato starch, cake flour, OREO® Cookies, Hershey®’s Mini Semisweet Chocolate Chips]"
Cinnamon-Cookies-1167292,Cinnamon Cookies,4,3600.0,"[Desserts, Afternoon Tea]",,"[butter, sugar, eggs, vanilla, all-purpose flour, baking powder, cinnamon, salt]"
Pumpkin-Spice-Cookies-You-Can-Actually-EAT_-1376382,Pumpkin Spice Cookies You Can Actually EAT!,3,3300.0,[Desserts],,"[pumpkin, coconut flakes, coconut oil, coconut flour, pumpkin pie spice, maple syrup, molasses]"
Slice-_N_-Bake-Vanilla-Brown-Butter-Pecan-Cookies___Dipped-in-Chocolate_-1379582,Slice 'N' Bake Vanilla Brown Butter Pecan Cookies...Dipped in Chocolate.,4,2100.0,[Desserts],,"[unsalted butter, vanilla, sugar, brown sugar, salt, all-purpose flour, pecans, eggs, turbinado, milk chocolate chips]"
Snickerdoodle-Cookie-Recipe-and-Red-Ape-Organic-Cinnamon-Giveaway_-1371538,Snickerdoodle Cookie Recipe and Red Ape Organic Cinnamon Giveaway!,4,3300.0,[Desserts],,"[butter, sucanat, eggs, vanilla, baking soda, cream of tartar, whole wheat flour, cinnamon]"
Mint-Cookies-1346808,Mint Cookies,3,1500.0,[Desserts],,"[chocolate, dessert, peppermint extract, Ritz Crackers]"
Crispy-Chocolate-and-Nuts-Cookies-1379564,Crispy Chocolate and Nuts Cookies,3,2400.0,[Desserts],,"[almonds, walnuts, buckwheat flour, maple syrup, medjool date, cacao powder, chia seeds, ground flaxseed]"
Healthier-Sugar-Cookies-1370927,Healthier Sugar Cookies,4,3600.0,[Desserts],,"[all purpose unbleached flour, whole wheat flour, baking powder, salt, granulated sugar, unsalted butter, vanilla extract, large egg whites, powdered sugar, meringue powder, warm water]"
Microwave-Nutella-Cookie-781401,Microwave Nutella Cookie,4,240.0,[Desserts],,"[butter, Nutella, all-purpose flour, brown sugar, eggs, chocolate chips]"
How-to-Make-a-Holiday-Cookie-Tree-_CFAcatering-1376384,How to Make a Holiday Cookie Tree #CFAcatering,4,2100.0,,,"[crescent rolls, butter, garlic powder, red bell pepper, dried parsley, rosemary]"
Thankful-Apple-Cider-Cookies-with-Brown-Sugar-Salted-Caramel-Frosting-1363338,“Thankful” Apple Cider Cookies with Brown Sugar-Salted Caramel Frosting,3,2100.0,[Desserts],,"[cookies, apple cider, all-purpose flour, baking powder, salt, unsalted butter, light brown sugar, vanilla extract, large eggs, frosting, dark brown sugar, powdered sugar]"
Glazed-Leaf-Shaped-Sugar-Cookies-1353597,Glazed Leaf-Shaped Sugar Cookies,3,7860.0,[Desserts],,"[powdered sugar, unsalted butter, pure vanilla extract, eggs, flour, baking powder, food gel, cookies, water, light corn syrup]"
Homemade-Fortune-Cookies-1377501,Homemade Fortune Cookies,3,3000.0,[Desserts],,"[butter, sugar, egg whites, vanilla extract, all-purpose flour]"
Vanilla-Bean-Pizzelle-_Snowflake-Cookies_-1368356,"Vanilla Bean Pizzelle ""Snowflake Cookies""",4,2400.0,[Desserts],,"[eggs, vanilla sugar, butter, vanilla bean paste, whole wheat white flour, almond flour, baking powder, salt, powdered sugar]"
Cleanest_-Easiest_-Yummiest_-Peanut-Butter-Cookies-1333546,"Cleanest, Easiest, Yummiest, Peanut Butter Cookies",4,1500.0,[Desserts],,"[bananas, natural peanut butter, almond butter, cinnamon, nutmeg]"
Almond-Cookies-847908,Almond Cookies,3,3600.0,[Desserts],,"[all-purpose flour, almond flour, almond extract, unsalted butter, granulated white sugar, cardamom, whole almonds]"
