id,recipeName,rating,totalTimeInSeconds,course,cuisine,ingredients,dish
Banana-Crepes-1377068,Banana Crepes,4,300.0,[Breakfast and Brunch],,"[all-purpose flour, salt, eggs, milk, water, bananas, crepes, butter]",crepes
Basic-Crepes-1348297,Basic Crepes,4,1800.0,[Breakfast and Brunch],,"[all-purpose flour, eggs, milk, water, salt, butter]",crepes
Strawberry-Crepes-1353595,Strawberry Crepes,3,900.0,[Desserts],,"[cream cheese, powdered sugar, lemon, vanilla extract, whipped cream, crepes, strawberries]",crepes
Thin-and-Delicious-Crepes-I-Adore-Food-55289,Thin and Delicious Crepes,5,2100.0,[Desserts],,"[all-purpose flour, buttermilk, water, vanilla extract, melted butter, butter oil, crepes, eggs]",crepes
Basic-Crepes-513028,Basic Crepes,5,1800.0,[Breakfast and Brunch],[French],"[whole milk, large eggs, kosher salt, all-purpose flour, unsalted butter]",crepes
Crepes-1250882,Crepes,4,900.0,[Breakfast and Brunch],,"[all-purpose flour, kosher salt, milk, water, eggs, vanilla extract, vegetable oil]",crepes
French-Crepes-Allrecipes,French Crepes,5,2100.0,"[Desserts, Breakfast and Brunch]","[French, Kid-Friendly]","[all-purpose flour, white sugar, salt, eggs, milk, butter]",crepes
Homemade-Lacy-Crepes-1361102,Homemade Lacy Crepes,4,2100.0,"[Desserts, Breakfast and Brunch]",,"[large eggs, sugar, salt, milk, pure vanilla extract, all-purpose flour, vegetable oil, baking powder]",crepes
Dessert-Crepes-Allrecipes,Dessert Crepes,5,1200.0,[Desserts],[Kid-Friendly],"[eggs, milk, butter, all-purpose flour, white sugar, salt]",crepes
Crepes-Fines-Sucrees-_Dessert-Crepes_-1287595,Crêpes Fines Sucrées (Dessert Crepes),3,2700.0,[Desserts],[French],"[crepes, milk, cold water, egg yolks, granulated sugar, orange liqueur, all-purpose flour, butter, clarified butter, powdered sugar, strawberries]",crepes
Egg_-Ham-and-Cheese-Crepe-Pockets-1324361,"Egg, Ham and Cheese Crepe Pockets",4,1500.0,[Breakfast and Brunch],,"[crepes, warm water, milk, large eggs, unsalted butter, all-purpose flour, sugar, salt, dijon mustard, deli ham, medium cheddar cheese]",crepes
Chickpea-Crepes-1371005,Chickpea Crepes,4,3600.0,[Breakfast and Brunch],,"[large free range egg, whole milk, greek yogurt, pure maple syrup, kosher salt, chickpeas, gluten free all purpose flour]",crepes
French-Crepes-1258186,French Crepes,4,2100.0,[Breakfast and Brunch],[French],"[flour, salt, eggs, milk, sugar, butter, lemon juice, powdered sugar]",crepes
Simple-Crepes-Martha-Stewart-193942,Simple Crepes,5,2100.0,"[Desserts, Breakfast and Brunch]",,"[all-purpose flour, sugar, coarse salt, whole milk, large eggs, unsalted butter]",crepes
Banana-Crepes-1172571,Banana Crepes,4,2100.0,[Breakfast and Brunch],,"[all-purpose flour, eggs, milk, sugar, butter, berries, maple syrup, bananas]",crepes
Choco-Banana-Crepe-608542,Choco Banana Crepe,3,2400.0,"[Desserts, Breakfast and Brunch]",,"[crepes, all-purpose flour, confectioners sugar, eggs, milk, butter, vanilla extract, salt, brown sugar, ground cinnamon, ground nutmeg, cream, bananas, heavy cream]",crepes
Souffled-Crepes-460555,Souffléd Crepes,5,,"[Breakfast and Brunch, Desserts]",[French],"[fromage blanc, granulated sugar, egg yolks, all-purpose flour, vanilla extract, orange, salt, crepes, egg whites, confectioners sugar]",crepes
Lemon-Crepes-Martha-Stewart,Lemon Crepes,3,1200.0,"[Desserts, Breakfast and Brunch]",[French],"[crepes, fromage blanc, grated lemon zest, honey, lemon wedge]",crepes
Basic-Crepes-Martha-Stewart,Basic Crepes,4,,[Breakfast and Brunch],[French],"[all-purpose flour, coarse salt, whole milk, large eggs, unsalted butter]",crepes
Nutella-crepes-370015,Nutella Crepes,5,900.0,"[Desserts, Breakfast and Brunch]",,"[butter, large eggs, egg yolks, water, milk, salt, all-purpose flour, Nutella, powdered sugar, strawberries]",crepes
Easy-Blender-Crepes-1024618,Easy Blender Crepes,4,420.0,[Breakfast and Brunch],,"[large eggs, milk, flour, salt, sugar, butter]",crepes
Crepes-1282020,Crepes,3,2100.0,"[Desserts, Breakfast and Brunch]",,"[all-purpose flour, granulated sugar, baking powder, salt, milk, butter, vanilla, eggs, butter-margarine blend, jelly, applesauce, berries, powdered sugar]",crepes
Butter-Sugar-Crepe-or-Crepe-Beurre-Sucre-1306512,Butter-Sugar Crepe or Crêpe Beurre Sucre,4,4200.0,[Breakfast and Brunch],[French],"[crepes, all-purpose flour, eggs, sugar, vanilla extract, milk, melted butter, unsalted butter]",crepes
Eggless-Crepes-Allrecipes,Eggless Crepes,4,8400.0,[Desserts],"[French, Kid-Friendly]","[skim milk, water, butter, vanilla extract, all-purpose flour, white sugar, salt, vegetable oil]",crepes
Pancakes-_Crepes_-1030826,Pancakes (Crepes),4,1200.0,[Breakfast and Brunch],,"[eggs, milk, all-purpose flour, melted butter, teas]",crepes
Basic-Crepes-My-Recipes,Basic Crepes,4,6300.0,[Breakfast and Brunch],[French],"[all-purpose flour, sugar, salt, 1% low-fat milk, water, butter, large eggs]",crepes
Basic-Crepe-Batter-975405,Basic Crepe Batter,4,4500.0,[Breakfast and Brunch],,"[all-purpose flour, salt, sugar, eggs, milk, melted butter]",crepes
Protein-Crepes-975629,Protein Crepes,4,1800.0,[Breakfast and Brunch],,"[butter, flour, chocolate, sugar, salt, skim milk, pure vanilla extract, large eggs]",crepes
_Nutella_-Pumpkin-Crepes-1294246,(Nutella) Pumpkin Crepes,4,900.0,[Breakfast and Brunch],,"[crepe batter, eggs, pumpkin purée, milk, water, butter, flour, brown sugar, salt, vanilla, ground cinnamon, ground nutmeg, ground cloves, ground ginger, Nutella, powdered sugar, syrup, berries, cream cheese]",crepes
Cannoli-Crepes-1017367,Cannoli Crepes,4,1200.0,[Desserts],,"[crepes, ricotta cheese, sugar, vanilla, cream sweeten whip, mini chocolate chips, chocolate chips, whipped cream]",crepes
Crepes-au-sucre-_Sugar-pancakes_-933160,Crêpes au sucre (Sugar pancakes),4,1800.0,[Breakfast and Brunch],[French],"[all-purpose flour, salt, sugar, large eggs, whole milk, vanilla extract, unsalted butter]",crepes
How-to-Make-Crepes-1070961,How to Make Crepes,4,1800.0,[Breakfast and Brunch],,"[all-purpose flour, eggs, milk, water, salt, butter]",crepes
Homemade-Crepes-1101707,Homemade Crepes,4,3600.0,[Breakfast and Brunch],,"[large eggs, milk, water, all-purpose flour, salt, melted butter, butter]",crepes
Saturday-Morning-Crepe-1322774,Saturday Morning Crepe,4,2400.0,[Breakfast and Brunch],,"[eggs, milk, water, all-purpose flour, butter, liqueur, vanilla extract, sugar, frozen raspberries, corn starch, egg yolks, flour]",crepes
CREPES-WITH-STRAWBERRIES-AND-CREAM-1373232,CREPES WITH STRAWBERRIES AND CREAM,4,3600.0,[Desserts],,"[eggs, butter, sugar, all-purpose flour, milk, water, vanilla, salt, cream cheese, sour cream, powdered sugar]",crepes
Crepes-Allrecipes_1,Crepes,5,1800.0,"[Lunch and Snacks, Breakfast and Brunch]",[French],"[all-purpose flour, milk, eggs, salt]",crepes
Crepes-1041784,Crepes,4,3000.0,[Breakfast and Brunch],,"[large eggs, milk, water, flour, melted butter]",crepes
_Recipe_-Caramel-Apple-Crepes-1363964,{Recipe} Caramel Apple Crepes,4,2100.0,[Breakfast and Brunch],,"[flour, salt, eggs, milk, melted butter, butter, apples, pears, cinnamon, brown sugar, water]",crepes
Boston-Cream-Crepe-Cake-1365882,Boston Cream Crepe Cake,4,5400.0,[Desserts],,"[crepe batter, large eggs, butter, milk, vanilla, sugar, salt, all-purpose flour, granulated sugar, flour, egg yolks, vanilla bean paste, whipping cream, milk chocolate, cream]",crepes
Savory-Crepes-_-_-1354222,Savory Crepes (Блинчики с Мясом),3,5100.0,[Main Dishes],,"[crepes, chuck, mushrooms, onions, carrots, sushi rice, broth, salt, pepper, oil, eggs, milk]",crepes
Peanut-Butter-and-Cinnamon-Apple-Crepes-632988,Peanut Butter and Cinnamon Apple Crepes,3,3900.0,[Breakfast and Brunch],[Kid-Friendly],"[crepes, milk, all-purpose flour, natural peanut butter, large eggs, water, butter, golden delicious apples, sugar, dates, ground cinnamon, cooking spray, vanilla yogurt, cinnamon sugar]",crepes
Easy-Homemade-Crepes-1355915,Easy Homemade Crepes,4,2100.0,[Breakfast and Brunch],,"[eggs, milk, melted butter, flour, salt, vanilla, Nutella, jelly sugar, butter]",crepes
Sweet-Blender-Crepes-1093597,Sweet Blender Crepes,4,360.0,[Breakfast and Brunch],,"[large eggs, milk, water, flour, melted butter, sugar, vanilla]",crepes
Nutella-Crepes-1167052,Nutella Crepes,4,2700.0,"[Desserts, Breakfast and Brunch]",,"[melted butter, large eggs, milk, water, flour, sugar, butter, Nutella]",crepes
Homemade-Pumpkin-Crepes-1275693,Homemade Pumpkin Crepes,3,3000.0,[Breakfast and Brunch],,"[eggs, flour, milk, water, melted butter, solid pack pumpkin, cream cheese, heavy whipping cream, powdered sugar, pumpkin pie spice]",crepes
Chocolate-Crepes-1100695,Chocolate Crepes,4,2700.0,[Desserts],,"[eggs, milk, vanilla, flour, cocoa powder, sugar, salt]",crepes
Crepes-with-Greek-Yogurt-Cream-960133,Crepes with Greek Yogurt Cream,4,3600.0,[Breakfast and Brunch],,"[apricot preserves, crepes, water, milk, large eggs, unsalted butter, all-purpose flour, sugar, salt, greek yogurt, low-fat yogurt, cream cheese, granulated sugar]",crepes
Crepes-de-Paris-1348919,Crêpes de Paris,4,2700.0,[Desserts],,"[butter, milk, eggs, all-purpose flour, white sugar, salt, Nutella, preserves, fruit, powdered sugar]",crepes
Bacon-_-Egg-Crepes-985104,Bacon & Egg Crepes,4,1800.0,[Breakfast and Brunch],,"[crepes, eggs, center cut bacon, shredded cheese]",crepes
Apple-Crepes-1158369,Apple Crepes,3,1800.0,[Desserts],,"[unsalted butter, gala apples, sugar, ground cinnamon, salt, large eggs, milk, all-purpose flour, vegetable oil, mascarpone]",crepes
Hazelnut-Crepes-960039,Hazelnut Crepes,4,1500.0,[Breakfast and Brunch],,"[hazelnut flour, all-purpose flour, sugar, cinnamon, salt, eggs, milk, unsalted butter, vanilla extract]",crepes
Crepes-626657,Crepes,3,2700.0,[Breakfast and Brunch],,"[eggs, milk, sugar, flour, oil]",crepes
Nutella-Crepes-Martha-Stewart-239209,Nutella Crepes,4,2400.0,[Desserts],,"[unsalted butter, crepes, Nutella, confectioners sugar]",crepes
Cannoli-crepes-357228,Cannoli Crepes,5,1500.0,[Desserts],,"[crepes, ricotta, roasted almonds, confectioners sugar, chocolate chips, raspberries]",crepes
Strawberry-Cream-Chocolate-Crepes-1304514,Strawberry Cream Chocolate Crepes,4,2520.0,[Desserts],,"[crepe batter, eggs, flour, white sugar, skim milk, butter, vanilla, cocoa powder, lemon juice, heavy cream, sweetened condensed milk, strawberries, chocolate syrup]",crepes
Chocolate-Crepes-568507,Chocolate Crepes,4,2100.0,[Desserts],,"[eggs, milk, flour, cocoa powder, powdered sugar, salt, butter, sugar, vanilla]",crepes
Perfect-Crepe-966933,Perfect Crepe,4,1200.0,[Desserts],,"[milk, eggs, butter, sugar, vanilla, salt, flour, ice cream, crushed pistachio, cinnamon]",crepes
Broccoli-Cheese-Crepes-TasteOfHome,Broccoli Cheese Crepes,5,2100.0,[Breakfast and Brunch],,"[eggs, water, all-purpose flour, salt, onions, butter, milk, shredded cheddar cheese, dijon mustard, worcestershire sauce, pepper, broccoli]",crepes
Apple-Crepes-AllRecipes-38169,Apple Crepes,5,1320.0,[Desserts],,"[apples, cream cheese, sweetened condensed milk, vanilla extract, crepes, ground cinnamon, chopped pecans]",crepes
Sourdough-Crepes-1327365,Sourdough Crepes,4,1800.0,[Breakfast and Brunch],,"[sourdough starter, milk, melted butter, eggs, sugar, baking soda]",crepes
Crepe-Cake-1341587,Crepe Cake,4,4800.0,[Desserts],,"[unsalted butter, whole milk, large eggs, all-purpose flour, granulated sugar, salt, vanilla extract, egg yolks, sugar, corn starch, butter, fresh cranberries, water]",crepes
Easy-Crepes-1029758,Easy Crepes,3,3600.0,[Breakfast and Brunch],,"[large eggs, flour, milk, water, vanilla, butter]",crepes
S_mores-Nutella-Crepes-999479,S'mores Nutella Crepes,4,1800.0,[Desserts],[French],"[unsalted butter, all-purpose flour, granulated sugar, salt, milk, water, large eggs, vanilla, semi-sweet chocolate morsels, Nutella, mini marshmallows, graham crackers]",crepes
Creme-Brulee-Crepe-Cake-1100435,Creme Bruleé Crepe Cake,4,3600.0,[Desserts],[French],"[crepe batter, pastry, heavy cream, granulated sugar, butter, milk, eggs, all-purpose flour, salt, corn starch, pure vanilla extract, hot water]",crepes
Chocolate-Crepes-with-Jam-456922,Chocolate Crepes with Jam,5,,"[Breakfast and Brunch, Desserts]",,"[milk, eggs, unsalted butter, all-purpose flour, cocoa powder, sugar, salt, raspberry jam, whipped cream, fresh raspberries]",crepes
Scallop-crepes-318506,Scallop Crepes,3,5100.0,[Main Dishes],[French],"[crepes, bay scallops, mushrooms, unsalted butter, garlic cloves, shallots, white wine, calvados, fresh tarragon, lemon zest, lemon juice, heavy cream, clam juice, salt, white pepper, buckwheat flour, all-purpose flour, eggs, whole milk]",crepes
Savory-Crepes-1248455,Savory Crepes,4,1800.0,[Main Dishes],,"[fresh basil, garlic, pinenuts, olive oil, grated parmesan cheese, roasting chickens, canola oil, mushrooms, spinach, shredded mozzarella cheese, all-purpose flour, salt, eggs, milk, water, melted butter, butter]",crepes
Lemon-Crepes-964182,Lemon Crepes,3,2100.0,"[Desserts, Breakfast and Brunch]",,"[blueberries, honey, fat free milk, all-purpose flour, eggs, canola oil, sugar, lemon peel, mascarpone]",crepes
Crepes-Suzette-457728,Crepes Suzette,5,1500.0,,,"[orange, unsalted butter, sugar, all-purpose flour, salt, eggs, milk, brandy, Grand Marnier, orange zest]",crepes
Sweet-Crepes-1045761,Sweet Crepes,4,5100.0,[Breakfast and Brunch],[French],"[eggs, low-fat milk, unsalted butter, granulated sugar, all purpose unbleached flour, strawberries, lemon juice, chai tea]",crepes
Light-and-Fluffy-Crepes-1070057,Light and Fluffy Crepes,4,1800.0,[Breakfast and Brunch],,"[eggs, milk, flour, sugar, olive oil]",crepes
Real-French-Crepes-Allrecipes,Real French Crepes,4,900.0,[Breakfast and Brunch],[French],"[all-purpose flour, eggs, milk]",crepes
Crepes-Or-Danish-Pancakes-896789,Crepes Or Danish Pancakes,4,2700.0,[Breakfast and Brunch],,"[large eggs, whole milk, butter, all-purpose flour, vanilla bean paste, sugar, kosher salt]",crepes
_Lady-M_-Matcha-Mille-Crepes-Cake-1379294,[Lady M] Matcha Mille Crepes Cake,4,3000.0,[Desserts],,"[all-purpose flour, matcha green tea powder, granulated sugar, milk, eggs, melted butter, whipping cream, sugar]",crepes
Nutella-and-Banana-Crepes-1335210,Nutella and Banana Crepes,4,2700.0,"[Desserts, Breakfast and Brunch]",,"[all-purpose flour, brown sugar, baking powder, salt, vanilla, milk, melted butter, large eggs, butter, Nutella, bananas, powdered sugar]",crepes
Chicken-Broccoli-Crepes-1325718,Chicken Broccoli Crepes,4,4800.0,[Main Dishes],,"[crepes, milk, eggs, salt, flour, melted butter, sauce, olive oil, chicken breasts, pepper, butter, cheddar cheese, broccoli, sliced almonds]",crepes
Buckwheat-Crepe-511696,Buckwheat Crepe,5,,,,"[whole milk, sugar, sea salt, butter, buckwheat flour, all-purpose flour, large eggs]",crepes
Savory-Crepes-with-Ham-and-Egg---Galette-Bretonne-1379624,Savory Crepes with Ham and Egg - Galette Bretonne,4,1500.0,[Breakfast and Brunch],[French],"[whole wheat flour, buckwheat flour, eggs, salt, water, butter, sliced ham, cheese slices, pepper, chives]",crepes
SEAFOOD-CREPES-968656,SEAFOOD CREPES,4,3000.0,[Main Dishes],,"[crab meat, shrimp, flounder, butter, garlic, green onions, mushrooms, salt, ground pepper, flour, clam juice, white wine, milk, heavy cream, cayenne, old bay seasoning, shredded swiss cheese, parmesan cheese, crepes]",crepes
Souffled-Crepes-766787,Souffléd Crepes,3,2700.0,[Desserts],,"[fromage blanc, granulated sugar, egg yolks, all-purpose flour, vanilla extract, orange, salt, crepes, egg whites, confectioners sugar]",crepes
Claire_s-Yummy-Crepes-Allrecipes,Claire's Yummy Crepes,4,600.0,"[Desserts, Breakfast and Brunch]",[Kid-Friendly],"[all-purpose flour, white sugar, salt, milk, eggs]",crepes
Banana-Crepes-Allrecipes,Banana Crepes,5,1200.0,"[Desserts, Breakfast and Brunch]",,"[all-purpose flour, confectioners sugar, eggs, milk, butter, vanilla extract, salt, brown sugar, ground cinnamon, ground nutmeg, cream, bananas, heavy cream]",crepes
Chocolate-Hazelnut-Ricotta-Crepes-676336,Chocolate Hazelnut Ricotta Crepes,3,3600.0,"[Desserts, Breakfast and Brunch]",,"[crepes, hazelnut flour, all-purpose flour, salt, whole milk, eggs, butter, olive oil, ricotta, chocolate-hazelnut spread, powdered sugar, vanilla, hazelnuts]",crepes
Creamy-lemon-blueberry-crepes-334777,Creamy Lemon Blueberry Crepes,5,1800.0,[Desserts],,"[all-purpose flour, granulated sugar, milk, eggs, pure vanilla extract, melted butter, frozen blueberries, corn starch, lemon juice, lemon curd, cream cheese]",crepes
Peach-Crepes-1173286,Peach Crepes,4,3300.0,[Breakfast and Brunch],,"[eggs, nonfat milk, melted butter, vanilla extract, all-purpose flour, sugar, salt, unsalted butter, brown sugar, cinnamon, nutmeg, peaches, water, powdered sugar, chopped walnuts]",crepes
Butter_sugar-Crepes-Epicurious,Butter-Sugar Crepes,5,3600.0,[Breakfast and Brunch],[French],"[unsalted butter, whole milk, all-purpose flour, large eggs, sugar]",crepes
Orange_anise-Crepes-Allrecipes,Orange-Anise Crepes,4,30000.0,"[Desserts, Breakfast and Brunch]",[French],"[large eggs, milk, orange juice, anise extract, all-purpose flour, butter, sugar]",crepes
Cinnamon-Vanilla-Crepes-1355561,Cinnamon Vanilla Crepes,4,2100.0,[Breakfast and Brunch],,"[whole wheat white flour, milk, eggs, sugar, cinnamon, vanilla extract, butter, fruit, chocolate chips, yoghurt]",crepes
Apple-Crepes-Martha-Stewart-239194,Apple Crepes,4,1500.0,[Desserts],[French],"[unsalted butter, apples, sugar, chopped walnuts, cinnamon, salt, crepes]",crepes
Seafood-Crepes-1347423,Seafood Crepes,3,2700.0,,,"[Gold Medal All Purpose Flour, milk, vegetable oil, sugar, baking powder, salt, eggs, butter, fresh mushrooms, green onions, cooked shrimp, crabmeat, half & half, cream cheese, shredded swiss cheese]",crepes
Monday-Morning-Crepes-504212,Monday Morning Crepes,4,2400.0,[Breakfast and Brunch],,"[eggs, milk, water, melted butter, spelt flour, honey, salt]",crepes
Louisiana-Citrus-Crepes-1086295,Louisiana Citrus Crepes,3,4800.0,"[Desserts, Breakfast and Brunch]",[French],"[fat free milk, vanilla beans, granulated sugar, corn starch, salt, large egg yolks, reduced-fat sour cream, crepes, water, butter, vanilla extract, large eggs, all-purpose flour, cooking spray, navel oranges, red grapefruit, chopped fresh mint, powdered sugar, mint sprigs]",crepes
Regular-Crepes-Allrecipes,Regular Crepes,5,1800.0,[Breakfast and Brunch],[Kid-Friendly],"[all-purpose flour, white sugar, baking powder, salt, milk, butter, vanilla extract, eggs]",crepes
Savory-Cheese-Crepes-1018561,Savory Cheese Crepes,4,2100.0,[Breakfast and Brunch],,"[milk, shredded extra sharp cheddar cheese, large eggs, all-purpose flour, sugar, salt, vegetable oil, sour cream, scallions, pepper]",crepes
Maple-Pecan-Crepes-1019372,Maple Pecan Crêpes,3,1800.0,[Breakfast and Brunch],,"[eggs, milk, all-purpose flour, kosher salt, unsalted butter, chopped pecans, maple syrup, light brown sugar]",crepes
Chocolate-crepes-with-strawberries-352023,Chocolate Crepes with Strawberries,5,,"[Breakfast and Brunch, Desserts]",,"[all-purpose flour, cocoa powder, powdered sugar, 1% low-fat milk, large egg whites, eggs, oil, butter-flavored spray, strawberries, cool whip, chocolate syrup]",crepes
Nutella-Crepe-Cake-756973,Nutella Crepe Cake,3,3900.0,[Desserts],,"[unsalted butter, Nutella, heavy cream, crepes, bittersweet chocolate]",crepes
Sweet-Crepes-1228807,Sweet Crêpes,4,3000.0,[Desserts],,"[large eggs, whole milk, water, all-purpose flour, butter, sugar, vanilla extract, Nutella, cream sweeten whip, strawberries]",crepes
Man-Crepes-Martha-Stewart-196198,Man Crepes,5,3000.0,"[Desserts, Breakfast and Brunch]",,"[all-purpose flour, coarse salt, baking powder, large eggs, milk, water, pure vanilla extract, unsalted butter, sugar, orange]",crepes
Chicken-Crepe-1166419,Chicken Crepe,4,,[Main Dishes],,"[crepes, condensed cream of chicken soup, mayonnaise, cream, curry powder, onions, lemon juice, salt, pepper, cooked chicken, cheddar cheese, chicken]",crepes
Blueberry-Crepes-1055031,Blueberry Crepes,4,2400.0,[Breakfast and Brunch],,"[flour, salt, eggs, water, milk, butter, vanilla extract, blueberries, light brown sugar]",crepes
Basic-Crepes-1061923,Basic Crepes,4,1800.0,[Breakfast and Brunch],,"[all-purpose flour, eggs, milk, water, salt, butter]",crepes
Crepes-with-Caramelized-Pears_-Blackberries-and-Mascarpone-Cream-1329463,"Crepes with Caramelized Pears, Blackberries and Mascarpone Cream",4,2700.0,"[Desserts, Breakfast and Brunch]",,"[crepes, milk, water, eggs, melted butter, pure vanilla extract, all-purpose flour, cinnamon, mascarpone, heavy cream, confectioners sugar, butter, pears, brown sugar, blackberries, honey]",crepes
Apple-Pie-Crepes-1313188,Apple Pie Crepes,4,3300.0,"[Desserts, Breakfast and Brunch]",,"[whole wheat white flour, apple cider, whole milk, salt, sugar, butter, large eggs, melted butter, vanilla, apples, brown sugar, flour, cinnamon, lemon juice, powdered sugar]",crepes
Russian-Kefir-Crepes-1326250,Russian Kefir Crepes,4,2400.0,"[Desserts, Breakfast and Brunch]",,"[kefir, eggs, all-purpose flour, salt, sugar, baking soda, boiling water, oil, butter]",crepes
Strawberry-Crepes-1077604,Strawberry Crepes,4,2700.0,[Desserts],[French],"[strawberries, sugar, eggs, milk, water, flour, melted butter, heavy cream, salt, yolk, vanilla, whipped cream]",crepes
3-Ingredient-Vegan-Crepes-1310500,3-Ingredient Vegan Crepes,4,900.0,[Breakfast and Brunch],,"[all-purpose flour, soy milk, flax egg]",crepes
Basic-Crepes-544465,Basic Crepes,5,1800.0,[Breakfast and Brunch],[French],"[all-purpose flour, eggs, milk, water, salt, butter]",crepes
Good-Morning-Crepes-MyRecipes-264565,Good Morning Crepes,3,1080.0,[Breakfast and Brunch],[French],"[turkey bacon, cooking spray, large eggs, black pepper, crepes, maple syrup]",crepes
Everyday-crepes-329536,Everyday Crepes,3,2400.0,[Breakfast and Brunch],,"[all-purpose flour, eggs, butter, sugar, salt, almond extract, milk]",crepes
Creamy-Strawberry-Crepes-Allrecipes,Creamy Strawberry Crepes,5,3600.0,[Breakfast and Brunch],,"[eggs, milk, water, butter, all-purpose flour, salt, cream cheese, confectioners sugar, lemon juice, lemon zest, vanilla extract, heavy cream, strawberries]",crepes
Savory-Shrimp-Crepes-1347406,Savory Shrimp Crepes,3,4200.0,[Main Dishes],,"[eggs, all-purpose flour, milk, butter, mushrooms, fresh dill, salt, pepper, shrimp]",crepes
Strawberry-Crepes-1217635,Strawberry Crepes,4,600.0,[Breakfast and Brunch],,"[milk, eggs, vanilla extract, flour, salt]",crepes
How-To-Make-Crepes-_Thin-Pancakes_-600700,How To Make Crepes (Thin Pancakes),3,480.0,[Breakfast and Brunch],,"[all-purpose flour, eggs, milk, salt]",crepes
Peach-Crepes-514884,Peach Crepes,4,3300.0,[Breakfast and Brunch],,"[eggs, nonfat milk, melted butter, vanilla extract, all-purpose flour, sugar, salt, unsalted butter, brown sugar, cinnamon, nutmeg, peaches, water, powdered sugar, chopped walnuts]",crepes
Strawberry-and-Mascarpone-Crepes-with-Strawberry-Syrup-Closet-Cooking-54986,Strawberry and Mascarpone Crepes with Strawberry Syrup,5,3000.0,"[Breakfast and Brunch, Desserts]",,"[strawberries, sugar, mascarpone, yoghurt, crepes, strawberry syrup, water]",crepes
Perfect-Paleo-Crepes-1008791,Perfect Paleo Crepes,4,1800.0,[Breakfast and Brunch],,"[almond milk, eggs, vanilla extract, coconut flour, baking powder, salt]",crepes
French-Pancake-_-Sweet-Crepes-1078761,French Pancake | Sweet Crepes,4,2100.0,[Breakfast and Brunch],[French],"[all-purpose flour, baking powder, white sugar, milk, eggs, butter, salt, oil, fruit]",crepes
Poblano-Crepes-511325,Poblano Crepes,5,,[Breakfast and Brunch],,"[all-purpose flour, large eggs, milk, cold water, salt, unsalted butter, poblano chiles]",crepes
Apple-Pie-Crepes-1359202,Apple Pie Crepes,4,1800.0,[Desserts],,"[eggs, coconut oil, honey, gluten free oat flour, whole milk, whole milk yoghurt, cream cheese, whipped cream, apple pie spice, pure maple syrup, vanilla extract, chopped pecans]",crepes
Red-Velvet-Crepes-1313165,Red Velvet Crepes,4,3000.0,[Desserts],,"[all-purpose flour, baking powder, baking soda, salt, sugar, buttermilk, low-fat milk, large eggs, vanilla extract, cocoa powder, red food coloring, unsalted butter, cooking oil, heavy cream, mascarpone, powdered sugar, orange, raspberry jam, bittersweet chocolate]",crepes
Simple-Buckwheat-Crepes-1107795,Simple Buckwheat Crepes,4,2700.0,[Breakfast and Brunch],,"[rice milk, salt, coconut oil, buckwheat flour, medium eggs]",crepes
Banana-Split-Crepes-1128691,Banana Split Crepes,4,3300.0,[Desserts],,"[all-purpose flour, granulated sugar, melted butter, whole milk, water, eggs, vanilla extract, salt, whipped cream, condensed milk, bananas, chocolate syrup]",crepes
Almond-Oat-Banana-Crepes-1050119,Almond Oat Banana Crepes,4,2700.0,"[Desserts, Breakfast and Brunch]",,"[almond meal, old-fashioned oats, all-purpose flour, milk, eggs, vanilla extract, brown sugar, salt, bananas, Nutella]",crepes
Ham-and-Brie-Crepes-Martha-Stewart-239198,Ham and Brie Crepes,4,2100.0,"[Lunch and Snacks, Main Dishes]",[French],"[unsalted butter, crepes, brie cheese, gruyere cheese, prosciutto, sage leaves]",crepes
3-Ingredient-Banana-Crepes-1054686,3 Ingredient Banana Crepes,4,600.0,[Breakfast and Brunch],,"[bananas, eggs, cinnamon]",crepes
Whole-Wheat-Crepes-1004909,Whole Wheat Crepes,4,1500.0,[Breakfast and Brunch],,"[eggs, whole wheat flour, milk, water, honey, vanilla, salt, butter]",crepes
Chocolate-Banana-Crepes-514979,Chocolate Banana Crepes,4,1200.0,"[Desserts, Breakfast and Brunch]",,"[milk, butter, eggs, vanilla, cocoa powder, powdered sugar, all-purpose flour, bananas, chocolate sauce, Grand Marnier]",crepes
Sweet-Crepes-1103829,Sweet Crepes,4,900.0,[Breakfast and Brunch],,"[milk, eggs, butter, vanilla, sugar, salt, flour, melted butter]",crepes
Crepes-with-Cantal-Cheese-Martha-Stewart-191850,Crepes with Cantal Cheese,3,1500.0,[Breakfast and Brunch],[French],"[cantal, buckwheat, crepes, butter]",crepes
Basic-Crepe-Mix-1046420,Basic Crepe Mix,4,,,,"[flour, salt, milk, eggs, melted butter]",crepes
Nutella-Crepes-with-Strawberries-1107451,Nutella Crepes with Strawberries,4,1800.0,"[Desserts, Breakfast and Brunch]",,"[eggs, flour, milk, oil, salt, sugar, baking soda]",crepes
Cheese-Blintzes-1353575,Cheese Blintzes,3,3420.0,"[Desserts, Breakfast and Brunch]",,"[water, milk, granulated sugar, large eggs, egg yolks, salt, all-purpose flour, unsalted butter, vanilla extract, cream cheese, ricotta cheese, powdered sugar, lemon juice, butter]",crepes
Pumpkin-Crepes-with-Pumpkin-Cheesecake-Filling-1288404,Pumpkin Crepes with Pumpkin Cheesecake Filling,4,1800.0,[Desserts],,"[large eggs, whole milk, water, pumpkin purée, melted butter, flour, cinnamon, pumpkin pie spice, brown sugar, mascarpone, maple syrup]",crepes
French-Crepes-895782,French Crepes,4,2400.0,"[Desserts, Breakfast and Brunch]",[French],"[flour, eggs, milk, salt, sugar, oil, vanilla, whipped cream, fruit yogurt, cinnamon, powdered sugar, Nutella]",crepes
Vanilla-Crepes-with-Warm-Raspberry-Compote-486194,Vanilla Crêpes with Warm Raspberry Compote,4,3000.0,"[Breakfast and Brunch, Desserts]",,"[milk, egg yolks, vanilla extract, all-purpose flour, sugar, salt, melted butter, compote, raspberries, fresh lemon juice]",crepes
Egg-Crepes-1167618,Egg Crepes,4,1800.0,[Breakfast and Brunch],,"[all-purpose flour, tapioca starch, chives, sugar, salt, black pepper, water, vegetable oil, large eggs, milk, white pepper]",crepes
Crepes-with-Sauteed-Bananas-and-Chocolate-Martha-Stewart,Crepes with Sauteed Bananas and Chocolate,3,6300.0,"[Desserts, Breakfast and Brunch]",,"[all-purpose flour, granulated sugar, salt, 2% reduced-fat milk, large eggs, unsalted butter, bananas, brown sugar, semisweet chocolate]",crepes
Pumpkin-Crepes-with-Cinnamon-Ginger-Cheesecake-Filling-1346566,Pumpkin Crepes with Cinnamon Ginger Cheesecake Filling,4,2400.0,"[Desserts, Breakfast and Brunch]",,"[flour, pumpkin pie spice, salt, large eggs, milk, pumpkin purée, unsalted butter, vanilla extract, cream cheese, powdered sugar, cinnamon, ground ginger, fresh ginger, whipped cream]",crepes
Lemon-Crepes-750484,Lemon Crepes,4,2400.0,[Desserts],,"[all-purpose flour, milk, large eggs, granulated sugar, vegetable oil, salt, egg yolks, sugar, fresh lemon juice, grated lemon zest, unsalted butter]",crepes
Crepes-with-scrambled-eggs-337327,Crepes with Scrambled Eggs,3,1200.0,[Breakfast and Brunch],,"[water, milk, all-purpose flour, eggs, sugar, salt]",crepes
Healthy-Chocolate-Crepes-_Gluten-and-Grain-Free_-1378391,Healthy Chocolate Crepes {Gluten and Grain Free},4,2100.0,[Desserts],,"[eggs, bananas, cocoa, whipped cream, greek yogurt, stevia, raspberries, shaved chocolate]",crepes
Sourdough-Crepes-519031,Sourdough Crepes,4,2700.0,[Breakfast and Brunch],,"[sourdough starter, eggs, whole milk, sea salt, butter, sugar]",crepes
Easy-_-Yummy-Crepes-1085505,Easy & Yummy Crepes,3,3600.0,"[Desserts, Breakfast and Brunch]",,"[eggs, flour, milk, water, salt, butter, sugar, berries, orange, vanilla yogurt, whipped cream, maple syrup]",crepes
Gateau-de-Crepes-_Crepe-Cake_-985291,Gâteau de Crêpes (Crepe Cake),4,5400.0,[Desserts],[French],"[unsalted butter, whole milk, large eggs, all-purpose flour, granulated sugar, salt, vanilla beans, egg yolks, corn starch, vegetable oil, heavy cream, kirsch, sugar]",crepes
Summer-Crepes-with-Ricotta-638100,Summer Crepes with Ricotta,4,900.0,[Breakfast and Brunch],,"[all-purpose flour, milk, large eggs, salt, honey, unsalted butter, ground cinnamon, ricotta, lemon zest, blueberries, peaches, maple syrup]",crepes
Basic-Crepes-1125148,Basic Crepes,4,1200.0,[Breakfast and Brunch],,"[eggs, vanilla almondmilk, honey, whole wheat flour, salt]",crepes
Cannelloni-Crepes-Martha-Stewart-196197,Cannelloni Crepes,4,3000.0,[Main Dishes],,"[ricotta cheese, mozzarella cheese, grated parmesan cheese, large eggs, fresh parsley leaves, coarse salt, ground black pepper, Tabasco Pepper Sauce, tomato sauce, crepes]",crepes
Nutella-Crepe-Cake-1339075,Nutella Crepe Cake,4,2700.0,[Desserts],,"[milk, water, large eggs, all-purpose flour, salt, sugar, melted butter, orange, heavy cream, unsweetened cocoa powder, Nutella, candied orange peel, chocolate shavings, toasted nuts]",crepes
Asparagus-Crepes-MyRecipes-243319,Asparagus Crepes,4,4800.0,[Breakfast and Brunch],,"[milk, eggs, all-purpose flour, asparagus spears, egg yolks, water, butter, lemon juice, salt, cayenne pepper, paprika]",crepes
Alice_s-Crepes-Martha-Stewart,Alice's Crepes,3,6300.0,"[Desserts, Breakfast and Brunch]",,"[milk, salt, sugar, unsalted butter, all-purpose flour, grapeseed oil, large eggs, beer, raspberry jam, lemon juice]",crepes
Strawberry-Crepes-_SundaySupper-1040385,Strawberry Crepes #SundaySupper,4,3300.0,[Breakfast and Brunch],,"[strawberry sauce, strawberries, liquor, water, sugar, crepes, flour, milk, eggs, granulated sugar, melted butter, salt, vanilla extract, butter, lemon, whipped cream]",crepes
Chicken-Or-Turkey-Crepes-With-Tarragon-Allrecipes,Chicken or Turkey Crepes with Tarragon,4,3300.0,[Main Dishes],[French],"[crepes, butter, finely chopped onion, all-purpose flour, milk, chicken broth, dry white wine, dried tarragon leaves, egg yolks, cooked chicken, salt]",crepes
Mock-Taiwanese-Egg-Crepe---Dan-Bing-1342219,Mock Taiwanese Egg Crepe - Dan Bing,4,600.0,[Breakfast and Brunch],,"[oil, flour tortillas, eggs, salt, water, green onions, sweet soy sauce]",crepes
Crepes-with-Strawberries-and-Homemade-Whipped-Cream-519577,Crepes with Strawberries and Homemade Whipped Cream,4,1500.0,"[Breakfast and Brunch, Desserts]",,"[all-purpose flour, white sugar, salt, eggs, milk, butter]",crepes
Beet-Crepes-1320984,Beet Crepes,4,2400.0,[Breakfast and Brunch],,"[beets, milk, eggs, melted butter, gluten-free flour, salt, honey, vanilla, apples, pears, butter, brown sugar, cinnamon, orange]",crepes
Berries-N-Cream-Crepes-1015158,Berries N Cream Crepes,4,900.0,[Breakfast and Brunch],,"[strawberries, brown sugar, vanilla, light cream cheese, powdered sugar, salt, lemon juice, butter, all-purpose flour, sugar, milk, large eggs]",crepes
Blackberries-And-Cream-Crepes-677916,Blackberries And Cream Crepes,4,,,,"[flour, white sugar, salt, eggs, milk, butter]",crepes
Make-Ahead-Breakfast-Sandwiches-1361159,Make Ahead Breakfast Sandwiches,4,1500.0,[Breakfast and Brunch],,"[large eggs, water, pepper, salt, butter, English muffins, black forest ham, sharp cheddar cheese]",crepes
Lemon-Crepes-Martha-Stewart_1,Lemon Crepes,5,,"[Desserts, Breakfast and Brunch]",[French],"[unsalted butter, all-purpose flour, sugar, salt, milk, pure vanilla extract, large eggs, caramel sauce, lemon slices]",crepes
Quick-_-Easy-Crepes-1038006,Quick & Easy Crepes,4,1800.0,[Breakfast and Brunch],,"[eggs, canola oil, sugar, flour, almond milk]",crepes
Spinach-Crepes-731966,Spinach Crepes,4,1800.0,[Breakfast and Brunch],,"[unsalted butter, baby spinach, medium eggs, all-purpose flour, milk, sea salt, vanilla, salted butter, fresh blueberries, maple syrup, fresh lemon]",crepes
Keto-Crepes-with-Keto-Syrup-731899,Keto-Crepes with Keto Syrup,4,480.0,[Breakfast and Brunch],,"[crepes, eggs, unsweetened almond milk, coconut flour, Swerve Sweetener, vanilla, almond extract, coconut oil, syrup, organic butter]",crepes
Crepes-with-raspberry-fool-326306,Crepes with Raspberry Fool,3,2700.0,[Desserts],,"[all-purpose flour, whole milk, cold water, large eggs, salt, melted butter, fresh raspberries, sugar, liquor, heavy cream, powdered sugar, pure vanilla extract, raspberry syrup]",crepes
Strawberries-_n-Orange-Cream-Crepes-1007437,Strawberries 'n Orange Cream Crepes,4,2400.0,"[Desserts, Breakfast and Brunch]",[French],"[unsalted butter, all-purpose flour, granulated sugar, salt, whole milk, water, large eggs, vanilla, heavy cream, orange juice, liquor, strawberries, ground cinnamon]",crepes
Crepes-With-Lemon-And-Sugar-996044,Crepes With Lemon And Sugar,4,600.0,"[Desserts, Breakfast and Brunch]",,"[eggs, all-purpose flour, vanilla extract, milk, margarine, sugar, butter, salt, lemon, powdered sugar]",crepes
Luscious-cheese-crepes-with-apricot-sauce-299046,Luscious Cheese Crepes With Apricot Sauce,4,1500.0,[Breakfast and Brunch],[American],"[milk, large eggs, I Can't Believe It's Not Butter!® Spread, sugar, extract, all-purpose flour, i can't believ it' not butter! sprai origin, cream cheese, I Cant Believe Its Not Butter, preserves, liqueur]",crepes
French-Canadian-Breakfast-Crepes-1042033,French Canadian Breakfast Crepes,4,1800.0,[Breakfast and Brunch],[French],"[flour, salt, eggs, milk, shortening, maple syrup]",crepes
Kid-Friendly-Crepes-1117982,Kid-Friendly Crepes,4,1500.0,[Desserts],[Kid-Friendly],"[eggs, almonds, all-purpose flour, confectioners sugar, melted butter]",crepes
Basic-Buckwheat-Crepes-551583,Basic Buckwheat Crêpes,4,1800.0,[Breakfast and Brunch],[French],"[large eggs, all-purpose flour, buckwheat flour, whole milk, melted butter]",crepes
Pumpkin-Pie-Crepes-469797,Pumpkin Pie Crepes,5,1500.0,[Desserts],,"[eggs, sugar, vanilla, flour, milk, water, butter]",crepes
Sausage-_-Applesauce-Brunch-Crepes-1311393,Sausage & Applesauce Brunch Crepes,4,4200.0,[Breakfast and Brunch],,"[wheat, all-purpose flour, salt, large eggs, low-fat milk, canola oil, sausage casings, seltzer water, unsweetened applesauce, shredded extra sharp cheddar cheese, pure maple syrup, fresh chives]",crepes
Chocolate-Nutella-Banana-Crepes-515077,Chocolate Nutella Banana Crepes,4,2100.0,"[Breakfast and Brunch, Desserts]",,"[milk, butter, eggs, vanilla, cocoa powder, powdered sugar, all-purpose flour, Nutella, bananas]",crepes
Red-velvet-crepes-with-cheesecake-mousse-and-raspberry-sauce-351300,Red Velvet Crepes with Cheesecake Mousse and Raspberry Sauce,5,4500.0,[Desserts],,"[crepes, eggs, milk, sugar, vanilla, flour, cocoa powder, red food coloring, butter, mousse, whipping cream, powdered sugar, instant cheesecake pudding mix, raspberry sauce, water, corn starch, lemon juice, frozen raspberries, cream sweeten whip]",crepes
Dessert-Crepes-with-Chocolate-Sauce-1065145,Dessert Crepes with Chocolate Sauce,4,2100.0,[Desserts],,"[large eggs, milk, water, butter, vanilla extract, all-purpose flour, sugar, cinnamon, salt, chocolate sauce, fruit, whipped cream]",crepes
Strawberry-Cheesecake-Chocolate-Crepes-1072164,Strawberry Cheesecake Chocolate Crepes,4,2400.0,[Desserts],,"[cream cheese, strawberries, vanilla extract, lemon juice, granulated sugar, all-purpose flour, unsweetened cocoa powder, kosher salt, eggs, milk, water, unsalted butter, confectioners sugar]",crepes
Banana-Crepes-1244298,Banana Crepes,4,900.0,[Breakfast and Brunch],,"[bananas, chai tea, large eggs, low-fat milk, whole wheat pastry flour, butter, blueberries, sugar, low-fat greek yogurt]",crepes
Cannoli-Crepes-1008985,Cannoli Crêpes,4,900.0,[Desserts],,"[ricotta cheese, powdered sugar, almond extract, vanilla extract, orange zest, cinnamon, chocolate morsels, all-purpose flour, sugar, salt, eggs, butter, whole milk]",crepes
Nutella-Berry-Crepes-573752,Nutella Berry Crepes,4,2700.0,[Desserts],,"[eggs, sugar, vanilla extract, salt, milk, flour, butter, strawberries, raspberries, hazelnuts]",crepes
Apple-Crepes-MyRecipes-246945,Apple Crepes,4,,"[Desserts, Breakfast and Brunch]",,"[all-purpose flour, sugar, salt, large eggs, low-fat milk, unsalted butter, tart apples, cinnamon, apple juice, vanilla yogurt]",crepes
Crepes-with-Custard-and-Caramel-1333259,Crepes with Custard and Caramel,3,3600.0,[Desserts],,"[flour, eggs, canola oil, salt, milk, butter, vanilla extract, sugar, heavy cream, bananas]",crepes
Caramel-Apple-Brie-Crepe-Parcels-1364359,Caramel Apple-Brie Crêpe Parcels,4,3900.0,[Desserts],,"[tart apples, unsalted butter, granulated sugar, ground cinnamon, sugar, salted butter, heavy cream, crepes, brie cheese, mint sprigs]",crepes
Peachy-Cream-Crepes-for-Brunch-1000428,Peachy Cream Crepes for Brunch,4,2100.0,[Breakfast and Brunch],,"[peaches, vanilla extract, all-purpose flour, eggs, milk, water, salt, butter, heavy cream, powdered sugar]",crepes
Lemon-Sugar-Dessert-Crepes-938949,Lemon Sugar Dessert Crepes,4,1800.0,[Desserts],,"[crepes, gluten, lemon juice, sugar]",crepes
Chocolate-Crepes-With-Strawberries-1002349,Chocolate Crepes With Strawberries,4,1500.0,"[Desserts, Breakfast and Brunch]",,"[all-purpose flour, vanilla extract, eggs, margarine, sugar, butter, milk, salt, dark chocolate, whipping cream, strawberries, powdered sugar]",crepes
Apple-Crepes-with-Caramel-Sauce-1261219,Apple Crepes with Caramel Sauce,4,,,,"[flour, sugar, large eggs, skim milk, salt, butter, granny smith apples, cinnamon, schnapps, caramel sauce, whipped cream]",crepes
Baked-Egg-Crepes-1038333,Baked Egg Crepes,4,1800.0,[Breakfast and Brunch],,"[crepes, breakfast sausages, eggs, chives]",crepes
Whole-Wheat-Crepes-1229299,Whole Wheat Crepes,4,1200.0,[Breakfast and Brunch],,"[whole wheat flour, all-purpose flour, salt, honey, milk, eggs]",crepes
Spinach-crepes-with-ricotta_-tomatoes-and-basil-351533,"Spinach Crepes with Ricotta, Tomatoes and Basil",5,3000.0,[Main Dishes],,"[baby spinach leaves, coarse salt, milk, eggs, melted butter, fresh basil, all-purpose flour, olive oil, plum tomatoes, garlic cloves, black pepper, ricotta cheese, grated parmesan cheese, basil]",crepes
Strawberries-and-Cream-Crepes-992900,Strawberries and Cream Crepes,4,2700.0,"[Desserts, Breakfast and Brunch]",,"[eggs, butter, sugar, milk, water, vanilla, flour, salt, mascarpone, heavy whipping cream, powdered sugar, vanilla extract, strawberries]",crepes
Sourdough-Crepes-1095423,Sourdough Crepes,4,2100.0,[Breakfast and Brunch],,"[sourdough, eggs, butter, milk]",crepes
Whole-Grain-Crepes-622480,Whole Grain Crepes,3,3300.0,[Breakfast and Brunch],,"[spelt berries, whole milk, eggs, melted butter, sea salt, crepes, honey, cinnamon]",crepes
Udis-Caramelized-Apple-Ricotta-Mexican-Crepe-1366393,Udi’s Caramelized Apple Ricotta Mexican Crepe,3,3000.0,[Desserts],,"[butter, granny smith apples, white sugar, ground cinnamon, low-fat ricotta cheese, vanilla, water]",crepes
Crepe-Lasagna-608268,Crepe Lasagna,3,5400.0,[Main Dishes],,"[crepes, olive oil, ground sirloin, onions, garlic cloves, cinnamon, oregano, San Marzano tomatoes, unsalted butter, flour, 2% reduced-fat milk, heavy cream, grated nutmeg, cayenne, salt, freshly ground pepper, parmesan cheese]",crepes
Nutella-Crepes-1040088,Nutella Crepes,4,1500.0,"[Desserts, Breakfast and Brunch]",,"[chocolate milk, eggs, chocolate-hazelnut spread, flour, raw sugar, fruit topping, maple syrup, powdered sugar]",crepes
Swiss-Chicken-Crepes-with-Spinach-_Gluten-Free-version-included_-1317189,Swiss Chicken Crepes with Spinach (…Gluten Free version included),4,4200.0,[Main Dishes],,"[crepes, cooked chicken, green onions, fresh spinach, cooked bacon, shredded swiss cheese, mushrooms, butter oil, cream, water, white grape juice, rice flour, potato starch, tapioca starch, salt, eggs, milk, butter]",crepes
Versatile-Crepes-557529,Versatile Crêpes,5,,[Breakfast and Brunch],[French],"[whole milk, large eggs, kosher salt, all-purpose flour, unsalted butter]",crepes
Charred-corn-crepes-372063,Charred Corn Crepes,5,6300.0,,,"[fresh corn, butter, flour, milk, large eggs, table salt]",crepes
Whole-Wheat-Crepes-1230483,Whole Wheat Crepes,4,2700.0,[Breakfast and Brunch],,"[whole wheat flour, all-purpose flour, salt, honey, milk, eggs]",crepes
Bananas-Foster-Crepes-1009597,Bananas Foster Crepes,4,3600.0,[Desserts],,"[all-purpose flour, salt, whole milk, eggs, pure vanilla extract, canola oil, cooking spray, butter, brown sugar, cinnamon, banana liqueur, bananas, dark rum]",crepes
Cocoa-Crepes-with-Mascarpone-and-Blackberries-Serious-Eats-41601,Cocoa Crepes with Mascarpone and Blackberries,5,4200.0,"[Desserts, Breakfast and Brunch]",,"[large eggs, vanilla extract, all-purpose flour, sugar, cocoa powder, unsalted butter, whole milk, mascarpone, cream, confectioners sugar, blackberries]",crepes
Crepe-Cake-1333708,Crepe Cake,3,1800.0,[Desserts],,"[unsalted butter, eggs, mascarpone, all-purpose flour, heavy cream, cinnamon, maple syrup, sugar]",crepes
Strawberry-Banana-Crepes-770628,Strawberry Banana Crepes,4,2400.0,[Desserts],,"[eggs, whole milk, flour, salt, melted butter, strawberries, bananas, powdered sugar]",crepes
Asparagus-Ham-Crepes-MyRecipes-243297,Asparagus Ham Crepes,4,5400.0,[Breakfast and Brunch],[French],"[milk, eggs, canola oil, all-purpose flour, baking powder, salt, asparagus spears, deli ham, swiss cheese, butter, chicken bouillon granules, water, shredded cheddar cheese, cream, mushrooms, chives]",crepes
How-to-Make-Oreo-Mille-Crepe-Cake-1050366,How to Make Oreo Mille Crepe Cake,4,39600.0,[Desserts],,"[all-purpose flour, cocoa powder, sugar, eggs, unsalted butter, milk, whipping cream, vanilla extract, OREO® Cookies]",crepes
Gluten-Free-Crepes-1065733,Gluten Free Crepes,4,1800.0,[Breakfast and Brunch],,"[eggs, coconut oil, honey, gluten free oat flour, almond milk]",crepes
Palatschinken-_Austrian-Crepes_-1008844,Palatschinken (Austrian Crêpes),4,1800.0,[Desserts],,"[large eggs, flour, milk, salt, oil, butter, ghee, confectioners sugar, apricot jam]",crepes
Cinnamon-Crepes-w_-Blueberry-Compote-Savour-the-Senses-58282,Cinnamon Crepes w/ Blueberry Compote,5,3900.0,[Breakfast and Brunch],,"[all-purpose flour, low-fat milk, sugar, ground cinnamon, vanilla extract, large eggs, frozen blueberries, water, lemon juice, cinnamon sugar]",crepes
Strawberries-_-Cream-Crepes-1182261,Strawberries & Cream Crepes,4,1800.0,[Breakfast and Brunch],,"[eggs, flour, sugar, salt, vanilla, milk, strawberries, whipped cream, powdered sugar]",crepes
Chocolate-Fruit-Crepes-1217545,Chocolate Fruit Crepes,4,3000.0,[Breakfast and Brunch],,"[flour, eggs, milk, water, salt, melted butter, fruit, chocolate syrup]",crepes
Spinach-Egg-Crepes-1070531,Spinach Egg Crepes,4,4500.0,[Breakfast and Brunch],,"[crepes, large eggs, milk, water, flour, melted butter, butter, eggs, frozen spinach, green onions, cream sauce, parmesan cheese, salt, pepper]",crepes
Ham-and-egg-crepe-squares-368803,Ham and Egg Crepe Squares,5,3300.0,[Breakfast and Brunch],,"[flour, sugar, salt, milk, large eggs, melted butter, ham, eggs, fresh parsley]",crepes
Mixed-Berry-Cream-Cheese-Crepes-1070963,Mixed Berry Cream Cheese Crepes,4,3000.0,[Breakfast and Brunch],,"[water, milk, sugar, flour, eggs, vanilla extract, raspberries, blueberries, strawberries, cinnamon, cream cheese, lemon juice, crepes, coconut sugar, large eggs, whole wheat flour, sauce, frozen raspberries, frozen blueberries, ground cinnamon]",crepes
Nutella-stuffed-Crepes-466655,Nutella stuffed Crepes,5,2400.0,,,"[eggs, cane sugar, milk, carbonated water, flour, salt, vanilla extract]",crepes
Homemade-Crepes-With-Apple-Butter-1274923,Homemade Crepes With Apple Butter,3,2100.0,[Breakfast and Brunch],,"[eggs, milk, salt, apple butter, apples, honey]",crepes
Simple-Crepes-488412,Simple Crepes,4,,"[Breakfast and Brunch, Desserts]",,"[large eggs, sugar, vanilla extract, salt, flour, milk, water, cooking spray, Nutella, maple syrup, powdered sugar, bananas, strawberries, blueberries, whipping cream, chocolate syrup]",crepes
Champagne-Pear-Crepes-1100604,Champagne Pear Crepes,4,6300.0,[Desserts],[French],"[milk, all-purpose flour, unsalted butter, large eggs, sugar, salt, champagne, water, vanilla beans, pears, vanilla ice cream]",crepes
Spinach-crepes-320545,Spinach Crepes,3,3000.0,,,"[frozen spinach, shredded Monterey Jack cheese, chopped walnuts, crepes, olive oil spray]",crepes
Kaiserschmarren-or-Imperial-crepes-782088,Kaiserschmarren or Imperial crepes,4,2100.0,[Desserts],,"[eggs, flour, whole milk, granulated sugar, butter, dried plum, sugar, water]",crepes
Paleo-Crepes-with-Nutella-635635,Paleo Crepes with “Nutella”,3,1800.0,[Desserts],,"[hazelnuts, bittersweet chocolate, extra virgin coconut oil, green plantains, eggs, water, salt]",crepes
Crepes-with-sugar-and-lemon-334334,Crêpes with Sugar and Lemon,5,3900.0,[Breakfast and Brunch],[American],"[all-purpose flour, buckwheat flour, cold milk, cold water, butter, salt, sugar, lemon]",crepes
Crepes-with-Lemon-Curd-Whipped-Cream-1090925,Crepes with Lemon Curd Whipped Cream,4,1500.0,"[Desserts, Breakfast and Brunch]",,"[large eggs, milk, water, all purpose unbleached flour, unsalted butter, granulated sugar, pure vanilla extract, lemon curd, heavy whipping cream]",crepes
Czech-crepes-with-berries-and-cream-352002,Czech Crepes with Berries and Cream,5,1200.0,[Desserts],,"[flour, 1% low-fat milk, egg whites, eggs, oil, non stick spray, powdered sugar, blackberries, raspberries, strawberries, sugar, whipped topping]",crepes
Quick-berry-crepes-368364,Quick Berry Crepes,4,1500.0,[Desserts],,"[crepes, heavy cream, granulated sugar, pure vanilla extract, strawberries, blackberries, sugar, berries]",crepes
Easy_-Sweet-Spinach-Crepes-1324330,"Easy, Sweet Spinach Crepes",4,2400.0,[Breakfast and Brunch],,"[large eggs, almond milk, buckwheat flour, spinach, coconut oil, maple syrup]",crepes
Sweet-Cheese-Crepes-with-Cherry-Topping-1054298,Sweet Cheese Crepes with Cherry Topping,3,6300.0,"[Desserts, Breakfast and Brunch]",,"[whole milk, water, eggs, unsalted butter, raw sugar, all purpose unbleached flour, baking powder, salt, cottage cheese, cream cheese, orange, honey, fuji, cinnamon, cherry preserves, powdered sugar]",crepes
Grape-Crepes-With-Brie-And-Bacon-781240,Grape Crepes With Brie And Bacon,4,3300.0,[Breakfast and Brunch],[French],"[thick-cut bacon, flour, sugar, milk, water, large eggs, butter, brie cheese, grapes]",crepes
Making-Gluten-Free-Crepes-1266198,Making Gluten Free Crepes,4,1800.0,[Breakfast and Brunch],,"[arrowroot powder, gluten-free baking powder, salt, milk, coconut oil, large eggs, stevia, vanilla extract]",crepes
Caramelized-Apple-Crepes-Martha-Stewart-193624,Caramelized Apple Crepes,3,4500.0,"[Desserts, Breakfast and Brunch]",[French],"[all-purpose flour, salt, large eggs, large egg yolks, milk, pure vanilla extract, unsalted butter, apples, grated lemon zest, lemon juice, cinnamon, ground ginger, sugar, calvados, crème fraîche, confectioners sugar]",crepes
Spinach-Cheese-Stuffed-Crepes-with-Marinara-673728,Spinach-Cheese Stuffed Crepes with Marinara,4,2700.0,,,"[eggs, all-purpose flour, whole milk, butter, salt, frozen spinach, ricotta cheese, ground black pepper, ground nutmeg, large eggs, shredded mozzarella cheese, grated parmesan cheese, olive oil, yellow onion, garlic, italian plum tomatoes, dried oregano, crushed red pepper, fresh parsley, chiffonade]",crepes
Blueberry-Mango-Crepes-456692,Blueberry-Mango Crepes,0,,"[Breakfast and Brunch, Desserts]",,"[eggs, low-fat milk, vanilla extract, all-purpose flour, whole wheat flour, salt, canola oil, mango, sugar, fresh lemon juice, heavy cream, unsalted butter, fresh blueberries]",crepes
Fruit-Crepes-With-Chantilly-574123,Fruit Crepes With Chantilly,4,1500.0,"[Desserts, Breakfast and Brunch]",,"[eggs, all-purpose flour, vanilla extract, margarine, sugar, milk, butter, salt, strawberries, pineapple slices, heavy whipping cream, powdered sugar]",crepes
Crepes-with-nutella-and-strawberry-filling-364850,Crepes with Nutella and Strawberry Filling,4,1500.0,"[Desserts, Breakfast and Brunch]",,"[flour, sugar, baking powder, salt, milk, eggs, vanilla, butter]",crepes
Vegetable-Crepes-531531,Vegetable Crepes,4,2100.0,[Lunch and Snacks],,"[butter, leeks, zucchini, onions, carrots, flour, milk, eggs]",crepes
Kiwi-Cacao-Crepes-1342147,Kiwi Cacao Crepes,3,2400.0,[Breakfast and Brunch],,"[non dairy milk, chickpea flour, maple syrup, baking powder, kiwi, bananas, raw cacao, mint, water, unsweetened cocoa powder, almonds, vanilla extract]",crepes
Vegan-GF-Crepes-_Oil-Free_-1359392,Vegan GF Crepes (Oil Free),4,2700.0,[Breakfast and Brunch],,"[oat flour, buckwheat flour, coconut milk, oat milk, almond butter, maple syrup, bananas, diced apples, ground cinnamon, frozen raspberries]",crepes
Peaches-_n-Cream-Protein-Crepes-1274397,Peaches 'n Cream Protein Crepes,4,1020.0,[Breakfast and Brunch],,"[whole oats, water, milk, vanilla, eggs, melted butter, peaches, whipped cream]",crepes
Toblerone-Chocolate-Crepe-Cake-1267154,Toblerone Chocolate Crepe Cake,3,4200.0,[Desserts],,"[eggs, milk, melted butter, self rising flour, butter, heavy cream, Toblerone Chocolates, semi-sweet chocolate morsels]",crepes
Crepes-with-Sauteed-Apples-and-Caramel-Sauce-457766,Crepes with Sautéed Apples and Caramel Sauce,5,,"[Breakfast and Brunch, Desserts]",,"[eggs, low-fat milk, vanilla extract, all-purpose flour, whole wheat flour, salt, canola oil, unsalted butter, golden delicious apples, granulated sugar, caramel sauce, confectioners sugar, heavy cream]",crepes
Vanilla-Protein-Crepes-1297146,Vanilla Protein Crepes,4,1200.0,[Breakfast and Brunch],,"[crepes, gluten-free flour, eggs, vanilla, water, salt, vanilla essence, coconut oil, pumpkin, apples, coconut sugar, pumpkin purée, pumpkin pie spice]",crepes
Barley-crepes-with-yogurt-and-cinnamon-honey-bananas-335990,Barley Crepes with Yogurt and Cinnamon-Honey Bananas,5,900.0,[Breakfast and Brunch],,"[crepes, barley flour, salt, eggs, milk, walnut oil, whole milk greek yogurt, bananas, honey, cinnamon]",crepes
Strawberry-Cream-Cheese-Crepes-1303097,Strawberry Cream Cheese Crepes,4,1800.0,[Desserts],,"[flour, milk, eggs, vanilla, cream cheese, sugar, strawberries, caramel syrup]",crepes
Egg-Fast-Recipe-Snickerdoodle-Crepes-_Low-Carb_-607145,Egg Fast Recipe – Snickerdoodle Crepes (Low Carb),3,1500.0,[Breakfast and Brunch],,"[eggs, cream cheese, cinnamon, sugar substitute, butter]",crepes
Strawberry-Banana-Crepes-TasteOfHome,Strawberry Banana Crepes,5,1800.0,"[Desserts, Breakfast and Brunch]",,"[all-purpose flour, sugar, ground cinnamon, milk, eggs, butter, cream cheese, soften, frozen whip topping, thaw, confectioners sugar, strawberries, bananas]",crepes
Low-Carb-Pancake-Crepes-AllRecipes-39367,Low Carb Pancake Crepes,5,1500.0,[Breakfast and Brunch],,"[cream cheese, eggs, ground cinnamon, sugar free syrup, butter]",crepes
Chocolate-Crepe-Cake-1357476,Chocolate Crepe Cake,4,1800.0,[Desserts],,"[crepes, cream cheese, peanut butter, chocolate spread, coconut oil, chocolate syrup, powdered sugar]",crepes
Egg_white-Crepes-Allrecipes,Egg-White Crepes,5,900.0,[Breakfast and Brunch],,"[whole wheat flour, egg whites, skim milk, salt, vegetable oil, frozen mixed berries, confectioners sugar]",crepes
Jacques-Torres_s-Crepes-with-Caramelized-Pears-Martha-Stewart,Jacques Torres's Crepes with Caramelized Pears,4,2100.0,"[Desserts, Breakfast and Brunch]",,"[large eggs, granulated sugar, vanilla bean seeds, all-purpose flour, orange, lemon, whole milk, heavy cream, unsalted butter, pears]",crepes
Brown-Sugar-Carrot-Cake-Crepes-with-Cream-Cheese-Filling-and-Blueberry-Sauce-940246,Brown Sugar Carrot Cake Crepes with Cream Cheese Filling and Blueberry Sauce,4,3900.0,[Breakfast and Brunch],,"[crepes, carrots, milk, eggs, butter, vanilla extract, all-purpose flour, salt, brown sugar, granulated sugar, ground cinnamon, grated nutmeg, ground ginger, sauce, blueberries, sugar, lemon juice, corn starch, cream cheese, powdered sugar]",crepes
Chocolate-Crepes-with-Fresh-Raspberry-Compote-1277908,Chocolate Crepes with Fresh Raspberry Compote,4,1800.0,"[Desserts, Breakfast and Brunch]",,"[milk, eggs, flour, powdered sugar, cocoa powder, vanilla, salt, berries, sugar]",crepes
Cherry-Almond-Coconut-Crepes-1124576,Cherry Almond Coconut Crepes,4,1800.0,[Breakfast and Brunch],,"[crepes, eggs, coconut oil, maple syrup, almond extract, salt, coconut flour, nutmeg, cinnamon, whole milk, yogurt cheese]",crepes
Crazy-Day-Crepes-900770,Crazy Day Crêpes,3,3000.0,[Desserts],,"[blueberries, strawberries, granulated sugar, kosher salt, peaches, flour, confectioners sugar, baking powder, milk, plain yogurt, unsalted butter, vanilla extract, eggs, fromage blanc, sour cream, maple syrup, heavy cream]",crepes
Crepes-With-Raspberry-Cassis-Sauce-1221296,Crepes With Raspberry-Cassis Sauce,3,4200.0,[Breakfast and Brunch],[French],"[low-fat milk, large eggs, salt, sugar, all purpose unbleached flour, whole wheat pastry flour, unsalted butter, lime zest, rose water, raspberries, cassis liqueur, plain greek yogurt, honey, fresh lime juice, powdered sugar]",crepes
Mushroom-crepes-352991,Mushroom Crepes,4,3000.0,[Main Dishes],[French],"[chickpeas, all-purpose flour, salt, milk, extra-virgin olive oil, water, butter oil, mushrooms, butter, portabello mushroom, garlic, cream cheese, white wine, parsley, chives, dill, thyme leaves]",crepes
Mousse-filled-crepes-370012,Mousse Filled Crepes,4,1800.0,[Desserts],,"[eggs, milk, flour, shortening, instant pudding mix, cool whip]",crepes
Gluten-Free-Green-Tea-Crepes-643910,Gluten Free Green Tea Crepes,4,900.0,[Breakfast and Brunch],,"[medium eggs, butter, sugar, gluten free blend, matcha green tea powder, milk, pure vanilla extract]",crepes
Ham-and-Watercress-Crepes-Epicurious-51272,Ham and Watercress Crepes,5,3000.0,,[French],"[whole milk, all-purpose flour, large eggs, flat leaf parsley, vegetable oil, salt, unsalted butter, cream cheese, soften, shallots, ground cumin, black pepper, cooked ham, watercress]",crepes
The-BEST-Crepes_-964061,The BEST Crepes!,4,4200.0,[Desserts],,"[eggs, sugar, flour, milk, vegetable oil, cream cheese, cottage cheese, condensed milk, dark chocolate]",crepes
Figgy-Crepes-With-Honey-Basil-Mascarpone-593264,Figgy Crepes With Honey Basil Mascarpone,3,1800.0,[Breakfast and Brunch],,"[butter, milk, large eggs, all-purpose flour, salt, cinnamon, honey, mascarpone, fresh basil, lemon zest, black mission figs]",crepes
Savoury-Buckwheat-Crepes-835834,Savoury Buckwheat Crepes,4,2100.0,[Breakfast and Brunch],[French],"[eggs, milk, buckwheat flour, salt, pepper, nutmeg, ham, gruyere cheese, olive oil]",crepes
Lemon-Meringue-Crepes-With-Ice-Cream-1365947,Lemon Meringue Crêpes With Ice Cream,3,3600.0,[Desserts],,"[plain flour, salt, eggs, low-fat milk, melted butter, caster sugar, lemon, sunflower oil, low-fat soft cheese, whipping cream, meringue nests, lemon curd, powdered sugar]",crepes
Gluten-Free-Crepes-1067603,Gluten Free Crepes,4,900.0,[Breakfast and Brunch],,"[milk, large eggs, melted butter, gluten free all purpose flour, salt, sugar, vanilla, gluten-free baking powder, canola oil]",crepes
Cornmeal-Crepes-with-Figs-and-Pears-562665,Cornmeal Crepes with Figs and Pears,3,2700.0,"[Desserts, Breakfast and Brunch]",,"[large eggs, whole milk, all-purpose flour, cornmeal, sugar, vanilla extract, kosher salt, heavy cream, unsalted butter, pears, black mission figs, raw pistachios, honey]",crepes
Crepes-With-Spinach_-Bacon-And-Mushroom-Filling-Allrecipes,"Crepes with Spinach, Bacon and Mushroom Filling",5,3900.0,[Breakfast and Brunch],,"[crepes, bacon, unsalted butter, fresh mushrooms, all-purpose flour, milk, frozen chopped spinach, fresh parsley, grated parmesan cheese, salt, pepper, chicken broth, eggs, lemon juice]",crepes
Rosewater-Crepes-with-Blood-Orange-Compote-1000872,Rosewater Crepes with Blood Orange Compote,3,1200.0,"[Desserts, Breakfast and Brunch]",,"[all-purpose flour, eggs, milk, water, salt, rosewater, blood orange, vanilla extract, caster sugar]",crepes
Paleo-Blueberry-Breakfast-Crepes-970711,Paleo Blueberry Breakfast Crepes,4,1800.0,[Breakfast and Brunch],,"[eggs, honey, butter, salt, vanilla extract, coconut milk, coconut flour, fresh blueberries, arrowroot flour]",crepes
Gluten-free-Crepes-1243486,Gluten-free Crepes,4,1500.0,[Breakfast and Brunch],,"[flour, xanthan gum, sugar, baking powder, salt, milk, large eggs, oil, vanilla]",crepes
Grain-free-Crepes-1120444,Grain-free Crepes,4,1380.0,[Breakfast and Brunch],,"[eggs, cream, almond milk, almond flour, coconut flour, melted butter, salt, sweetener]",crepes
Chocolate-Hazelnut-Fruit-Crepes-Allrecipes,Chocolate Hazelnut Fruit Crepes,5,1200.0,[Desserts],,"[chocolate-hazelnut spread, crepes, bananas, whipped cream]",crepes
Clean-Eating-Sweet-Stuffed-Crepes-2-Ways-1113190,Clean Eating Sweet Stuffed Crepes 2 Ways,4,1200.0,[Breakfast and Brunch],,"[large eggs, milk, water, butter, raw honey, salt, wheat flour, cooking spray, mango, apples, chia seeds, bananas, strawberries, cinnamon, pure vanilla extract]",crepes
Homemade-Vanilla-Crepes-979648,Homemade Vanilla Crepes,4,,,,"[milk, flour, eggs, vegetable oil, baking powder, sugar, vanilla extract]",crepes
am_-Apple-and-Cheddar-Crepes-1039755,"am, Apple and Cheddar Crepes",4,3000.0,[Breakfast and Brunch],,"[ham, 2% reduced-fat milk, unsalted butter, large eggs, salt, all-purpose flour, granny smith apples, cheese sauce, dijon mustard, pepper, white cheddar cheese, fresh chives]",crepes
Ham_-Egg-and-Gruyere-Crepes-with-Maple-Syrup-Closet-Cooking-54925,"Ham, Egg and Gruyere Crepes with Maple Syrup",5,2700.0,[Breakfast and Brunch],,"[flour, eggs, milk, salt, butter, gruyere cheese, black forest ham, maple syrup]",crepes
Beer-batter-crepes-346983,Beer-Batter Crepes,0,,[Breakfast and Brunch],,"[large eggs, milk, lager beer, unsalted butter, flour, salt]",crepes
Broccoli-Cheese-Crepes-MyRecipes-237359,Broccoli Cheese Crepes,3,,[Breakfast and Brunch],,"[eggs, water, all-purpose flour, salt, chopped onion, butter, milk, shredded cheddar cheese, dijon mustard, worcestershire sauce, pepper, frozen chopped broccoli]",crepes
Beurre-Noisette-Crepes-750336,Beurre Noisette Crepes,4,3600.0,[Desserts],,"[salted butter, whole milk, eggs, egg yolks, vanilla bean paste, plain flour, powdered sugar, butter]",crepes
Ice-Cream-Sundae-Crepes-1259711,Ice Cream Sundae Crepes,4,3000.0,[Desserts],,"[heavy cream, powdered sugar, pure vanilla extract, crepes, gelato, fudge, flour, salt, granulated sugar, large eggs, butter, whole milk]",crepes
Paleo-Diet-Crepes-1050012,Paleo Diet Crepes,4,660.0,[Breakfast and Brunch],,"[arrowroot powder, coconut, baking powder, sea salt, eggs, coconut oil, liquid stevia]",crepes
Red-Velvet-Crepes-with-Raspberry-_-Sweet-Cream-Cheese-Filling-1205504,Red Velvet Crepes with Raspberry & Sweet Cream Cheese Filling,4,4200.0,[Desserts],,"[eggs, egg yolks, milk, water, salt, butter, sugar, vanilla, all-purpose flour, cocoa powder, red food coloring, raspberry preserves, cream cheese, Nutella, lemon juice, powdered sugar, ricotta, vanilla extract, strong black coffee, rum]",crepes
Crepes-with-Caramel-Sauce-1310464,Crepes with Caramel Sauce,4,4200.0,[Desserts],,"[cake flour, granulated sugar, eggs, milk, butter, oil, water, vanilla extract]",crepes
Nutella-Crepes-with-Fresh-Berries-1169429,Nutella Crepes with Fresh Berries,4,300.0,[Desserts],,"[crepes, Nutella, blueberries, strawberries]",crepes
Vanilla-Beans-Crepes-with-Peaches-and-Cream-552026,Vanilla Beans Crepes with Peaches and Cream,4,6000.0,[Desserts],,"[milk, all-purpose flour, large eggs, salted butter, sugar, vanilla bean paste, salt, cream cheese, heavy cream, powdered sugar, vanilla extract, peaches, lemon juice, granulated sugar]",crepes
Amaretto-Crepes-with-Cranberry-Raspberry-Sauce-_-Sweet-Mascarpone-Filling-1181918,Amaretto Crepes with Cranberry-Raspberry Sauce & Sweet Mascarpone Filling,4,3600.0,[Desserts],,"[fresh cranberries, fresh raspberries, sugar, water, amaretto liqueur, almond extract, eggs, milk, flour, melted butter, mascarpone, vanilla]",crepes
Coconut-Oil-Crepes-1025793,Coconut Oil Crepes,4,2400.0,[Breakfast and Brunch],,"[eggs, milk, salt, baking soda, honey, all-purpose flour, coconut oil, vanilla, coconut oil spray]",crepes
Sweet-Crepes-533077,Sweet Crêpes,5,4800.0,"[Desserts, Breakfast and Brunch]",[American],"[whole milk, heavy cream, large eggs, all-purpose flour, sugar, salt, vanilla extract, unsalted butter, Nutella, fresh lemon juice]",crepes
Breakfast-Crepes-with-Berries-572843,Breakfast Crepes with Berries,5,1200.0,[Breakfast and Brunch],,"[fresh raspberries, blackberries, sour cream, confectioners sugar, orange, lime juice, grate lime peel, vanilla extract, salt, crepes]",crepes
Whole-Wheat-Crepes-530482,Whole Wheat Crepes,4,3300.0,[Breakfast and Brunch],,"[milk, eggs, vanilla, whole wheat pastry flour, powdered sugar, baking powder, kosher salt]",crepes
Whole-Wheat-Pastry-Flour-Crepes-1103910,Whole Wheat Pastry Flour Crepes,4,3600.0,[Breakfast and Brunch],[French],"[whole wheat pastry flour, sea salt, large eggs, milk, butter, melted butter]",crepes
Whole-Wheat-Crepes-_for-breakfast-or-dessert__-977707,Whole-Wheat Crepes (for breakfast or dessert!),4,1800.0,[Breakfast and Brunch],,"[eggs, whole wheat flour, milk, water, honey, vanilla, salt, butter]",crepes
Sausage_-Egg-and-Cheese-Breakfast-Crepes-1247070,"Sausage, Egg and Cheese Breakfast Crepes",4,3000.0,[Breakfast and Brunch],,"[large eggs, milk, water, melted butter, vanilla extract, flour, sugar, salt, sausages, green onions, shredded swiss cheese, ground thyme]",crepes
Taiwanese-egg-crepe-367564,Taiwanese Egg Crepe,3,1800.0,[Breakfast and Brunch],,"[all-purpose flour, tapioca flour, scallions, sugar, salt, ground black pepper, water, vegetable oil, large eggs, milk, ground white pepper]",crepes
Lemon-Crepes-with-Strawberries_-Jam-and-Mascarpone-765159,"Lemon Crepes with Strawberries, Jam and Mascarpone",4,3000.0,[Breakfast and Brunch],,"[eggs, low-fat milk, grated lemon zest, vanilla extract, all-purpose flour, salt, canola oil, unsalted butter, mascarpone, strawberry jam, strawberries, orange]",crepes
Berry-Filled-Cinnamon-Crepes-MyRecipes-227636,Berry-Filled Cinnamon Crepes,4,1500.0,"[Desserts, Breakfast and Brunch]",[Kid-Friendly],"[fresh raspberries, fresh blueberries, blackberries, strawberries, granulated sugar, bananas, crepes, powdered sugar]",crepes
Lemon-Cream-Crepes-a-Mother_s-Day-Brunch-1091089,Lemon Cream Crepes a Mother's Day Brunch,4,2100.0,[Breakfast and Brunch],,"[crepes, flour, eggs, milk, water, vanilla, cream cheese, lemon curd, powdered sugar]",crepes
Vanilla-Crepes-1277867,Vanilla Crepes,4,1800.0,[Breakfast and Brunch],,"[wheat, almond milk, coconut sugar, eggs, vanilla extract, salt, butter, brown sugar, heavy cream, egg yolks]",crepes
Chocolate-_-Sauteed-Banana-Crepes-1212986,Chocolate & Sautéed Banana Crepes,4,3900.0,[Desserts],,"[all-purpose flour, granulated sugar, coarse salt, milk, small eggs, butter, baking powder, bananas, semisweet chocolate]",crepes
Chocolate-Crepes-with-Strawberries-577631,Chocolate Crepes with Strawberries,4,1200.0,[Desserts],,"[all-purpose flour, large egg whites, eggs, unsweetened cocoa powder, powdered sugar, 1% low-fat milk, oil, cooking spray, strawberries, cool whip, chocolate syrup]",crepes
Savory-Rye-Crepes-with-Peaches-and-Blue-Cheese-631618,Savory Rye Crepes with Peaches and Blue Cheese,3,2100.0,[Breakfast and Brunch],,"[crepes, rye flour, sea salt, large eggs, maple syrup, whole milk, vanilla, melted butter, peaches, purple onion, walnuts, parsley, olive oil, blue cheese, honey]",crepes
Ham-and-Egg-Crepe-Squares-Martha-Stewart-194007,Ham and Egg Crepe Squares,5,1800.0,[Breakfast and Brunch],[American],"[crepes, black forest ham, large eggs, coarse salt, ground pepper, chopped fresh chives]",crepes
Crepes-With-Strawberry_-Banana_-And-Peanut-Butter-781409,"Crepes With Strawberry, Banana, And Peanut Butter",4,1800.0,[Breakfast and Brunch],,"[crepes, peanut butter, strawberries, bananas]",crepes
Almond-Oat-Cheesecake-Filled-Crepes-1003743,Almond Oat Cheesecake Filled Crepes,4,1800.0,"[Desserts, Breakfast and Brunch]",,"[crepes, flour, oat flour, all-purpose flour, large eggs, almond milk, vanilla extract, sea salt, cooking spray, cheesecake filling, low-fat cream cheese, plain greek yogurt, maple syrup, lemon juice, fresh raspberries, powdered sugar]",crepes
Buckwheat-Crepe-Blinis-Martha-Stewart-193260,Buckwheat Crepe Blinis,3,3600.0,"[Appetizers, Breakfast and Brunch]",,"[all-purpose flour, buckwheat flour, milk, coarse salt, large eggs, clarified butter, sour cream, caviar]",crepes
Red-Velvet-Crepe-Cake-1000134,Red Velvet Crepe Cake,4,3300.0,[Desserts],,"[all-purpose flour, cocoa powder, salt, sugar, large eggs, milk, buttermilk, pure vanilla extract, red food colouring gel, vegetable oil, cream cheese, unsalted butter, powdered sugar, sprinkles]",crepes
Crepes-with-blackberry-rhubarb-compote-357548,Crepes with Blackberry-Rhubarb Compote,3,3300.0,[Desserts],,"[compote, rhubarb, blackberries, maple syrup, orange juice, water, vanilla extract, crepes, all-purpose flour, sugar, salt, whole milk, eggs, butter]",crepes
Berry-Cheesecake-Crepes-1088566,Berry Cheesecake Crepes,4,1800.0,[Breakfast and Brunch],,"[flour, milk, water, eggs, butter, salt, low-fat cream cheese, plain greek yogurt, maple syrup, lemon juice, blackberries, fresh blueberries, strawberries, berries]",crepes
How-to-make-Dessert-Crepes-1107339,How to make Dessert Crepes,4,2100.0,[Desserts],,"[milk, flour, eggs, baking powder, sugar, butter, vanilla, vegetable oil]",crepes
Pumpkin-Nutella-Crepe-Cake_-1326941,Pumpkin Nutella Crepe Cake.,4,2700.0,[Desserts],,"[butter, large eggs, milk, pumpkin purée, all-purpose flour, vanilla extract, cinnamon, salt, water, Nutella, heavy whipping cream, pure vanilla extract, pepitas, granulated sugar, unsalted butter, coconut milk, bourbon whiskey, sea salt flakes, dates, dark chocolate, baking soda, baking powder, brown sugar, eggs, flour]",crepes
Christmas-Crepe-Cake-Recipe-with-Eagle-Brands-Limited-Edition-Sweetened-Condensed-Milks_-1376106,Christmas Crepe Cake Recipe with Eagle Brand’s Limited Edition Sweetened Condensed Milks!,4,1500.0,[Desserts],,"[eggs, milk, flour, vanilla, sugar, cold water, chocolate, sweetened condensed milk, chocolate instant pudding, heavy cream, cinnamon, milk chocolate chips, butter, caramel candies]",crepes
Spinach-Gruyere-Gateau-de-Crepes-Martha-Stewart-232667,Spinach-Gruyere Gateau de Crepes,5,3000.0,,,"[extra-virgin olive oil, garlic cloves, baby spinach, pepper flakes, coarse salt, freshly ground pepper, lemon, onions, unsalted butter, all-purpose flour, milk, gruyere cheese, grated nutmeg]",crepes
How-To-Make-Crepes-In-A-Regular-Frying-Pan_-From-Scratch-593482,"How To Make Crepes In A Regular Frying Pan, From Scratch",4,4800.0,,,"[milk, flour, eggs, vegetable oil, baking powder, sugar]",crepes
Chocolate-Banana-Crepes-Allrecipes,Chocolate Banana Crepes,4,1800.0,[Desserts],,"[2% reduced-fat milk, melted butter, egg yolks, vanilla, hazelnut liqueur, cocoa, confectioners sugar, white flour, butter, bananas]",crepes
Asparagus-Sausage-Crepes-MyRecipes-243285,Asparagus Sausage Crepes,4,5400.0,"[Breakfast and Brunch, Main Dishes]",[French],"[pork sausages, onions, cream cheese, soften, shredded Monterey Jack cheese, marjoram, milk, eggs, canola oil, all-purpose flour, salt, asparagus spears, butter, sour cream]",crepes
Pumpkin-Crepes-969494,Pumpkin Crepes,4,1800.0,"[Desserts, Breakfast and Brunch]",,"[milk, butter, eggs, pumpkin purée, vanilla, flour, sugar, baking powder, salt, cinnamon, ginger, nutmeg, clove, brown sugar, goat cheese, powdered sugar, Nutella, cream cheese frosting, greek yogurt, ricotta, honey, whipped cream]",crepes
Dulce-de-Leche-Crepes_-1311223,Dulce de Leche Crêpes!,4,1500.0,,,"[large eggs, salt, all-purpose flour, whole milk, butter, dulce de leche, whiskey, chopped pecans]",crepes
Burmese-Crepes-578352,Burmese Crepes,4,3600.0,[Desserts],,"[rice flour, all-purpose flour, water, salt, granulated sugar, baking soda, coconut milk, peanut oil]",crepes
Banana-Pancakes-1339001,Banana Pancakes,4,2100.0,[Breakfast and Brunch],,"[bananas, sugar, vanilla essence, all-purpose flour, baking powder, eggs, milk, oil]",crepes
Chicken-Crepes-1166403,Chicken Crepes,4,4200.0,[Main Dishes],,"[butter, onions, fresh mushrooms, whole wheat flour, chicken broth, half & half, chicken, parmesan cheese, frozen peas, rosemary, salt, pepper, flour, milk, jack, green onions]",crepes
Sunday-Morning-Grain-Free-Crepes-1030129,Sunday Morning Grain-Free Crepes,4,1500.0,[Breakfast and Brunch],,"[eggs, baking soda, coconut flour, arrowroot powder, milk, vanilla, honey]",crepes
FAIRE-SAUTER-LES-CREPES-_-BREAKFAST-IN-THE-FRENCH-KITCHEN-769528,FAIRE SAUTER LES CREPES / BREAKFAST IN THE FRENCH KITCHEN,4,2100.0,[Breakfast and Brunch],[Kid-Friendly],"[flour, raw sugar, salt, free range egg, milk, butter, crepes, lemon jam, sugar]",crepes
Chocolate-Rasperry-Mini-Crepe-Cakes-1001523,Chocolate Rasperry Mini Crepe Cakes,4,10800.0,[Desserts],[French],"[milk, water, large eggs, all-purpose flour, salt, sugar, melted butter, semisweet chocolate, heavy cream, raspberries, granulated sugar, powdered sugar, fresh raspberries, chocolate shavings, candy]",crepes
Chicken-and-Spinach-Crepes-1313490,Chicken and Spinach Crepes,3,4500.0,[Main Dishes],,"[all-purpose flour, yellow corn meal, granulated sugar, salt, cayenne pepper, milk, eggs, egg yolks, unsalted butter, yellow onion, boneless skinless chicken breasts, cracked black pepper, shallots, hot sauce, grated nutmeg, fresh spinach leaves, half & half, muenster cheese]",crepes
Caramel-Apple-Crepes-1182260,Caramel Apple Crepes,4,1200.0,[Breakfast and Brunch],,"[eggs, flour, sugar, salt, vanilla, milk, green apples, cinnamon, corn starch, water, caramels]",crepes
