id,recipeName,rating,totalTimeInSeconds,course,cuisine,ingredients
Lentil-Curry-1368201,Lentil Curry,4,4200.0,[Main Dishes],,"[green lentil, coconut milk, garam masala, ground turmeric, curry powder, purple onion, garlic, salt]"
Curried-Cabbage-1373823,Curried Cabbage,4,2400.0,[Side Dishes],,"[cabbage, vegetable oil, onions, garlic, curry powder, hot pepper, salt]"
Curry-1216223,Curry,4,1500.0,[Main Dishes],,"[coconut milk, curry paste, brown sugar, cooked meat, bamboo shoots, vegetables, fresh basil, fish sauce]"
Chickpea-Curry-1316709,Chickpea Curry,4,2700.0,[Main Dishes],,"[basmati rice, vegetable oil, onions, salt, pepper, curry powder, garlic, vegetable stock, chickpeas, coconut milk, honey, Sriracha, lime wedges, cilantro leaves]"
Thai-Shrimp-Curry-1377023,Thai Shrimp Curry,4,1500.0,[Main Dishes],"[Thai, Asian]","[shrimp, brown basmati rice, light coconut milk, sesame oil, Thai red curry paste, honey, garlic, fish sauce, fresh cilantro, scallions, lime]"
Chicken-Curry-1374244,Chicken Curry,4,6300.0,[Main Dishes],,"[milk, eggs, all-purpose flour, seasoning salt, cracked black pepper, boneless chicken skinless thigh, canola oil, curry powder, garam masala, onions, soy sauce, chicken broth, cooked rice]"
Super-Simple-Potato-Curry-1343851,Super Simple Potato Curry,4,1500.0,,,"[coconut oil, garlic, onions, small potatoes, full fat coconut milk, diced tomatoes, frozen peas, red pepper, curry powder, tumeric, salt, maple syrup, minced ginger]"
Coconut-Milk-Chicken-Curry-1332275,Coconut Milk Chicken Curry,4,3600.0,[Main Dishes],,"[chicken, garlic, ginger, olive oil, coconut milk, purple onion, tomatoes, ground cumin, ground turmeric, curry powder, black pepper, paprika, salt, coriander]"
Japanese-Chicken-Curry-1368246,Japanese Chicken Curry,4,2700.0,[Main Dishes],,"[boneless chicken skinless thigh, oil, onions, large garlic cloves, carrots, plain flour, mild curry powder, chicken stock, honey, soy sauce, garam masala, large potatoes, frozen peas]"
Tofu-Eggplant-Curry-1378061,Tofu Eggplant Curry,4,2400.0,[Main Dishes],,"[firm tofu, vegetable oil, onions, garlic, ginger, curry powder, coconut milk, Thai eggplants, chinese eggplants, salt]"
Chicken-Curry-with-Coconut-MIlk-1370857,Chicken Curry with Coconut MIlk,4,3600.0,[Main Dishes],[Asian],"[peanut oil, red curry paste, curry powder, fresh ginger, chicken breasts, potatoes, carrots, coconut milk]"
House-Keralite-Chicken-Curry-1379664,House Keralite Chicken Curry,3,2100.0,[Main Dishes],[Indian],"[oil, mustard seeds, fresh curry leaves, green chilies, onions, ginger root, garlic, chicken breasts, garam masala, coconut milk, yoghurt, salt, sugar, cilantro leaves]"
Chicken-Curry-1111102,Chicken Curry,4,4500.0,[Main Dishes],,"[oil, potatoes, carrots, onions, garlic, chicken, fish sauce, coconut milk, water, green bell pepper, red bell pepper, curry powder, salt]"
Pumpkin-Curry-1364525,Pumpkin Curry,4,,,,"[coconut oil, butternut squash, yellow onion, cauliflower florets, garlic, fresh ginger, curry powder, chili pepper, coconut milk, pumpkin purée, chickpeas]"
Thai-Style-Beef-and-Broccoli-Curry-1361041,Thai-Style Beef and Broccoli Curry,4,2100.0,[Main Dishes],"[Thai, Asian]","[florets, broccoli, vegetable oil, beef tenderloin, freshly ground pepper, kosher salt, shallots, fresh ginger, Thai red curry paste, coconut milk, brown sugar, asian fish sauce, steamed rice, fresh basil leaves, lime wedges]"
Vegetable-Curry-1371435,Vegetable Curry,4,3000.0,[Main Dishes],,"[coconut oil, yellow onion, garlic cloves, fresh ginger, chicken broth, potatoes, cauliflower florets, fresh tomatoes, unsweetened coconut milk, red curry paste, lime, fresh cilantro]"
Curried-Chicken-1376486,Curried Chicken,3,1200.0,[Main Dishes],,"[boneless chicken skinless thigh, sweet pepper, onions, chile pepper, garlic, low sodium chicken broth, golden raisins, shredded coconut, curry powder, salt, ground cinnamon, cayenne pepper, unsweetened coconut milk, corn starch, cooked rice, salted cashews]"
Cashew-curry-308788,Cashew Curry,5,1800.0,[Main Dishes],,"[coconut milk, curry powder, fine sea salt, purple onion, garlic cloves, water, firm tofu, green beans, cauliflower, cashew nuts, cilantro]"
Madras-Curry-1363184,Madras Curry,3,1200.0,[Main Dishes],,"[cauliflower, potatoes, red swiss chard, fresh spinach, onions, chickpeas, olive oil, salt, black pepper, mild curry paste, warm water, light brown sugar, diced tomatoes, golden raisins, basmati rice, toasted cashews, plain yogurt]"
Pumpkin-and-Chickpea-Curry-1351783,Pumpkin and Chickpea Curry,4,1500.0,[Main Dishes],,"[olive oil, spices, curry powder, garam masala, chili powder, cumin, red pepper flakes, onions, garlic, fresh ginger, tomatoes, pumpkin purée, maple syrup, salt, unsweetened almond milk, frozen broccoli florets, white wine vinegar, chickpeas]"
Panang-Curry-1355673,Panang Curry,4,2400.0,[Main Dishes],,"[chicken breasts, red pepper, green pepper, white onion, basil, coconut milk, panang curry paste, white rice, peanut butter, cayenne pepper, garlic, chicken stock]"
Turkey_-Cilantro-Sliders-with-Curried-Mayonaise-1377428,"Turkey, Cilantro Sliders with Curried Mayonaise",3,900.0,[Lunch and Snacks],,"[ciabatta, mayonnaise, curry powder, sliced turkey, purple onion, lettuce leaves, cilantro leaves]"
Aromatic-Blackeye-Bean-Curry-1373957,Aromatic Blackeye Bean Curry,3,5400.0,[Main Dishes],[Indian],"[black-eyed peas, cumin seed, coriander seeds, fennel seeds, fenugreek seeds, cinnamon, chili flakes, oil, black mustard seeds, fresh curry leaves, onions, garlic, fresh ginger, salt, water, cilantro leaves, coconut]"
Coconut-Shrimp-Curry-with-Red-Pepper-and-Spinach-1371977,Coconut Shrimp Curry with Red Pepper and Spinach,4,2400.0,[Main Dishes],,"[large shrimp, fresh lemon juice, cayenne pepper, salt, vegetable oil, onions, red bell pepper, minced garlic, minced ginger, ground coriander, curry powder, tumeric, diced tomatoes in juice, sugar, unsweetened coconut milk, pepper, spinach, cooked rice]"
Thai-Coconut-Curry-1349305,Thai Coconut Curry,4,1500.0,[Main Dishes],[Asian],"[fish, olive oil, salt, pepper, garlic, ginger, onions, sesame oil, scallions, bok choy, vegetable broth, light coconut milk, red curry paste]"
Chicken-Curry-with-Dreamfield-Pasta-1379665,Chicken Curry with Dreamfield Pasta,4,3600.0,[Main Dishes],,"[chicken, oil, carrots, onions, curry mix, water, raisins, salt, pepper]"
Kerala-Style-Chicken-Curry-Recipe-Kerala-chicken-curry-with-coconut-1357907,Kerala Style Chicken Curry Recipe-Kerala chicken curry with coconut,4,4200.0,[Main Dishes],"[Indian, Asian]","[chicken, coconut oil, onions, garlic cloves, ginger, green chilies, coriander, red chili powder, ground turmeric, garam masala, coconut milk, fennel seeds, salt, curry leaves, cilantro leaves]"
Simple-Quorn_-pea-and-potato-curry-1379825,"Simple Quorn, pea and potato curry",4,1800.0,[Main Dishes],[Indian],"[medium potatoes, oil, onions, chicken, garlic, fresh ginger, masala, garam masala, ground cumin, cardamom seeds, chopped tomatoes, vegetable stock, peas, fresh coriander]"
Green-Curry-With-Halibut-and-Corn-1377688,Green Curry With Halibut and Corn,3,1800.0,[Main Dishes],,"[canola oil, shallots, green curry paste, unsweetened coconut milk, low sodium chicken broth, frozen corn kernels, halibut, cooked rice, lime wedges, basil leaves, jalapeno chilies]"
Curried-Carrot-and-Sweet-Potato-Soup-1239145,Curried Carrot and Sweet Potato Soup,4,3300.0,[Soups],,"[extra-virgin olive oil, yellow onion, garlic, fresh ginger, Madras curry powder, cauliflower, carrots, sweet potatoes, vegetable broth, kosher salt]"
Steamed-Spinach-with-Curry-Butter-1338859,Steamed Spinach with Curry Butter,4,1200.0,[Side Dishes],,"[unsalted butter, mild curry powder, fresh spinach, fresh orange juice, kosher salt, red pepper flakes]"
Curried-Grapes-1365047,Curried Grapes,4,1200.0,,,"[curry powder, vegan cream cheese, peanuts, coconut flakes, red grape]"
Coconut-Curry-Soup-1374114,Coconut Curry Soup,4,1500.0,[Soups],,"[cream powder, vegetable bouillon, curry powder, cayenne, rice noodles, veggies, water]"
Coconut-Curry-Chicken-1364383,Coconut Curry Chicken,4,4800.0,[Main Dishes],[Asian],"[chicken, curry powder, salt, cracked black pepper, chili powder, sweet onion, jalapeno chilies, snow peas, baby carrots, garlic, unsweetened coconut milk, green curry paste, fresh basil leaves, fresh ginger, brown rice]"
Curry-Kielbasa-Cabbage-Soup-1376542,Curry Kielbasa Cabbage Soup,4,5100.0,[Soups],,"[kielbasa, yellow onion, carrots, celery ribs, cabbage, chicken broth, diced tomatoes, curry powder, cumin, ground cardamom, ground coriander]"
Beef-Peanut-Butter-Curry-1380341,Beef Peanut Butter Curry,4,2700.0,[Main Dishes],,"[stir fry beef meat, bell pepper, cooked rice, unsweetened coconut milk, fish sauce, red curry paste, lemongrass, honey, peanut butter, chopped cilantro]"
Pasta-Curry-with-Cauliflower-and-Chickpeas-1375075,Pasta Curry with Cauliflower and Chickpeas,4,2100.0,[Main Dishes],,"[pasta, virgin olive oil, onions, garlic, red bell pepper, cauliflower florets, tomatoes, diced tomatoes, curry powder, dried basil, chickpeas, raisins, baby spinach, chopped cilantro fresh, salt, hot red pepper flakes]"
Lamb-And-Runner-Bean-Curry-1379654,Lamb And Runner Bean Curry,3,4500.0,[Main Dishes],"[Indian, Asian]","[mutton, plain yogurt, lemon juice, vegetable oil, cumin seed, fennel seeds, nigella seeds, mustard seeds, coriander seeds, green cardamom, brown cardamom, cassia cinnamon, clove, bay leaf, onions, ground turmeric, chillies, methi, fresh ginger, garlic, chopped tomatoes, water, runner beans, fresh curry leaves, salt, garam masala, fresh coriander]"
Vegetarian-Thai-Red-Curry-1362555,Vegetarian Thai Red Curry,4,1800.0,[Main Dishes],[Thai],"[lite coconut milk, Thai red curry paste, sweet potatoes, water, asparagus, cayenne pepper, lime zest, lime leaves, dandelion greens, fresh basil leaves, salt]"
Slow-Cooker-Coconut-Curry-Chicken-1365883,Slow Cooker Coconut Curry Chicken,4,3600.0,[Main Dishes],,"[boneless skinless chicken breasts, carrots, onions, garlic, bell pepper, tomato paste, coconut milk, salt, curry powder, garam masala, jalapeno chilies, crushed red pepper flakes, water, corn starch]"
Easy-Curry-Cauliflower-1355080,Easy Curry Cauliflower,3,1800.0,[Side Dishes],,"[cauliflower, coconut oil, curry powder, sea salt]"
Spicy-Curry-Hummus-1376770,Spicy Curry Hummus,3,2100.0,[Appetizers],,"[garbanzo beans, tea bags, salt, onions, garlic, medium tomatoes, curry powder, chili pepper, pepper, brown sugar, chicken broth]"
Curry-Baked-Chicken-1364175,Curry Baked Chicken,4,,,,"[chicken thighs, sherry, butter, worcestershire sauce, salt, dry mustard, garlic powder, oregano, curry powder, pepper sauce]"
10-minute-Shrimp-Curry-514361,10 minute Shrimp Curry,5,600.0,[Main Dishes],[Asian],"[cooking oil, red curry paste, fish sauce, coconut milk, red bell pepper, fresh mushrooms, peeled shrimp, fresh basil leaves, cooked rice]"
Japanese-Curry-1111876,Japanese Curry,4,5700.0,[Main Dishes],,"[onions, oil, garlic, ginger, white onion, roux, butter, flour, curry powder, curry, chicken stock, worcestershire sauce, diced tomatoes, chicken, potatoes, carrots, salt, pepper, chili flakes]"
Japanese-Curry-901644,Japanese Curry,4,,[Main Dishes],,"[cubed pork, onions, carrots, potatoes, garlic, vegetable oil, chicken broth, honey, salt, flour, curry powder]"
Slow-Cooker-Vegetable-Curry-1365885,Slow-Cooker Vegetable Curry,3,33900.0,[Main Dishes],,"[carrots, medium potatoes, garbanzo beans, fresh green bean, chopped onion, garlic, quick-cooking tapioca, curry powder, ground coriander, crushed red pepper, salt, ground cinnamon, vegetable broth, diced tomatoes, cooked rice]"
Easy-Creamy-Crock-Pot-Coconut-Curry-Chicken-1378648,Easy Creamy Crock-Pot Coconut Curry Chicken,4,2700.0,[Main Dishes],,"[chicken breasts, coconut oil, garlic cloves, onions, full fat coconut milk, tomato paste, garam masala, curry powder, chili powder, arrowroot powder, fine sea salt, ground black pepper]"
Simple-Chicken-and-Vegetable-Curry-1364508,Simple Chicken and Vegetable Curry,4,3300.0,[Main Dishes],,"[sweet onion, zucchini, yellow squash, poblano peppers, garlic, carrots, chicken, tomatoes, full fat coconut milk, curry powder, salt, chopped cilantro, chopped parsley, red pepper flakes, rice, coconut oil]"
Thai-Pumpkin-Curry-with-Salmon-and-Shrimp-1379142,Thai Pumpkin Curry with Salmon and Shrimp,4,3300.0,[Main Dishes],[Thai],"[coconut oil, onions, garlic, ginger, full fat organic coconut milk, Thai red curry paste, fish sauce, vegetable stock, pumpkin purée, pumpkin, green beans, salmon fillets, shrimp, frozen peas, lime, sea salt, red pepper flakes, fresh cilantro, broccoli, red bell pepper, spinach, greens, bok choy]"
Spicy-Cauliflower-And-Chick-Peas-Curry-1378006,Spicy Cauliflower And Chick Peas Curry,4,600.0,[Main Dishes],,"[white rice, head cauliflower, chickpeas, coconut milk, curry paste, lemon, celery root, chicken stock]"
Jamaican-Goat-Curry-Simply-Recipes-42482,Jamaican Goat Curry,5,12600.0,[Main Dishes],,"[vegetable oil, curry powder, allspice, goat, salt, onions, habanero, ginger, garlic, coconut milk, tomato sauce, dried thyme, water, yukon gold potatoes]"
Chicken-curry-with-coconut-milk-352207,Chicken Curry with Coconut Milk,5,,[Main Dishes],[Asian],"[olive oil, cumin, garam masala, curry powder, onions, garlic, tomatoes, fresh cilantro, light coconut milk, water, potatoes, chicken thighs, kosher salt]"
African-Veg-Curry-Naturally-Ella-46396,African Veg Curry,5,2400.0,[Main Dishes],,"[cauliflower, red pepper, purple onion, olive oil, garlic, curry, cinnamon, salt, cumin, clove, coriander, garbanzo beans, zucchini, low sodium vegetable broth]"
CHICKPEA-CURRY-1036046,CHICKPEA CURRY,4,1500.0,[Main Dishes],,"[chickpeas, curry powder, garam masala, coriander powder, cumin, seasoning, water, canola oil, onions, salt, beef bouillon]"
Coconut-Curry-Shrimp-1329848,Coconut Curry Shrimp,4,1800.0,[Main Dishes],,"[butter, shrimp, onions, garlic, curry powder, coconut milk, honey, kosher salt, lime, hot sauce, basil leaves, basmati rice]"
30-Minute-Chicken-and-Cauliflower-Yellow-Curry-1362347,30 Minute Chicken and Cauliflower Yellow Curry,4,3000.0,[Main Dishes],,"[brown rice, onions, large garlic cloves, ginger, bell pepper, olive oil, coconut milk, honey, curry powder, tumeric, whole wheat flour, corn starch, salt, ground black pepper, cauliflower, boneless skinless chicken breasts, cilantro, green onions]"
African-Curry-Allrecipes,African Curry,4,3600.0,[Main Dishes],,"[olive oil, onions, garlic, bay leaf, whole peeled tomatoes, curry powder, salt, chicken bones, unsweetened coconut milk, lemon]"
Coconut-Curried-Cauliflower-1374948,Coconut Curried Cauliflower,4,2700.0,[Side Dishes],,"[cauliflower florets, onions, coconut milk, curry powder, cumin, coriander, kosher salt, sherry vinegar]"
Coconut-Curried-Vegetable-Soup-1371427,Coconut Curried Vegetable Soup,3,3000.0,[Soups],,"[vegetable oil, diced onions, salt, garlic, gingerroot, chiles, curry powder, vegetable stock, fire roasted diced tomatoes, coconut milk, russet potatoes, cauliflower florets, frozen sweet peas, chopped cilantro fresh, roasted salted cashews]"
Curry-Dipping-Sauce-1371349,Curry Dipping Sauce,4,900.0,[Condiments and Sauces],,"[light mayonnaise, Sriracha, black pepper, curry powder]"
5-Ingredient-Coconut-Curry-499242,5 Ingredient Coconut Curry,4,1800.0,[Main Dishes],,"[coconut milk, red curry paste, broccoli, chickpeas, corn starch, minced garlic]"
Curried-Tomatoes-and-Chickpeas-1366284,Curried Tomatoes and Chickpeas,3,900.0,,,"[olive oil, scallions, fresh ginger, curry powder, grape tomatoes, chickpeas, fresh lime juice, black pepper, kosher salt]"
Thai-Red-Curry-Chicken-1369539,Thai Red Curry Chicken,4,2700.0,[Main Dishes],"[Thai, Asian]","[boneless chicken breast, onions, vegetable oil, kosher salt, ground ginger, coconut milk, red curry paste, fish sauce, tamarind paste, lemongrass, chopped cilantro, brown sugar]"
Chickpea-Curry-For-One-1342185,Chickpea Curry For One,4,1800.0,[Main Dishes],,"[basmati rice, canola oil, onions, fresh ginger, garlic, curry powder, chili flakes, vegetable broth, coconut milk, honey, chickpeas]"
Curry-Pollock-1349145,Curry Pollock,4,3000.0,[Main Dishes],,"[butter, diced onions, garlic cloves, curry powder, dried thyme, diced tomatoes, salt, pepper, pollock fillets]"
Pumpkin-Curry-1093322,Pumpkin Curry,4,1800.0,[Main Dishes],[Indian],"[pumpkin, water, purple onion, garlic, curry leaves, chili powder, curry powder, tumeric, ground cumin, ground fennel, mustard seeds, salt, rice bran oil]"
Curried-Apple-Cranberry-Chicken-Salad-Lettuce-Wraps-1345879,Curried Apple Cranberry Chicken Salad Lettuce Wraps,4,600.0,[Salads],,"[diced chicken, Honeycrisp apples, dried cranberries, celery, toasted slivered almonds, fresh parsley, green onions, mayonnaise, mustard, lemon juice, curry powder, salt, pepper, butter lettuce]"
Vegan-Lentil-Curry-with-Tomatoes-_GF_-1352091,Vegan Lentil Curry with Tomatoes {GF},4,1800.0,[Main Dishes],,"[coconut oil, onions, garlic, ginger, curry powder, salt, red curry paste, red lentils, coconut milk, diced tomatoes, chickpeas, cilantro, lime wedges]"
Mutton-Chops-Curry-Recipe-How-to-make-mutton-chops-curry-1372004,Mutton Chops Curry Recipe-How to make mutton chops curry,4,4200.0,[Main Dishes],[Indian],"[lamb chops, yoghurt, garlic paste, oil, seeds, cumin seed, green chilies, red chili peppers, onions, cardamom, clove, cinnamon, cilantro leaves, mint leaves, salt]"
Vegetarian-Pumpkin-Curry-1346101,Vegetarian Pumpkin Curry,4,2400.0,[Main Dishes],,"[olive oil, onions, garlic cloves, pumpkin purée, canned tomatoes, vegetable stock, coconut milk, black beans, garbanzo beans, red curry paste, honey, salt, pepper, cooked quinoa]"
Easy-Curry-Lime-Roasted-Cashews-1376994,Easy Curry Lime Roasted Cashews,4,2700.0,,,"[raw cashews, fresh lime juice, curry powder, tumeric, sea salt]"
Turkey-Curry-791971,Turkey Curry,3,1800.0,[Main Dishes],,"[olive oil, onions, turkey tenderloins, garlic, curry powder, salt, ground turmeric, ground cumin, ground cayenne pepper, chicken broth, tomato paste, golden raisins, light cream, green onions]"
Panang-Curry-with-Chicken-638871,Panang Curry with Chicken,4,2700.0,[Main Dishes],[Asian],"[boneless chicken breast, coconut milk, panang curry paste, garlic, cooking oil, palm sugar, fish sauce, kaffir lime leaves, thai basil, long pepper]"
Panang-Curry-1091929,Panang Curry,4,2400.0,[Main Dishes],,"[vegetable oil, chicken, yellow onion, red bell pepper, panang curry paste, coconut milk, granulated sugar, peanuts, thai basil, jasmine rice]"
Thai-Shrimp-Curry-1064701,Thai Shrimp Curry,4,1500.0,[Main Dishes],"[Thai, Asian]","[shrimp, brown basmati rice, light coconut milk, sesame oil, Thai red curry paste, honey, garlic, fish sauce, fresh cilantro, scallions, lime]"
Curry-Simmered-Brussels-Sprouts-1360730,Curry Simmered Brussels Sprouts,4,2100.0,[Side Dishes],,"[olive oil, brussels sprouts, yellow onion, minced ginger, garlic cloves, curry paste, vegetable broth, light coconut milk, cilantro, salt, pepper]"
Thai-Chicken-And-Lentil-Curry-1359393,Thai Chicken And Lentil Curry,4,2400.0,[Main Dishes],"[Thai, Asian]","[chicken, curry paste, lemongrass, red chili peppers, garlic, ginger, tomato purée, coriander, soy sauce, coconut milk, mushrooms, green beans, long-grain rice, red lentils]"
Japanese-Chicken-Curry-1335918,Japanese Chicken Curry,4,4500.0,[Main Dishes],,"[chicken broth, canola oil, chicken breasts, salt, pepper, butter, ginger, onions, garlic, all-purpose flour, curry powder, tomato paste, carrots, medium potatoes, apples, honey, soy sauce, rice]"
Peanut-chicken-curry-296960,Peanut Chicken Curry,4,1500.0,[Main Dishes],[Indian],"[boneless skinless chicken breast halves, I Can't Believe It's Not Butter!® Spread, red bell pepper, onions, curry powder, garlic, yoghurt, skippi natur super chunk peanut butter spread, water]"
Indian-Lamb-Curry-1308545,Indian Lamb Curry,4,4200.0,[Main Dishes],[Indian],"[oil, lamb shoulder, garlic cloves, onions, curry powder, fresh ginger, vinegar, salt, red chili peppers, tomatoes, garam masala, chopped fresh mint, fresh coriander]"
Healthier-Korma-Curry-1329442,Healthier Korma Curry,4,1500.0,[Main Dishes],,"[oil, chicken, onions, bell pepper, garlic, mushrooms, broccolini, curry powder, ground cumin, ground coriander, dry coconut, caster sugar, sultana, vegetable stock, greek yogurt, corn flour, black pepper, fresh coriander]"
Sweet-Potato-Curry-with-Kale-_-Chickpeas-1360959,Sweet Potato Curry with Kale & Chickpeas,4,3300.0,[Main Dishes],,"[onions, garlic, sweet potatoes, chickpeas, diced tomatoes, scallions, curry powder, fresh ginger, ground cumin, chard, chopped cilantro, raisins, salt, freshly ground pepper]"
Curry-Puff-496855,Curry Puff,0,,,,"[oil, purple onion, curry powder, chili powder, ground turmeric, meat, potatoes, sugar, black pepper, salt, plain flour, margarine, water]"
Thai-Red-Chicken-Curry-1337207,Thai Red Chicken Curry,4,2400.0,[Main Dishes],"[Thai, Asian]","[oil, clove, onions, Thai red curry paste, chicken breasts, broccoli, carrots, red bell pepper, coconut milk, fish sauce, sugar, lemon juice, leaves, salt]"
Coconut-Curry-Chicken-1001043,Coconut Curry Chicken,4,2100.0,[Main Dishes],,"[oil, curry powder, onions, garlic, coconut milk, water, plum tomatoes, potatoes, sugar, boneless chicken skinless thigh, salt, white pepper]"
Roasted-Cauliflower-with-Curry-1341514,Roasted Cauliflower with Curry,3,1800.0,[Side Dishes],,"[cauliflower, extra-virgin olive oil, curry powder, kosher salt]"
Keema-Curry-1252302,Keema Curry,3,2400.0,[Main Dishes],,"[vegetable oil, onions, carrots, beef steak, garlic cloves, fresh ginger, red chili peppers, curry paste, chopped tomatoes, frozen peas, coriander, naan]"
Perur-Athama_s-Mutton-Kuzhambu-_Curry_-1349991,Perur Athama's Mutton Kuzhambu (Curry),4,3900.0,[Main Dishes],[Indian],"[vegetable oil, curry leaves, shallots, red chili peppers, cinnamon, clove, coriander seeds, cumin seed, fennel seeds, tumeric, poppy seeds, oil, mutton, rock salt, cilantro leaves, garlic, ginger, coconut, coconut milk, cardamom, mustard seeds, urad dal]"
Creamy-Paleo-Cashew-Curry-Cauliflower-1368609,Creamy Paleo Cashew Curry Cauliflower,4,1500.0,,,"[cauliflower florets, coconut milk, coconut oil, cashew nuts, sunflower seed butter, chili paste, red pepper flakes, curry powder, mixed spice]"
Spinach-and-Potato-Curry-1349850,Spinach and Potato Curry,3,3300.0,[Main Dishes],,"[oil, onions, potatoes, cumin, chiles, ginger, tomatoes, water, curry, spinach]"
Chicken-Quinoa-Curry-1367608,Chicken Quinoa Curry,4,3300.0,[Main Dishes],,"[olive oil, minced garlic, onions, chopped tomatoes, tomato purée, boneless chicken, oregano, chili flakes, quinoa, chicken broth, basil leaves, salt, lemon, coriander, avocado]"
Caribbean-curry-298984,Caribbean Curry,4,3000.0,[Main Dishes],,"[vegetable oil, boneless, skinless chicken breast, onions, garlic, fresh ginger, fresh pineapple, cauliflower florets, curry powder, ragu old world style tradit pasta sauc, chopped cilantro fresh, brown rice, salt, ground black pepper]"
Curried-Pumpkin-Soup-1349261,Curried Pumpkin Soup,3,4500.0,[Soups],,"[pumpkin purée, sugar pumpkin, garlic cloves, onions, curry powder, ground cumin, olive oil, salt, pepper, milk, water, sugar, bay leaf, roasted pumpkin seeds, cream, chopped cilantro]"
Chickpea-Curry-1003610,Chickpea Curry,3,600.0,[Main Dishes],[Indian],"[vegetable oil, chickpeas, onions, chopped tomatoes, masala, curry paste, sugar, fresh coriander]"
Mango-Chicken-Curry-Simply-Recipes-42837,Mango Chicken Curry,5,4500.0,[Main Dishes],,"[vegetable oil, onions, red bell pepper, garlic cloves, minced ginger, curry powder, ground cumin, mango, cider vinegar, coconut milk, boneless chicken skinless thigh, golden raisins, salt, pepper, cilantro]"
Chicken-Coconut-Curry-1354139,Chicken Coconut Curry,4,12000.0,[Main Dishes],,"[boneless skinless chicken breasts, olive oil, curry powder, onions, garlic, gold potatoes, green peas, coconut milk, diced tomatoes, sugar, salt, pepper, cooked rice]"
Roasted-Red-Pepper_-Chickpea_-and-Spinach-Curry-_Vegan_-Gluten-Free_-1365347,"Roasted Red Pepper, Chickpea, and Spinach Curry [Vegan, Gluten-Free]",3,3600.0,[Main Dishes],,"[red bell pepper, olive oil, purple onion, garlic, sea salt, coconut milk, nutritional yeast, corn starch, smoked paprika, chickpeas, spinach, cherry tomatoes]"
Thai-Chicken-Curry-1370545,Thai Chicken Curry,3,3900.0,[Main Dishes],[Thai],"[vegetable oil, yellow curry paste, carrots, onions, red bell pepper, yukon gold potatoes, boneless chicken skinless thigh, unsweetened coconut milk, cilantro, fresh basil]"
Mashed-Red-Curry-Sweet-Potatoes-1380372,Mashed Red Curry Sweet Potatoes,3,2400.0,[Side Dishes],,"[sweet potatoes, light coconut milk, red curry paste, pure maple syrup, apple cider, unsalted butter, coarse salt, ground cinnamon]"
Fried-Curry-Salmon-Skewers-1362869,Fried Curry Salmon Skewers,4,1800.0,[Main Dishes],,"[salmon fillets, curry powder, olive oil, salt, lemon wedge]"
Spaghetti-Squash-Curry-with-Roasted-Chickpeas-986493,Spaghetti Squash Curry with Roasted Chickpeas,4,234000.0,[Main Dishes],,"[spaghetti squash, tomato sauce, olive oil, mild curry powder, chili powder, sugar, cumin, salt, garlic powder, tumeric, chickpeas, cracked black pepper]"
Chinese-Chicken-Curry-1359980,Chinese Chicken Curry,4,2700.0,[Main Dishes],"[Chinese, Asian]","[chicken breasts, corn flour, onions, garlic, ginger, chili pepper, tumeric, curry powder, chinese five-spice powder, carrots, green beans, sugar, chicken stock, rice]"
Creamy-Vegan-Chickpea-Curry-1325402,Creamy Vegan Chickpea Curry,4,1200.0,[Main Dishes],,"[oil, onions, garlic, yellow curry paste, coconut milk, chickpeas, soy sauce, medium tomatoes, brown sugar, fresh lime juice, chopped cilantro, jasmine rice]"
Chicken-Curry-with-Toasted-Almonds-1374842,Chicken Curry with Toasted Almonds,3,2700.0,[Main Dishes],,"[slivered almonds, Challenge Butter, onions, minced garlic, ginger root, serrano chilies, salt, coriander, cumin, red pepper, tumeric, black pepper, cinnamon, boneless skinless chicken, coconut milk, crushed red pepper, fresh lemon juice, cooked rice, lemon slices]"
Roasted-Aubergine-_-Chickpea-Curry-1280738,Roasted Aubergine & Chickpea Curry,3,2100.0,[Main Dishes],,"[eggplant, oil, onions, curry paste, chopped tomatoes, chickpeas, spinach, uncle bens, natural yogurt, fat]"
Simple-Lamb-Curry-With-Carrot-Raita-1377236,Simple Lamb Curry With Carrot Raita,3,6300.0,[Main Dishes],[Indian],"[lamb shoulder, ginger, garlic, ground turmeric, cumin seed, coriander seeds, cayenne, salt, ghee, purple onion, clove, black peppercorns, cinnamon sticks, plain yogurt, black mustard seeds, garlic cloves, grated carrot, mint]"
Chickpea-Cauliflower-Butternut-Squash-Curry-1369305,Chickpea Cauliflower Butternut Squash Curry,4,4200.0,[Main Dishes],,"[vegetable oil, yellow onion, garlic, curry paste, butternut squash, cauliflower florets, chickpeas, coconut milk, water, baby spinach, frozen peas, cilantro leaves, kosher salt, freshly ground black pepper, basmati rice, naan]"
Goat-Curry-1040698,Goat Curry,4,9600.0,[Main Dishes],,"[butter, curry powder, ground coriander, ground cardamom, ground black pepper, ground ginger, salt, tumeric, stew meat, onions, sweet potatoes, coconut milk, crushed tomatoes, tomato paste, chicken stock]"
Chicken-Katsu-Curry-1320844,Chicken Katsu Curry,3,2700.0,[Main Dishes],[Asian],"[chicken thigh fillets, plain flour, eggs, panko breadcrumbs, peanut oil, steamed rice, spring onions, onions, ginger, garlic cloves, curry powder, chicken stock, soy sauce, honey, rice vinegar, garam masala]"
Chicken-curry-in-the-crockpot-365199,Chicken Curry in the Crockpot,5,2700.0,[Main Dishes],,"[chicken thighs, onions, curry, coconut milk, salsa]"
Turkey-Curry-895838,Turkey Curry,4,3000.0,[Main Dishes],,"[milk, coconut, steak, salt, ground black pepper, garlic cloves, olive oil, onions, bay leaf, red pepper, diced tomatoes, curry]"
Indian-Beef-Curry-1360055,Indian Beef Curry,4,4500.0,[Main Dishes],[Indian],"[coriander seeds, cumin seed, fennel seeds, cayenne pepper, smoked paprika, black peppercorns, beef, garlic cloves, ginger, yellow onion, olive oil, cinnamon sticks, black cardamom pods, fenugreek seeds, fresh curry leaves, stock, coconut cream, lemon, fresh coriander]"
Warm-Spiced-Beef-Curry-with-Rice-627673,Warm Spiced Beef Curry with Rice,3,12600.0,[Main Dishes],[Indian],"[stewing beef, vegetable oil, onions, clove, large garlic cloves, cinnamon sticks, bay leaf, crushed red pepper, coconut milk, tomatoes with juice, chutney, fresh lemon juice, peeled fresh ginger, mild curry powder, salt, cooked rice]"
Thai-green-curry-308011,Thai Green Curry,5,2700.0,[Main Dishes],"[Thai, Asian]","[zucchini, boneless chicken breast, cuttlefish balls, vegetable oil, thai green curry paste, coconut milk, fish sauce, sugar, soy sauce]"
CURRIED-POTATOES-1375669,CURRIED POTATOES,4,2700.0,[Side Dishes],,"[onions, garlic cloves, olive oil, curry powder, paprika, ground turmeric, medium potatoes, coconut milk, salt, fresh cilantro, low-fat plain yogurt, cucumber, chopped cilantro, coriander powder]"
Turkey-Curry-My-Recipes,Turkey Curry,3,,[Main Dishes],,"[canola oil, chopped onion, all-purpose flour, curry powder, fat free less sodium chicken broth, cooked turkey, salt, chopped cilantro fresh]"
Cauliflower-and-Cashew-Curry-1310035,Cauliflower and Cashew Curry,4,1500.0,,,"[cauliflower, light coconut milk, cashew nuts, peanut butter, curry powder, Sriracha, red pepper flakes, salt, black pepper, lime]"
Red-Curry-Lentils-499260,Red Curry Lentils,4,2700.0,[Main Dishes],,"[lentils, onions, butter, red curry paste, garam masala, curry powder, tumeric, sugar, minced garlic, ginger, cayenne pepper, tomato purée, coconut milk, cilantro, rice]"
Filipino-Coconut-Chicken-Curry-1215451,Filipino Coconut Chicken Curry,4,3000.0,[Main Dishes],[Asian],"[coconut oil, garlic cloves, onions, fresh ginger root, curry powder, ground turmeric, sweet potatoes, chicken, coconut milk, fish sauce, red bell pepper, brown sugar, salt, pepper, cilantro]"
Chicken-Curry-With-Cashews-Epicurious_2,Chicken Curry with Cashews,5,5400.0,[Main Dishes],[Indian],"[unsalted butter, onions, large garlic cloves, peeled fresh ginger, curry powder, salt, ground cumin, cayenne, chicken, diced tomatoes, chopped cilantro fresh, cashew nuts, plain whole-milk yogurt]"
Thai-Coconut-Curry-Shrimp-1020936,Thai Coconut Curry Shrimp,5,1500.0,[Main Dishes],"[Thai, Asian]","[oil, scallions, Thai red curry paste, garlic, shrimp, light coconut milk, fish sauce, fresh cilantro, salt]"
Chettinad-Urulai-Pattani-Roast---Potato-Peas-Curry-1351274,Chettinad Urulai Pattani Roast - Potato Peas Curry,4,2400.0,[Main Dishes],,"[vegetable oil, fennel seeds, onions, curry leaves, green chilies, garlic, ginger, tomatoes, salt, ground turmeric, chili powder, coriander powder, black pepper, potatoes, peas, cilantro leaves]"
Slow-Cooker-Pumpkin_-Chickpea_-and-Red-Lentil-Curry-1322276,"Slow Cooker Pumpkin, Chickpea, and Red Lentil Curry",4,29400.0,[Main Dishes],,"[chickpeas, yellow onion, garlic, low sodium vegetable broth, red lentils, pumpkin purée, curry powder, ground cayenne pepper, kosher salt, coconut milk, brown rice, white rice, lime wedges, cilantro leaves]"
Tempeh-Curry-985423,Tempeh Curry,4,2700.0,[Main Dishes],[Indian],"[waxy potatoes, fine sea salt, unsalted butter, extra-virgin olive oil, yellow onion, cumin seed, curry powder, tumeric, cayenne pepper, diced tomatoes, water, cream, crème fraîche, tempeh, cilantro]"
Curry-Roasted-Chiclpeas-1356192,Curry Roasted Chiclpeas,4,3300.0,,,"[chickpeas, coconut oil, curry powder, sea salt]"
Malaysian-Curry-Chicken-1359757,Malaysian Curry Chicken,4,2700.0,[Main Dishes],,"[canola oil, chicken thighs, onions, potatoes, curry paste, water, coconut milk]"
Thai-Curry-894243,Thai Curry,4,2400.0,[Main Dishes],[Thai],"[extra firm tofu, liquid aminos, soy sauce, oil, spices, full fat coconut milk, potatoes, carrots, green beans, onions, Thai Kitchen Red Curry Paste, curry powder, salt, cumin, tumeric, corn starch, cayenne]"
Freezer-to-Slow-Cooker-Thai-Pineapple-Curry-1363116,Freezer-to-Slow Cooker Thai Pineapple Curry,4,2400.0,[Main Dishes],,"[chickpeas, fresh pineapple, sweet potatoes, green bell pepper, slice, small yellow onion, garlic, unsweetened coconut milk, curry powder, salt, crushed red pepper flakes]"
Simple-Curry-981616,Simple Curry,4,2700.0,[Main Dishes],,"[diced chicken breast, squash, yellow onion, coconut milk, diced tomatoes, curry paste, basmati rice, naan]"
Lentil-Spinach-Coconut-Curry-1212278,Lentil Spinach Coconut Curry,4,1920.0,[Main Dishes],,"[olive oil, onions, garlic cloves, ginger, curry powder, cumin, cayenne pepper, red lentils, coconut milk, water, baby spinach, lemon, fresh coriander, salt]"
Bengali-Bhetki-Fish-Curry-1315551,Bengali Bhetki Fish Curry,4,2700.0,[Main Dishes],[Indian],"[barramundi, onions, tomatoes, cumin seed, mustard seeds, red chili peppers, cinnamon, cardamom, clove, curry leaves, mustard oil, garam masala, salt, tumeric, ground cumin, coriander powder, sugar, potatoes, cauliflower, yellow onion, large tomato, bay leaf, cardamom pods, garlic paste, red chili powder, water]"
Dahi-Chicken-Curry_-Doi-Murgh-1352177,"Dahi Chicken Curry, Doi Murgh",4,3900.0,[Main Dishes],[Indian],"[chicken, onions, garlic, ginger, red chili peppers, peppercorns, bay leaves, green cardamom pods, clove, cinnamon sticks, red chili powder, salt, kasuri methi, yoghurt, buttermilk, garam masala, oil]"
Chicken-Curry-575587,Chicken Curry,3,3600.0,[Main Dishes],,"[all-purpose flour, curry powder, ground cumin, salt, boneless skinless chicken breast halves, potatoes, sliced carrots, cooking apples, chopped onion, garlic, jalapeno chilies, instant chicken bouillon granules, water, unsweetened coconut milk, cooked rice, raisins, peanuts]"
Coconut-curry-chicken-349352,Coconut Curry Chicken,5,3600.0,[Main Dishes],[Asian],"[white rice, curry powder, coconut milk, boneless skinless chicken breasts, chinese five-spice powder]"
Curried-Vegan-Asparagus-Soup-1213377,Curried Vegan Asparagus Soup,4,1800.0,[Soups],,"[asparagus, onions, garlic, coconut oil, garam masala, curry powder, ground turmeric, broth, coconut milk]"
Thai-Yellow-Curry-Shrimp-1361614,Thai Yellow Curry Shrimp,4,1500.0,[Main Dishes],"[Thai, Asian]","[sesame oil, sweet onion, garlic cloves, curry powder, coconut milk, fish sauce, brown sugar, deveined shrimp, vegetables, cooked rice]"
Thai-Red-Chicken-Curry-993160,Thai Red Chicken Curry,3,3000.0,[Main Dishes],"[Thai, Asian]","[vegetable oil, yellow onion, garlic, fresh ginger, Thai red curry paste, chicken thigh fillets, coconut milk, green beans, cilantro leaves]"
Thai-Red-Curry-with-Vegetables-1344115,Thai Red Curry with Vegetables,4,2400.0,[Main Dishes],[Thai],"[Jasmine brown rice, coconut oil, white onion, salt, fresh ginger, garlic, red bell pepper, green bell pepper, slice, carrots, Thai red curry paste, full fat coconut milk, kale, coconut sugar, soy sauce, rice vinegar, fresh basil, Sriracha, red pepper flakes]"
Caribbean-lamb-curry-361175,Caribbean Lamb Curry,4,2400.0,[Main Dishes],,"[lamb shoulder, onions, chile pepper, scallions, curry powder, salt, ground black pepper, coconut oil, garlic, chicken stock, lite coconut milk, lime, chopped cilantro]"
Roasted-Butternut-Curry-Soup-1341518,Roasted Butternut Curry Soup,4,5100.0,[Soups],,"[butternut squash, seeds, onions, garlic, vegetable stock, salt, pepper, Madras curry powder, red chili powder, kasuri methi, brown sugar, garam masala, cream, chopped cilantro, oil]"
Vegan-Thai-Chickpea-Curry-1273201,Vegan Thai Chickpea Curry,3,1500.0,[Main Dishes],,"[jasmine rice, virgin coconut oil, diced red onions, garlic, chickpeas, coconut milk, cherry tomatoes, yellow bell pepper, Thai red curry paste, chopped cilantro fresh, pepper, salt]"
Thai-Green-Prawn-Curry-1334234,Thai Green Prawn Curry,3,3600.0,[Main Dishes],"[Indian, Asian]","[oil, onions, garlic cloves, fresh ginger, green chilies, ground turmeric, coconut milk, green cardamom pods, clove, curry leaves, cinnamon sticks, fresh coriander, tiger prawn]"
Slow-Cooker-Chicken-Curry-1291779,Slow Cooker Chicken Curry,4,3300.0,[Main Dishes],,"[chicken breasts, onions, green pepper, coconut milk, tomato paste, garlic, curry powder, garam masala, salt, dried red chile peppers, corn starch, chopped cilantro]"
Thai-Yellow-Curry-Paste-1377940,Thai Yellow Curry Paste,4,3300.0,,"[Indian, Asian]","[chile pepper, boiling water, lemon grass, leaves, fresh ginger, coriander seeds, cumin seed, shrimp paste, garlic cloves, shallots, ground turmeric, curry powder, garam masala, salt]"
Easy-Coconut-Curry-1282797,Easy Coconut Curry,4,1500.0,[Main Dishes],,"[coconut oil, yellow onion, garlic, curry powder, coconut milk, tamari soy sauce, pure maple syrup, salt, sweet potatoes, assorted fresh vegetables, quinoa, water]"
Thai-Meatball-Curry-1292121,Thai Meatball Curry,4,2700.0,[Main Dishes],"[Thai, Asian]","[coconut oil, ground beef, garlic cloves, ginger, bird chile, thai basil, salt, fish sauce, coconut sugar, purple onion, Thai red curry paste, eggs, organic coconut milk, pepper, lime wedges]"
Easy-Thai-Yellow-Curry-1237552,Easy Thai Yellow Curry,4,2100.0,[Main Dishes],,"[olive oil, curry paste, full fat coconut milk, cooked chicken, butternut squash, green chile, lime juice, basil, jasmine rice, fresh ginger root, curry leaves, onions, galangal, kaffir lime leaves, thai chile, green beans, bell pepper]"
Coconut-Curry-Veggies-and-Beans-1371487,Coconut Curry Veggies and Beans,4,1200.0,[Main Dishes],,"[coconut oil, onions, garlic, fresh ginger, broccoli, lacinato kale, carrots, red pepper, coconut milk, red curry paste, curry powder, lime, zucchini, cannellini beans, raw almond, hemp seeds, cilantro sprigs]"
Lamb-Curry---Meat-Curry-1358157,Lamb Curry - Meat Curry,3,2400.0,[Main Dishes],[Indian],"[lamb shoulder, vegetables, onions, tomatoes, garlic paste, ginger paste, coriander powder, ground cumin, ground turmeric, chili powder, garam masala, salt, coriander]"
Curried-Singapore-Rice-Noodles-1356793,Curried Singapore Rice Noodles,4,720.0,,,"[red bell pepper, scallions, garlic, frozen peas, tomato paste, curry powder, tumeric, white pepper, rice vermicelli, vegetable broth, salt, chillies]"
Curry-Shepherd_s-Pie-1378329,Curry Shepherd's Pie,4,5100.0,[Main Dishes],,"[sweet potatoes, vegetable oil, ground turkey, salt, all-purpose flour, curry powder, chicken broth, carrots, parsnips, onions, peeled fresh ginger, frozen peas, 2% reduced-fat milk, margarine]"
Easy-Cauliflower-Curry-1068879,Easy Cauliflower Curry,4,4500.0,[Main Dishes],,"[cauliflower, potatoes, sweet potatoes, carrots, onions, light coconut milk, diced tomatoes, lemon, cumin, curry powder, garam masala, ground coriander, tumeric, chili powder, salt]"
Baked-Curried-Cod-1353347,Baked Curried Cod,4,1500.0,[Main Dishes],,"[fresh cod fillets, curry powder, ground turmeric, olive oil, salt, pepper, cantaloupe, diced red onions, chopped cilantro fresh, fresh lime juice]"
Coconut-beef-curry-303293,Coconut Beef Curry,4,16200.0,[Main Dishes],,"[all-purpose flour, curry powder, ground red pepper, beef boneless chuck steak, baby carrots, all purpose potatoes, coconut milk, Lipton® Recipe Secrets® Onion Soup Mix, green peas]"
Sweet-Potato-Curry-1328796,Sweet Potato Curry,4,3600.0,[Main Dishes],,"[olive oil, purple onion, garlic, fresh ginger, curry powder, crushed tomatoes, coconut milk, lime, salt, sweet potatoes, cooked brown rice, cashew nuts, coconut oil, scallions, cilantro, lime wedges]"
Chicken-Coconut-Curry-1310577,Chicken Coconut Curry,4,2700.0,[Main Dishes],,"[curry powder, salt, boneless skinless chicken breasts, coconut oil, yellow onion, chopped garlic, lite coconut milk, reduced sodium chicken broth, gold potatoes, sliced carrots, chopped celery, frozen peas, chopped cilantro, brown sugar]"
Roasted-Carrots-with-Sweet-Curry-Butter-1370633,Roasted Carrots with Sweet Curry Butter,4,1500.0,[Side Dishes],,"[carrots, butter, brown sugar, curry powder]"
Curry-mayo-360942,Curry Mayo,0,900.0,,,"[mayonnaise, curry powder, fresh lemon juice, kosher salt]"
Hearty-Mushroom-Curry-1235830,Hearty Mushroom Curry,4,3600.0,[Main Dishes],,"[olive oil, cremini, spices, chili powder, curry powder, garam masala, smoked paprika, cumin, red pepper flakes, onions, orange bell pepper, garlic cloves, fresh ginger root, carrots, water, salt, peanut butter, greens, lime, pepper]"
Tuna-Curry-771127,Tuna Curry,4,2700.0,[Main Dishes],,"[onions, garlic cloves, olive oil, curry powder, indian saffron, coriander powder, tomatoes, fish, coconut milk, salt, fresh coriander]"
Curry-_-Sriracha-Roasted-Chickpeas-1046233,Curry + Sriracha Roasted Chickpeas,3,3600.0,,,"[garbanzo beans, sesame, Sriracha, curry powder, garlic powder, salt]"
Prawn-Curry-596407,Prawn Curry,4,1800.0,[Main Dishes],,"[rapeseed oil, spring onions, chestnut mushrooms, peeled prawns, tomato purée, Madras curry powder, plum tomatoes, cream, salt, pepper]"
Thai-Red-Chickpea-Curry-1351275,Thai Red Chickpea Curry,4,2700.0,[Main Dishes],[Asian],"[oil, onions, garlic, tumeric, Thai red curry paste, chickpeas, medium potatoes, frozen peas, water, salt, chillies, coriander]"
Jamaican-Curry-Shrimp-1022169,Jamaican Curry Shrimp,4,3000.0,[Main Dishes],,"[shrimp, black pepper, salt, curry powder, curry sauce, green bell pepper, red bell pepper, onions, garlic, cooking oil, fresh thyme, coconut milk, ketchup, hot pepper sauce, corn starch, water]"
Coconut-Fish-Curry-1349204,Coconut Fish Curry,3,3600.0,[Main Dishes],,"[green chilies, chili flakes, vegetable oil, lemon juice, fresh coriander, onions, garlic cloves, sweet potatoes, curry powder, cumin, cod, coconut milk, frozen spinach, spinach leaves, lime juice, salt]"
Green-Curry-497295,Green Curry,0,2100.0,[Main Dishes],[Asian],"[chicken breasts, green curry paste, coconut milk, bamboo shoots, lime leaves, pepper, thai basil, fish sauce, palm sugar, vegetable oil]"
Chettinad-Chicken-curry-recipe-how-to-make-chettinad-chicken-curry-1356784,Chettinad Chicken curry recipe-how to make chettinad chicken curry,4,4800.0,[Main Dishes],[Indian],"[chicken, oil, mustard seeds, curry leaves, onions, garlic paste, clove, cinnamon, cumin seed, fennel, peppercorns, dried red chile peppers, coriander seeds, cashew nuts, yoghurt, salt, ground turmeric, tomatoes]"
Curry-Fried-Chicken-1362636,Curry Fried Chicken,4,3300.0,[Main Dishes],,"[chicken wings, Madras curry powder, salt, pepper, baking powder, garlic chili sauce, lime wedges]"
Thai-Red-Curry-Beef-460788,Thai Red Curry Beef,5,1500.0,,,"[stewing beef, salt, freshly ground pepper, canola oil, yellow onion, garlic cloves, Thai red curry paste, unsweetened coconut milk, vietnamese fish sauce, fresh lime juice, brown dark firmli pack sugar, bamboo shoots, chopped fresh mint]"
Curried-noodle-patties-308910,Curried Noodle Patties,5,1800.0,,,"[curry paste, eggs, tofu, cilantro, green onions, sea salt, noodles, sesame oil, peanuts]"
Carrot-Curry-1311702,Carrot Curry,4,2700.0,[Main Dishes],[Indian],"[sliced carrots, fresh orange juice, water, salt, butter, bananas, raisins, cardamom, tumeric, mustard seeds, cayenne pepper, curry powder, corn starch]"
Chicken-Massaman-Curry-1257508,Chicken Massaman Curry,4,3300.0,[Main Dishes],,"[Massaman curry paste, vegetable oil, coconut milk, ginger, chopped cilantro, brown sugar, fish sauce, lime juice, worcestershire sauce, onions, chicken, medium potatoes, carrots, peanut butter, peanuts, Sriracha, red pepper flakes, jasmine rice]"
Thai-shrimp-curry-315041,Thai Shrimp Curry,5,1500.0,[Main Dishes],"[Thai, Asian]","[cooking oil, red curry paste, coconut milk, red bell pepper, fresh mushrooms, shrimp, basil leaves, cooked rice]"
Thai-Massaman-Curry-1098304,Thai Massaman Curry,4,2400.0,[Main Dishes],[Thai],"[Massaman curry paste, chicken breasts, potatoes, fish sauce, onions, red capsicum, corn flour, zucchini, water, coconut milk, cooked rice]"
Avocado-Green-Curry-1321663,Avocado Green Curry,4,4500.0,[Main Dishes],[Asian],"[lemongrass, chicken breasts, coconut oil, coconut milk, thai green curry paste, lime, chicken stock, fish sauce, poblano chiles, chopped cilantro, basil, avocado]"
Thai-Curry-496791,Thai Curry,0,1500.0,[Main Dishes],,"[red curry paste, tiger prawn, scallops, kaffir lime, oil, palm sugar, fish sauce, coconut milk, water, onions, chiles]"
Coconut-Curry-Chicken-1233070,Coconut Curry Chicken,4,1800.0,[Main Dishes],[Asian],"[boneless skinless chicken breasts, olive oil, red pepper, chicken broth, unsweetened coconut milk, curry powder, red curry paste, cumin, salt, corn starch, fresh cilantro, roasted cashews, rice]"
Sri-Lankan-Fish-_-Lentil-Curry-1359634,Sri Lankan Fish & Lentil Curry,4,2400.0,[Main Dishes],,"[fillets, baby spinach, purple onion, garlic, zucchini, asafoetida, cumin, coriander, curry leaves, chillies, red chili peppers, dried chile, tamarind paste, lentils, stock, coconut milk, red capsicum, spring onions, tomatoes, peas, dry coconut, olive oil]"
Thai-Yellow-Coconut-Curry-with-Chicken-and-Squash-1321493,Thai Yellow Coconut Curry with Chicken and Squash,4,3000.0,[Main Dishes],[Thai],"[onions, oil, chicken breasts, yellow curry paste, chicken broth, coconut milk, kabocha squash, fish sauce]"
Vegan-Potato-Curry-974463,Vegan Potato Curry,4,2700.0,[Main Dishes],[Indian],"[potatoes, olive oil, onions, garlic, ground cumin, cayenne pepper, curry powder, garam masala, fresh ginger root, salt, diced tomatoes, garbanzo beans, frozen peas, coconut milk, dried currants, cashew nuts]"
Spicy-Veggie-Quinoa-Curry-1089659,Spicy Veggie Quinoa Curry,4,2400.0,[Main Dishes],,"[quinoa, coconut milk, vegetable broth, curry paste, brown sugar, Sriracha, vegetable oil, minced garlic, diced bell pepper, diced onions, broccoli, fresh spinach]"
Thai-Red-Chicken-Curry-Allrecipes,Thai Red Chicken Curry,4,1200.0,[Main Dishes],"[Thai, Asian]","[olive oil, boneless skinless chicken breast halves, Thai red curry paste, zucchini, red bell pepper, sliced carrots, onions, corn starch, light coconut milk, chopped cilantro fresh]"
Red-Beef-Curry-1042172,Red Beef Curry,4,7800.0,[Main Dishes],,"[oil, onions, garlic, red curry paste, chuck steaks, beef stock, liver, tomato paste]"
Caramelized-Onion-Pumpkin-Soup-with-Curry-Yogurt-Sauce-_-a-giveaway_-1374141,Caramelized Onion Pumpkin Soup with Curry Yogurt Sauce + a giveaway!,4,3600.0,[Soups],,"[pie pumpkin, olive oil, onions, ghee, white wine, thyme, salt, black pepper, vegetable stock, sauce, fresh parsley, yoghurt, curry, almond milk, sea salt, pepper, garlic powder]"
Coconut-Curry-Cauliflower-Stew-With-Potatoes-And-Cashews-1353555,Coconut Curry Cauliflower Stew With Potatoes And Cashews,4,3600.0,[Main Dishes],,"[cauliflower, red potato, raw cashews, olive oil, saffron, warm water, mustard seeds, yellow onion, garlic cloves, jalapeno chilies, ground turmeric, curry powder, light coconut milk, lemon, salt, pepper, roasted cashews]"
Curried-Cashews-600095,Curried Cashews,3,2400.0,,,"[curry powder, sea salt, honey, water, olive oil, cashew nuts]"
Curried-Chicken-Salad-1373926,Curried Chicken Salad,4,2700.0,[Salads],,"[low sodium chicken broth, water, boneless skinless chicken breast halves, sliced almonds, nonfat yogurt plain, low-fat mayonnaise, curry powder, chopped cilantro, salt, pepper, mixed greens, extra-virgin olive oil, lemon juice, scallions]"
Beef-Panang-Curry-978926,Beef Panang Curry,4,2100.0,[Main Dishes],,"[red pepper, coriander seeds, lemon grass, cilantro stems, lime zest, garlic, ginger, shallots, green chilies, oil, panang curry paste, beef, coconut milk, toasted peanuts, salt, basil leaves, red chili peppers, brown sugar, fish sauce]"
Slimming-World_s-chicken-and-potato-curry-565908,Slimming World's chicken and potato curry,3,2400.0,[Main Dishes],,"[onions, boneless chicken breast, potatoes, spinach, hot curry powder, chopped tomatoes, ground black pepper, salt, cilantro leaves]"
Maple-Curry-Roasted-Brussels-Sprouts_-Butternut-Squash-and-Apples-1380095,"Maple Curry Roasted Brussels Sprouts, Butternut Squash and Apples",4,2400.0,[Side Dishes],,"[brussels sprouts, butternut squash, apples, pecans, olive oil, maple syrup, curry powder, cinnamon, nutmeg, salt]"
Easy-Chickpea-Curry-Martha-Stewart-239888,Easy Chickpea Curry,5,2100.0,[Main Dishes],"[Indian, Asian]","[long grain white rice, extra-virgin olive oil, yellow onion, garlic cloves, peeled fresh ginger, curry powder, chickpeas, tomatoes, cauliflower, baby spinach, chopped cilantro fresh, coarse salt]"
Curried-Acorn-Squash-with-Almond-Butter-1360980,Curried Acorn Squash with Almond Butter,4,4500.0,,,"[acorn squash, seeds, grass-fed butter, curry powder, cinnamon, sea salt, almond butter]"
Roasted-Curry-Cauliflower-1337929,Roasted Curry Cauliflower,4,1800.0,[Side Dishes],,"[cauliflower florets, melted butter, curry powder, salt, ground black pepper]"
Thai-Kabocha-Squash-Curry-1350775,Thai Kabocha Squash Curry,4,2700.0,[Main Dishes],"[Thai, Asian]","[coconut oil, onions, yellow curry paste, light coconut milk, coconut sugar, kabocha squash, cauliflower florets, firm tofu, kale, salt, cooked rice, thai basil]"
Thai-Coconut-Curry-Hummus-1267564,Thai Coconut Curry Hummus,4,1500.0,[Appetizers],[Thai],"[chickpeas, full fat coconut milk, red curry paste, garlic cloves, lime, salt, thai basil]"
Chicken-Pineapple-Curry-998164,Chicken Pineapple Curry,4,,,,"[light coconut milk, red curry paste, curry powder, ground ginger, garlic powder, pineapple chunks, green bell pepper, slice, red bell pepper, yellow bell pepper, chicken breasts, cilantro, green onions, basmati rice]"
Easy-Curry-Rice-1056426,Easy Curry Rice,4,1800.0,[Side Dishes],,"[long-grain rice, green bell pepper, white onion, curry powder, salt, black pepper, green onions]"
Mouth-Watering-Coconut-Thai-Chicken-Curry-768592,Mouth Watering Coconut Thai Chicken Curry,4,2700.0,[Main Dishes],"[Thai, Asian]","[chicken breasts, bamboo shoots, water chestnuts, coconut milk, heavy cream, fish sauce, red curry paste, eggplant, thai basil, water]"
Carrot-Curry-1309924,Carrot Curry,4,3300.0,[Main Dishes],[Indian],"[carrots, orange juice, salt, water, butter, walnut oil, cumin seed, tumeric, mustard seeds, cardamom seeds, curry powder, ginger root, cayenne pepper, clove, raisins, bananas]"
Roasted-Chicken-Curry-989217,Roasted Chicken Curry,4,6600.0,[Main Dishes],,"[chicken, potatoes, vegetable oil, shallots, garlic, ginger, curry powder, chili powder, salt]"
Broccoli-Chicken-Curry-599633,Broccoli-Chicken Curry,3,900.0,[Main Dishes],,"[nonstick spray, curry paste, unsweetened coconut milk, boneless chicken skinless thigh, broccoli, onions, paneer cheese]"
Thai-Coconut-Curry-Squash-Soup-1360062,Thai Coconut Curry Squash Soup,4,2400.0,[Soups],"[Thai, Asian]","[squash, coconut oil, white onion, garlic, fresh ginger, thai chile, cilantro, cumin, ground cardamom, curry paste, vegetable broth, light coconut milk, juice, Sriracha]"
Massaman-Curry-Chicken-1317913,Massaman Curry Chicken,4,1200.0,[Main Dishes],,"[chicken breasts, chicken stock, poblano peppers, yellow onion, garlic cloves, curry sauce, salt]"
Quick-and-Easy-Chicken-Curry-1379695,Quick and Easy Chicken Curry,4,1380.0,[Main Dishes],[Asian],"[skinless chicken pieces, lime, cooking oil, garlic paste, onions, small tomatoes, coconut milk, garam masala, salt, pepper]"
Curry-Chicken-alla-Tom-1022198,Curry Chicken alla Tom,4,2700.0,[Main Dishes],,"[chicken, curry powder, ground turmeric, cilantro, garlic, onions, scallions, tomatoes, pepper, yellow mustard, salt, vegetable oil, lime]"
Thai-Chicken-Curry-1371356,Thai Chicken Curry,3,3900.0,[Main Dishes],[Thai],"[vegetable oil, yellow curry paste, carrots, onions, red bell pepper, yukon gold potatoes, boneless chicken skinless thigh, unsweetened coconut milk, cilantro, fresh basil]"
Curried-Couscous-1219717,Curried Couscous,4,1500.0,[Side Dishes],,"[water, couscous, butter, salt, sugar, tumeric, Madras curry powder, golden raisins]"
Sweet-potato-Pork-Curry-1344031,Sweet potato Pork Curry,4,3000.0,[Main Dishes],,"[pork, sweet potatoes, tomatoes, purple onion, carrots, coriander, cumin seed, spices, curry powder, milk, salt]"
Chicken-curry-346644,Chicken Curry,0,1500.0,[Main Dishes],[Asian],"[chicken breasts, curry powder, soup, water, cooked white rice]"
Lamb-Curry-1341430,Lamb Curry,4,10800.0,[Main Dishes],,"[steak, lamb shanks, onions, garlic, ghee, olive oil, curry powder, salt, black pepper, ground coriander, cumin, fresh rosemary, thyme, meyer lemon, apples, raisins, chicken broth, small potatoes, chutney, yoghurt, rice]"
Japanese-Curry-1311218,Japanese Curry,4,3300.0,[Main Dishes],,"[chuck roast, onions, large potatoes, carrots, celery ribs, beef stock, curry, salt, pepper]"
Jamaican-Goat-Curry-Serious-Eats-293148,Jamaican Goat Curry,5,6300.0,[Main Dishes],,"[vegetable oil, meat, onions, garlic, curry powder, pepper, ginger, water, kosher salt, russet potatoes]"
Chickpea-Curry-1015731,Chickpea Curry,4,1200.0,[Main Dishes],,"[snow peas, white onion, carrots, red pepper, oil, garlic, coconut milk, red curry paste, lime, curry powder, chickpeas, garlic salt, salt, cilantro, cooked white rice]"
Vegetarian-Curry-Stew-with-Cashew-Quinoa-1366291,Vegetarian Curry Stew with Cashew Quinoa,4,2700.0,[Main Dishes],,"[olive oil, white onion, garlic, fresh ginger, carrots, broccoli florets, zucchini, red pepper, water, chickpeas, curry powder, dried basil, salt, pepper, light coconut milk, quinoa, chopped parsley, salted cashews, lime wedges]"
Chicken-curry-338946,Chicken Curry,3,3000.0,[Main Dishes],,"[canola oil, onions, curry powder, minced ginger, boneless chicken skinless thigh, light coconut milk, chicken stock, bananas, chopped cilantro, corn starch, water]"
Lightened-Up-Curry-Egg-Salad-499187,Lightened Up Curry Egg Salad,4,2100.0,[Salads],,"[large eggs, chopped onion, red pepper, salt, curry powder, light mayonnaise, mango]"
Coconut-Curried-Red-Pepper-Soup-1359363,Coconut Curried Red Pepper Soup,4,1800.0,[Soups],,"[butter, yellow onion, carrots, fresh ginger, garlic, fine sea salt, flour, vegetable stock, roasted red peppers, yellow curry paste, coconut milk, roasted peanuts, cilantro]"
Thai-Chicken-Curry-1370530,Thai Chicken Curry,3,3900.0,[Main Dishes],[Thai],"[vegetable oil, yellow curry paste, carrots, onions, red bell pepper, yukon gold potatoes, boneless chicken skinless thigh, unsweetened coconut milk, cilantro, fresh basil]"
Salmon-Curry-608931,Salmon Curry,3,1800.0,[Main Dishes],,"[canola oil, minced ginger, garlic cloves, red curry paste, low sodium chicken broth, light coconut milk, carrots, frozen shelled edamame, salmon, cooked brown rice]"
Curried-Tilapia-Brown-Rice-Bowl-1379913,Curried Tilapia Brown Rice Bowl,4,600.0,[Main Dishes],,"[canola oil, carrots, garlic, frozen peas, chicken, curry powder, brown rice, fresh mint, radishes]"
Pumpkin-Chicken-Curry-1329561,Pumpkin Chicken Curry,3,3300.0,[Main Dishes],,"[olive oil, onions, garlic, salt, curry sauce mix, coconut milk, pumpkin purée, russet potatoes, chicken breasts, lime, peanuts]"
Thai-Curry-Naan-Pizza-1227590,Thai Curry Naan Pizza,4,1800.0,[Main Dishes],,"[naan, roasted tomatoes, red curry paste, Sriracha, red pepper, green onions, shredded mozzarella cheese, cashew nuts, fresh cilantro, kosher salt]"
Curried-Cashews-777313,Curried Cashews,3,2400.0,,,"[unsalted cashews, dark brown sugar, kosher salt, curry powder, ground cumin, cayenne pepper, unsalted butter]"
Coconut-Curry-Chicken-Soup-1234234,Coconut Curry Chicken Soup,4,3600.0,,,"[chicken legs, shredded coconut, curry powder, onions, fresh ginger, chicken broth, salt, pepper, cilantro leaves, red chili peppers]"
Curried-Hummus-Allrecipes,Curried Hummus,4,600.0,"[Lunch and Snacks, Appetizers]",,"[chickpeas, olive oil, garlic cloves, curry powder, fresh lemon juice, water, salt, hot sauce]"
Creamy-Curry-Broccoli-and-Cheese-Soup-1355087,Creamy Curry Broccoli and Cheese Soup,4,2400.0,[Soups],,"[broccoli, florets, cauliflower, yellow onion, grated carrot, green onions, low sodium vegetable stock, coconut milk, gouda, cheddar cheese, garlic, unsalted butter, all-purpose flour, allspice, nutmeg, dried basil, bay leaf, curry powder, salt]"
Creamy-Vegan-Cauliflower-Soup-with-Red-Curry-1364746,Creamy Vegan Cauliflower Soup with Red Curry,3,2400.0,[Soups],,"[cauliflower, coconut oil, sea salt, sweet onion, scallions, garlic, panang curry paste, russet potatoes, vegetable stock, coconut milk, fresh lime juice, pepitas]"
Chicken-Curry-456826,Chicken Curry,5,,[Main Dishes],"[American, Asian]","[all-purpose flour, chicken breast halves, chicken thighs, chicken drumsticks, chicken wings, canola oil, yellow onion, garlic cloves, curry powder, curry paste, chicken stock, coconut milk, freshly ground pepper, mango chutney, diced tomatoes, green onions, bananas, peanuts, grated coconut]"
Yellow-Chicken-Curry-460336,Yellow Chicken Curry,5,4800.0,[Main Dishes],,"[chicken breasts, salt, corn oil, yellow onion, fresh ginger, garlic cloves, curry powder, coconut milk, water, lemon, boiling potatoes, carrots, steamed rice]"
Curry-Coconut-Crusted-Chicken-Bites-_Whole30-Friendly_-1379859,Curry Coconut Crusted Chicken Bites (Whole30-Friendly),4,1800.0,,,"[chicken breasts, unsweetened shredded dried coconut, curry powder, cumin, chili powder, salt, garlic, eggs]"
Spicy-Vegan-Potato-Curry-Allrecipes,Spicy Vegan Potato Curry,5,3600.0,,,"[potatoes, vegetable oil, yellow onion, garlic, ground cumin, cayenne pepper, curry powder, garam masala, fresh ginger root, salt, diced tomatoes, garbanzo beans, peas, coconut milk]"
Aloo-Gobi-_Potato-and-Cauliflower-Curry_-1079169,Aloo Gobi (Potato and Cauliflower Curry),4,2700.0,[Main Dishes],[Indian],"[vegetable oil, onions, tomatoes, garlic, chillies, fresh ginger, garam masala, curry powder, sugar, potatoes, cauliflower, frozen peas, vegetable stock, salt, pepper, fresh cilantro]"
Avarakkai-Kuzhambu_-Avarakkai-Paruppu-Curry_-Broad-Beans-Curry-1366714,"Avarakkai Kuzhambu, Avarakkai Paruppu Curry, Broad Beans Curry",4,3000.0,[Main Dishes],[Indian],"[broad beans, toor dal, tamarind, oil, mustard seeds, jaggery, curry leaves, cilantro leaves, sesame, black pepper, coriander seeds, cumin seed, tomatoes, green chilies, tumeric, salt, shredded coconut]"
Thai-Chicken-Curry-604406,Thai Chicken Curry,3,3000.0,[Main Dishes],[Thai],"[peanut oil, garlic cloves, minced ginger, onions, curry paste, chicken stock, light coconut milk, sweet potatoes, green beans, boneless skinless chicken breasts, lime, fish sauce, fresh cilantro]"
Curry-Quinoa-with-Broccoli-1285905,Curry Quinoa with Broccoli,4,1800.0,[Side Dishes],,"[quinoa, water, coconut oil, onions, garlic, ginger, spring onions, curry powder, sea salt, broccoli florets, tofu, cayenne pepper]"
Lentil-and-Chick-Pea-Curry-with-Coconut-Milk-1335299,Lentil and Chick Pea Curry with Coconut Milk,4,3900.0,[Main Dishes],[Indian],"[canola oil, onions, garlic, fresh ginger, carrots, curry paste, cayenne pepper, ground cumin, ground coriander, salt, crushed tomatoes, coconut milk, green lentil, chickpeas, honey, cauliflower florets, frozen peas, stock, cilantro, hot sauce, plain yogurt]"
Red-Lentil_-Spinach-_-Potato-Curry-with-Baobab-1306452,"Red Lentil, Spinach & Potato Curry with Baobab",4,3600.0,[Main Dishes],[Indian],"[coconut oil, onions, garlic, ginger, red chili peppers, curry powder, salt, red lentils, chopped tomatoes, water, new potatoes, baobab fruit powder, spinach, non dairy yogurt, fresh coriander, flatbread]"
Dal-Baingan-Bharta-_Indian-Eggplant-and-Lentil-Curry_-1367930,Dal Baingan Bharta (Indian Eggplant and Lentil Curry),4,6300.0,[Main Dishes],[Indian],"[red lentils, water, olive oil, garlic, ginger, fenugreek, tumeric, cumin, coriander, salt, lemon juice, eggplant, butter, cumin seed, onions, fire roasted diced tomatoes, red chili peppers]"
West-Indian-Lamb-Curry-1340193,West Indian Lamb Curry,3,5400.0,[Main Dishes],[Indian],"[boneless lamb, curry powder, kosher salt, ground ginger, black pepper, white onion, scallions, garlic cloves, fresh ginger, allspice berries, thyme sprigs, extra-virgin olive oil, potatoes, carrots, pepper, cooked white rice, lime wedges, mango chutney, cilantro leaves]"
Green-Coconut-Fish-Curry-1348330,Green Coconut Fish Curry,3,3600.0,[Main Dishes],"[Indian, Asian]","[vegetable oil, brown mustard seeds, clove, green cardamom pods, cinnamon sticks, onions, fresh ginger, large garlic cloves, ground coriander, coconut milk, green chilies, salt, water, curry leaves, ground black pepper, garam masala, salmon, lemon juice, cilantro leaves]"
Mushroom-Curry-1082219,Mushroom Curry,4,1500.0,[Main Dishes],[Indian],"[white button mushrooms, cashew nuts, onions, tomatoes, garlic paste, green chilies, curry leaves, mustard, cumin, oil, red chili powder, tumeric, garam masala, salt]"
Curried-Onion-and-Apple-1051220,Curried Onion and Apple,4,1800.0,,,"[butter, onions, apples, salt, ground white pepper, curry powder]"
Burmese-Chicken-Curry-AllRecipes,Burmese Chicken Curry,4,3900.0,[Main Dishes],[Asian],"[boneless chicken skinless thigh, curry powder, garam masala, salt, onions, minced garlic, fresh ginger root, cayenne pepper, paprika, water, corn oil, tomatoes, lemon grass, fish sauce]"
Thai-Eggplant-Massaman-Curry-1359587,Thai Eggplant Massaman Curry,4,4200.0,[Main Dishes],"[Thai, Asian]","[large potatoes, onions, coconut cream, coconut milk, Massaman curry paste, oil, tamarind paste, roasted peanuts, scallions, shallots, garlic, galangal, lemongrass, kaffir lime leaves, red chili peppers, coriander seeds, cumin seed, nutmeg, cinnamon sticks, clove, cardamom, soy sauce, sesame oil]"
Fall-Curry-593918,Fall Curry,4,3300.0,[Main Dishes],[Indian],"[vegetable oil, curry paste, lemongrass, mustard seeds, cardamom pods, butternut squash, onions, coconut milk, vegetable broth, chickpeas, lime, mint leaves, naan, rice, plain yogurt]"
Curried-Quinoa-Allrecipes,Curried Quinoa,5,2400.0,[Main Dishes],,"[olive oil, onions, garlic, quinoa, chicken broth, curry powder, ancho powder, pepper, salt]"
Chicken-Curry-Martha-Stewart,Chicken Curry,5,2700.0,"[Lunch and Snacks, Main Dishes]",,"[all-purpose flour, boneless skinless chicken breast halves, olive oil, onions, garlic, curry powder, coarse salt, small red potato, diced tomatoes, water]"
Cauliflower-and-Chickpea-Curry-1280565,Cauliflower and Chickpea Curry,4,3000.0,[Main Dishes],[Indian],"[curry powder, cumin seed, coriander seeds, fenugreek, fennel seeds, clove, tumeric, mustard powder, ginger, cinnamon, nutmeg, black pepper, cardamom, celery seed, olive oil, cauliflower, garlic, salt, full fat coconut milk, low sodium vegetable broth, chickpeas, red pepper flakes, brown rice, cilantro, greek yogurt, chutney, chapati]"
Chicken-Katsu-Curry-1040847,Chicken Katsu Curry,4,2700.0,[Main Dishes],,"[chicken, curry powder, onions, garlic, crumbs, eggs, salt, pepper, chicken breasts, soy sauce, honey, chicken stock, buttermilk]"
Thai-Coconut-Curry-Soup-1355398,Thai Coconut Curry Soup,4,3600.0,[Soups],"[Thai, Asian]","[firm tofu, vegetable oil, coconut oil, red curry paste, vegetable stock, lemon grass, lime leaves, coconut milk, rice noodles, dried shiitake mushrooms, lime, sea salt, green onions, beansprouts, roasted peanuts, coriander]"
Slow-Cooker-Chicken-Curry-1238028,Slow-Cooker Chicken Curry,4,1800.0,[Main Dishes],,"[chicken breasts, onions, garbanzo beans, coconut milk, chicken boullion cube, tomato sauce, frozen mixed vegetables, curry powder, cayenne]"
Nadan-Chicken-Curry-1260124,Nadan Chicken Curry,4,5100.0,[Main Dishes],,"[chicken, ginger, garlic, green chilies, curry leaves, shallots, onions, coconut, ground turmeric, coriander powder, chili powder, garam masala, tomatoes, water, salt, coconut oil, black pepper, garlic paste]"
Coconut-Curry-Butternut-Squash-Soup-1354161,Coconut Curry Butternut Squash Soup,4,2400.0,[Soups],,"[olive oil, butternut squash, lady apples, sweet onion, Madras curry powder, ground cumin, ground cinnamon, coconut milk, salt, pepper, chives]"
Thai-Chicken-Curry-1005561,Thai Chicken Curry,3,3000.0,[Main Dishes],[Thai],"[vegetable oil, yellow curry paste, carrots, onions, red bell pepper, yukon gold potatoes, boneless chicken skinless thigh, unsweetened coconut milk, cilantro, fresh basil]"
Chicken-Massaman-Curry-Allrecipes,Chicken Massaman Curry,4,3300.0,[Main Dishes],[Asian],"[vegetable oil, curry paste, ginger, boneless skinless chicken breasts, brown sugar, fish sauce, tamarind paste, peanut butter, cubed potatoes, coconut milk, fresh lime juice]"
Indian-Chicken-Bhuna-Masala-Curry-1308474,Indian Chicken Bhuna Masala Curry,4,4500.0,[Main Dishes],[Indian],"[coriander seeds, cumin seed, vegetable oil, cardamom pods, salt, ground black pepper, chicken breasts, chili powder, curry powder, tomatoes, cinnamon sticks, garlic cloves, purple onion, coconut milk, fresh ginger, cilantro leaves, white wine, basmati rice]"
Squash-_-Red-Lentil-Curry-1310824,Squash & Red Lentil Curry,4,2400.0,[Main Dishes],[Indian],"[canola oil, diced onions, garlic, fresh ginger, curry powder, butternut squash, red lentils, fresh tomatoes, salt, water, lite coconut milk, lime wedges, chopped cilantro fresh]"
Curry-Shrimp-899734,Curry Shrimp,4,1260.0,[Main Dishes],,"[shrimp, olive oil, onions, pepper, garlic, roasted red peppers, curry powder, tomatoes, fresh thyme, salt, water]"
Curry-dip-322205,Curry Dip,3,2400.0,[Appetizers],,"[cream, mayonnaise, curry powder, chips, pitas, fresh veget]"
Lentil_-Chard-_-Sweet-Potato-Curry-1335071,"Lentil, Chard & Sweet Potato Curry",3,2700.0,[Main Dishes],[Indian],"[onions, garlic cloves, jalapeno chilies, fresh ginger, curry powder, garam masala, tumeric, low sodium vegetable broth, sweet potatoes, yellow lentils, vegan yogurt, lime, swiss chard, black salt, ground black pepper]"
Tomato-and-Cauliflower-Curry-1367962,Tomato and Cauliflower Curry,4,3600.0,[Main Dishes],[Indian],"[cumin seed, coriander seeds, fennel seeds, ghee, yellow onion, sea salt, garlic, ginger, green chilies, ground turmeric, ground cayenne pepper, medium potatoes, diced tomatoes, cauliflower, cilantro leaves, grated nutmeg]"
Thai-Chicken-Curry-with-Bamboo-Shoots-497045,Thai Chicken Curry with Bamboo Shoots,0,2100.0,[Main Dishes],"[Asian, Thai]","[oil, red curry paste, skinless chicken breasts, coconut milk, water, bamboo shoots, red bell pepper, palm sugar, fish sauce]"
Simple-Coconut-Chicken-Curry-596440,Simple Coconut Chicken Curry,4,600.0,[Main Dishes],[Asian],"[boneless skinless chicken breasts, curry powder, peanut oil, broccoli, garlic, fresh ginger, coconut milk, red curry paste, corn starch]"
Curried-sauteed-cauliflower-309321,Curried Sauteed Cauliflower,5,1200.0,[Side Dishes],[Indian],"[cauliflower, peanut oil, cumin seed, purple onion, curry, salt, pepper, fresh cilantro, fresh lime]"
Thai-Peanut-Pumpkin-Turkey-Curry-1354590,Thai Peanut Pumpkin Turkey Curry,4,1800.0,[Main Dishes],[Thai],"[oil, red curry paste, coconut milk, chicken broth, pumpkin purée, apples, peanut butter, lime juice, fish sauce, brown sugar, turkey, pumpkin, red pepper, dried cranberries, peas, cilantro, peanuts]"
Curried-Rice-with-Shrimp-1250838,Curried Rice with Shrimp,3,1200.0,[Main Dishes],,"[olive oil, onions, carrots, garlic, curry powder, long grain white rice, kosher salt, pepper, large shrimp, fresh basil]"
Curry-Rub-Martha-Stewart-194325,Curry Rub,4,1200.0,,,"[curry powder, ground coriander, coarse salt, ground ginger, ground cumin, ground pepper, sugar]"
Low-Carb-Chicken-Curry-Salad-1332236,Low Carb Chicken Curry Salad,4,900.0,[Salads],,"[chicken breasts, mayonnaise, raw almond, celery, curry powder, salt]"
Comforting-Chicken-in-Red-Curry-1322651,Comforting Chicken in Red Curry,3,1800.0,[Main Dishes],,"[boneless chicken skinless thigh, salt, pepper, oil, garlic, ginger, Thai red curry paste, coconut milk, choy sum, cilantro]"
Quinoa-Curry-Bowl-1019059,Quinoa Curry Bowl,3,3300.0,,,"[quinoa, onion powder, curry powder, frozen stir fry vegetable blend, minced garlic, fresh ginger, tahini, avocado, sesame seeds]"
Easy-Japanese-Chicken-Curry-1081324,Easy Japanese Chicken Curry,4,1800.0,[Main Dishes],,"[chicken, potatoes, onions, garlic, curry powder, ground cumin, ground coriander, chicken stock, curry]"
Basil-Chicken-in-Coconut-Curry-Sauce-1067233,Basil Chicken in Coconut Curry Sauce,4,3000.0,[Main Dishes],,"[boneless skinless chicken breast halves, curry powder, salt, pepper, chili powder, purple onion, garlic, jalapeno chilies, olive oil, light coconut milk, corn starch, dried basil, fresh ginger, cooked rice]"
Thai-Green-Chicken-Curry-1326567,Thai Green Chicken Curry,4,2400.0,[Main Dishes],"[Thai, Asian]","[oil, onions, chicken thigh fillets, thai green curry paste, fish sauce, brown sugar, salt, coconut milk, bamboo shoots, Thai eggplants, basil leaves, lime juice]"
Green-Chicken-Curry-Martha-Stewart,Green Chicken Curry,4,1800.0,[Main Dishes],"[Asian, Thai]","[long grain white rice, corn starch, reduced sodium chicken broth, vegetable oil, green beans, onions, thai green curry paste, chicken breasts, coconut milk, fresh basil leaves, fresh lime juice, coarse salt]"
Curry-Laksa-1322767,Curry Laksa,4,4500.0,"[Soups, Main Dishes]",[Asian],"[galangal, lemongrass, shallots, shrimp, belacan, garlic, chili, fat, curry powder, coconut milk, chicken stock, chicken legs, deep-fried tofu, tofu, meatballs, ground pork, corn starch, fish sauce, white pepper, chili flakes, oil, Chinese egg noodles, beansprouts]"
Thai-Red-Curry-Chicken-1219043,Thai Red Curry Chicken,3,2100.0,[Main Dishes],[Thai],"[coconut oil, yellow onion, red pepper, yellow peppers, red curry paste, boneless skinless chicken breasts, coconut milk, basil leaves, cooked quinoa]"
Green-Curry-with-Tofu-and-Vegetables-1339050,Green Curry with Tofu and Vegetables,4,2100.0,[Main Dishes],[Asian],"[firm tofu, roasted garlic, green onions, portabello mushroom, red pepper, broccoli, cauliflower, carrots, Thai Kitchen Green Curry Paste, brown sugar, thai basil, coconut milk, lite coconut milk, serrano peppers, brown rice noodles, oil]"
Vegetarian-Bean-Curry-Allrecipes,Vegetarian Bean Curry,4,5100.0,[Main Dishes],,"[olive oil, white onion, dried lentils, garlic, curry powder, ground cumin, cayenne pepper, crushed tomatoes, garbanzo beans, kidney beans, raisins, salt, pepper]"
Sauteed-Curried-Corn-Allrecipes,Sauteed Curried Corn,4,1020.0,[Side Dishes],,"[butter, diced onions, whole kernel corn, drain, curry powder, garlic powder, pepper, salt]"
Curry-Deviled-Eggs-1334685,Curry Deviled Eggs,4,900.0,[Appetizers],,"[large eggs, mayonnaise, hot sauce, curry powder, ground turmeric, smoked paprika]"
Coconut-curry-risotto-318111,Coconut Curry Risotto,4,2100.0,,,"[broth, olive oil, onions, garlic cloves, carrots, curry powder, salt, white pepper, thai chile, arborio rice, spinach, coconut milk]"
Zucchini-and-Green-Peas-Coconut-Curry-1087493,Zucchini and Green Peas Coconut Curry,4,1800.0,[Main Dishes],,"[zucchini, green peas, coconut milk, onions, garlic cloves, water, curry powder, sea salt]"
Curried-Shrimp-Toasts-1369948,Curried Shrimp Toasts,3,1200.0,,,"[peeled deveined shrimp, scallions, mayonnaise, sweet chili sauce, corn starch, curry powder, toast, vegetable oil, sesame seeds]"
Sweet-Potato-and-Cauliflower-Thai-Curry-1362051,Sweet Potato and Cauliflower Thai Curry,4,4800.0,[Main Dishes],,"[sweet potatoes, carrots, cauliflower, red bell pepper, ginger, red curry paste, extra-virgin olive oil, coconut milk, ground coriander, ground ginger, tamari soy sauce, fresh spinach, fresh cilantro, peanuts, brown rice]"
Curried-Cauliflower-Soup-1351312,Curried Cauliflower Soup,4,1800.0,[Soups],,"[extra-virgin olive oil, yellow onion, garlic, cauliflower, curry powder, cumin, coriander, salt, vegetable broth, light coconut milk, nonfat plain greek yogurt, pepper]"
Curry-Chicken-Martha-Stewart-195497,Curry Chicken,4,5100.0,"[Lunch and Snacks, Main Dishes]",,"[chicken, lime juice, vegetable oil, butter, onions, garlic, curry powder, tomatoes, tomato sauce, pepper, salt, ground black pepper, water]"
Chicken-and-Callaloo-Curry-1273692,Chicken and Callaloo Curry,4,4500.0,[Main Dishes],,"[lemon, olive oil, jamaican curry powder, meat, onions, ginger, chillies, garlic, curry powder, tomatoes, eggplant, coconut milk, callaloo, coriander]"
Thai-green-curry-with-tofu-_or-not_-344666,Vegetarian Thai Green Curry,5,3600.0,[Main Dishes],[Asian],"[brown basmati rice, water, olive oil, white onion, ginger, garlic, salt, thai green curry paste, thai chile, light coconut milk, turbinado, extra firm tofu, rice vinegar, soy sauce, cilantro, vegetables]"
One-Pot-Chicken-_-Vegetable-Curry-1274244,One Pot Chicken & Vegetable Curry,4,3300.0,[Main Dishes],,"[mixed vegetables, mushrooms, yellow onion, large garlic cloves, coconut milk, curry, chicken thighs, pepper, salt, coconut oil]"
Eggplant-Curry-1316455,Eggplant Curry,4,4200.0,[Main Dishes],[Indian],"[eggplant, ghee, onions, fresh ginger, garlic, fennel seeds, cumin seed, ground coriander, ground turmeric, chili powder, cayenne, sea salt, chopped tomatoes, fresh coriander, unsalted butter]"
Curried-Chickpeas_-Apple-_-Kale-Stuffed-Butternut-Squash-1380353,"Curried Chickpeas, Apple + Kale Stuffed Butternut Squash",4,3600.0,[Side Dishes],,"[butternut squash, baby kale, apples, dried cranberries, shallots, olive oil, apple cider vinegar, honey, kosher salt, ground black pepper, chickpeas, vegetable oil, curry powder, ground cinnamon]"
Spicy-Kale-Curry-1180047,Spicy Kale Curry,4,3000.0,[Main Dishes],,"[olive oil, spices, chili powder, cumin, garam masala, curry powder, smoked paprika, red pepper flakes, yellow onion, garlic, fresh ginger, red bell pepper, water, peanut butter, pumpkin purée, non dairy milk, kale leaves]"
Goan-Fish-Curry-1360263,Goan Fish Curry,3,,,,"[skinless cod fillets, fresh lemon juice, kosher salt, vegetable oil, yellow onion, garlic, ginger, ground coriander, ground cumin, chile powder, ground turmeric, white wine vinegar, green chile, coconut milk, fresh cilantro, basmati rice]"
Aloo-Keema-_Potato-and-Mince-Curry_-1349566,Aloo Keema (Potato and Mince Curry),4,3600.0,[Main Dishes],[Indian],"[onions, beef, gingerroot, garlic, chili powder, coriander powder, ground turmeric, salt, yoghurt, tomatoes, potatoes, garam masala, cilantro leaves, green chilies]"
Curried-Butternut-Squash-Soup-1349403,Curried Butternut Squash Soup,4,4500.0,[Soups],,"[butternut squash, onions, garlic, olive oil, curry powder, ground cumin, ground ginger, stock, pepper, salt]"
Coconut-Chicken-Curry-1242798,Coconut Chicken Curry,4,2400.0,[Main Dishes],[Asian],"[boneless skinless chicken breasts, carrots, onions, garlic cloves, coconut milk, tomato paste, salt, curry powder, tumeric, fresh ginger, bell pepper, water, corn starch, crushed red pepper flakes, cilantro]"
Masala-Gosht---Indian-Meat-Curry-1358152,Masala Gosht - Indian Meat Curry,3,3000.0,[Main Dishes],[Indian],"[mutton, coriander, green chilies, lemon juice, vegetables, onions, garlic paste, ginger paste, tomatoes, coriander powder, ground cumin, ground turmeric, chili powder, garam masala, salt]"
Pulled-Lamb-Curry-1279884,Pulled Lamb Curry,4,15600.0,[Main Dishes],[Indian],"[vegetable oil, lamb shoulder, onions, garlic, ginger, salt, garam masala, curry powder, paprika, cinnamon, chicken stock, chopped tomatoes, tomato purée, sugar, cardamom pods, heavy cream, coriander]"
Chicken-Curry-Martha-Stewart-195056,Chicken Curry,5,16200.0,"[Lunch and Snacks, Main Dishes]","[Indian, Asian]","[boneless chicken skinless thigh, onions, garlic cloves, peeled fresh ginger, curry powder, ground coriander, ground cumin, coarse salt, green peas, unsweetened coconut milk, cashew nuts, cilantro leaves]"
Coconut-Curry-Cauliflower-1042034,Coconut Curry Cauliflower,4,2400.0,[Side Dishes],,"[garlic, extra-virgin olive oil, cauliflower florets, lite coconut milk, curry powder, black pepper, crushed red pepper flakes, sea salt]"
Tangy-Tomato-Curry-1353729,Tangy Tomato Curry,4,2100.0,[Main Dishes],,"[tomatoes, onions, cilantro leaves, green chilies, cumin seed, tumeric, oil]"
Simple-Coconut-Curry-1369324,Simple Coconut Curry,4,1200.0,[Main Dishes],,"[canola oil, shallots, chili paste, coconut milk, soy sauce, cauliflower, red bell pepper, zucchini, red potato, cooked rice]"
Thai-Massaman-Chicken-Curry-1239368,Thai Massaman Chicken Curry,4,3000.0,[Main Dishes],[Thai],"[oil, Massaman curry paste, chicken legs, chicken thighs, ginger, coconut milk, stock, potatoes, onions, fish sauce, salt, palm sugar, sauce, roasted peanuts]"
Curry-Pearl-Barley-Porridge-with-Tomatoes_-Coriander_-Lime-and-Almonds-1350185,"Curry Pearl Barley Porridge with Tomatoes, Coriander, Lime and Almonds",4,2400.0,,,"[pearl barley, garlic, onions, fresh tomatoes, canned tomatoes, vegetable stock, fresh coriander, lime, curry powder, olive oil, toasted almonds, salt, cherry tomatoes]"
Egg-Curry-1291109,Egg Curry,4,2400.0,[Main Dishes],,"[hard-boiled egg, potatoes, curry paste, small tomatoes, grapeseed oil, boiling water, salt, roti]"
Curry-Chicken-Salad-1120353,Curry Chicken Salad,4,1200.0,[Salads],,"[chicken breasts, celery, greek yogurt, mayonnaise, curry powder, ground turmeric, salt, pepper, fresh parsley leaves]"
Turkey-Curry-TasteOfHome_1,Turkey Curry,4,1200.0,[Main Dishes],[Indian],"[tart apples, onions, chopped celery, butter, all-purpose flour, curry powder, salt, chicken bouillon granules, cayenne pepper, milk, cooked turkey, peanuts, rice, fresh parsley]"
Shrimp-Curry-Epicurious,Shrimp Curry,4,1800.0,[Main Dishes],"[Indian, Asian]","[onions, fresh ginger, salt, sugar, vegetable oil, curry powder, serrano chile, water, unsweetened coconut milk, fresh lime juice, shell-on shrimp, lime wedges]"
Prawn-curry-323948,Prawn Curry,0,2400.0,[Main Dishes],[Indian],"[prawns, mango, salt, chiles, corn, garlic, onions, mustard seeds, cumin seed, coriander seeds, ground turmeric, grated coconut, oil, curry]"
Goan-Meatball-Curry-Recipe---Indian-Beef-Kofta-_Easy-and-Quick_-1373581,Goan Meatball Curry Recipe - Indian Beef Kofta {Easy and Quick},4,1800.0,[Main Dishes],[Indian],"[minced beef, salt, pepper, worcestershire sauce, ground turmeric, garlic paste, white wine vinegar, bread crumbs, eggs, onions, tomatoes, green chilies, olive oil, fresh curry, mustard seeds, red chili powder, coriander seeds, ground cumin, tomato paste, coconut milk, fresh coriander]"
Indian-Fish-Curry-458315,Indian Fish Curry,3,2100.0,[Main Dishes],[Indian],"[unsalted butter, canola oil, yellow onion, garlic cloves, minced ginger, curry powder, coconut milk, jalapeno chilies, salt, snappers, cod fillets, rockfish, ground turmeric, plum tomatoes, lemon, hot water]"
Mutton-Sukka-_-Dry-Goat-Curry-1240799,Mutton Sukka / Dry Goat Curry,4,2100.0,[Main Dishes],,"[mutton, ground turmeric, salt, garlic, pepper, seeds, onions, curry leaves, green chilies, chili powder, coriander powder, ground cumin, oil, coriander, lime juice]"
Coconut-Curry-Fried-Chicken-1212886,Coconut Curry Fried Chicken,4,32100.0,[Main Dishes],,"[coconut milk, curry powder, chicken pieces, salt, black pepper, flour, oil]"
Spinach-and-Chickpea-Curry-982889,Spinach and Chickpea Curry,3,1800.0,[Main Dishes],[Indian],"[canola oil, purple onion, fresh ginger, curry powder, garam masala, cayenne, chickpeas, diced tomatoes, kosher salt, baby spinach, chopped cilantro, greek yogurt]"
Thai-green-curry-coconut-shrimp-with-basil-352548,Thai Green Curry Coconut Shrimp with Basil,5,1500.0,[Main Dishes],"[Thai, Asian]","[oil, scallions, thai green curry paste, garlic, shrimp, light coconut milk, Thai fish sauce, fresh basil, salt]"
Anniversary-Curry_-1267148,Anniversary Curry!,4,3300.0,[Main Dishes],,"[bone in skinless chicken thigh, salt, pepper, olive oil, fresh ginger, garlic, onions, carrots, cauliflower, zucchini, green chilies, curry powder, curry paste, unsweetened coconut milk, chopped cilantro, fresh lime]"
Chicken-and-Sweet-Potato-Curry-1238596,Chicken and Sweet Potato Curry,4,3000.0,[Main Dishes],,"[chicken breasts, olive oil, sweet potatoes, onions, garlic cloves, curry powder, ground ginger, chicken stock, coconut milk, salt, black pepper]"
Ginger-Curry-Roasted-Cauliflower-1269738,Ginger Curry Roasted Cauliflower,4,2100.0,[Side Dishes],,"[cauliflower, olive oil, ground ginger, curry powder, garlic salt]"
Capsicum-Curry-1082170,Capsicum Curry,4,1800.0,[Main Dishes],[Indian],"[capsicum, finely chopped onion, onions, amchur, tomatoes, red chili powder, kasuri methi, curry leaves, cumin, green cardamom, green chilies, ginger, salt, oil, seeds, peanuts, dry coconut, white sesame seeds, garam masala, coriander powder]"
Curry-Chicken-1272693,Curry Chicken,4,1800.0,[Main Dishes],,"[chicken, carrots, onions, ginger, olive oil, coconut milk, yellow curry paste, avocado]"
Thai-Green-Chicken-Curry-Epicurious,Thai Green Chicken Curry,4,1500.0,[Main Dishes],"[Thai, Asian]","[vegetable oil, shallots, thai green curry paste, unsweetened coconut milk, fish sauce, boneless skinless chicken breast halves, red bell pepper, fresh basil, fresh lime juice]"
Vegan-Thai-Chickpea-Curry-1273202,Vegan Thai Chickpea Curry,3,1500.0,[Main Dishes],,"[jasmine rice, virgin coconut oil, diced red onions, garlic, chickpeas, coconut milk, cherry tomatoes, yellow bell pepper, Thai red curry paste, chopped cilantro fresh, pepper, salt]"
Curried-Lamb-and-Butternut-Squash-Pockets-1372670,Curried Lamb and Butternut Squash Pockets,4,2700.0,[Main Dishes],,"[ground lamb, butternut squash, pea tendrils, green onions, curry powder, kosher salt, ground black pepper, puff pastry, large eggs]"
Vegetarian-Thai-Red-Curry-with-Squash-755276,Vegetarian Thai Red Curry with Squash,4,2700.0,[Main Dishes],,"[coconut oil, yellow onion, salt, green bell pepper, garlic, fresh ginger, Thai red curry paste, coconut milk, coconut aminos, acorn squash, lime juice, cilantro, rice]"
Roasted-Curried-Cauliflower-1293493,Roasted Curried Cauliflower,4,2100.0,[Side Dishes],,"[cauliflower, yellow onion, coconut oil, curry powder, garam masala, fennel seeds, sea salt, ground pepper]"
Slow-Cooker-Coconut-Tofu-Curry-638080,Slow Cooker Coconut Tofu Curry,4,2100.0,[Main Dishes],,"[light coconut milk, curry powder, creamy peanut butter, garam masala, bell pepper, sea salt, tomato paste, onions, garlic cloves, tofu]"
Steamed-Spinach-with-Curry-Butter-1320026,Steamed Spinach with Curry Butter,4,480.0,[Side Dishes],,"[unsalted butter, mild curry powder, fresh spinach, fresh orange juice, kosher salt, red pepper flakes]"
Massaman-Curry-1216283,Massaman Curry,4,3300.0,[Main Dishes],,"[chicken legs, Massaman curry paste, coconut milk, water, curry paste, fish sauce, brown sugar, tamarind pulp, potatoes, onions, peanut butter, peanuts]"
Fragrant-Chicken-Curry-with-Rice-Pilaf-1377220,Fragrant Chicken Curry with Rice Pilaf,4,5100.0,[Main Dishes],"[Indian, Asian]","[boneless chicken thighs, fennel seeds, black peppercorns, coriander seeds, cumin seed, ground turmeric, ground ginger, paprika, chili flakes, sour cream, asafoetida, basmati rice, ghee, peas, fresh mint, canola oil, chicken stock]"
Thai-Shrimp-Curry-1010950,Thai Shrimp Curry,4,1500.0,[Main Dishes],"[Thai, Asian]","[vegetable oil, onions, scallions, garlic cloves, thai green curry paste, coconut milk, water, fish sauce, brown sugar, jumbo shrimp, chopped cilantro fresh, lime wedges]"
Veggie-Curry-679212,Veggie Curry,3,1500.0,[Main Dishes],,"[olive oil, garlic cloves, onions, tomatoes, chickpeas, curry powder, salt, whole wheat couscous, water]"
Easy-Lamb-Curry-1006961,Easy Lamb Curry,4,1500.0,[Main Dishes],,"[ground lamb, garbanzo beans, diced tomatoes, celery, curry paste]"
