id,recipeName,rating,totalTimeInSeconds,course,cuisine,ingredients,dish
Chicken-and-Dumplings-1366305,Chicken and Dumplings,4,9000.0,[Main Dishes],,"[chicken, celery, carrots, potatoes, onions, corn, peas, chicken stock, olive oil, flour, sage, kosher salt, pepper, dumplings, baking powder, salt, butter, eggs, buttermilk]",dumpling
Italian-Dumplings-1363892,Italian Dumplings,4,2700.0,[Main Dishes],[Italian],"[dumplings, pasta sauce, mozzarella cheese, parmesan cheese, ricotta cheese]",dumpling
Mamaw_s-Chicken-and-Dumplings-1361814,Mamaw's Chicken and Dumplings,4,4560.0,[Main Dishes],,"[boiler, onions, bay leaves, salt, fresh rosemary, chicken bouillon, ground pepper, dried thyme, dumplings]",dumpling
DUMPLINGS-1347150,DUMPLINGS,3,2400.0,,,"[all-purpose flour, chopped parsley, baking powder, salt, milk]",dumpling
Trisha-Yearwood-Apple-Dumplings-1369061,Trisha Yearwood Apple Dumplings,4,3900.0,[Desserts],,"[granny smith apples, lemon, sugar, butter, vanilla extract, buttermilk biscuits, ground cinnamon]",dumpling
Steamed-Sew-Mai-Dumplings-1373335,Steamed Sew Mai Dumplings,4,3600.0,[Appetizers],[Asian],"[fresh mushrooms, ground pork, shrimp, salt, sugar, sesame oil, peanut oil, soy sauce, oyster sauce, pepper, won ton wrappers, eggs, flour, fish sauce, rice vinegar, Sriracha, green onions]",dumpling
Chicken-and-Dumplings-from-scratch-1364293,Chicken and Dumplings – from scratch,4,4800.0,[Main Dishes],,"[chicken, water, carrots, celery, onions, flour, baking powder, salt, butter, whole milk, chicken broth, cooked chicken]",dumpling
Turkey-and-Dumplings-1378002,Turkey and Dumplings,4,2700.0,,,"[chicken stock, water, turkey, cajun seasoning, milk, bisquick]",dumpling
Chicken-And-Dumplings-With-Einkorn-Biscuits-1375220,Chicken And Dumplings With Einkorn Biscuits,3,4800.0,[Main Dishes],,"[boneless chicken skinless thigh, salt, pepper, olive oil, bacon, carrots, celery, onions, dried parsley, dried thyme, dried oregano, garlic, bay leaves, chicken bouillon, low sodium chicken broth, flour, peas, baking powder, butter, milk]",dumpling
Shrimp-Dumplings-with-Lemongrass-630381,Shrimp Dumplings with Lemongrass,3,3300.0,[Appetizers],,"[white sesame seeds, large shrimp, minced garlic, corn starch, sugar, salt, dumpling wrappers]",dumpling
Turkey-and-Herbed-Dumplings-1380425,Turkey and Herbed Dumplings,4,2100.0,[Main Dishes],,"[butter, all-purpose flour, chicken stock, cooked turkey, onions, celery, potatoes, carrots, peas, poultry seasoning, onion powder, garlic powder, salt and ground black pepper, baking powder, salt, herbs, milk]",dumpling
Chicken-and-Dumplings-The-Pioneer-Woman-Cooks-_-Ree-Drummond-41197,Chicken and Dumplings,5,4500.0,"[Soups, Main Dishes]",,"[butter, olive oil, all-purpose flour, chicken, pepper, salt, carrots, diced celery, onions, thyme, tumeric, low sodium chicken broth, apple cider, heavy cream, dumplings, yellow corn meal, baking powder, kosher salt, half & half, fresh parsley]",dumpling
Apple-Dumplings-1345651,Apple Dumplings,4,1200.0,[Desserts],,"[all-purpose flour, salt, unsalted butter, ice water, granny smith apples, brown sugar, cinnamon]",dumpling
Slow-Cooker-Chicken-and-Dumplings-1377637,Slow Cooker Chicken and Dumplings,3,3300.0,[Main Dishes],,"[butter, boneless skinless chicken breasts, onions, cream of chicken soup, biscuits, flour]",dumpling
Cinnamon-Sugar-Apple-Crescent-Dumplings-1373772,Cinnamon Sugar Apple Crescent Dumplings,3,3000.0,[Desserts],,"[apples, crescent rolls, butter, sugar, cinnamon, flour, sprite]",dumpling
Dumplings-1185325,Dumplings,4,1800.0,[Appetizers],,"[wonton wrappers, minced meat, garlic cloves, spring onions, bamboo shoots, jalapeno chilies, cilantro leaves, pepper, salt, sesame oil, soy sauce, mirin, sambal chile paste]",dumpling
Salsa-Verde-Chicken-_-Dumplings-1377182,Salsa Verde Chicken & Dumplings,4,2400.0,[Main Dishes],,"[butter, flour, chicken broth, salsa verde, heavy cream, chicken, milk, cornmeal, baking powder, salt, dried parsley]",dumpling
Easy-Crockpot-Chicken-and-Dumplings-1378519,Easy Crockpot Chicken and Dumplings,3,900.0,[Main Dishes],,"[boneless skinless chicken breasts, cream of chicken soup, chicken broth, onions, butter, self rising flour, ice water]",dumpling
Potato-And-Cheese-Dumplings-1376045,Potato And Cheese Dumplings,4,3600.0,[Side Dishes],,"[flour, water, eggs, butter, potatoes, cottage cheese, onions, salt, pepper, fat]",dumpling
Chicken-and-Dumplings-1358659,Chicken and Dumplings,4,6300.0,,,"[water, chicken bones, butter, salt, sage, baking soda, flour, baking powder, vegetable oil, eggs, parsley]",dumpling
Tender-Chicken-And-Dumplings-1360440,Tender Chicken And Dumplings,3,2100.0,[Main Dishes],,"[boneless chicken breast, green beans, onions, cream of chicken soup, biscuit dough]",dumpling
Pork-Dumplings-1242586,Pork Dumplings,3,3000.0,[Appetizers],[Asian],"[low sodium soy sauce, Sriracha, lemon, minced garlic, minced ginger, sesame oil, scallions, ground pork, hoisin sauce, chinese five-spice powder, eggs, dumpling wrappers, vegetable oil]",dumpling
Crispy-Chinese-Dumplings-1063187,Crispy Chinese Dumplings,4,2400.0,,"[Chinese, Asian]","[eggs, oyster sauce, chives, sesame oil, dumplings, corn starch]",dumpling
Slow-Cooked-Chicken-and-Dumplings-1362371,Slow-Cooked Chicken and Dumplings,3,23400.0,[Main Dishes],,"[boneless chicken breast halves, pepper, poultry seasoning, paprika, chicken broth, water, condensed cream of chicken soup, biscuit dough, chopped parsley]",dumpling
Chicken-and-Dumplings-1070379,Chicken and Dumplings,4,4500.0,[Main Dishes],,"[chicken, water, celery, carrots, onions, chicken stock cubes, salt, dumplings, flour, baking powder, poultry seasoning, butter, buttermilk]",dumpling
Chicken-and-Dumplings-456854,Chicken and Dumplings,5,2400.0,,,"[olive oil, yellow onion, carrots, celery, chicken stock, cooked chicken, freshly ground pepper, fine sea salt, all-purpose flour, baking powder, fresh sage, whole milk]",dumpling
How-to-Make-Simple-Dumplings-1224922,How to Make Simple Dumplings,4,1320.0,,,"[flour, baking powder, salt, milk, oil, thyme, herbs]",dumpling
Tsak-Sha-Momos-_Tibetan-Beef-Dumplings_-1167607,Tsak Sha Momos (Tibetan Beef Dumplings),3,3600.0,[Appetizers],,"[beef, minced onion, cilantro stems, fresh ginger, canola oil, minced garlic, salt, dumpling wrappers, hot sauce]",dumpling
Jamaican-Festival-_Caribbean-Dumpling_-1368575,Jamaican Festival (Caribbean Dumpling),4,2100.0,,,"[flour, cornmeal, baking powder, salt, sugar, butter, milk, spices, oil, red cabbage, cabbage, mango, onions, red bell pepper, carrots, mustard, honey, nonfat greek yogurt, low-fat mayonnaise, freshly ground pepper, lemon juice, Sriracha]",dumpling
Classic-Chicken-and-Dumplings-1354256,Classic Chicken and Dumplings,3,5400.0,[Main Dishes],,"[olive oil, bone in skin on chicken thigh, black pepper, kosher salt, celery, carrots, onions, fresh thyme leaves, garlic cloves, bay leaves, all-purpose flour, baking powder, baking soda, unsalted butter, buttermilk, Italian parsley leaves]",dumpling
Callie-Coe_s-Chicken-and-Dumplings-1380034,Callie Coe's Chicken and Dumplings,3,6300.0,[Main Dishes],,"[chicken, water, salt, pepper, eggs, dumplings, self rising flour, warm water]",dumpling
Kimchi-Dumplings-1097342,Kimchi Dumplings,4,2700.0,[Appetizers],"[Chinese, Asian]","[dumpling wrappers, oil, water, ponzu, chinese black vinegar, ground pork, deveined shrimp, kimchi, ginger, scallions, soy sauce, Shaoxing wine, sesame oil, white pepper, salt]",dumpling
How-to-make-asian-dumplings-from-scratch-358076,How to Make Asian Dumplings from Scratch,5,4200.0,,[Kid-Friendly],"[filling, dumplings]",dumpling
Amish-Apple-Dumplings-671408,Amish Apple Dumplings,4,3600.0,[Desserts],,"[all-purpose flour, baking powder, salt, butter, milk, apples, brown sugar, water, cinnamon]",dumpling
Dumplings-1083761,Dumplings,4,900.0,,,"[flour, baking powder, salt, parsley, pepper, ghee]",dumpling
Chicken-and-Dumplings-1359517,Chicken and Dumplings,3,4500.0,[Main Dishes],,"[carrots, onions, celery, boneless chicken skinless thigh, chicken stock, all-purpose flour, frozen peas, heavy cream, white wine, salt, pepper, poultry seasoning, vegetable oil, whole milk, melted butter, baking powder, chopped parsley, chives, cracked black pepper]",dumpling
Slow-Cooker-Chicken-and-Dumplings-1352101,Slow Cooker Chicken and Dumplings,3,3300.0,[Main Dishes],,"[chicken breasts, cream of chicken soup, chicken broth, water, salt, garlic powder, pepper, onions, biscuits]",dumpling
Apple-Dumplings-1344643,Apple Dumplings,4,4200.0,[Desserts],,"[all-purpose flour, salt, butter, shortening, ice water, water, lemon, brown sugar, cinnamon, apples]",dumpling
Chicken-_-Dumplings-1332077,Chicken & Dumplings,4,3600.0,[Main Dishes],,"[chicken thighs, butter, flour, chicken stock, heavy cream, carrot sticks, celery ribs, white onion, dried thyme, garlic powder, salt, pepper, fresh parsley, baking powder, eggs, milk]",dumpling
Turkey-Dumpling-Soup-1366545,Turkey Dumpling Soup,4,2700.0,[Soups],,"[butter, garlic cloves, carrots, celery ribs, all-purpose flour, chicken stock, rub, dried thyme, salt, pepper, bay leaves, cooked turkey, frozen corn, heavy cream, dumplings, baking powder, sugar, skim milk]",dumpling
Chicken-and-Dumplings-1288277,Chicken and Dumplings,4,4200.0,[Main Dishes],,"[soup, boneless chicken breast, chicken broth, chicken stock cubes, yellow onion, carrots, celery ribs, salt, pepper, butter, flour, heavy cream, dumplings, all-purpose flour, baking powder, baking soda, chives, large eggs, milk]",dumpling
Chicken-_-Dumplings-1348447,Chicken & Dumplings,4,5400.0,[Main Dishes],,"[chicken, celery, onions, bay leaves, chicken stock cubes, house seasoning, water, condensed cream, salt, all-purpose flour, ice water]",dumpling
How-To-Make-Pork-Dumplings-1008479,How To Make Pork Dumplings,4,3300.0,[Main Dishes],[Asian],"[napa cabbage, kosher salt, ground pork, scallions, cilantro, soy sauce, fresh ginger, sesame oil, large eggs, dumplings]",dumpling
Chicken-and-Dumplings-1351786,Chicken and Dumplings,4,3900.0,[Soups],,"[rotisserie chicken, diced celery, carrots, diced onions, chicken broth, water, dried parsley, chicken base, salt, pepper, flour, baking powder, italian seasoning, milk, oil]",dumpling
Mandu-Recipe-_Korean-Dumplings_-496808,Mandu Recipe (Korean Dumplings),0,2700.0,,[Asian],"[dumpling wrappers, kimchi, tofu, mung bean sprouts, onions, scallions, ground pork, minced garlic, ginger, sesame oil, soy sauce, eggs, salt, pepper, vinegar, water, sugar, black pepper, red pepper flakes]",dumpling
Peach-Dumplings-639575,Peach Dumplings,3,3300.0,[Desserts],,"[peaches, crescent rolls, butter, sugar, vanilla, cinnamon, mountain dew]",dumpling
Simply-Delicious-Chicken-and-Dumplings-1342581,Simply Delicious Chicken and Dumplings,4,3900.0,[Main Dishes],,"[rotisserie chicken, carrots, celery, fresh parsley, unsalted butter, salt, black pepper, garlic powder, smoked paprika, dried thyme, onion soup, cream, chicken stock, all-purpose flour, baking powder, milk]",dumpling
Perfect-Chicken-_-Dumplings-1303204,Perfect Chicken & Dumplings,4,5100.0,[Main Dishes],,"[extra-virgin olive oil, butter, chicken pieces, ground black pepper, salt, chopped celery, carrots, garlic cloves, fresh thyme leaves, bay leaves, garlic powder, onion powder, low sodium chicken broth, sherry, all-purpose flour, cornmeal, baking powder, baking soda, unsalted butter, buttermilk, fresh parsley]",dumpling
Rickshaw-Dumplings-971990,Rickshaw Dumplings,4,2400.0,,[Asian],"[napa cabbage, salt, ground turkey, scallions, cilantro leaves, soy sauce, minced ginger, sesame oil, freshly ground pepper, eggs, dumpling wrappers, vegetable oil, rice vinegar, sugar, Sriracha]",dumpling
Kimchi-Mandu-_Korean-Kimchi-Dumplings_-1117600,Kimchi Mandu (Korean Kimchi Dumplings),4,2400.0,[Appetizers],,"[kimchi, sesame oil, toasted sesame seeds, dumpling wrappers]",dumpling
Turkey-Dumplings-Martha-Stewart-194490,Turkey Dumplings,4,3300.0,[Main Dishes],,"[ground turkey, iceberg lettuce, soy sauce, sesame oil, white vinegar, sugar, scallions, eggs, button mushrooms, coarse salt, all-purpose flour, dumplings, canola oil]",dumpling
Homemade-Chicken-and-Dumplings-1260656,Homemade Chicken and Dumplings,3,3000.0,,,"[flour, baking powder, salt, butter, milk, chicken broth, cooked chicken]",dumpling
Shrimp-and-Vegetable-Dumplings-1011840,Shrimp and Vegetable Dumplings,4,2700.0,[Appetizers],[Asian],"[shrimp, carrots, green cabbage, chopped cilantro fresh, minced garlic, soy sauce, sesame oil, mirin, dumpling wrappers, sesame, lime, dipping sauces]",dumpling
Hobak-Mandu-_Zucchini-Dumplings_-1267663,Hobak Mandu (Zucchini Dumplings),4,2700.0,[Appetizers],,"[dumpling wrappers, zucchini, salt, mushrooms, soy sauce, sesame oil]",dumpling
Japanese-Gyoza-_Meat-_-Cabbage-Dumplings_-1256144,Japanese Gyoza (Meat & Cabbage Dumplings),4,1800.0,,"[Japanese, Asian]","[dumpling wrappers, minced pork, napa cabbage leaves, spring onions, garlic, ginger, shiitake, sake, sesame oil, soy sauce, salt, sugar, white pepper, oil, water, rice vinegar, chili oil]",dumpling
Caramel-Apple-Dumplings-1342558,Caramel Apple Dumplings,4,2700.0,[Desserts],,"[granny smith apples, brown sugar, cinnamon, butter, wonton wrappers, vegetable oil, caramel sauce, powdered sugar, water]",dumpling
Peach-Dumplings-1282027,Peach Dumplings,4,3600.0,[Desserts],,"[peaches, pastry dough, butter, brown sugar, cinnamon, eggs]",dumpling
Apple-Dumplings-991656,Apple Dumplings,4,3300.0,[Desserts],,"[dough, sugar substitute, cinnamon, tart apples, water]",dumpling
Edamame-Dumplings-Martha-Stewart,Edamame Dumplings,5,2400.0,[Appetizers],[Asian],"[carrots, frozen shelled edamame, large egg whites, fresh ginger, toasted sesame oil, scallions, coarse salt, soy sauce, rice vinegar, lemon juice, Sriracha, dumpling wrappers, corn starch, napa cabbage leaves, dipping sauces]",dumpling
Chicken-Paprikash-_-Dumplings-1353545,Chicken Paprikash & Dumplings,3,5100.0,[Main Dishes],[Hungarian],"[chicken, margarine, onions, salt, pepper, paprika, milk, flour, vinegar, eggs]",dumpling
Rolled-Dumplings-Allrecipes,Rolled Dumplings,5,2700.0,,,"[all-purpose flour, baking powder, salt, shortening, milk, chicken broth]",dumpling
Strawberries-and-dumplings-305690,Strawberries and Dumplings,5,3300.0,[Desserts],,"[strawberries, sugar, lemon, all purpose unbleached flour, baking powder, salt, whole milk, unsalted butter]",dumpling
German-Spaetzle-Dumplings-Allrecipes,German Spaetzle Dumplings,5,2100.0,,,"[all-purpose flour, milk, eggs, ground nutmeg, ground white pepper, salt, hot water, butter, fresh parsley]",dumpling
Country-Apple-Dumplings-1253012,Country Apple Dumplings,4,3600.0,[Desserts],,"[apples, dough, butter, sugar, cinnamon, vanilla, 7 Up]",dumpling
Chicken-and-Dumplings-1319470,Chicken and Dumplings,4,4800.0,[Main Dishes],,"[boneless skinless chicken breasts, thyme, poultry seasoning, seasoning salt, black pepper, all-purpose flour, eggs, butter, milk, olive oil]",dumpling
Homestyle-Chicken-and-Dumpling-Soup-1369320,Homestyle Chicken and Dumpling Soup,3,2400.0,[Soups],,"[chicken broth, cooked chicken, condensed cream of chicken soup, poultry seasoning, refrigerated buttermilk biscuits, carrots, celery ribs]",dumpling
Crescent-Roll-Apple-Dumplings-1314634,Crescent Roll Apple Dumplings,4,2700.0,[Desserts],,"[refrigerated crescent rolls, butter, brown sugar, vanilla extract, cinnamon, 7 Up, granny smith apples]",dumpling
Steamed-Asian-Dumplings-1276967,Steamed Asian Dumplings,4,1800.0,,[Asian],"[soy sauce, ginger, water, sesame oil, ground turkey, zucchini, canola oil, wonton wrappers]",dumpling
Chicken-and-Dumplings-1229415,Chicken and Dumplings,4,4500.0,[Main Dishes],,"[stewing chicken, rib, onions, thyme, salt, pepper, chicken broth, dumplings, flour, baking powder, shortening, milk]",dumpling
Classic-Russian-Dumplings---Pelmeni-1378727,Classic Russian Dumplings - Pelmeni,4,4200.0,[Main Dishes],,"[ground beef, ground pork, onions, garlic cloves, freshly ground black pepper, salt, bay leaves, butter, dough, all-purpose flour, cold water, cooking oil]",dumpling
Chicken-_-Dumplings-1011677,Chicken & Dumplings,4,4500.0,[Main Dishes],,"[boneless chicken breast, carrots, celery, onions, canola oil, butter, flour, chicken stock, poultry seasoning, fresh parsley, salt, cracked black pepper, dumplings, eggs, water]",dumpling
Pork-Dumplings-1349938,Pork Dumplings,4,4200.0,[Main Dishes],,"[dough, flour, hot water, salt, olive oil, ground pork, napa cabbage, scallions, eggs, garlic, soy sauce, ground ginger, brown sugar, rice vinegar]",dumpling
Strudla-_German-Dumplings_-1025952,Strudla {German Dumplings},4,4200.0,,,"[active dry yeast, granulated sugar, warm water, all-purpose flour, salt]",dumpling
Apple-Dumplings-The-Pioneer-Woman-41443,Apple Dumplings,5,,[Desserts],[American],"[granny smith apples, crescent rolls, butter, sugar, vanilla, cinnamon, Mountain Dew Soda]",dumpling
Apple-Dumplings-1291941,Apple Dumplings,4,3900.0,[Desserts],,"[crescent rolls, butter, brown sugar, vanilla, cinnamon, mountain dew, apples]",dumpling
Strawberry-Dumplings-1188447,Strawberry Dumplings,4,3900.0,[Desserts],,"[pies, strawberries, sugar, water, butter]",dumpling
Potsticker-Dumplings-776957,Potsticker Dumplings,3,2700.0,,[Asian],"[soy sauce, rice vinegar, toasted sesame oil, sugar, scallions, hot green chile, water, ground turkey, bok choy, peeled fresh ginger, garlic cloves, sesame oil, coarse salt, large egg whites, dumpling wrappers, peanut oil]",dumpling
Deep-Fried-Nutella-Smores-Dumplings-1202671,Deep Fried Nutella S’mores Dumplings,4,2700.0,[Desserts],,"[peanut oil, Nutella, dumpling wrappers, graham crackers, granulated sugar, cinnamon, Marshmallow Fluff]",dumpling
Trisha-Yearwood-Apple-Dumplings-1178406,Trisha Yearwood Apple Dumplings,4,3600.0,[Desserts],,"[granny smith apples, lemon, sugar, butter, vanilla extract, buttermilk biscuits, ground cinnamon]",dumpling
Mandu-Korean-Dumplings-1217951,Mandu Korean Dumplings,3,5400.0,"[Appetizers, Main Dishes]",[Asian],"[ground beef, sesame oil, diced yellow onion, slaw mix, extra firm tofu, beansprouts, scallions, garlic, hoisin sauce, salt, dumpling wrappers, oil, soy sauce]",dumpling
Chicken-_-Dumplings-474742,Chicken & Dumplings,4,6300.0,[Main Dishes],,"[chicken broth, celery, carrots, garlic, onions, bay leaf, dried parsley, salt, pepper, fryer chickens, dumplings]",dumpling
Slow-Cooker-Chicken-and-Dumplings-_Whole-Grain_-1365977,Slow Cooker Chicken and Dumplings (Whole Grain),4,1200.0,[Main Dishes],,"[boneless chicken skinless thigh, olive oil, onions, celery ribs, sliced carrots, garlic cloves, tomato paste, bay leaves, dried thyme, all-purpose flour, dry white wine, chicken broth, frozen peas, whole grain spelt flour, baking powder, salt, milk, unsalted butter]",dumpling
Cracker-Barrel-Homemade-Chicken-and-Dumplings-1279503,Cracker Barrel Homemade Chicken and Dumplings,4,2400.0,,,"[flour, baking powder, salt, butter, milk, chicken broth, cooked chicken]",dumpling
Cracker-Barrel-Homemade-Chicken-and-Dumplings-1293328,Cracker Barrel Homemade Chicken and Dumplings,4,3000.0,,,"[flour, baking powder, salt, butter, milk, chicken broth, cooked chicken]",dumpling
Chicken-_-Dumplings-1072984,Chicken & Dumplings,4,4200.0,[Main Dishes],,"[chicken, celery ribs, onions, carrots, chicken broth, water, marjoram, salt, pepper, flour, all-purpose flour, baking powder, shortening, milk]",dumpling
Peggy_s-Classic-Apple-Dumplings-1352369,Peggy's Classic Apple Dumplings,3,4500.0,[Desserts],,"[sugar, ground cinnamon, ground nutmeg, butter, all-purpose flour, baking powder, salt, shortening, rome apples, milk, chopped pecans]",dumpling
Homemade-Chicken-_-Dumplings-475242,Homemade Chicken & Dumplings,4,6300.0,[Main Dishes],,"[fryer chickens, onions, carrots, celery ribs, pepper, salt, all-purpose flour, baking powder, butter, milk]",dumpling
Easy-Lemon-Dumplings-1005563,Easy Lemon Dumplings,4,900.0,[Desserts],,"[all-purpose flour, baking powder, butter, milk, boiling water, regular sugar, maple syrup, lemon juice]",dumpling
Chicken-and-Dumplings-BB,Chicken and Dumplings,4,5400.0,[Main Dishes],[Kid-Friendly],"[boneless skinless chicken breasts, butter, carrots, celery ribs, chopped onion, garlic, chicken broth, chicken stock cubes, frozen peas, flour, bisquick, milk]",dumpling
Ricotta-dumplings-357861,Ricotta Dumplings,5,2100.0,,,"[ricotta cheese, eggs, salt, ground pepper, grated parmesan cheese, flour, tomato sauce, basil leaves]",dumpling
Turkey-Dumplings-Allrecipes,Turkey Dumplings,4,4200.0,[Main Dishes],[American],"[turkey meat, water, pepper, salt, all-purpose flour, biscuit dough]",dumpling
Pork-and-Chives-Dumplings-__-1043395,Pork and Chives Dumplings (韭菜餃子),4,2700.0,[Appetizers],,"[dumpling wrappers, ground pork, chinese chives, soy sauce, chinese rice wine, white pepper, sesame oil]",dumpling
Cheddar-Tomato-Dumplings-TasteOfHome_1,Cheddar Tomato Dumplings,5,2100.0,,,"[finely chopped onion, green pepper, vegetable oil, all-purpose flour, diced tomatoes, celery leaves, sugar, salt, pepper, dumplings, baking powder, shortening, shredded cheddar cheese, milk]",dumpling
Turkey-Dumplings-1321773,Turkey Dumplings,3,900.0,,,"[turkey meat, water, all-purpose flour, biscuit dough, salt, pepper]",dumpling
Skillet-Chicken-_-Dumplings-1253962,Skillet Chicken & Dumplings,4,3300.0,[Main Dishes],,"[butter oil, chopped onion, chopped celery, chicken broth, chicken, fresh parsley, cream of chicken soup, Pillsbury Biscuits]",dumpling
Pork-Dumplings-Epicurious_2,Pork Dumplings,5,4500.0,,,"[all-purpose flour, peeled fresh ginger, light soy sauce, scallions, ground pork]",dumpling
Chicken-_-dumplings-297663,Chicken & Dumplings,4,4800.0,[Main Dishes],,"[all-purpose flour, salt, ground black pepper, chicken, Country Crock® Spread, onions, celery, carrots, dri thyme leaves, crush, chicken broth, baking powder, milk, finely chopped fresh parsley]",dumpling
Apple-Dumplings-768072,Apple Dumplings,3,4200.0,[Desserts],,"[dough, pies, baking apples, raisins, nuts, brown sugar, water]",dumpling
Mountain-Dew-Apple-Dumplings-1353848,Mountain Dew Apple Dumplings,3,3900.0,[Desserts],,"[crescent rolls, butter, brown sugar, vanilla, cinnamon, mountain dew, apples]",dumpling
Potato-Dumplings-Ii-Allrecipes,Potato Dumplings II,4,1800.0,[Side Dishes],[German],"[potato flakes, hot water, salt, eggs, all-purpose flour]",dumpling
Chinese-Pork-Potsticker-Dumplings-1359294,Chinese Pork Potsticker Dumplings,3,9000.0,[Appetizers],[Chinese],"[plain flour, hot water, minced pork, chinese leaves, ginger, Shaoxing wine, dark soy sauce, light soy sauce, salt, freshly ground black pepper, spring onions, sesame oil, sugar, chicken stock, oil, water, soy sauce, white rice vinegar, chili oil]",dumpling
Chicken-_-Dumplings-993002,Chicken & Dumplings,4,5400.0,[Main Dishes],,"[roasting chickens, roasting hen, butter, carrots, celery, onions, chicken broth, parsley, dumplings, flour, crisco, salt, baking soda, water, chicken stock, pepper]",dumpling
Curried-Chicken-and-Dumplings-1341370,Curried Chicken and Dumplings,3,3600.0,[Main Dishes],,"[canola oil, onions, carrots, celery, boneless chicken skinless thigh, mild curry powder, kosher salt, ground black pepper, flour, cornmeal, sugar, baking powder, baking soda, heavy cream, chicken broth, frozen peas, chopped cilantro]",dumpling
Turkey-Dumplings-Martha-Stewart-197624,Turkey Dumplings,4,3300.0,,,"[ground turkey, iceberg lettuce, soy sauce, sesame oil, white vinegar, sugar, scallions, large eggs, white button mushrooms, coarse salt, all-purpose flour, dumpling skins, canola oil, dipping sauces]",dumpling
Chicken-and-Dumplings-Simply-Recipes-42751,Chicken and Dumplings,5,3600.0,[Main Dishes],,"[chicken thighs, butter oil, salt, chicken stock, celery ribs, carrots, onions, all-purpose flour, dried thyme, dry sherry, heavy cream, frozen peas, fresh parsley leaves, white pepper, cake flour, baking powder, butter, milk, leaves]",dumpling
Steamed-Vegetable-Dumplings-758515,Steamed Vegetable Dumplings,4,2100.0,[Appetizers],[Asian],"[garlic, brocolli florets, sliced carrots, spring onions, miso paste, tamari soy sauce, wonton wrappers]",dumpling
Easy-Steamed-Vegetable-Dumplings-755778,Easy Steamed Vegetable Dumplings,3,1800.0,[Side Dishes],[Asian],"[slaw mix, beansprouts, scallions, low sodium soy sauce, sesame oil, fresh ginger, dumplings]",dumpling
Chicken-_-Dumplings-1112685,Chicken & Dumplings,4,2400.0,,,"[chicken stock, cooked chicken, all-purpose flour, baking powder, baking soda, salt, butter, milk]",dumpling
Pork-and-Kimchi-Dumplings-1366526,Pork and Kimchi Dumplings,3,,,,"[all-purpose flour, kosher salt, boiling water, ground pork, kimchi, soy sauce, ginger, toasted sesame oil, Shaoxing wine, sugar, garlic, scallions, corn starch, vegetable oil, chinese black vinegar, garlic paste]",dumpling
Shrimp-Dumplings-897025,Shrimp Dumplings,4,1500.0,[Appetizers],[Asian],"[shrimp, ground pork, green cabbage, green onions, ginger, sesame oil, mirin, kosher salt, ground black pepper, won ton wrappers, vegetable oil, soy sauce]",dumpling
Chicken-and-Dumplings-with-a-Homemade-Dumpling-1223624,Chicken and Dumplings with a Homemade Dumpling,4,4200.0,[Main Dishes],,"[chicken breasts, chicken stock, water, bay leaves, celery, onions, carrots, dumplings, cake flour, baking soda, salt, shortening, milk]",dumpling
Sweet-Pepper-_-Sausage-Stew-with-Dilled-Potato-Dumplings-1365085,Sweet Pepper & Sausage Stew with Dilled Potato Dumplings,4,3600.0,[Soups],,"[butter, onions, garlic, chopped bell pepper, yellow tomato, chicken broth, bay leaf, cannellini beans, chicken sausage, fresh basil leaves, potato dumplings]",dumpling
Chicken-and-Dumplings-1341522,Chicken and Dumplings,4,18000.0,[Soups],,"[chicken, yellow onion, celery, carrots, parsnips, flat leaf parsley, kosher salt, ground black pepper, unsalted butter, all-purpose flour, broth, rib, baking powder, whole milk, cooked chicken]",dumpling
Cheddar-Tomato-Dumplings-Allrecipes,Cheddar Tomato Dumplings,4,2820.0,,,"[finely chopped onion, green bell pepper, vegetable oil, flour, whole peeled tomatoes, celery, sugar, salt, pepper, dumplings, baking powder, shortening, shredded cheddar cheese, milk]",dumpling
Chicken-N-Dumplings-1041697,Chicken N Dumplings,4,4200.0,[Main Dishes],,"[bone-in chicken breasts, fatfree lowsodium chicken broth, carrots, onions, celery, garlic, bay leaves, dried thyme, flat leaf parsley, kosher salt, ground pepper, lemon, all-purpose flour, milk, baking powder]",dumpling
Chicken-and-Dumplings-1073776,Chicken and Dumplings,4,3600.0,[Main Dishes],,"[chicken, broth, unsalted butter, carrots, celery, onions, garlic cloves, dried thyme, salt, pepper, all-purpose flour, cooking sherry, chicken broth, boneless chicken skinless thigh, frozen green beans, dumplings, baking powder, poultry seasoning, butter]",dumpling
Duck-Dynasty-Chicken-and-Dumplings-Copycat-1376554,Duck Dynasty Chicken and Dumplings Copycat,3,,[Main Dishes],,"[chicken, salt, freshly ground black pepper, evaporated milk, butter, all-purpose flour, baking powder, baking soda, butter flavor vegetable shortening, buttermilk]",dumpling
Crockpot-Chicken-and-Dumplings-1009300,Crockpot Chicken and Dumplings,4,3900.0,[Main Dishes],,"[soup, garlic, yellow onion, celery, carrots, chicken breasts, bay leaf, dried basil, dried thyme, cracked black pepper, water, salt, dumplings, all-purpose flour, baking powder, dried parsley, butter, sugar, milk]",dumpling
Southern-Chicken-and-Dumplings-1249660,Southern Chicken and Dumplings,4,2400.0,[Main Dishes],[Southern & Soul Food],"[chicken stock, lemon pepper, salt, basil dried leaves, bay leaves, garlic powder, black pepper, chicken, all-purpose flour, baking soda, unsalted butter, buttermilk, corn starch]",dumpling
Dumplings-With-Soy-Slaw-My-Recipes,Dumplings with Soy Slaw,3,1800.0,,[Asian],"[dumplings, rice vinegar, sugar, soy sauce, hot sauce, slaw mix, scallions, roasted peanuts]",dumpling
Sweet-Dumpling-Squash-Drop-Biscuits-1370157,Sweet Dumpling Squash Drop Biscuits,4,4200.0,[Breads],,"[sweet dumpling squash, unsalted butter, buttermilk, self rising flour]",dumpling
MINI-DUMPLING-WRAPPER-MAPLE-CANNOLI-898902,MINI DUMPLING WRAPPER MAPLE CANNOLI,4,4200.0,[Desserts],,"[dumpling wrappers, white wine, canola oil, granulated sugar, ground cinnamon, powdered sugar, whole milk ricotta cheese, maple syrup, ground allspice]",dumpling
Chicken-_-Bread-Dumplings-1349367,Chicken & Bread Dumplings,3,7200.0,[Main Dishes],,"[unsalted butter, carrots, celery root, yellow onion, garlic, fresh thyme, bay leaves, chicken, milk, nutmeg, french bread, plain breadcrumbs, eggs, fresh parsley, kosher salt, ground black pepper]",dumpling
Slow-Cooker-Chicken-and-Dumplings-1326287,Slow Cooker Chicken and Dumplings,4,3600.0,[Main Dishes],,"[unsalted butter, onions, crinkle cut carrots, frozen peas, chicken breasts, low sodium chicken broth, water, cream of chicken soup, fresh thyme leaves, dried thyme, salt, pepper, all-purpose flour, baking powder, kosher salt, whole milk]",dumpling
Chicken-And-Dumplings-I-Allrecipes,Chicken and Dumplings I,4,8400.0,[Main Dishes],,"[chicken, all-purpose flour, baking powder, chicken broth, eggs]",dumpling
Chicken-_-Gnocchi-Dumplings-1024663,Chicken & Gnocchi Dumplings,4,2400.0,[Main Dishes],,"[gnocchi, frozen peas, boneless chicken skinless thigh, all-purpose flour, extra-virgin olive oil, salt, ground pepper, carrots, celery, onions, chopped fresh thyme, low sodium chicken broth]",dumpling
Easy-Chicken-and-Dumplings-1087200,Easy Chicken and Dumplings,4,3600.0,[Main Dishes],,"[butter, diced onions, sliced carrots, dried thyme, all-purpose flour, chicken stock, salt, ground pepper, roasting chickens, baking powder, dried dillweed, garlic powder, milk, frozen peas]",dumpling
Chicken-and-Dumplings-471433,Chicken and Dumplings,4,3600.0,[Main Dishes],,"[chicken breasts, chicken broth, cream of chicken soup, biscuits, salt, pepper, flour]",dumpling
Apple-dumplings-369960,Apple Dumplings,4,3600.0,[Desserts],,"[granny smith apples, crescent rolls, butter, sugar, vanilla, cinnamon, mountain dew]",dumpling
Golden-Syrup-Dumplings-1027667,Golden Syrup Dumplings,4,2400.0,[Desserts],,"[self raising flour, butter, golden syrup, milk, firmly packed brown sugar, water]",dumpling
Jamaican-Festival-Dumplings-1022152,Jamaican Festival Dumplings,4,2100.0,,,"[all-purpose flour, cornmeal, sugar, salt, baking powder, eggs, vanilla, cold water, cooking oil]",dumpling
Healthy-Weeknight-Chicken-and-Dumplings-1315358,Healthy Weeknight Chicken and Dumplings,3,2700.0,[Main Dishes],,"[olive oil, onions, carrots, celery ribs, poultry seasoning, all-purpose flour, reduced sodium chicken broth, low-fat milk, cooked chicken breasts, salt, baking mix, cornmeal, fresh rosemary]",dumpling
German-Spaetzle-Dumplings-1052806,German Spaetzle Dumplings,4,3300.0,,[German],"[wheat flour, salt, nutmeg, eggs, water, olive oil]",dumpling
Salsa-Verde-Slow-Cooker-Chicken-And-Dumplings-1353539,Salsa Verde Slow Cooker Chicken And Dumplings,3,29700.0,[Main Dishes],,"[boneless skinless chicken breasts, condensed cream of chicken soup, small yellow onion, low sodium chicken broth, salsa verde, garlic, chicken bouillon, all-purpose flour, cornmeal, garlic salt, buttermilk biscuits, sliced green onions, chopped cilantro]",dumpling
Chicken-_-Dumplings-1061787,Chicken & Dumplings,4,2400.0,[Main Dishes],,"[chicken breasts, chicken broth, buttermilk biscuits, old bay seasoning, carrots, celery, flour]",dumpling
Homemade-Chicken-and-Dumplings-Its-Easy_-Really_-760403,Homemade Chicken and Dumplings – It’s Easy. Really.,4,2700.0,,,"[cooked chicken, chicken broth, flour, butter, baking powder, salt, milk]",dumpling
Quick-Make-Ahead-Turkey-Dumplings-1336899,Quick Make-Ahead Turkey Dumplings,3,4800.0,,[Asian],"[eggs, reduced sodium soy sauce, ground turkey, green onions, wonton wrappers]",dumpling
Chicken-and-Dumpling-Casserole-1229379,Chicken and Dumpling Casserole,3,,,,"[oil, chopped onion, carrots, chopped celery, low sodium chicken broth, flour, cooked chicken, frozen peas, pepper, salt, dumplings, baking powder, eggs, 1% low-fat milk]",dumpling
Herbed-Dumplings-Allrecipes,Herbed Dumplings,5,1200.0,,,"[all-purpose flour, salt, baking soda, baking powder, dried thyme, dried parsley, dried oregano, butter, milk]",dumpling
Pork-and-cilantro-dumplings-320836,Pork And Cilantro Dumplings,3,2700.0,[Main Dishes],,"[dumpling wrappers, minced pork, fresh coriander, frozen spinach, spring onions, coriander seeds, eggs, all-purpose flour, ginger, crushed garlic, fish sauce, salt, pepper, cooking oil]",dumpling
Copycat-Wendy_s-Apple-Dumplings-1280024,Copycat Wendy's Apple Dumplings,3,3600.0,[Desserts],,"[flour, baking powder, salt, shortening, milk, granny smith apples, sugar, cinnamon, nutmeg, butter, syrup, hot water, margarine, ice cream]",dumpling
Easy-Apple-Dumpling-1320845,Easy Apple Dumpling,4,,,,"[crescent rolls, butter, brown sugar, vanilla, cinnamon, mountain dew, apples]",dumpling
Apple-Dumplings-482647,Apple Dumplings,4,5100.0,[Desserts],[American],"[all-purpose flour, salt, vegetable shortening, ice water, granny smith apples, unsalted butter, granulated sugar, ground cinnamon, light brown sugar, water, salted butter]",dumpling
Semmelknodel---German-Bread-Dumplings-1308066,Semmelknödel - German Bread Dumplings,3,3300.0,,[German],"[baguette, eggs, onions, milk, flour, nutmeg, pepper, salt, parsley]",dumpling
Homemade-Apple-Dumplings-with-Brown-Sugar-Sauce-1349958,Homemade Apple Dumplings with Brown Sugar Sauce,3,3300.0,[Desserts],,"[flour, baking powder, salt, shortening, milk, apples, sugar, butter, cinnamon, brown sugar, hot water, nutmeg]",dumpling
Apple-dumplings-348487,Apple Dumplings,5,900.0,[Desserts],,"[flour, crescent rolls, granny smith apples, butter, brown sugar, ground cinnamon, mountain dew]",dumpling
Steamed-Ricotta-Dumplings-Martha-Stewart-197434,Steamed Ricotta Dumplings,4,4800.0,,,"[ricotta cheese, prosciutto, cheese, flat leaf parsley, ground black pepper, salt, dumpling skins, corn starch, olive oil, tomato sauce, basil leaves]",dumpling
Polish-Drop-Potato-Dumplings-1314878,Polish Drop Potato Dumplings,3,3600.0,[Main Dishes],,"[cutlet, russet potatoes, beaten eggs, all-purpose flour, salt, fresh dill, black pepper, dry bread crumbs, vegetable oil, mushroom sauce, porcini, butter, chopped onion, sliced mushrooms, vegetable base, pepper, sour cream]",dumpling
Crockpot-Chicken-And-Dumplings-1259766,Crockpot Chicken And Dumplings,4,33300.0,[Main Dishes],,"[boneless skinless chicken breasts, butter, cream of chicken soup, chicken broth, carrots, onions, celery, frozen peas, garlic powder, salt, pepper, dried thyme, dried rosemary, all-purpose flour, water, buttermilk biscuits]",dumpling
Tofu-Veggie-Dumplings-1088390,Tofu-Veggie Dumplings,4,7200.0,,,"[tofu, olive oil, carrots, scallions, garlic cloves, fresh ginger, soy sauce, sesame chili oil, wonton wrappers, oil]",dumpling
Flat-Dumplings-Allrecipes,Flat Dumplings,4,2400.0,,,"[all-purpose flour, baking powder, salt, chicken broth, eggs, dried parsley, minced onion]",dumpling
Chicken-and-dumplings-370832,Chicken and Dumplings,5,2700.0,"[Main Dishes, Soups]",[Southern & Soul Food],"[chicken broth, water, chicken stock cubes, cooked chicken, carrots, celery, onions, garlic, bay leaf, fresh parsley, basil, evaporated milk, noodles, dumplings]",dumpling
Steamed-Dumplings-Recipe-__-496947,Steamed Dumplings Recipe (虾仁蒸饺),0,2700.0,[Appetizers],[Chinese],"[ground pork, shrimp, scallions, white pepper, Shaoxing wine, salt, soy sauce, sesame oil, ginger, dumpling wrappers]",dumpling
Dumplings-752452,Dumplings,4,2100.0,[Main Dishes],,"[meat, ground chicken, ground pork, ground beef, shrimp, vegetables, ground ginger, sesame oil, black pepper, white pepper, salt, sugar, soy sauce, eggs]",dumpling
Homemade-Chicken-and-Dumplings-971080,Homemade Chicken and Dumplings,4,2700.0,,,"[flour, baking powder, salt, butter, milk, chicken broth, cooked chicken]",dumpling
Sui-Kow-_Chinese-Dumpling_-990179,Sui Kow (Chinese Dumpling),4,2400.0,,"[Chinese, Asian]","[choy sum, chicken stock, green onions, sesame oil, dumplings, lean ground pork, shrimp, water chestnuts, mushrooms, chinese chives, rice wine, soy sauce, pepper]",dumpling
Quick-Make-Ahead-Turkey-Dumplings-1265909,Quick Make-Ahead Turkey Dumplings,3,4200.0,,,"[wonton wrappers, reduced sodium soy sauce, ground turkey, eggs, green onions]",dumpling
Simple-Egg-and-Scallion-Dumplings-_Mandoo_-1201830,Simple Egg and Scallion Dumplings (Mandoo),3,1500.0,,,"[large eggs, vegetable oil, toasted sesame oil, minced garlic, scallions, freshly ground pepper, sea salt, dumpling wrappers]",dumpling
Chicken-and-Dumplings-575356,Chicken and Dumplings,3,11100.0,[Main Dishes],,"[whole chicken, celery, carrots, onions, fresh parsley, salt, pepper, water, Bisquick Baking Mix, milk]",dumpling
Kartacze-Potato-And-Meat-Dumplings-aka-Zeppelins-1358002,Kartacze – Potato And Meat Dumplings aka Zeppelins,4,3600.0,,,"[large potatoes, minced pork, salt, pepper, marjoram, eggs, potato starch, smoked bacon]",dumpling
Steamed-Pork-Belly-Dumplings-with-Brown-Butter-_Manti_-1366663,Steamed Pork Belly Dumplings with Brown Butter (Manti),3,,,,"[large eggs, pasta flour, pork belly, yellow onion, freshly ground black pepper, kosher salt, unsalted butter, vegetable oil, cilantro leaves]",dumpling
Chicken-and-dumplings-338278,Chicken and Dumplings,3,4800.0,[Main Dishes],,"[chicken, salt, pepper, flour]",dumpling
Quick-and-Easy-Chicken-and-Dumplings-1015286,Quick and Easy Chicken and Dumplings,4,2100.0,[Main Dishes],,"[chicken broth, cooked chicken, refrigerated biscuits, cream of chicken soup, pepper]",dumpling
Crockpot-Chicken-and-Dumplings-1175217,Crockpot Chicken and Dumplings,4,3000.0,[Main Dishes],,"[boneless skinless chicken breast halves, butter, condensed cream of chicken soup, onions, biscuit dough]",dumpling
How-to-make-Chinese-dumpling-wrappers-661738,How to make Chinese dumpling wrappers,4,3000.0,,,"[all-purpose flour, water, salt, spinach]",dumpling
Gwyneth-Paltrow_s-Chicken-and-Dumplings-1334712,Gwyneth Paltrow's Chicken and Dumplings,3,7200.0,[Main Dishes],,"[whole chicken, coarse salt, ground black pepper, unsalted butter, extra-virgin olive oil, celery, carrots, leeks, bacon, bay leaf, fresh thyme leaves, white wine, vegetable stock, water, all purpose unbleached flour, baking powder, half & half, fine salt, fresh parsley]",dumpling
Blueberry-Dumplings-748725,Blueberry Dumplings,4,2100.0,[Desserts],,"[blueberries, water, sugar, corn starch, all-purpose flour, salt, baking powder, nutmeg, buttermilk, vanilla]",dumpling
Chicken-and-Dumplings-984599,Chicken and Dumplings,3,3600.0,[Main Dishes],,"[large eggs, frozen mixed thawed vegetables,]",dumpling
Red-Curry-Shrimp-Dumplings-1123206,Red Curry Shrimp Dumplings,4,1200.0,[Appetizers],,"[deveined shrimp, red curry paste, fish sauce, corn starch, egg whites, cilantro leaves, dumpling wrappers, water]",dumpling
Spicy-Gluten-Free-Slow-Cooker-Chicken-And-Dumplings-1350119,Spicy Gluten-Free Slow Cooker Chicken And Dumplings,4,18300.0,[Main Dishes],,"[chicken breast halves, carrots, cream of chicken soup, chicken broth, cayenne pepper, paprika, cracked black pepper, Bisquick Baking Mix, milk, unsalted butter, eggs, parsley flakes]",dumpling
Ham-Hocks-and-Dumplings-1317481,Ham Hocks and Dumplings,4,32400.0,"[Soups, Main Dishes]",,"[chicken broth, ham hock, carrots, diced celery, diced onions, dried thyme, black pepper, Bisquick Baking Mix, milk]",dumpling
Apple-Dumplings-1216546,Apple Dumplings,4,3900.0,[Desserts],,"[apples, self rising flour, butter, sugar, milk, lemon juice, water]",dumpling
Butter-Mandu-_Butter-dumplings_-1295391,Butter Mandu (Butter dumplings),3,2700.0,,[Asian],"[green cabbage, ginger, garlic cloves, ground pork, kosher salt, unsalted butter, dumpling wrappers, kimchi, light soy sauce, vegetable oil]",dumpling
German-Bread-Dumplings-1007246,German Bread Dumplings,3,4800.0,,,"[bread, milk, salt, bacon, onions, fresh parsley, eggs, bread crumbs]",dumpling
Country-Apple-Dumplings-1090744,Country Apple Dumplings,4,3600.0,[Desserts],,"[apples, dough, butter, sugar, cinnamon, vanilla, 7 Up]",dumpling
Slow-Cooker-Beef-Stew-With-Biscuit-Dumplings-1362075,Slow Cooker Beef Stew With Biscuit Dumplings,4,33600.0,[Main Dishes],,"[beef, all-purpose flour, salt, ground black pepper, olive oil, onions, garlic cloves, tomato paste, smoked paprika, allspice, red pepper flakes, worcestershire sauce, celery, baby carrots, potatoes, crimini mushrooms, low sodium beef stock, fresh thyme, fresh bay leaves, baking powder, grated parmesan cheese, oil, milk, melted butter]",dumpling
Chicken-and-Dumpling-Casserole-1247870,Chicken and Dumpling Casserole,4,3600.0,,,"[cooked chicken, unsalted butter, self rising flour, milk, chicken stock, condensed cream of chicken soup]",dumpling
Dumplings-in-Red-Oil-_Zhong-Shui-Jiao_-1258674,Dumplings in Red Oil (Zhong Shui Jiao),4,3900.0,,[Asian],"[soy sauce, dark soy sauce, water, brown sugar, cinnamon sticks, star anise, fennel seeds, szechwan peppercorns, ginger, dumplings, dumpling wrappers, ground pork, scallions, sesame oil, salt, ground roasted sichuan peppers, eggs, chili oil, minced garlic, toasted sesame seeds]",dumpling
Apple-Dumplings-984889,Apple Dumplings,4,4500.0,[Desserts],,"[flour, baking powder, salt, shortening, milk, apples, brown sugar, water, cinnamon, nutmeg, butter]",dumpling
Vegetarian-Stew-with-Dumplings-1328115,Vegetarian Stew with Dumplings,4,3300.0,[Main Dishes],,"[butter, onions, whole wheat flour, garlic, carrots, celery, water, sea salt, poultry seasoning, black pepper, dried thyme, frozen peas, chickpeas, fresh parsley, wheat, baking powder, milk]",dumpling
Jerk-Chicken-and-Dumplings-751683,Jerk Chicken and Dumplings,3,4200.0,[Main Dishes],,"[dumplings, vegetable oil, all-purpose flour, cornmeal, baking powder, baking soda, salt, sugar, butter, milk, chicken legs, garlic, ginger, jerk seasoning, canola oil, red bell pepper, carrots, green onions, celery, cilantro leaves, ginger beer, ground cinnamon, kaffir lime leaves, lime]",dumpling
Chicken-And-Dumplings-682269,Chicken And Dumplings,4,5100.0,[Main Dishes],,"[bone in skin on chicken thigh, salt and ground black pepper, vegetable oil, unsalted butter, leeks, onions, all purpose unbleached flour, dry sherry, low sodium chicken broth, whole milk, fresh thyme leaves, bay leaves, frozen peas, tarragon leaves, baking powder, table salt, schmaltz]",dumpling
Chicken-and-Dumplings-1168299,Chicken and Dumplings,3,6300.0,[Main Dishes],,"[broth, cold water, black peppercorns, chicken leg quarters, celery ribs, carrots, bay leaves, onions, dumplings, all-purpose flour, baking powder, salt, butter, buttermilk, cooking spray, chopped onion, celery, chopped fresh chives]",dumpling
Tofu-Kale-Dumplings-679731,Tofu Kale Dumplings,3,3300.0,[Appetizers],[Asian],"[firm tofu, kale, chopped onion, ginger root, garlic cloves, soy sauce, rice vinegar, toasted sesame oil, black pepper, dumpling wrappers]",dumpling
Cracker-Barrel-Homemade-Chicken-and-Dumplings-1240094,Cracker Barrel Homemade Chicken and Dumplings,4,2400.0,,,"[flour, baking powder, salt, butter, milk, chicken broth, cooked chicken]",dumpling
Rosamary-Chicken-and-Dumplings-1348069,Rosamary Chicken and Dumplings,4,3600.0,[Main Dishes],,"[boneless skinless chicken breasts, boneless chicken skinless thigh, chicken broth, fresh thyme, fresh rosemary, fresh sage, unsalted butter, onions, carrots, celery, all-purpose flour, dry white wine, fresh lemon juice, whole milk, frozen peas, salt, white pepper, eggs, broth, kosher salt, baking powder, Tabasco Pepper Sauce]",dumpling
Liver-Dumplings-Allrecipes,Liver Dumplings,4,3600.0,,,"[liver, bread crumb fresh, eggs, all-purpose flour, salt, ground black pepper, beef broth]",dumpling
Shrimp-and-Corn-Dumplings-608687,Shrimp and Corn Dumplings,3,1200.0,,,"[dumpling wrappers, peeled prawns, sweet corn, salt, black pepper, chili oil, soy sauce, essence]",dumpling
Pearl-_Bajra_-Millet-Fried-Dumpling-1249914,Pearl (Bajra) Millet Fried Dumpling,4,1800.0,,,"[dumplings, spring onions, garlic, onions, green beans, carrots, cabbage, mushrooms, capsicum, pepper, rock salt, sesame oil]",dumpling
CRUSTY-RADISH-AND-PORK-DUMPLINGS-1331158,CRUSTY RADISH AND PORK DUMPLINGS,4,4500.0,[Appetizers],,"[daikon, ground pork, soy sauce, toasted sesame oil, ground white pepper, ginger, salt, light brown sugar, chicken stock, dumpling wrappers, flour, cayenne pepper, balsamic vinegar, Sriracha, garlic]",dumpling
Veggie-dumplings-327737,Veggie Dumplings,3,2700.0,,,"[cabbage, carrots, scallions, minced ginger, wonton wrappers, corn starch, low sodium soy sauce, crushed red pepper flakes, oil]",dumpling
Spatzle-_Garlic-Dumplings-with-Emmentaler_-900870,Spätzle (Garlic Dumplings with Emmentaler),5,4800.0,,,"[garlic, extra-virgin olive oil, milk, Italian parsley leaves, basil leaves, unsalted butter, kosher salt, eggs, flour, Emmenthal]",dumpling
Chicken-Paprikash-over-Dumplings-997693,Chicken Paprikash over Dumplings,4,1800.0,[Main Dishes],[Hungarian],"[boneless chicken breast, extra-virgin olive oil, purple onion, garlic cloves, hungarian paprika, all-purpose flour, low fat low sodium chicken broth, nonfat greek yogurt, dumplings]",dumpling
Old-fashioned-Apple-Dumplings-_Amish-Family-Recipes_-1365745,Old-fashioned Apple Dumplings {Amish Family Recipes},4,3900.0,[Desserts],,"[apples, flour, baking powder, salt, shortening, milk, brown sugar, water, butter, cinnamon]",dumpling
Bacon-Dumplings-Allrecipes,Bacon Dumplings,5,1800.0,,,"[bacon, all-purpose flour, salt, baking powder, dried parsley, ground black pepper, eggs, milk, vegetable broth]",dumpling
Chicken-_-Dumplings-983232,Chicken & Dumplings,4,2700.0,[Main Dishes],,"[boneless skinless chicken, onions, frozen vegetables, cream of chicken soup, refrigerated biscuits]",dumpling
Green-Curry-Dumplings-1049453,Green Curry Dumplings,4,2400.0,,,"[full fat coconut milk, leeks, salt, curry paste, mung beans, fresh lime juice, dumpling wrappers]",dumpling
Tomato-Dumplings-My-Recipes,Tomato Dumplings,4,2700.0,[Side Dishes],,"[butter, diced onions, green bell pepper, diced celery, bay leaf, tomatoes, brown sugar, salt, pepper, fresh basil, all-purpose flour, baking powder, large eggs, milk, fresh parsley]",dumpling
Classic-Chicken-and-Dumplings-998663,Classic Chicken and Dumplings,4,4500.0,[Main Dishes],,"[chicken breasts, cream of chicken soup, chicken broth, chicken stock cubes, salt, pepper, cake flour, baking soda, shortening, milk]",dumpling
Apple-Dumplings-1014110,Apple Dumplings,4,4200.0,[Desserts],,"[dough, pies, baking apples, raisins, nuts, brown sugar, water]",dumpling
Peach-Dumplings-1178256,Peach Dumplings,4,3000.0,[Desserts],,"[crescent rolls, unsalted butter, brown sugar, vanilla, cinnamon, lemon juice, orange soda, peaches]",dumpling
Chicken-and-Dumplings-761483,Chicken and Dumplings,4,3600.0,[Main Dishes],,"[low sodium chicken broth, water, boneless skinless chicken breasts, olive oil, celery, carrots, onions, table salt, dried thyme, ground black pepper, cold water, all-purpose flour, frozen peas, baking powder, sour cream, milk, vegetable oil]",dumpling
Mushroom-Dumplings-with-Ginger-and-Shiitake-Broth-999721,Mushroom Dumplings with Ginger and Shiitake Broth,4,3300.0,,[Asian],"[broth, vegetable stock, water, ginger, garlic, dried shiitake mushrooms, rice vinegar, caster sugar, fresh shiitake mushrooms, coriander, red chili peppers, dumplings, peanut oil, mushrooms, soy sauce, ketjap, wonton wrappers]",dumpling
Homestyle-Chinese-Egg-Dumplings-1343652,Homestyle Chinese Egg Dumplings,3,1800.0,,,"[minced meat, sesame oil, corn starch, white pepper, salt, Shaoxing wine, minced garlic, beaten eggs]",dumpling
Anna_s-German-Dumplings-Allrecipes,Anna's German Dumplings,4,5700.0,,[German],"[milk, salt, all-purpose flour, cold water, eggs]",dumpling
Classic-Chicken-and-Dumplings-546991,Classic Chicken and Dumplings,3,5400.0,[Main Dishes],"[Southern & Soul Food, American]","[olive oil, bone in skin on chicken thigh, kosher salt, black pepper, celery, carrots, onions, fresh thyme leaves, garlic, bay leaves, all-purpose flour, baking powder, baking soda, unsalted butter, buttermilk, Italian parsley leaves]",dumpling
Shrimp-and-Scallop-Dumplings-1246621,Shrimp and Scallop Dumplings,3,7200.0,[Appetizers],,"[sea scallops, shrimp, kosher salt, cracked black pepper, ginger, scallions, toasted sesame oil, cilantro leaves, serrano chile, dumpling wrappers, rice vinegar, sesame oil]",dumpling
Vegan-Potato-Momos-_Himalayan-Dumpling_-1222958,Vegan Potato Momos (Himalayan Dumpling),4,3000.0,,,"[dumpling wrappers, potatoes, ginger root, garlic, sweet onion, carrots, spinach, curry powder, salt, pepper, dipping sauces, vegan mayonnaise, rice vinegar, Sriracha]",dumpling
Veggie-Steamed-Dumplings-488420,Veggie Steamed Dumplings,4,5400.0,"[Appetizers, Lunch and Snacks]",,"[firm tofu, carrots, napa cabbage, red pepper, scallions, fresh ginger, cilantro leaves, soy sauce, hoisin sauce, sesame oil, eggs, kosher salt, ground black pepper, water, wonton wrappers, vegetable oil cooking spray]",dumpling
Chicken-and-Dumpling-Casserole-1108910,Chicken and Dumpling Casserole,4,3000.0,[Main Dishes],,"[olive oil, chopped onion, carrots, chopped celery, chicken broth, flour, rotisserie chicken, frozen peas, salt, pepper, baking powder, eggs, milk]",dumpling
Egg-Drop-Dumplings-for-Chicken-Soup-1210950,Egg Drop Dumplings for Chicken Soup,4,1800.0,[Soups],,"[flour, milk, baking powder, oil, eggs, salt]",dumpling
Shrimp-Dumplings-1048506,Shrimp Dumplings,4,2400.0,[Appetizers],[Asian],"[wonton wrappers, medium shrimp, carrots, green onions, fresh ginger, oyster sauce, sesame oil, soy sauce, white vinegar, chili paste, sugar, water, cilantro leaves]",dumpling
Paleo-Chicken-and-Dumplings-1318434,Paleo Chicken and Dumplings,4,3120.0,[Main Dishes],,"[boneless skinless chicken breasts, coconut oil, yellow onion, large garlic cloves, arrowroot, low sodium chicken broth, carrots, celery ribs, portabello mushroom, coconut cream, green onions, frozen peas, sea salt, ground black pepper, italian seasoning, almond flour, coconut flour, baking powder, salt, almond milk, egg whites]",dumpling
Homemade-Southern-Style-Chicken-and-Dumplings-1198899,Homemade Southern Style Chicken and Dumplings,4,6300.0,,,"[chicken, water, celery ribs, carrots, onions, fresh parsley, bay leaf, kosher salt, all-purpose flour, baking powder, poultry seasoning, cracked black pepper, lard, buttermilk, butter, milk, chicken stock, garlic powder, chicken base]",dumpling
Pork-dumplings-348188,Pork Dumplings,4,,,"[Asian, Chinese]","[ground pork, scallions, chives, soy sauce, rice vinegar, fresh ginger, salt, wonton wrappers]",dumpling
Crock-pot-chicken-and-dumplings-343202,Crock Pot Chicken and Dumplings,4,2400.0,[Main Dishes],,"[chicken breasts, chicken soup, chicken broth, biscuits, onion powder]",dumpling
Easy-Chicken-and-Dumplings-1243799,Easy Chicken and Dumplings,4,4800.0,[Main Dishes],,"[chicken, chicken stock, carrots, yellow onion, celery, potatoes, all-purpose flour, milk, fresh parsley, fresh thyme leaves, kosher salt, ground black pepper, cake flour, baking powder, unsalted butter, dried oregano, dried tarragon leaves]",dumpling
Simple-Apple-Dumplings-1325099,Simple Apple Dumplings,4,3600.0,[Desserts],,"[crescent rolls, butter, brown sugar, vanilla, cinnamon, mountain dew, apples]",dumpling
Dumplings-_with-Corn-Flour_-1010103,Dumplings (with Corn Flour),4,2400.0,,,"[corn flour, all-purpose flour, baking powder, milk, oil]",dumpling
Croatian-Plum-Dumplings-990799,Croatian Plum Dumplings,3,3600.0,[Desserts],,"[all-purpose flour, baking powder, salt, sugar, butter, milk, large eggs, plums, clove]",dumpling
Corn-Dumplings-TasteOfHome,Corn Dumplings,5,2100.0,[Side Dishes],,"[cornmeal, salt, water, corn kernels, butter, finely chopped onion, pepper, beaten eggs, all-purpose flour, baking powder, chicken broth]",dumpling
Apple-Dumplings-with-Cinnamon-Syrup-1349964,Apple Dumplings with Cinnamon Syrup,3,3900.0,[Desserts],,"[flour, baking powder, salt, shortening, milk, granny smith apples, granulated sugar, cinnamon, nutmeg, butter, hot water, heavy cream]",dumpling
Old-Fashioned-Apple-Dumplings-like-my-Grandmother-Made-471361,Old Fashioned Apple Dumplings like my Grandmother Made,5,5400.0,[Desserts],,"[biscuits, granny smith apples, butter, sugar, cinnamon]",dumpling
Korean-Braised-Goat-and-Dumplings-1164695,Korean Braised Goat and Dumplings,3,3600.0,[Main Dishes],,"[goat, onions, carrots, celery, garlic cloves, water, oil, dumplings, white onion, Gochujang base, beer, butter, green onions]",dumpling
Ground-Beef-Stew-with-Dumplings-1375177,Ground Beef Stew with Dumplings,4,3600.0,"[Soups, Main Dishes]",,"[ground beef, green pepper, chopped onion, shortening, carrots, green beans, vegetable broth, soup, bisquick, eggs, milk, melted butter, pepper, salt]",dumpling
Gluten-Free-Chicken-and-Dumplings-1326291,Gluten Free Chicken and Dumplings,4,5700.0,"[Soups, Main Dishes]",,"[chicken, onions, oil, bay leaves, carrots, celery, salt, pepper, fresh parsley, gluten free all purpose flour, xanthan gum, eggs, chicken broth, baking powder, parsley]",dumpling
Crock-Pot-Chicken-and-Dumplings-1249161,Crock Pot Chicken and Dumplings,4,21900.0,[Main Dishes],,"[boneless chicken breast, chicken broth, onions, bay leaves, salt, pepper, biscuits]",dumpling
Vegetable-dumplings-346544,Vegetable Dumplings,4,,[Appetizers],[Asian],"[firm tofu, shiitake, scallions, napa cabbage, soy sauce, sesame oil, fresh ginger, salt, vegetable oil, wonton wrappers]",dumpling
Pork-dumplings-with-chili-sauce-368565,Pork Dumplings with Chili Sauce,4,1800.0,,"[Asian, Chinese]","[napa cabbage, kosher salt, fresh ginger, chinese chives, ground pork, ground white pepper, soy sauce, chinese rice wine, sesame oil, dumpling wrappers]",dumpling
Jamaican-Festival-_Caribbean-Dumpling_-1183288,Jamaican Festival (Caribbean Dumpling),4,2100.0,,,"[flour, cornmeal, baking powder, salt, sugar, butter, milk, spices, oil, red cabbage, cabbage, mango, onions, red bell pepper, carrots, mustard, honey, nonfat greek yogurt, low-fat mayonnaise, freshly ground pepper, lemon juice, Sriracha]",dumpling
Crockpot-chicken-and-dumplings-333370,Crockpot Chicken and Dumplings,5,30600.0,[Main Dishes],,"[sweet onion, carrots, garlic cloves, boneless skinless chicken breasts, salt, flour, low sodium chicken stock, butter, half & half, all-purpose flour, baking powder, granulated sugar, pepper, milk]",dumpling
Chicken-Stew-and-Dumplings-683880,Chicken Stew and Dumplings,4,2400.0,[Main Dishes],,"[chicken fingers, butter, flour, white pepper, chicken stock, dry white wine, dried tarragon leaves, mustard, onions, carrots, celery ribs, cooked barley, frozen peas, kosher salt, ground black pepper, cream, dumplings, Bisquick Baking Mix, milk, sesame seeds, salt]",dumpling
Chicken-Soup-1373499,Chicken Soup,4,4800.0,[Soups],,"[water, chicken meat, onions, carrots, peas, bay leaf, potatoes, dill, eggs, butter, flour, milk, salt]",dumpling
Pan-Fried-Pork-Dumplings-985205,Pan-Fried Pork Dumplings,4,3600.0,,,"[dumpling wrappers, peanut oil, mushroom caps, ground pork, scallions, fresh ginger, soy sauce, chinese rice wine, sesame oil, salt, pepper]",dumpling
Chicken-and-dumplings-325533,Chicken and Dumplings,3,3600.0,[Main Dishes],,"[chicken, flour, self rising flour, shortening, whole milk]",dumpling
How-to-Make-An-Easy-Recipe-for-Old-Fashioned-Chicken-and-Dumplings-1359623,How to Make An Easy Recipe for Old Fashioned Chicken and Dumplings,4,3000.0,[Main Dishes],,"[chicken thighs, celery, carrots, onions, fresh parsley, salt, pepper, water, Bisquick Baking Mix, milk]",dumpling
Lentil-Stew-with-Dumplings-997248,Lentil Stew with Dumplings,4,3000.0,[Main Dishes],,"[olive oil, onions, carrots, celery root, garlic cloves, lentils, paprika, tomato purée, vegetables, chili powder, bay leaf, thyme, salt, black pepper, dumplings, medium eggs, all-purpose flour]",dumpling
Chicken-Dumpling-Soup-1297621,Chicken Dumpling Soup,4,1200.0,[Soups],,"[canola oil, cream of chicken soup, cream, low sodium chicken broth, water, ginger, garlic, milk, onions, celery, carrots, boneless skinless chicken breasts, bay leaves, dried parsley, dried basil, salt, pepper, all-purpose flour, baking powder]",dumpling
Slow-Cooker-Chicken-and-Dumplings-1311317,Slow Cooker Chicken and Dumplings,4,4200.0,[Main Dishes],,"[large potatoes, carrots, onions, garlic, sliced mushrooms, chicken broth, all-purpose flour, salt, ground thyme, freshly ground pepper, boneless chicken skinless thigh, frozen peas, dumplings, butter, baking powder, milk]",dumpling
Blackberry-Dumplings_-623170,Blackberry Dumplings!,3,4800.0,[Desserts],,"[biscuit mix, cold water, blackberries, butter, sugar, heavy cream]",dumpling
Slow-Cooker-Chicken-and-Dumplings-1286741,Slow Cooker Chicken and Dumplings,4,3600.0,[Main Dishes],,"[chicken, butter, cream of chicken soup, onions, carrots, chicken broth, biscuit dough]",dumpling
_peking_-pork-dumplings-325024,"""Peking"" Pork Dumplings",3,2100.0,[Appetizers],,"[pork, green onions, hoisin sauce, soy sauce, sesame oil, white sesame seeds, won ton wrappers, red wine vinegar]",dumpling
Chicken-and-Dumplings-512633,Chicken and Dumplings,5,3900.0,[Main Dishes],,"[chicken broth, rotisserie chicken, self rising flour, dried sage, dried thyme, dried oregano, ground black pepper, crisco shortening, milk]",dumpling
Spicy-Gluten-Free-Slow-Cooker-Chicken-And-Dumplings-1334665,Spicy Gluten-Free Slow Cooker Chicken And Dumplings,4,18300.0,[Main Dishes],,"[chicken breast halves, carrots, cream of chicken soup, chicken broth, cayenne pepper, paprika, cracked black pepper, Bisquick Baking Mix, milk, unsalted butter, eggs, parsley flakes]",dumpling
_Chicken-_-Dumplings_-1051052,~Chicken & Dumplings~,3,6300.0,[Main Dishes],,"[roasting chickens, chicken feet, onions, clove, bay leaves, pepper, salt, apple cider vinegar, whey, lemon juice, celery, cream of chicken soup, dumplings, flour, baking powder, lard, butter, whole milk]",dumpling
Ricotta-Spinach-Dumplings-1283221,Ricotta-Spinach Dumplings,3,3000.0,,,"[frozen spinach, all-purpose flour, part-skim ricotta cheese, salt, ground black pepper, ground nutmeg, parmesan cheese, large egg yolks, large eggs, marinara sauce]",dumpling
The-ONLY-Dumpling-Recipe-Youll-Ever-Need-600164,The ONLY Dumpling Recipe You’ll Ever Need,3,8100.0,[Appetizers],"[Chinese, Asian]","[vegetables, ground pork, Shaoxing wine, oil, sesame oil, salt, soy sauce, white pepper, water, dumpling wrappers]",dumpling
Ricotta-Dumplings-with-Vodka-Marinara-Sauce-1294647,Ricotta Dumplings with Vodka Marinara Sauce,4,1560.0,,,"[ricotta cheese, large eggs, large egg yolks, black pepper, kosher salt, grated parmesan cheese, all-purpose flour, marinara sauce, fresh parsley]",dumpling
Pork-And-Chive-Dumplings-Epicurious,Pork and Chive Dumplings,5,2700.0,[Appetizers],[Asian],"[ground pork, Shaoxing wine, sesame oil, chilegarlic sauce, ginger, rice vinegar, soy sauce, kosher salt, white pepper, cilantro stems, flowering chives, dumpling wrappers, scallions]",dumpling
Cabbage-And-Dumplings-Allrecipes,Cabbage and Dumplings,4,1800.0,,,"[butter, onions, green cabbage, flour, water, salt]",dumpling
Green-Apple-Dumpling-1300308,Green Apple Dumpling,4,2700.0,[Desserts],,"[crescent rolls, green apples, butter, sugar, cinnamon, flour, sprite]",dumpling
Moms-Apple-Dumplings-1318540,Mom’s Apple Dumplings,4,3600.0,[Desserts],,"[baking apples, all-purpose flour, salt, salad oil, cold water, sugar, cinnamon, butter, water]",dumpling
Unfried-vegetable-dumplings-304051,Unfried Vegetable Dumplings,4,3000.0,[Side Dishes],,"[broccoli slaw, purple onion, promise buttery spread, garlic, ground ginger, chopped cilantro fresh, chili sauce, apricot preserves, apple cider vinegar, refrigerated won ton wrappers]",dumpling
Fried-Mango-Dumplings-1098584,Fried Mango Dumplings,4,600.0,[Desserts],,"[mango, all-purpose flour, water, powdered sugar, salt, honey, oil, ice cream]",dumpling
Perfect-Fried-or-Steamed-Veggie-Dumplings-607586,Perfect Fried or Steamed Veggie Dumplings,3,2400.0,[Appetizers],[Asian],"[eggs, vegetable oil, button mushrooms, garlic, red pepper, orange bell pepper, spinach, baby bok choy, cilantro, fresh ginger, soy sauce, black pepper, hot chili, rice vinegar, sesame oil, green onions]",dumpling
Quick-Make-Ahead-Turkey-Dumplings-1247795,Quick Make-Ahead Turkey Dumplings,3,4200.0,,,"[wonton wrappers, reduced sodium soy sauce, ground turkey, eggs, green onions]",dumpling
Easy-Chicken-and-Dumplings-Savour-the-Senses-58265,Easy Chicken and Dumplings,5,1800.0,[Main Dishes],"[American, Southern & Soul Food]","[chicken, green peas, carrots, broccoli, yellow onion, condensed cream, water, salt, black pepper, biscuits, mozzarella cheese]",dumpling
Easy-Apple-Dumplings-1103599,Easy Apple Dumplings,4,3300.0,[Desserts],,"[granny smith apples, refrigerated piecrusts, sugar, cinnamon, apple pie spice, butter, eggs]",dumpling
Simple-Chicken-And-Dumpling-Soup-1351538,Simple Chicken And Dumpling Soup,3,29400.0,[Soups],,"[boneless chicken breast, cream of chicken soup, chicken broth, onions, carrots, celery, salt, pepper, butter, refrigerated biscuits]",dumpling
Pioneer-Cut-Dumplings-from-the-1800_s-676892,Pioneer Cut Dumplings from the 1800's,5,2100.0,,,"[all-purpose flour, salt, eggs, milk]",dumpling
Quick-Apple-Dumplings-1352362,Quick Apple Dumplings,3,4500.0,[Desserts],[American],"[sugar, water, ground cinnamon, ground nutmeg, butter, refrigerated piecrusts, Braeburn Apple, vanilla ice cream]",dumpling
Pat_s-Dumplings-Allrecipes,Pat's Dumplings,5,1800.0,,,"[all-purpose flour, shortening, salt, water]",dumpling
Rhubarb-Dumplings-Allrecipes,Rhubarb Dumplings,5,3300.0,[Desserts],[Kid-Friendly],"[biscuit dough, rhubarb, white sugar, water, butter, vanilla extract, ground cinnamon]",dumpling
Stovetop-Strawberry-Dumplings-1222067,Stovetop Strawberry Dumplings,4,1800.0,[Desserts],,"[strawberries, sugar, all-purpose flour, baking powder, salt, unsalted butter, whole milk]",dumpling
Chicken-and-Dumplings-1168320,Chicken and Dumplings,3,3900.0,[Main Dishes],,"[stew, all-purpose flour, salt, pepper, garlic powder, onion powder, chopped fresh thyme, chopped fresh sage, boneless chicken skinless thigh, canola oil, carrots, celery, pearl onions, low sodium chicken broth, half & half, frozen peas, dumplings, whole wheat flour, baking soda, buttermilk]",dumpling
New-Year_s-Day-Dumpling-Soup-1335354,New Year's Day Dumpling Soup,3,1500.0,[Soups],,"[mushroom broth, water, fresh ginger, pork, carrots, green onions]",dumpling
Chicken-and-Dumplings-1296974,Chicken and Dumplings,4,3900.0,[Main Dishes],,"[butter, onions, garlic, carrots, dried thyme, all-purpose flour, reduced sodium chicken broth, salt, freshly ground pepper, creole seasoning, boneless chicken skinless thigh, dried dillweed, baking powder, milk, frozen peas]",dumpling
Apple-Dumplings-1229640,Apple Dumplings,4,3900.0,[Desserts],,"[crescent rolls, butter, brown sugar, vanilla, cinnamon, mountain dew, apples]",dumpling
Plum-Dumplings-1023525,Plum Dumplings,4,7200.0,,,"[instant yeast, whole wheat flour, salt, almond milk, agave nectar, plums, soy yogurt, vanilla]",dumpling
Flaky-Apple-Dumplings-with-Salted-Maple-Caramel-1354871,Flaky Apple Dumplings with Salted Maple Caramel,4,2400.0,[Desserts],,"[puff pastry, granny smith apples, muscovado sugar, ground cinnamon, grated nutmeg, salt, unsalted butter, large eggs, turbinado, granulated sugar, water, light corn syrup, maple syrup, heavy cream, coarse sea salt]",dumpling
New-Year_s-Day-Dumpling-Soup-1051174,New Year's Day Dumpling Soup,3,1800.0,[Soups],,"[mushroom broth, water, fresh ginger, pork, carrots, green onions]",dumpling
Apple-Dumplings-Iii-Allrecipes_1,Apple Dumplings III,5,3000.0,[Desserts],[Kid-Friendly],"[double crust pie, pastry, apples, white sugar, water, ground cinnamon, margarine]",dumpling
Dumplings-with-Chicken-681569,Dumplings with Chicken,3,4500.0,[Main Dishes],,"[bone-in chicken breast halves, all-purpose flour, canola oil, celery ribs, carrots, fresh parsley, salt, garlic powder, dried thyme, pepper, water, dumplings, baking powder, beaten eggs, gravy]",dumpling
Knodel-_-German-home-made-dumplings-750334,Knödel / German home-made dumplings,4,3000.0,,[German],"[potatoes, flour, nutmeg, small eggs, plums, sugar, butter, bread crumbs, regular sugar, cinnamon]",dumpling
Chicken-and-Dumpling-Casserole-759078,Chicken and Dumpling Casserole,4,3300.0,[Main Dishes],[Kid-Friendly],"[cooked chicken, chicken broth, butter, flour, baking powder, salt, skim milk, Campbell's Condensed Cream of Chicken Soup]",dumpling
Spicy-Pork-Dumplings-900242,Spicy Pork Dumplings,3,3600.0,[Appetizers],[Asian],"[low sodium soy sauce, sesame oil, granulated sugar, rice vinegar, scallions, vegetable oil, ground pork, fresh ginger, fish sauce, bird chile, chopped fresh mint, chopped cilantro fresh, dumpling wrappers]",dumpling
Boiled-Green-Bananas-and-Dumplings-1022175,Boiled Green Bananas and Dumplings,4,3000.0,,,"[flour, cold water, salt]",dumpling
Khinkali-_Georgian-Dumplings_-441609,Khinkali (Georgian Dumplings),5,4200.0,,,"[flour, kosher salt, ground beef, ground pork, chopped cilantro, fenugreek leaves, crushed red pepper flakes, yellow onion, ground black pepper]",dumpling
Classic-Chicken-and-Dumplings-757248,Classic Chicken and Dumplings,3,5400.0,[Main Dishes],,"[olive oil, bone in skin on chicken thigh, kosher salt, black pepper, celery, carrots, onions, fresh thyme leaves, garlic, bay leaves, all-purpose flour, baking powder, baking soda, unsalted butter, buttermilk, Italian parsley leaves]",dumpling
Crockpot-Chicken-_-Dumplings-768571,Crockpot Chicken & Dumplings,4,3000.0,[Main Dishes],[Kid-Friendly],"[boneless skinless chicken breasts, butter, cream of chicken soup, chicken broth, onions, dried parsley, biscuits]",dumpling
Easy-Chicken-and-Dumplings-550750,Easy Chicken and Dumplings,4,4800.0,[Main Dishes],,"[chicken, chicken stock, carrots, yellow onion, celery, potatoes, all-purpose flour, milk, fresh parsley, fresh thyme leaves, kosher salt, ground black pepper, cake flour, baking powder, unsalted butter, dried oregano, dried tarragon leaves]",dumpling
Big-slurp-dumpling-soup-308945,Big Slurp Dumpling Soup,5,2100.0,[Soups],,"[extra-virgin olive oil, onions, vegetable bouillon cube, water, fine sea salt, yellow split peas, fresh herbs, dumplings, grated parmesan cheese]",dumpling
Chicken-_-Dumpling-Casserole-608203,Chicken & Dumpling Casserole,3,3300.0,[Main Dishes],,"[cooked chicken, chicken broth, unsalted butter, flour, baking powder, salt, milk, Campbell's Condensed Cream of Chicken Soup]",dumpling
Little-dumplings-347724,Little Dumplings,5,2100.0,"[Appetizers, Lunch and Snacks]",,"[ricotta cheese, cream cheese, grated parmesan cheese, nutmeg, black pepper, wonton wrappers, extra-virgin olive oil, grated lemon peel, crushed red pepper]",dumpling
Dilly-stew-with-rosemary-dumplings-334580,Dilly Stew With Rosemary Dumplings,5,3600.0,[Soups],,"[olive oil, all-purpose flour, sweet onion, salt, garlic, vegetable broth, celery, potatoes, baby carrots, fresh thyme, fresh dill, sweet paprika, black pepper, navy beans, baking powder, dried rosemary, almond milk]",dumpling
pelmeni_-Russian-Bear-Dumplings-1093773,"pelmeni, Russian Bear Dumplings",4,11280.0,,,"[bear, pancetta, garlic cloves, black pepper, vegetable oil, onions, spelt flour, all-purpose flour, salt, buttermilk, egg yolks]",dumpling
Yeast-Dumplings-Allrecipes,Yeast Dumplings,5,3000.0,[Breads],,"[butter, milk, active dry yeast, water, eggs, sugar, salt, all-purpose flour, chicken broth]",dumpling
Chicken-Stew-and-Dumplings-1260851,Chicken Stew and Dumplings,4,6300.0,[Main Dishes],,"[boneless skinless chicken breasts, salt, pepper, flour, olive oil, onions, garlic cloves, white beans, chicken broth, chicken stock cubes, carrots, potatoes, creole seasoning, butter, milk, fresh parsley, baking powder, kosher salt, water, paprika, garlic powder, black pepper, onion powder, cayenne pepper, dried oregano, dried thyme]",dumpling
North-Indian-Nepali-Curry-Dumplings-AllRecipes,North Indian Nepali Curry Dumplings,5,4800.0,,[Asian],"[olive oil, garlic, onions, tomatoes, salt, black pepper, cayenne pepper, chopped cilantro fresh, ground pork, cilantro, green onions, garam masala, curry powder, ginger paste, dumpling wrappers]",dumpling
Chicken-and-Dumplings-527401,Chicken and Dumplings,3,2400.0,[Main Dishes],[Southern & Soul Food],"[unsalted butter, yellow onion, celery, carrots, all-purpose flour, chicken broth, cooked chicken, green beans, pepper, salt, baking powder, fresh parsley, whole milk]",dumpling
Japanese-Gyoza-_Meat-_-Cabbage-Dumplings_-1070326,Japanese Gyoza (Meat & Cabbage Dumplings),4,3300.0,,"[Japanese, Asian]","[dumpling wrappers, minced pork, napa cabbage leaves, spring onions, garlic, ginger, shiitake, sake, sesame oil, soy sauce, salt, sugar, white pepper, oil, water, rice vinegar, chili oil]",dumpling
Pierogi-_polish-Dumplings_-Allrecipes,Pierogi (Polish Dumplings),5,6000.0,,,"[butter, chopped onion, sauerkraut, salt, pepper, mashed potatoes, white pepper, eggs, sour cream, all-purpose flour, baking powder]",dumpling
Peach-Dumplings-Allrecipes,Peach Dumplings,5,8400.0,[Desserts],[American],"[potatoes, eggs, all-purpose flour, peaches, white sugar, butter, vanilla wafers]",dumpling
Easy-to-cook-chinese-Dumpling-681042,Easy to cook chinese Dumpling,4,3900.0,,[Asian],"[ground pork, sesame oil, sugar, salt, pepper, cabbage, green onions, flour, cold water, soy sauce, water, vinegar, garlic, ginger]",dumpling
Pan-Fried-Vegetable-Dumplings-778748,Pan-Fried Vegetable Dumplings,3,3900.0,[Side Dishes],[Asian],"[carrots, tofu, seitan, wood ear mushrooms, cabbage, minced garlic, scallions, sugar, sesame oil, soy sauce, white pepper, salt, corn starch, dumpling skins, vegetable oil, light soy sauce, rice vinegar]",dumpling
Grams-Apple-Dumplings-1320555,Gram’s Apple Dumplings,4,4800.0,[Desserts],,"[apples, whole wheat white flour, baking powder, salt, cinnamon, butter, milk, brown sugar, pecans, water, lemon juice]",dumpling
My-People_s-Dumplings-1230314,My People's Dumplings,4,2400.0,,,"[ground meat, salt, soy sauce, scallions, cabbage, vinegar, flour, water, dumpling skins]",dumpling
Chicken-and-Dumplings-1339069,Chicken and Dumplings,4,3600.0,[Main Dishes],,"[chicken stock, rotisserie chicken, water, bouillon, dumplings, large eggs, all purpose unbleached flour]",dumpling
Jiao-Zi-_Dumpling_-752711,Jiao Zi (Dumpling),4,2100.0,,,"[minced meat, chives, spring onions, carrots, soy sauce, wine, sesame oil, salt, pepper]",dumpling
Semmelknoedel-_bread-Dumplings_-Allrecipes,Semmelknoedel (Bread Dumplings),5,3000.0,[Side Dishes],,"[french bread, milk, butter, onions, fresh parsley, eggs, salt, ground black pepper, dry bread crumbs]",dumpling
Russian-Dumpling-Inspired-Gnocchi-1328059,Russian Dumpling Inspired Gnocchi,4,1500.0,[Main Dishes],,"[gnocchi, ghee, curry powder, Sriracha, sour cream, white vinegar, dark rye bread, salt]",dumpling
Vegetarian-Dumplings-1019870,Vegetarian Dumplings,4,4200.0,[Appetizers],[Asian],"[firm tofu, carrots, napa cabbage, red pepper, scallions, fresh ginger, cilantro leaves, garlic cloves, soy sauce, hoisin sauce, toasted sesame oil, eggs, kosher salt, ground black pepper, wonton wrappers, chicken stock, rice vinegar, dark sesame oil, garlic, peeled fresh ginger, sesame paste, sesame oil, sugar, water, chile paste with garlic, salt]",dumpling
Ricotta-Dumplings-Martha-Stewart,Ricotta Dumplings,4,1800.0,[Desserts],,"[ricotta, pecorino cheese, large egg yolks, grated lemon zest, coarse salt, all-purpose flour, unsalted butter]",dumpling
Gyoza-_Japanese-dumplings_-771977,Gyoza (Japanese dumplings),3,9000.0,,[Asian],"[strong white bread flour, fine salt, boiling water, vegetable oil, sesame oil, minced pork, pak choi, fresh ginger root, garlic cloves, salt, ground black pepper, spring onions, chili flakes, oyster sauce, sugar, crab, prawns, lemon zest, soy sauce, lime juice, chili oil]",dumpling
Shanghai-Soup-Dumplings-Epicurious-53115,Shanghai Soup Dumplings,5,,"[Soups, Appetizers]","[Chinese, Asian]","[water, chicken wings, smoked ham, green onions, peeled fresh ginger, dried shiitake mushrooms, large garlic cloves, soy sauce, Shaoxing wine, unflavored gelatin, black vinegar, ground pork, shrimp, sugar, salt, ground black pepper, sesame oil, dumpling wrappers, napa cabbage leaves]",dumpling
Gina_s-Favorite-Dumplings-Allrecipes,Gina's Favorite Dumplings,2,900.0,,,"[all-purpose flour, baking powder, salt, eggs, water, melted butter, chicken broth]",dumpling
Potato-Dumplings-With-Bacon-And-Onions-Allrecipes,Potato Dumplings with Bacon and Onions,4,4200.0,[Side Dishes],,"[potatoes, large eggs, flour, bacon, onions]",dumpling
Pork-Chive-Dumplings-1200776,Pork Chive Dumplings,4,7800.0,[Main Dishes],,"[all-purpose flour, water, oil, ground pork, eggs, chinese chives, sesame oil, soy sauce, salt]",dumpling
Homemade-Chinese-Dumplings-779036,Homemade Chinese Dumplings,4,3600.0,,,"[dumplings, ground pork, large eggs, ginger, scallions, bok choy, green beans, rice wine, soy sauce, cracked black pepper, white pepper, sesame oil, seasoning salt, corn starch]",dumpling
Slow-cooker-Beef-Stew-With-Potato-Dumplings-1356472,Slow-cooker Beef Stew With Potato Dumplings,4,3600.0,[Main Dishes],,"[chuck steaks, flour, salt, black pepper, carrots, cremini mushrooms, garlic, pearl onions, low sodium beef broth, dry red wine, dried thyme, gnocchi]",dumpling
Homemade-Dumpling-Wrappers-529560,Homemade Dumpling Wrappers,3,4200.0,,,"[wheat flour, warm water]",dumpling
Panera-Bread-Chicken-And-Dumplings-1302446,Panera Bread Chicken And Dumplings,4,4800.0,[Main Dishes],,"[onions, celery, carrots, garlic cloves, fresh thyme, extra-virgin olive oil, water, ground black pepper, salt, chicken, country white bread, cold water, large eggs, paprika]",dumpling
Cheesy-Tuna-Dumpling-1333645,Cheesy Tuna Dumpling,3,1800.0,,,"[canned tuna, cheddar cheese, chips, bread crumbs, milk, eggs, olive oil, salt, pepper]",dumpling
Dumplings-for-Soup-979582,Dumplings for Soup,4,2400.0,[Soups],,"[flour, white flour, flax seeds, chia seeds, psyllium seeds, baking powder, baking soda, salt, vitamin c, shortening, eggs, milk]",dumpling
Stovetop-Chicken-And-Dumplings-In-30-Minutes-1246338,Stovetop Chicken And Dumplings In 30 Minutes,4,4500.0,[Main Dishes],,"[sweet onion, sliced carrots, celery, butter, black pepper, salt, bay leaf, all-purpose flour, cream of chicken soup, low sodium chicken broth, rotisserie chicken, poultry seasoning, garlic powder, onion powder, dried tarragon leaves, dumplings, buttermilk baking mix, buttermilk]",dumpling
Easy-and-Delicious-Slow-Cooker-Chicken-And-Dumplings-1262587,Easy and Delicious Slow Cooker Chicken And Dumplings,4,2700.0,[Main Dishes],,"[chicken breasts, cream of chicken soup, onions, baby carrots, celery, water, chicken]",dumpling
Steamed-Vegetarian-Dumplings-608863,Steamed Vegetarian Dumplings,3,2700.0,,,"[wheat flour, mushrooms, dried shrimp, vegetables, mustard, salt, msg, sugar, sesame oil]",dumpling
Chicken-dumpling-soup-368941,Chicken Dumpling Soup,5,3300.0,[Soups],,"[butter, flour, chicken broth, carrots, onions, celery ribs, leeks, chopped parsley, chopped fresh thyme, large eggs, milk, large egg yolks, melted butter, kosher salt, pepper, chicken]",dumpling
Crock-Pot-Chicken-n-Dumplings-1317653,Crock Pot Chicken n Dumplings,4,1800.0,[Main Dishes],,"[boneless chicken skinless thigh, cream of chicken soup, chicken broth, soup, chicken stock cubes, paprika, poultry seasoning, refrigerated biscuits, salt, pepper, dried parsley]",dumpling
Boeuf-Bourguignon-With-Baguette-Dumplings-755348,Boeuf Bourguignon With Baguette Dumplings,3,3600.0,[Main Dishes],,"[beef shin, plain flour, vegetable oil, lardons, onions, garlic, bay leaf, parsley, thyme, rosemary, clove, peppercorns, red wine, tomato purée, sugar, salt, chestnut mushrooms, parsley leaves, baguette, chopped parsley, milk, nutmeg, ground black pepper, free-range eggs, butter]",dumpling
Boiled-Chinese-Dumplings-1164675,Boiled Chinese Dumplings,3,19800.0,[Appetizers],"[Chinese, Asian]","[sake, soy sauce, rice vinegar, sugar, garlic, scallions, fresh ginger, sesame oil, napa cabbage, ground pork, chinese chives, regular soy sauce, toasted sesame oil, kosher salt, vegetable oil, all-purpose flour, corn starch]",dumpling
Pelmeni-_Meat-Dumplings_-756920,Pelmeni (Meat Dumplings),4,4200.0,[Main Dishes],,"[eggs, salt, ground black pepper, flour, ground pork, ground beef, onions]",dumpling
Fall-Recipe-Favorites-_-Southern-Apple-Dumplings-1339157,Fall Recipe Favorites | Southern Apple Dumplings,4,3300.0,[Desserts],,"[refrigerated crescent rolls, granny smith apples, butter, sugar, brown sugar, ground cinnamon, vanilla extract, Mountain Dew Soda, vanilla ice cream]",dumpling
Chicken-and-Dumplings-761225,Chicken and Dumplings,4,3900.0,[Main Dishes],,"[butter, onions, carrots, dried thyme, all-purpose flour, reduced sodium chicken broth, cremini mushrooms, freshly ground pepper, coarse salt, boneless chicken skinless thigh, fresh dill, baking powder, milk, frozen peas]",dumpling
Pork-Dumplings-1298021,Pork Dumplings,4,3900.0,[Appetizers],[Asian],"[napa cabbage, kosher salt, ground pork, shiitake, scallions, fresh ginger, garlic, chili, reduced sodium soy sauce, mirin, sesame oil, corn starch, ground black pepper, wonton wrappers, egg whites, dipping sauces]",dumpling
Apple-Dumplings-750818,Apple Dumplings,4,5100.0,[Desserts],,"[water, sugar, cinnamon, nutmeg, butter, all-purpose flour, baking soda, salt, milk, cooking apples, brown sugar]",dumpling
First-Place-Apple-Dumplings-631089,First-Place Apple Dumplings,3,4800.0,[Desserts],,"[all-purpose flour, salt, shortening, cold water, tart apples, sugar, cinnamon, water, butter]",dumpling
Chicken-and-Dumplings-1305001,Chicken and Dumplings,4,2100.0,[Main Dishes],,"[chicken breasts, biscuits, pepper, salt]",dumpling
Spicy-dumpling-noodles-324589,Spicy Dumpling Noodles,5,2700.0,[Main Dishes],[Asian],"[oyster sauce, soy sauce, white vinegar, chili bean paste, sesame oil, spring onions, cilantro, garlic, ground pork, shrimp, ginger, salt, white pepper, Shaoxing wine, dumpling wrappers, noodles, bok choy]",dumpling
Asian-Dumpling-Soup-Martha-Stewart,Asian Dumpling Soup,4,2700.0,[Soups],[Asian],"[scallions, garlic, fresh ginger, reduced sodium chicken broth, shiitake, dumplings, baby corn, watercress]",dumpling
_Cinnamon-Roll_-Apple-Dumplings-1277331,'Cinnamon Roll' Apple Dumplings,4,2400.0,[Desserts],,"[cinnamon rolls, granny smith apples, butter, sugar, vanilla, sprite]",dumpling
Chinese-dumplings-323904,Chinese Dumplings,4,4200.0,"[Appetizers, Main Dishes]","[Chinese, Asian]","[flour, fine sea salt, cold water, ground beef, ground pork, egg whites, water chestnuts, napa cabbage, scallions, chives, ginger, rice vinegar, soy sauce, peanut oil]",dumpling
Cherry-Dumplings-759203,Cherry Dumplings,3,2400.0,[Desserts],,"[tart cherries, sugar, water, all-purpose flour, baking powder, grated lemon peel, salt, milk, butter]",dumpling
Strawberry-Dumplings_-1223223,Strawberry Dumplings!,4,4800.0,[Desserts],,"[biscuit mix, cold water, strawberries, butter, sugar, heavy cream]",dumpling
Peach-Dumplings-634403,Peach Dumplings,3,3000.0,[Desserts],,"[peach halves, crescent rolls, sugar, butter, water, cinnamon, ground ginger, liquor]",dumpling
Apple-Dumpling-Cake-Allrecipes,Apple Dumpling Cake,5,3900.0,[Desserts],,"[apples, all-purpose flour, white sugar, baking powder, salt, eggs, vegetable oil, ground cinnamon]",dumpling
Peanut-Dumplings-__-497237,Peanut Dumplings (花生汤圆),0,3600.0,[Desserts],,"[glutinous rice, water, peanuts, sugar, peanut butter, ginger, pandanus leaf]",dumpling
Bollitos-de-Maiz-Recipe-_Boiled-Cornmeal-Dumplings_-1296806,Bollitos de Maíz Recipe (Boiled Cornmeal Dumplings),4,3000.0,,,"[cornmeal, all-purpose flour, water, sugar, salt, butter, vegetable broth, oil]",dumpling
Chicken-_-Dumplings-1032883,Chicken & Dumplings,4,2700.0,[Main Dishes],,"[chicken, rubbed sage, garlic, rosemary leaves, thyme leaves, black pepper, parsley, butter, onions, flour, reduced sodium chicken broth, milk, cooked chicken, frozen vegetables, baking mix]",dumpling
Mountain-Dew-Apple-Dumplings-1296441,Mountain Dew Apple Dumplings,4,3600.0,[Desserts],,"[refrigerated crescent rolls, baking apples, sugar, butter, cinnamon, Mountain Dew Soda, cooking spray]",dumpling
Jiaozi---Chinese-Dumplings-1019198,Jiaozi - Chinese Dumplings,3,4800.0,,"[Chinese, Asian]","[all-purpose flour, cold water, salt, ground pork, soy sauce, chinese rice wine, ground white pepper, sesame oil, green onions, napa cabbage, bamboo shoots, fresh ginger, garlic]",dumpling
Chinese-Dumpling-509901,Chinese Dumpling,5,,,,"[pork shoulder, shrimp, scallions, cilantro, fish sauce, salt, corn starch, large eggs, toasted sesame oil, water chestnuts, fresh ginger, won ton wrappers]",dumpling
Herbed-Chicken-_-Dumplings-590001,Herbed Chicken & Dumplings,4,5100.0,[Main Dishes],,"[canola oil, boneless skinless chicken breasts, onions, carrots, leeks, whole wheat white flour, dry white wine, fat-free reduced-sodium chicken broth, skim milk, fresh thyme leaves, bay leaf, tarragon leaves, black pepper, salt, all-purpose flour, baking powder, light butter, fresh parsley, chives]",dumpling
Super-Easy-Chicken-and-Dumplings-AllRecipes-39681,Super Easy Chicken and Dumplings,5,1200.0,[Main Dishes],[Kid-Friendly],"[cream of chicken soup, chicken broth, chicken meat, biscuit dough]",dumpling
Cornmeal-Dumpling-Dough-Martha-Stewart-195860,Cornmeal Dumpling Dough,4,1200.0,,,"[all-purpose flour, yellow corn meal, baking powder, sugar, coarse salt, unsalted butter, buttermilk]",dumpling
Pork-Dumplings-with-Simple-Dipping-Sauce-780931,Pork Dumplings with Simple Dipping Sauce,4,3300.0,[Appetizers],[Asian],"[wonton wrappers, soy sauce, sesame oil, chili paste, rice vinegar]",dumpling
Crockpot-Chicken-and-Dumplings-578490,Crockpot Chicken and Dumplings,4,1800.0,[Main Dishes],,"[boneless chicken skinless thigh, mushrooms, carrots, parsnips, yellow onion, corn, peas, italian seasoning, dried parsley, garlic powder, salt, pepper, meal, chicken broth, heavy cream, gnocchi, corn starch]",dumpling
Barb_s-Apple-Dumplings-931227,Barb's Apple Dumplings,4,3900.0,[Desserts],,"[sauce, sugar, water, cinnamon, butter, flour, baking powder, salt, crisco shortening, milk, gala apples]",dumpling
Peas-Soup-and-Dumplings-1310047,Peas Soup and Dumplings,4,3600.0,[Soups],,"[pigeon peas, all-purpose flour, ham, spareribs, carrots, sweet potatoes, plantains, thyme, salt, black pepper, hot pepper]",dumpling
Shrimp-and-Chive-Potsticker-Dumplings-1313648,Shrimp and Chive Potsticker Dumplings,4,,,,"[soy sauce, rice vinegar, sugar, water, sesame oil]",dumpling
Sweet-_-spicy-sesame-dumplings-324579,Sweet & Spicy Sesame Dumplings,3,2700.0,,,"[white sesame seeds, red chili peppers, salt, jaggery, dumpling wrappers, oil]",dumpling
Chicken-and-Jalapeno-Dumplings-1008588,Chicken and Jalapeno Dumplings,4,5100.0,[Main Dishes],,"[roasting chickens, seasoning, flour, butter, fresh cilantro, dumplings, chicken, paprika, salt, garlic powder, black pepper, white pepper, dried thyme, dough, jalapeno chilies, all-purpose flour, celery ribs, carrots, yellow onion, heavy cream, frozen peas, low sodium chicken broth, water]",dumpling
Steamed-Yam-Bean-Dumplings-_Chai-Kuih_-1343618,Steamed Yam Bean Dumplings (Chai Kuih),3,10800.0,,,"[wheat starch, tapioca flour, sugar, salt, vegetable oil, hot water]",dumpling
Dumpling-Soup-Allrecipes,Dumpling Soup,4,3000.0,[Soups],,"[all-purpose flour, baking powder, salt, vegetable oil, eggs, water, potatoes, butter, bacon, onions]",dumpling
Old-Fashioned-Chicken-and-Drop-Dumplings-1128221,Old Fashioned Chicken and Drop Dumplings,4,3600.0,,,"[vegetable shortening, self rising flour, dried chives, milk, hen, celery, onions, carrots, chicken stock, chicken base, kosher salt, cracked black pepper, rosemary, dried thyme, bacon fat, all-purpose flour, frozen peas]",dumpling
Asian-Dumpling-Ramen-Bowl-1013139,Asian Dumpling Ramen Bowl,4,1440.0,,[Asian],"[ramen, dumplings, soy sauce, frozen vegetables, dried mixed herbs, macadamia oil, ginger, black pepper, peanut sauce, brewer's yeast, seasoning, curry, peanut butter]",dumpling
Sui-Kow-Recipe-_Dumplings__-497072,Sui Kow Recipe (Dumplings/水饺),0,6300.0,[Appetizers],,"[shrimp, pork, water chestnuts, carrots, black fungus, shiitake, green peas, coriander, dumpling wrappers, water, spring onions, oyster sauce, salt, sugar, sesame oil, cooking oil, corn starch, white pepper]",dumpling
Chinese-Pork-Dumplings-1196352,Chinese Pork Dumplings,4,1800.0,,"[Chinese, Asian]","[ground pork, green onions, teriyaki sauce, ginger, sugar, salt, pepper, wonton wrappers]",dumpling
Vegan-Chicken-and-Dumplings-1212106,Vegan Chicken and Dumplings,4,2700.0,[Main Dishes],,"[seitan, onions, celery ribs, carrots, garlic cloves, yukon gold potatoes, white button mushrooms, salt, pepper, thyme, rosemary, no-chicken broth, bay leaf, apple cider vinegar, flour, cornmeal, baking powder, parsley, almond milk]",dumpling
Upside-Down-Apple-Dumpling-Pie-1056142,Upside Down Apple Dumpling Pie,4,4500.0,[Desserts],,"[refrigerated piecrusts, butter, brown sugar, chopped pecans, sliced apples, sugar, flour, ground cinnamon, glaze, powdered sugar, milk]",dumpling
Deep-Fried-Roasted-Garlic-Mac-_-Cheese-Dumplings-1080555,Deep Fried Roasted Garlic Mac & Cheese Dumplings,4,5400.0,,,"[shell pasta, garlic, butter, all-purpose flour, low-fat milk, muenster cheese, American cheese, choy sum, peanut oil, dumpling wrappers, grated parmesan cheese]",dumpling
Dongzhi-Tang-Yuan-_Sweet-Dumplings_-496885,Dongzhi Tang Yuan (Sweet Dumplings),0,3600.0,[Desserts],,"[sugar, water, pandanus leaf, ginger, glutinous rice, yellow food coloring]",dumpling
Plumplings-_plum-dumplings_-349762,Plumplings (Plum Dumplings),3,2700.0,[Desserts],[Barbecue],"[plums, brown sugar, lemon, salt, unsalted butter, bread crumb fresh, egg roll wrappers, eggs, water, confectioners sugar]",dumpling
Chicken-Fricassee-with-Dumplings-457077,Chicken Fricassee with Dumplings,5,3300.0,,,"[chicken thighs, all-purpose flour, salt, freshly ground pepper, olive oil, leeks, yellow onion, carrots, celery ribs, red apples, fresh dill, chicken stock, apple juice, cornmeal, baking powder, vegetable shortening, milk]",dumpling
Crock-Pot-Chicken-and-Dumplings-1064517,Crock Pot Chicken and Dumplings,4,24900.0,[Main Dishes],,"[boneless chicken breast, butter, cream of chicken soup, cream of celery soup, chicken broth, yellow onion, celery, carrots, chicken stock cubes, garlic, ground black pepper, dried thyme, refrigerated biscuits]",dumpling
Turkey-_or-Chicken_-and-Dumpling-Soup-_Printable-Version_-1357603,Turkey (or Chicken) and Dumpling Soup [Printable Version],4,4800.0,[Soups],,"[all-purpose flour, baking soda, salt, vegetable shortening, ice water, unsalted butter, onions, carrots, celery ribs, dried thyme, garlic, broth, bay leaves, chicken breasts]",dumpling
Asian-Dumpling-Soup-Epicurious,Asian Dumpling Soup,4,1500.0,[Soups],[Asian],"[dumplings, reduced sodium chicken broth, napa cabbage, shiitake mushroom caps, carrots, frozen peas, scallions, sesame oil, salt, black pepper]",dumpling
Chicken-Dumpling-Casserole-1109807,Chicken Dumpling Casserole,4,2700.0,[Main Dishes],,"[boneless skinless chicken breasts, chicken stock, butter, bisquick, milk, cream of chicken soup, bouillon cube, dried sage, black pepper, salt]",dumpling
Chicken-and-Dumplings-in-a-Slow-Cooker-1285209,Chicken and Dumplings in a Slow Cooker,4,,,,"[carrots, celery, onions, flour, boneless skinless chicken breasts, salt, pepper, poultry seasoning, white wine, chicken broth, milk, biscuits, frozen peas]",dumpling
Steamed-Pork-and-Shrimp-Dumplings-_Shao-Mai_-460476,Steamed Pork and Shrimp Dumplings (Shao Mai),4,,[Appetizers],"[Asian, Chinese]","[black mushrooms, pork, shrimp meat, green onions, superfine sugar, oyster sauce, corn starch, ground white pepper, vegetable oil, sesame oil, dumpling wrappers, light soy sauce, chili sauce]",dumpling
Slow-Cooker-Berry-Dumplings-634986,Slow Cooker Berry Dumplings,3,2100.0,[Desserts],,"[blackberries, blueberries, flour, sugar, lemon juice, cinnamon, vanilla extract, baking powder, milk, butter]",dumpling
Ricotta-Dumplings-with-Chevre-_-Herbs-1064489,Ricotta Dumplings with Chèvre & Herbs,4,1500.0,,,"[part-skim ricotta cheese, large eggs, flour, salt, ground black pepper, water, unsalted butter, fresh herbs, chèvre]",dumpling
Apple-Dumpling-Cobbler-759837,Apple Dumpling Cobbler,4,3600.0,[Desserts],,"[apples, water, granulated sugar, unsalted butter, ground cinnamon, pie crust, vanilla ice cream]",dumpling
Potato-Dumpling-1008940,Potato Dumpling,3,2700.0,,,"[potatoes, flour, potato flour, milk, eggs, salt, day old bread, butter]",dumpling
30-Minute-Shortcut-Chicken-and-Dumplings-1093514,30-Minute Shortcut Chicken and Dumplings,4,2400.0,[Main Dishes],,"[chicken broth, water, unsalted butter, poultry seasoning, onion powder, garlic powder, kosher salt, dried parsley, dried basil, black pepper, boneless skinless chicken breasts, all-purpose flour, milk, frozen peas and carrots, flour, baking powder, butter]",dumpling
Crockpot-Chicken-and-Dumplings-1252033,Crockpot Chicken and Dumplings,4,3000.0,[Main Dishes],,"[boneless skinless chicken breasts, cream of chicken soup, onions, chicken broth, buttermilk biscuits]",dumpling
Apple-Dumplings-Dessert-678662,Apple Dumplings Dessert,4,3000.0,[Desserts],,"[granny smith apples, crescent rolls, sprite, granulated sugar, brown sugar, butter]",dumpling
Crock-Pot-Chicken-N-Dumplings-1312250,Crock-Pot Chicken N Dumplings,4,3000.0,[Main Dishes],,"[chicken breasts, celery ribs, onions, bay leaves, black pepper, salt, cajun seasoning, cream of chicken soup, cream of celery soup, chicken stock, refrigerated biscuits]",dumpling
Sweet-Apple-Dumplings-1284909,Sweet Apple Dumplings,4,3600.0,[Desserts],,"[baking apples, chopped walnuts, firmly packed brown sugar, butter, cinnamon, ground nutmeg, pie crust, large eggs, milk, cinnamon sticks, maple-flavored syrup, heavy cream, vanilla extract]",dumpling
Edamame-Dumplings-608784,Edamame Dumplings,3,1800.0,[Appetizers],[Asian],"[edamame, basil leaves, scallions, garlic cloves, fresh ginger, miso paste, tahini, lemon, Sriracha, salt, pepper, wonton wrappers, broth, toasted sesame oil, sesame seeds, sprouts]",dumpling
Chicken-and-Dumplings-Martha-Stewart,Chicken and Dumplings,5,3600.0,"[Soups, Main Dishes]",[Southern & Soul Food],"[butter, onions, carrots, dried thyme, all-purpose flour, reduced sodium chicken broth, freshly ground pepper, coarse salt, boneless chicken skinless thigh, fresh dill, dried dillweed, baking powder, milk, frozen peas]",dumpling
Irish-Chicken-And-Dumplings-Allrecipes,Irish Chicken and Dumplings,5,6300.0,[Main Dishes],,"[condensed cream of chicken soup, water, chopped celery, onions, salt, poultry seasoning, ground black pepper, boneless skinless chicken breast halves, carrots, frozen peas, potatoes, baking mix, milk]",dumpling
