id,recipeName,rating,totalTimeInSeconds,course,cuisine,ingredients
Classic-Fish-and-Chips-1094128,Classic Fish and Chips,4,3600.0,,,"[fish, salt, oil, yukon gold potatoes, self rising flour, vegetable oil, beer]"
Classic-Fish-And-Chips-Allrecipes,Classic Fish and Chips,4,2700.0,[Main Dishes],,"[potatoes, all-purpose flour, baking powder, salt, ground black pepper, milk, eggs, vegetable oil, cod fillets]"
Beer-Battered-Fish-and-Chips-484809,Beer Battered Fish and Chips,4,3000.0,[Main Dishes],[Irish],"[vegetable oil, baking potatoes, beer, all-purpose flour, cod fillets, kosher salt, black pepper, garlic powder]"
Fish-and-chips_-357942,Fish and Chips!,5,4500.0,[Main Dishes],,"[russet potatoes, kosher salt, canola oil, beer, flour, old bay seasoning, cayenne pepper, cod fillets, malt vinegar]"
Fish-and-chips-348079,Fish and Chips,0,,"[Lunch and Snacks, Main Dishes]","[English, Irish]","[vegetable oil, russet potatoes, beer, all-purpose flour, cod fillets, freshly ground pepper, chili powder, old bay seasoning, malt vinegar]"
Pub-Style-Beer-Battered-Fish-_-Chips-1346443,Pub Style Beer Battered Fish & Chips,4,2100.0,[Main Dishes],,"[cod fillets, yukon gold potatoes, peanut oil, flour, large eggs, milk, beer, malt vinegar, sea salt, cocktail sauce, pepper, lemon wedge, tartar sauce]"
Crunchy-Beer-Battered-Fish-_-Chips-1280249,Crunchy Beer Battered Fish & Chips,3,3300.0,[Main Dishes],,"[beer, flour, cod fillets, salt, black pepper, garlic powder, baking potatoes, vegetables, sea salt, malt vinegar]"
Fish-and-Chips-762797,Fish and Chips,4,1800.0,[Main Dishes],,"[potatoes, cod, flour, corn starch, paprika, onion powder, vegetable oil, baking powder, beer]"
Potato-Chip-Crusted-Fish-1362083,Potato Chip Crusted Fish,4,1020.0,[Main Dishes],,"[tilapia, potato chips, all-purpose flour, salt, cayenne pepper, black pepper, eggs, fresh parsley]"
Marcus_s-Fish-and-Chips-Martha-Stewart-225836,Marcus's Fish and Chips,3,3600.0,[Main Dishes],,"[canola oil, fresh dill, beer, soy sauce, juice, coarse salt, freshly ground pepper, all-purpose flour, corn starch, baking powder, fish, lemon]"
Fish-_n-chips-wrapwich-296895,Fish 'n Chips Wrapwich,4,900.0,"[Lunch and Snacks, Main Dishes]",,"[hellmann' or best food real mayonnais, flour tortillas, lettuce leaves, fish fingers, relish, potato chips]"
Lime-Cashew-Fish-and-Chips-1350533,Lime Cashew Fish and Chips,3,2100.0,[Main Dishes],,"[flour, milk, eggs, bread crumbs, unsalted cashews, lime, chili flakes, whitefish fillets, medium potatoes]"
Beer-Battered-Fish-and-Chips-1349907,Beer Battered Fish and Chips,4,2700.0,[Main Dishes],,"[pollock, haddock, cod, whitefish, flour, salt, pepper, onion powder, dark beer, vegetable oil, russet potatoes, mayonnaise, pickles, lemon juice, agave nectar]"
Fish-and-Chips-1063348,Fish and Chips,4,1800.0,[Main Dishes],,"[potatoes, cod, flour, corn starch, paprika, onion powder, vegetable oil, baking powder, beer]"
Fish-and-Chips-1028664,Fish and Chips,4,1800.0,[Main Dishes],,"[filet, flour, cornmeal, instant potato flakes, eggs, milk, salt, black pepper, paprika, canola oil, ketchup, pickles, jalapeno chilies, purple onion, ground cumin, chips, potatoes, corn starch, old bay seasoning, vegetable oil, coarse sea salt]"
Beer-Battered-Fish-and-Chips-MyRecipes-211792,Beer-Battered Fish and Chips,4,6300.0,"[Lunch and Snacks, Main Dishes]",[Irish],"[cod fillets, beer, baking potatoes, canola oil, all-purpose flour]"
Home-Made-Fish-_-Chips-1095109,Home Made Fish & Chips,4,2700.0,[Main Dishes],,"[white fleshed fish, light margarine, garlic, lemon, pepper, chives, sweet potatoes, potatoes, olive oil, dried rosemary, salt]"
Classic-British-Fish-and-Chips-976055,Classic British Fish and Chips,3,3900.0,[Main Dishes],,"[vegetable oil, potatoes, dark beer, all-purpose flour, cod filets, salt, pepper, garlic powder, seafood seasoning]"
Baked-Fish-and-Chips-MyRecipes-264581,Baked Fish and Chips,4,2700.0,[Main Dishes],[American],"[yukon gold potatoes, salt, whitefish, all-purpose flour, large eggs, crushed cornflakes]"
Fish-And-Chips-Allrecipes,Fish and Chips,5,900.0,"[Lunch and Snacks, Main Dishes]","[Irish, English, Kid-Friendly]","[vegetable oil, fillet red snapper, eggs, dry bread crumbs]"
Fish-And-Chips-Epicurious,Fish and Chips,5,,"[Lunch and Snacks, Main Dishes]","[Irish, English]","[boiling potatoes, vegetable oil, all-purpose flour, beer, haddock fillets]"
Ipa-battered-fish-and-chips-330047,IPA-Battered Fish and Chips,5,3300.0,[Main Dishes],,"[cod, russet potatoes, India Pale Ale, all-purpose flour, kosher salt, warm water, vegetable oil]"
Fish-_N-Chips-Cookies-1068168,Fish 'N Chips Cookies,4,1500.0,[Desserts],,"[flour, salt, baking powder, baking soda, coconut oil, brown sugar, eggs, vanilla, chocolate chips, Goldfish Crackers, coconut chips]"
Better-Than-Applebees-Hand-Battered-Fish-and-Chips-1116134,Better-Than Applebee’s Hand-Battered Fish and Chips,3,3600.0,[Main Dishes],,"[haddock fillets, beer, flour, seafood seasoning, salt, vegetable oil, potatoes]"
How-To-Fry-Fish-For-Fish-and-Chips-469845,How To Fry Fish For Fish and Chips,5,1800.0,,,"[flour, corn starch, rice flour, baking soda, salt, ground black pepper, fennel seeds, paprika, soda water, cod fillets]"
Crispy-Fish-and-Chips-1070535,Crispy Fish and Chips,4,1800.0,,,"[all-purpose flour, corn starch, baking powder, water, salt, seasoning, oil]"
Beer-Battered-Fish-and-Chips-1027272,Beer Battered Fish and Chips,4,1800.0,[Main Dishes],,"[cod, fish, flour, garlic powder, paprika, pepper, salt, eggs, beer, oil]"
Crisps-Fish-and-Veggie-Chips-1128138,Crisps Fish and Veggie Chips,4,3300.0,[Main Dishes],,"[flour, plain yogurt, eggs, filet, potato chips, vegetable oil, salt, black pepper, cayenne, vegetables, olive oil, seasoning]"
Fried-beer-battered-fish-and-chips-with-dilled-tartar-sauce-356447,Fried Beer-Battered Fish and Chips with Dilled Tartar Sauce,0,7200.0,"[Appetizers, Main Dishes]","[American, English]","[baking potatoes, vegetable oil, all-purpose flour, kosher salt, lager, cod fillets, freshly ground pepper, malt vinegar, tartar sauce]"
Teresa_s-potato-chip-fish-340828,Teresa's Potato Chip Fish,3,1800.0,[Main Dishes],,"[potato chips, salt, cod fillets, mayonnaise, tartar sauce]"
Oven-Fish-and-Chips-1313097,Oven Fish and Chips,3,,,,"[russet potatoes, canola oil, creole seasoning, cornflakes, all-purpose flour, salt, egg whites, cod, haddock, canola oil cooking spray]"
Total-Choice-Baked-Fish-and-Chips-995257,Total Choice Baked Fish and Chips,3,3600.0,[Main Dishes],,"[whitefish, egg whites, bread crumbs, potatoes, extra-virgin olive oil, greek yogurt, capers, lemon wedge, parsley]"
Mexican-Fish-and-Chips-623979,Mexican Fish and Chips,3,1800.0,[Main Dishes],[Mexican],"[canola oil, jalapeno chilies, purple onion, garlic, tomatoes, cilantro, salt, cod, pepper, ground cumin, old bay seasoning, lime, corn tortilla chips, shredded cheese, crema, avocado, scallions, chopped cilantro]"
Fish-and-Chips-779473,Fish and Chips,4,3000.0,[Main Dishes],,"[oil, russet potatoes, salt, flour, baking powder, cayenne pepper, old bay seasoning, beer, haddock, corn starch]"
Skinny-Fish-_-Chips-Cakes-1249646,Skinny Fish & Chips Cakes,4,1800.0,[Main Dishes],,"[tilapia, light beer, potato chips, scallions, eggs, malt vinegar, garlic, dijon mustard, salt, ground pepper, cooking spray, olive oil, red cabbage, carrots, light mayonnaise, honey, yellow mustard, lemon slices]"
Fish-_N_-Chips-1348348,Fish 'N' Chips,4,1800.0,[Main Dishes],,"[nonstick spray, cod fillets, large egg whites, salt, frozen peas, butter, lemon juice, black pepper, lemon wedge, chives]"
Crunchy-Fish-and-Veggie-Chips-1157883,Crunchy Fish and Veggie Chips,3,3000.0,[Main Dishes],,"[large eggs, whole wheat panko, sweet potatoes, extra-virgin olive oil, zucchini, cod fillets, light mayonnaise, dill pickles, fresh basil leaves, fresh lemon juice, lemon wedge]"
Fish-_n-Chips-Sandwich-1092464,Fish 'n Chips Sandwich,4,1800.0,[Lunch and Snacks],,"[flour, baking powder, kosher salt, cayenne pepper, old bay seasoning, beer, corn starch, hamburger buns, butter]"
Batter-Fried-Fish-and-Chips-1211720,Batter Fried Fish and Chips,4,3000.0,[Main Dishes],,"[fish fillets, salt, pepper, dijon mustard, vinegar, all-purpose flour, baking powder, ground turmeric, corn flour, eggs, soda water, oil, mayonnaise, lemon juice, cilantro leaves, gherkins, dill]"
Fish-and-chips-Portuguese-style-1108082,Fish and chips ‘Portuguese style’,4,600.0,[Main Dishes],,"[steak, pepper, lemon, all-purpose flour, potatoes, vegetable oil, salt]"
Fish-and-Chips--Raglan-Road-792732,Fish and Chips- Raglan Road,4,1800.0,,,"[cod, sunflower oil, plain flour, corn flour, lager, black pepper, salt, lemon, potatoes]"
Fish-and-Chips-with-Minty-Mushy-Peas-1078486,Fish and Chips with Minty Mushy Peas,3,5400.0,[Main Dishes],,"[unsalted butter, onions, frozen peas, vegetable stock, ground black pepper, kosher salt, fresh mint, vegetable oil, russet potatoes, lager beer, soy sauce, cayenne pepper, self rising flour, black pepper, haddock]"
Lightened-Up-Fish-and-Chips-1154387,Lightened-Up Fish and Chips,3,3600.0,[Main Dishes],,"[baking potatoes, vegetable oil, salt, ground black pepper, all-purpose flour, ground red pepper, large egg whites, dry bread crumbs, skinless cod fillets]"
Fish-and-Chips-765014,Fish and Chips,3,4800.0,"[Lunch and Snacks, Main Dishes]",,"[mayonnaise, sweet pickle relish, capers, flat leaf parsley, cake flour, baking powder, freshly ground pepper, kosher salt, lager beer, large eggs, canola oil, baking potatoes, skinless haddock, lemon wedge, malt vinegar]"
_Recipe_-Healthy-Fish-and-Chips-1044337,{Recipe} Healthy Fish and Chips,3,3300.0,[Main Dishes],,"[cod, olive oil, russet potatoes, pepper, kosher salt, salt, lemon]"
Fish-_-Chips-490412,Fish & Chips,3,4800.0,[Main Dishes],,"[parsnips, olive oil cooking spray, sea salt, ground black pepper, purple potatoes, nonfat plain greek yogurt, dill pickles, olive oil mayonnaise, fresh lemon juice, dijon mustard, Tabasco Pepper Sauce, gluten free blend, lemon pepper seasoning, large eggs, quinoa flakes, halibut fillets]"
Vegan-Beer-Battered-Fish-_-Chips-1183909,Vegan Beer Battered Fish & Chips,4,1500.0,[Main Dishes],,"[eggplant, kelp granules, lemon juice, garlic powder, vegetable broth, beer, all-purpose flour, pepper, salt]"
Beer-Battered-Fish-_N_-Chips-636928,Beer Battered Fish 'N' Chips,3,1500.0,[Main Dishes],,"[canola oil, beer, bread flour, garlic powder, salt, pepper, cod filets]"
Guinness-battered-Fish-And-Chips-1157549,Guinness-battered Fish And Chips,4,2100.0,[Main Dishes],,"[Guinness Beer, baking soda, salt, ground black pepper, eggs, all-purpose flour, cutlet]"
Fish-_n_-chips-347541,Fish 'n' Chips,4,600.0,[Main Dishes],,"[potatoes, extra-virgin olive oil, garlic, rosemary leaves, salt, pepper, cornmeal, flour, parmigiano reggiano cheese, lemon, fillet red snapper, plum tomatoes, flat leaf parsley, scallions]"
Quinoa-Crumbed-Fish-With-Vegie-Chips-573908,Quinoa Crumbed Fish With Vegie Chips,3,3000.0,[Main Dishes],,"[sweet potatoes, beets, olive oil spray, rice flour, eggs, milk, quinoa flakes, grated lemon zest, chopped fresh chives, capers, fish fillets, salad leaves, herbs]"
IPA-Battered-Fish-and-Chips-1320340,IPA-Battered Fish and Chips,3,3300.0,[Main Dishes],,"[cod, russet potatoes, India Pale Ale, all-purpose flour, kosher salt, warm water, vegetable oil]"
Beer-Batter-Fish-1021859,Beer Batter Fish,4,1800.0,[Main Dishes],,"[all purpose unbleached flour, sea salt, white pepper, sugar, salt, baking powder, beer, large eggs, cod, peanut oil]"
Gluten-Free-Roasted-Fish-_-Chips-479345,Gluten Free Roasted Fish & Chips,4,3600.0,[Main Dishes],,"[fingerling potatoes, olive oil, sea salt, ground black pepper, mild white fish, balsamic vinegar, shallots, butter, lemon, chives]"
Fish-and-Chips-1153263,Fish-and-Chips,3,2700.0,[Main Dishes],,"[red potato, olive oil, salt and ground black pepper, light mayonnaise, nonfat yogurt, fresh parsley leaves, capers, dijon mustard, ground red pepper, all-purpose flour, cornmeal, skinless cod fillets, lemon]"
Beer-Battered-Fish-and-Chips-1221668,Beer Battered Fish and Chips,4,3000.0,[Main Dishes],,"[extra-virgin olive oil, russet potatoes, all-purpose flour, baking powder, kosher salt, paprika, garlic powder, onion powder, parsley, black pepper, thyme, cayenne pepper, beer, corn starch, tilapia fillets]"
Lisa_s-cross-cultural-salsa-with-tomato_-avocado_-lime_-and-feta-309201,"Lisa's Cross-Cultural Salsa with Tomato, Avocado, Lime, and Feta",5,1200.0,,,"[lime zest, avocado, fresh tomatoes, purple onion, feta cheese, salt, ground black pepper]"
Oven-Baked-Fish-679115,Oven Baked Fish,3,2700.0,[Main Dishes],,"[walleye, milk, potato chips, grated parmesan cheese, dried thyme, dry bread crumbs, butter]"
Chip-Crusted-Fish-Fillets-1076544,Chip-Crusted Fish Fillets,3,1500.0,[Main Dishes],,"[cod fillets, canola mayonnaise, salt, reduced fat ranch dressing]"
Posh-Fish-_-Chips-1261435,‘Posh’ Fish & Chips,4,3900.0,[Main Dishes],,"[large potatoes, garlic, salt, pepper, olive oil, cod, lime, broad beans, fresh peas, coriander, purple onion, red chili peppers, cider vinegar]"
Halibut-Fish-_-Chips-with-Market-Street-Tartar-Sauce-1053489,Halibut Fish & Chips with Market Street Tartar Sauce,4,3900.0,[Main Dishes],,"[baking potatoes, kosher salt, canola oil, all-purpose flour, ground black pepper, salt, large eggs, panko breadcrumbs, halibut, mayonnaise, dill pickles, minced onion, chopped parsley, capers, juice, white pepper, buttermilk]"
Fish-And-Chips-My-Recipes,Fish and Chips,4,3300.0,"[Appetizers, Main Dishes]",[Irish],"[yukon gold potatoes, olive oil, kosher salt, black pepper, fresh thyme, cod, lemon, garlic, capers]"
Fish-and-Chips-Tacos-with-Sweet-Potato-Chips-1189374,Fish and Chips Tacos with Sweet Potato “Chips”,4,2400.0,[Main Dishes],,"[mayonnaise, sour cream, whole grain mustard, pickle relish, sweet pickle relish, lemon juice, garlic powder, kosher salt, black pepper, crushed red pepper, frying oil, all-purpose flour, baking powder, beer, salt, cayenne pepper, cod fillets, flour tortillas, sweet potatoes, tartar sauce, cod, malt vinegar, chopped parsley, lemon wedge]"
Super-Crispy-Fish-and-Chips-1060312,Super Crispy Fish and Chips,4,3300.0,[Main Dishes],,"[all-purpose flour, rice flour, salt, ground black pepper, large eggs, soda water, skinned cod fillets, canola oil, mayonnaise, capers, sweet pickle relish, honey, worcestershire sauce, lime zest, lime, black pepper]"
Fish-_n_-chips-350218,Fish 'n' Chips,4,2400.0,[Main Dishes],,"[light sour cream, mayonnaise, lemon juice, shallots, salt, pepper, sweet potatoes, extra-virgin olive oil, flat leaf parsley, cooking spray, cornmeal, whole wheat breadcrumbs, buttermilk, tilapia fillets]"
Fish-and-Chips-with-Malt-Vinegar-Mayonnaise-771794,Fish and Chips with Malt Vinegar Mayonnaise,3,2100.0,[Main Dishes],,"[large egg yolks, malt vinegar, vegetable oil, ground black pepper, kosher salt, all-purpose flour, baking powder, baking soda, light lager, club soda, corn flour, haddock, cod, french fries, fresh dill, old bay seasoning, sea salt flakes, lemon wedge]"
Healthy-Fish-and-Chips-with-Sweet-Potato-Fries-1272096,Healthy Fish and Chips with Sweet Potato Fries,4,2400.0,[Main Dishes],,"[sweet potatoes, filet, flour, arrowroot flour, eggs, carbonated water, baking powder, salt, avocado oil, lemon]"
Kale-Chips-w_-Sriracha-_-Lime-483064,Kale Chips w/ Sriracha & Lime,4,1800.0,,,"[kale, lime, olive oil, Sriracha, soy sauce, fish sauce]"
Smoked-Salmon-Shooters-_SundaySupper-1359104,Smoked Salmon Shooters #SundaySupper,4,600.0,[Appetizers],,"[plain yogurt, purple onion, lemon zest, salt, fresh dill, seedless cucumber, smoked salmon, capers, bagel chips]"
Fish-_-Chips-1163195,Fish & Chips,3,3000.0,[Main Dishes],,"[kale leaves, extra-virgin olive oil, garlic powder, dried minced onion, red pepper flakes, sea salt, sweet potatoes, Italian parsley leaves, ground black pepper, whole wheat bread crusts removed, garlic, old bay seasoning, coconut oil, boneless skinless cod fillets, plain greek yogurt, horseradish, fresh lemon juice]"
Healthy-Fish-_-Chips-Recipe-_FitTeam14-October-1087639,Healthy Fish & Chips Recipe – #FitTeam14 October,4,2700.0,[Main Dishes],,"[sweet potatoes, whitefish fillets, flour, eggs, porridge oats, black pepper, frozen peas, tomato ketchup, cooking spray, oats, vegetables, fish]"
Fish-n-Chips-with-Curry-Sauce-480569,Fish n’ Chips with Curry Sauce,4,3900.0,[Main Dishes],,"[onions, garlic, fresh ginger, curry powder, ground coriander, flour, ketchup, chicken stock, oil, russet potatoes, cod, corn starch, paprika, onion powder, pepper, salt, baking powder, ice]"
Spiced-Fried-Fish-With-Lemon-Pistachio-Couscous-542338,Spiced Fried Fish With Lemon Pistachio Couscous,4,2700.0,[Main Dishes],,"[ground coriander, smoked paprika, cayenne pepper, whitefish fillets, olive oil, lemon, boiling water, lemon zest, lemon juice, purple onion, garlic, unsalted pistachios, fresh mint, all-purpose flour, couscous]"
Green-Tomato-Salsa-1362040,Green Tomato Salsa,4,2400.0,[Condiments and Sauces],,"[green tomatoes, pineapple, shallots, fresh cilantro, jalapeno chilies, garlic cloves, lime juice, oil, honey]"
Oven-fried-fish-333655,Oven Fried Fish,5,2100.0,[Main Dishes],,"[cod filets, egg whites, salt, pepper, kale, nutritional yeast]"
Chocolate-Raspberry-Crescent-Ring-768353,Chocolate Raspberry Crescent Ring,4,2400.0,[Desserts],,"[Pillsbury™ Crescent Recipe Creations® refrigerated seamless dough sheet, semi-sweet chocolate morsels, vegetable oil, frozen raspberries, sugar, corn starch]"
Sour-Cream-and-Dill-Dip-1339508,Sour Cream and Dill Dip,4,1800.0,[Appetizers],,"[sour cream, onion flakes, dried dill, parsley flakes, garlic powder, onion powder, black pepper]"
Salmon-Cakes-1350741,Salmon Cakes,3,2400.0,[Main Dishes],,"[fresh salmon, scallions, garlic, red pepper, fresh dill, large eggs, coriander, cayenne, lemon juice, olive oil, panko breadcrumbs, salt, vegetable oil, greek yogurt, chives]"
Panko-Fried-Fish-and-Smoky-Chips-1281393,Panko Fried Fish and Smoky Chips,3,600.0,[Main Dishes],,"[smoked paprika, tilapia fillets, salt, black pepper, egg whites, whole wheat panko, canola oil, lemon wedge, tartar sauce, ketchup]"
A-Healthy-Lunch-1100481,A Healthy Lunch,4,600.0,[Lunch and Snacks],,"[tortilla chips, cheddar cheese, tuna packed in water, salsa, green leaf lettuce, grape tomatoes, sour cream]"
Using-Up-Jars-Of-Chutney-1373743,Using Up Jars Of Chutney,4,1200.0,[Appetizers],,"[mackerel fillets, creamed horseradish, beets, greek yogurt, cucumber, apples]"
Stovetop-Tuna-Noodle-Casserole-1364210,Stovetop Tuna Noodle Casserole,4,1500.0,[Main Dishes],,"[egg noodles, frozen vegetables, butter, all-purpose flour, chicken stock, white wine, fat free milk, heavy cream, poultry seasoning, salt, pepper, albacore tuna in water, grated parmesan cheese, chips, parsley flakes]"
Fish-and-Chips-749670,Fish and Chips,3,1200.0,[Main Dishes],,"[mayonnaise, dijon mustard, fresh lemon juice, salt, pepper, panko breadcrumbs, extra-virgin olive oil, sweet potatoes, flour, eggs, tilapia]"
Fish-Goujons-1012094,Fish Goujons,4,2400.0,,,"[whitefish fillets, eggs, gluten-free corn flakes, pepper, salt]"
Leaky-Cauldron-Fish-_-Chips---Harry-Potter-Recipes-1238758,Leaky Cauldron Fish & Chips - Harry Potter Recipes,4,1050.0,[Main Dishes],,"[cod, flour, carbonated water, lemon, eggs, salt, pepper, russet potatoes, mayonnaise, yellow mustard, lemon juice, dill pickles]"
Healthy-Fish-and-Chips-754133,Healthy Fish-and-Chips,4,3000.0,[Main Dishes],,"[salmon fillets, flour, panko breadcrumbs, eggs, fresh parsley, fresh dill, lemon, salt, cracked black pepper, sweet potatoes, paprika, chillies, ground nutmeg, olive oil]"
Jalapeno-Popper-Nachos-1352970,Jalapeno Popper Nachos,4,1800.0,[Appetizers],,"[bacon drippings, jalapeno chilies, chopped onion, cooked bacon, pinto beans, shredded cheese, tortilla chips]"
Cocoa-Apricot-Cashew-Bites-1357544,Cocoa Apricot Cashew Bites,4,1500.0,[Desserts],,"[dried apricot, coconut chips, roasted cashews, almond meal, cocoa powder, coconut oil, seeds]"
Fish-Amritsari-1086565,Fish Amritsari,4,2700.0,[Main Dishes],,"[ginger, garlic, lemon, ground turmeric, coriander seeds, cumin, seeds, chili powder, salt, gram flour, water, fish, oil]"
Beer-Battered-Fish_-Fried-to-Perfection-1236888,"Beer Battered Fish, Fried to Perfection",4,2100.0,[Main Dishes],,"[filet, dark beer, flour, salt, cayenne pepper, paprika, garlic powder, black pepper, baking powder, canola oil]"
_Fish-and-Chips_-539109,"""Fish and Chips""",4,3600.0,,,"[crème fraîche, lemon zest, chopped fresh chives, olive oil, baking potatoes, caviar]"
_smoking_fish_-332354,"""Smoking......Fish""",3,900.0,,,"[fish, brown sugar, olive oil, sea salt, chips]"
Wild-Alaska-Beer-Broiled-Fish-Tacos-1271083,Wild Alaska Beer-Broiled Fish Tacos,3,2400.0,[Main Dishes],,"[Hefeweizen Beer, sauce, cod fillets, flour tortillas, black beans, romaine lettuce, radishes, guacamole, salsa, tortilla chips]"
Tuna-Noodle-Casserole-1064466,Tuna Noodle Casserole,4,2400.0,[Main Dishes],,"[tuna packed in water, condensed cream of mushroom soup, milk, pasta shells, french fried onions, fresh parsley, old bay seasoning]"
Homemade-Salsa-1095451,Homemade Salsa,4,900.0,"[Condiments and Sauces, Appetizers]",,"[organic tomato, roasted tomatoes, garlic, green onions, cilantro, lime, jalapeno chilies]"
Simple-Ceviche-568245,Simple Ceviche,4,12600.0,[Appetizers],,"[fish, lime juice, roma tomatoes, purple onion, lime, jalapeno chilies, cilantro, avocado, olive oil, corn tortilla chips]"
How-To-Make-Amazing-Pico-De-Gallo-1300828,How To Make Amazing Pico De Gallo,4,300.0,,,"[tomatoes, purple onion, green onions, jalapeno chilies, fresh cilantro, black pepper, garlic powder]"
Crunchy-Parmesan-Cod-683929,Crunchy Parmesan Cod,4,960.0,[Main Dishes],[Kid-Friendly],"[cod filets, flour, eggs, chopped parsley, parmesan cheese, potato chips, vegetable oil, sauce]"
Nachos-306948,Nachos,5,1800.0,"[Appetizers, Lunch and Snacks]","[American, Southwestern]","[corn tortillas, cheddar cheese, pickled jalapenos, refried beans, peanut oil, salt]"
Homemade-Purple-Potato-Chips-1246085,Homemade Purple Potato Chips,4,900.0,[Lunch and Snacks],,"[purple potatoes, Kikkoman Soy Sauce, salt, vegetable oil, fresh thyme]"
Fish-and-Chips-with-Malt-Vinegar-Mayonnaise-1292362,Fish and Chips with Malt Vinegar Mayonnaise,3,2100.0,[Main Dishes],,"[large egg yolks, malt vinegar, vegetable oil, freshly ground pepper, kosher salt, all-purpose flour, baking powder, baking soda, ground black pepper, light lager, club soda, corn flour, cod, french fries, fresh dill, old bay seasoning, sea salt flakes, lemon wedge]"
Ballpark-Style-Garlic-Fries-542386,Ballpark-Style Garlic Fries,4,,,,"[peanut oil, kosher salt, extra-virgin olive oil, curly parsley, russet potatoes, garlic]"
Batter-Fish-1299439,Batter Fish,4,1020.0,[Main Dishes],,"[fish fillets, white flour, parsley, oil, baking powder, eggs, soda water, salt]"
Pineapple-Mango-Salsa-The-Pioneer-Woman-Cooks-_-Ree-Drummond-41261,Pineapple Mango Salsa,5,2700.0,[Condiments and Sauces],,"[pineapple, mango, purple onion, jalapeno chilies, fresh cilantro, lime, kosher salt, granulated sugar]"
Smoked-trout-chips-346737,Smoked Trout Chips,0,1500.0,[Appetizers],,"[sour cream, fresh chives, fresh dill, smoked trout fillets, potato chips]"
Fish-salpicon-307656,Fish Salpicon,5,900.0,,,"[wondra, salt, pepper, fillets, tilapia, vegetable oil, hot chili, scallions, cilantro leaves, lime, corn tortillas, chips, avocado]"
Apricot-Chocolate-ChipIce-Cream-1331879,Apricot Chocolate Chip Ice Cream,4,3900.0,[Desserts],,"[milk, sugar, cream, apricot puree, chocolate chips, coconut oil]"
Crispy-Fish-and-Chips-MyRecipes-265123,Crispy Fish-and-Chips,4,,[Main Dishes],[American],"[olive oil, garlic cloves, baking potatoes, salt, ground black pepper, snappers, ground red pepper, paprika, all-purpose flour, large egg whites, crushed cornflakes, vegetable oil cooking spray, lemon wedge]"
Baja-Fish-Nachos-513135,Baja Fish Nachos,5,2100.0,[Appetizers],,"[cayenne, kosher salt, pepper, Mexican beer, canola oil, whitefish fillets, sour cream, cotija, green cabbage, hot sauce, lime wedges, chopped cilantro, all-purpose flour, tortilla chips]"
Snapper-Fish-Tacos-460827,Snapper Fish Tacos,5,2400.0,[Main Dishes],"[Barbecue, Mexican]","[vegetable oil, jalapeno chilies, snappers, freshly ground pepper, salt, corn tortillas, lime, iceberg lettuce, salsa, onions, chopped tomatoes, cucumber, chopped cilantro fresh, hot pepper sauce, chips]"
Mexican-Baked-Fish-Allrecipes,Mexican Baked Fish,5,1800.0,[Main Dishes],[Mexican],"[cod, salsa, shredded sharp cheddar cheese, corn chips, avocado, sour cream]"
Not-Too-Sweet-Granola-1342302,Not Too Sweet Granola,4,3000.0,[Breakfast and Brunch],,"[rolled oats, coconut chips, wheat germ, wheat bran, flax seed meal, sea salt, demerara sugar, water, sunflower oil, vanilla]"
Salmon-Tartare-931566,Salmon Tartare,3,2100.0,,,"[boneless salmon fillets, cucumber, fresh lime juice, fresh chives, fresh cilantro, vegetable oil, jalapeno chilies, shallots, peeled fresh ginger, sesame oil, lime zest, ground black pepper, kosher salt, potato chips]"
Smoked-Salmon_-Pea-And-Broccoli-Frittata-With-Homemade-Chips-1333626,"Smoked Salmon, Pea And Broccoli Frittata With Homemade Chips",3,5400.0,,,"[chips, potatoes, rapeseed oil, free range egg, milk, smoked salmon, oil, broccoli, frozen peas, ground black pepper, salt]"
Maple-Smoked-Salmon-1331274,Maple Smoked Salmon,4,3000.0,[Main Dishes],,"[salmon fillets, dry white wine, water, maple syrup, kosher salt, brown sugar, black pepper]"
Spicy-Oven-Baked-Fish-and-Sweet-Potato-Fries-599650,Spicy Oven-Baked Fish and Sweet Potato Fries,3,1200.0,,,"[whitefish fillets, nonstick spray, sweet potatoes, olive oil, old bay seasoning, salt, chili powder, milk, all-purpose flour, dry bread crumbs, paprika, ground black pepper, butter, lemon wedge, fresh parsley]"
New-York-Classic-Breakfast-Chip-477274,New York Classic Breakfast Chip,4,300.0,[Breakfast and Brunch],,"[cream cheese, fresh dill, smoked salmon, capers, New York Style Garlic Bagel Crisps®]"
Triple-Chocolate-Donuts-1349768,Triple Chocolate Donuts,4,2700.0,[Desserts],,"[milk, sugar, eggs, oil, vanilla extract, all purpose unbleached flour, cocoa powder, baking powder, baking soda, salt, mini chocolate chips, hot water, powdered sugar]"
Fish-_n_-chips-sandwiches-with-broccoli-slaw-348297,Fish 'n' Chips Sandwiches with Broccoli Slaw,4,,,,"[mayonnaise, greek yogurt, lemon, salt, broccoli, slaw mix, potato chips, bread crumbs, tilapia fillets, large eggs, rolls]"
Fish-and-Chips-with-Malt-Vinegar-Mayonnaise-379360,Fish and Chips with Malt Vinegar Mayonnaise,5,2100.0,[Main Dishes],,"[large egg yolks, malt vinegar, vegetable oil, freshly ground pepper, kosher salt, all-purpose flour, baking powder, baking soda, ground black pepper, light lager, club soda, corn flour, cod, french fries, sea salt flakes, fresh dill, old bay seasoning, lemon wedge]"
Crispy-Fish-And-Chips-593395,Crispy Fish And Chips,3,2400.0,[Main Dishes],,"[greek yogurt, pickle relish, fresh lemon juice, garlic, sweet potatoes, southwest seasoning, panko breadcrumbs, large eggs, tilapia fillets]"
Chocolate-Mint-Snow-Top-Cookies-1342300,Chocolate-Mint Snow-Top Cookies,4,3000.0,[Desserts],,"[all-purpose flour, baking powder, salt, unsweetened chocolate, butter, granulated sugar, eggs, vanilla, mint extract, semi-sweet chocolate morsels, powdered sugar]"
Baked-Fish-and-Chips-529642,Baked Fish and Chips,3,3000.0,[Main Dishes],[American],"[russet potatoes, extra-virgin olive oil, fresh rosemary, freshly ground pepper, coarse salt, panko, all-purpose flour, large eggs, skinless cod fillets, lemon, malt vinegar, cucumber, sea salt, ketchup]"
Crispy-Fish-Cakes-With-Pine-Nuts-999606,Crispy Fish Cakes With Pine Nuts,4,3900.0,[Main Dishes],,"[pinenuts, dill tips, parsley sprigs, garlic, onions, eggs, bread crumbs, lemon, fresh lemon juice, Tabasco Pepper Sauce, ground black pepper, salt, vegetable oil, whitefish]"
Battered-Catfish-And-Chips-My-Recipes,Battered Catfish and Chips,4,5400.0,[Main Dishes],[American],"[baking potatoes, all-purpose flour, baking powder, kosher salt, ground red pepper, beer, vegetable oil, salt, pepper, catfish fillets, malt vinegar]"
Onglet-with-Cafe-de-Paris-butter-and-frites-1320825,Onglet with Café de Paris butter and frites,3,1800.0,[Main Dishes],,"[vegetable oil, potatoes, steak, softened butter, chives, shallots, garlic cloves, capers, anchovy fillets, worcestershire sauce, lemon juice, curry powder, sweet paprika]"
Thai-mango-salsa-320604,Thai Mango Salsa,0,3300.0,,,"[mango, chili, thai basil, purple onion, lime, salt]"
Fish-and-Chips-Cookies-526133,Fish-and-Chips Cookies,3,,[Desserts],[American],"[unsalted butter, powdered sugar, vanilla extract, all-purpose flour, salt, chocolate morsels]"
Easy-tuna-ceviche-303810,Easy Tuna Ceviche,4,900.0,[Appetizers],,"[tuna, drain and flake, Knorr Chicken Flavor Bouillon, chopped cilantro fresh, orange juice, radishes, tomatoes, sliced green onions]"
Butter-Almond-Crusted-Fish-Sandwiches-497961,Butter-Almond-Crusted Fish Sandwiches,4,2700.0,"[Lunch and Snacks, Main Dishes]",,"[dijon mustard, pickle relish, honey, vegetable oil, cabbage, salt, pepper, sliced almonds, plain breadcrumbs, chopped fresh thyme, flour, eggs, tilapia, butter, lemon, white bread, chips]"
Hot-Smoked-Salmon-Mousse-1357746,Hot Smoked Salmon Mousse,4,2700.0,[Appetizers],,"[smoked salmon, gelatin, sour cream, lemon juice, salt]"
Lemongrass-Basil-Dipping-Sauce-for-baked-finger-food-1342599,Lemongrass Basil Dipping Sauce for baked finger food,3,1500.0,,,"[fish fingers, chicken fingers, potato chips, saffron]"
Fresh-Mango-Salsa-1106202,Fresh Mango Salsa,4,1500.0,"[Condiments and Sauces, Appetizers]",,"[mango, red pepper, purple onion, jalapeno chilies, lime, chopped cilantro, olive oil, cumin, salt]"
Tuna-melt-chips-348840,Tuna Melt Chips,5,1080.0,[Lunch and Snacks],,"[tuna, celery, jalapeno chilies, mayonnaise, fresh lemon juice, Kettle Chips, cheddar cheese, chili powder]"
Old-Bay-Beer-Battered-Cod-Sandwiches-with-Malt-Vinegar-Slaw-1182355,Old Bay Beer Battered Cod Sandwiches with Malt Vinegar Slaw,3,2700.0,"[Lunch and Snacks, Main Dishes]",,"[vegetable oil, old bay seasoning, all-purpose flour, garlic powder, blonde ale, eggs, filet, cod, malt vinegar, superfine sugar, olive oil, celery seed, carrots, white cabbage, purple onion, soft sandwich rolls, bread and butter pickles, salt, chips]"
Chocolate-Chocolate-Chip-Biscotti-1319804,Chocolate Chocolate Chip Biscotti,4,4500.0,[Desserts],,"[eggs, vanilla, dark brown sugar, unbleached flour, cocoa, baking soda, salt, mini chocolate chips]"
Ceviche-Simply-Recipes-42650,Ceviche,5,3000.0,[Appetizers],,"[fillet red snapper, lime juice, lemon juice, purple onion, tomatoes, serrano chilies, salt, ground oregano, Tabasco Pepper Sauce, cayenne pepper, cilantro, avocado, tortillas]"
Salmon-Fish-Cakes-541634,Salmon Fish Cakes,3,1800.0,[Lunch and Snacks],,"[pink salmon, mashed potatoes, dill, lemon, eggs, plain flour, bread crumbs, mayonnaise, capers, gherkins]"
_Lazy-Sushi_-1354237,"""Lazy Sushi""",4,2100.0,,,"[sushi rice, rice vinegar, sauce, sugar, cucumber, cream cheese, smoked salmon, red bell pepper, avocado, canned tuna, mayonnaise, chips, sushi nori]"
Peruvian-Fish-Cebiche-Or-Ceviche-604405,Peruvian Fish Cebiche Or Ceviche,3,1500.0,,,"[filet, purple onion, lime juice, key lime, seeds, pepper, fresh cilantro, salt, olive oil, chopped cilantro, lettuce leaves, nuts, corn, sweet potatoes, chips, hot pepper]"
Oven_fried-Fish-And-Chips-My-Recipes,Oven-Fried Fish and Chips,4,,[Main Dishes],[American],"[baking potatoes, olive oil, dried thyme, kosher salt, black pepper, halibut fillets, grouper, milk, cornmeal, hot chili powder, lemon wedge, malt vinegar]"
Crispy-Breadcrumbed-Lemon-Sole-997821,Crispy Breadcrumbed Lemon Sole,3,1800.0,[Main Dishes],,"[dijon mustard, crème fraîche, fresh tarragon, bread crumbs, plain flour, lemon sole, sunflower oil]"
Roasted-tomato-salsa-297746,Roasted Tomato Salsa,4,2220.0,"[Appetizers, Condiments and Sauces, Lunch and Snacks]","[American, Barbecue, Mexican, Southwestern]","[white onion, tomatoes, lime juice, jalapeno chilies, knorr cilantro minicub, garlic]"
Bear-Lake-Trail-Mix-1098160,Bear Lake Trail Mix,4,900.0,[Lunch and Snacks],,"[chex, teddy grahams, M&M's Candy, licorice, swedish fish, Goldfish Crackers]"
Fish-And-Chips-1373758,Fish And Chips,4,,,,[]
Butter-almond-crusted-fishwiches-349315,Butter-Almond-Crusted Fishwiches,4,2400.0,[Main Dishes],,"[dijon mustard, pickle relish, honey, vegetable oil, cabbage, salt, pepper, sliced almonds, bread crumbs, chopped fresh thyme, flour, eggs, tilapia, butter, lemon, white bread, vinegar]"
Beer-battered-cod-with-sweet-potato-chips-345316,Beer Battered Cod with Sweet Potato Chips,4,4200.0,[Main Dishes],,"[cod, sweet potatoes, olive oil, kosher salt, cayenne pepper]"
Baked-Lemon-_-Thyme-Tilapia-1286522,Baked Lemon & Thyme Tilapia,4,1800.0,[Main Dishes],,"[tilapia fillets, lemon, olive oil, thyme sprigs, pepper, salt]"
POTATO-CHIPS-HERBS-SALAD-1260817,POTATO CHIPS HERBS SALAD,4,2700.0,[Salads],,"[fresh mint, fresh cilantro, thai basil, vegetable oil, lime juice, fish sauce, red chili peppers, ground black pepper, light brown sugar, yukon gold potatoes, canola oil, sea salt, lime wedges]"
Dinner-to-307430,Dinner To,5,3000.0,,,"[butternut squash, filet, soba, tat soi, hand]"
Homemade-Peach-Salsa-1321792,Homemade Peach Salsa,3,900.0,[Condiments and Sauces],,"[peaches, tomatoes, green bell pepper, green onions, salt, lemon]"
Blueberry-lime-salsa-333662,Blueberry Lime Salsa,5,600.0,[Condiments and Sauces],,"[fresh blueberries, strawberries, purple onion, lime zest, lime, cilantro leaves, avocado, pepper, salt]"
Ahi-Tuna-Poke-1123330,Ahi Tuna Poke,4,600.0,[Appetizers],,"[ahi, avocado, green onions, soy sauce, sesame oil, garlic chili sauce, sesame seeds]"
Fish-with-Coconut-Shallot-Sauce-970681,Fish with Coconut-Shallot Sauce,4,1800.0,[Main Dishes],,"[garlic, kosher salt, extra-virgin olive oil, chopped fresh thyme, ground pepper, mahi mahi, shallots, lite coconut milk, coconut chips, lime wedges]"
Tilapia-Ceviche-1011245,Tilapia Ceviche,4,16200.0,[Appetizers],,"[fish, lime juice, orange juice, kosher salt, lime zest, jalapeno chilies, purple onion, chopped cilantro]"
Guinness-Beer-Battered-Cod-and-Chips-Too_-993777,Guinness Beer Battered Cod and Chips Too!,4,2280.0,[Main Dishes],,"[russet potatoes, oil, sea salt, fresh cod fillets, flour, baking powder, kosher salt, Guinness Beer, corn starch]"
Fish-and-Chips-Food_com-188752,Fish and Chips,4,4800.0,"[Lunch and Snacks, Main Dishes]",[Irish],"[flour, egg yolks, beer, salt, cold water, milk, egg whites, vegetable oil, baking potatoes, fish fillets]"
Mango-Salsa-980551,Mango Salsa,4,1200.0,,,"[purple onion, cilantro, mango, jalapeno chilies, lime, orange, sea salt]"
Asian-Fish-Cakes-With-Chips-And-Sesame-Carrot-Salad-806350,Asian Fish Cakes With Chips And Sesame Carrot Salad,3,900.0,,[Asian],"[coriander, fillets, chillies, spring onions, ginger, corn flour, sugar, salad, carrots, cucumber, oil, white vinegar, sesame seeds]"
Smoked-salmon-crisps-347882,Smoked Salmon Crisps,0,900.0,"[Appetizers, Lunch and Snacks]",,"[sour cream, fresh dill, salt, potato chips, smoked salmon]"
Tortilla-Crusted-Fish-with-Strawberry-Avocado-Salsa-_strawberrymonth-1319971,Tortilla Crusted Fish with Strawberry Avocado Salsa #strawberrymonth,4,1500.0,[Main Dishes],,"[lime, large eggs, garlic powder, onion powder, salt, freshly ground pepper, corn tortilla chips, mahi mahi fillets, olive oil, strawberries, avocado, purple onion, chopped cilantro fresh, jalapeno chilies]"
Really-Homemade-Seven-Layer-Dip-1312592,Really Homemade Seven Layer Dip,4,1200.0,[Appetizers],,"[pinto beans, taco seasoning mix, sour cream, greek yogurt, shredded cheddar cheese, small tomatoes, diced bell pepper, chopped cilantro, sliced black olives]"
Raw-Fish-Salad-_Yu-Sheng_-1114694,Raw Fish Salad (Yu Sheng),3,2100.0,[Salads],[Asian],"[fresh salmon, daikon, carrots, red pepper, fresh ginger, gari, kaffir lime leaves, chinese parsley, peanuts, toasted sesame seeds, shrimp chips, chinese five-spice powder, dressing, plum sauce, water, vegetable oil, sugar, salt, marinade, sesame oil, white pepper, lemon]"
Chocolate-Pecan-Cheesecake-1358223,Chocolate Pecan Cheesecake,4,14400.0,[Desserts],,"[refrigerated piecrusts, Hersheys Semi-Sweet Chocolate Chips, chopped pecans, Philadelphia Cream Cheese, eggs, sugar, chocolate chips, heavy cream]"
Homemade-Chocolate-Cream-Pie-1312588,Homemade Chocolate Cream Pie,4,3600.0,[Desserts],,"[pie crust, sugar, corn starch, cocoa powder, salt, milk, chocolate chips, vanilla, whipping cream]"
Cocoa-Brownies-747250,Cocoa Brownies,4,2700.0,[Desserts],,"[sugar, flour, cocoa, baking powder, salt, oil, eggs, vanilla, walnuts, instant coffee, cinnamon]"
Beer-battered-Whiting_-Fat-Chips-And-Chipotle-Coriander-Mayonnaise-1320813,"Beer-battered Whiting, Fat Chips And Chipotle Coriander Mayonnaise",3,4200.0,,,"[potatoes, starch, vegetable oil, whiting fillets, lemon wedge, self rising flour, lager, mayonnaise, chillies, lime, coriander]"
Chipotle-Blue-Corn-Tortilla-Crusted-Salmon-1320223,Chipotle Blue Corn Tortilla Crusted Salmon,4,1320.0,[Main Dishes],,"[blue corn tortilla chips, salmon fillets, salt, ground black pepper, adobo sauce, lime zest]"
Creamy-Noodles-with-Ham-and-Tomatoes-1317612,Creamy Noodles with Ham and Tomatoes,4,1500.0,[Main Dishes],,"[butter, garlic, cream, crushed red pepper, spaghetti, chopped ham, salt, pepper, tomatoes, fresh basil]"
Greek-Night_-1364391,Greek Night!,4,3000.0,[Main Dishes],[Greek],"[feta cheese, olive oil, lemon juice, pepperoncini, garlic, fresh oregano, crushed red pepper, cracked black pepper, penne pasta, kalamata, sun-dried tomatoes, fresh basil leaves, fresh mint, roasted red peppers, pepper, lemon, salt, mahi mahi fillets, diced tomatoes, capers]"
Cornmeal-Crusted-Fish-and-Olive-Salad-Sandwiches-530535,Cornmeal Crusted Fish and Olive Salad Sandwiches,4,2400.0,[Main Dishes],,"[olives, tomatoes, lime, olive oil, ground black pepper, salt, fish, flour, eggs, milk, tortilla chips, oil, rolls]"
Tuna-mousse-or-spuma-di-tonno-309746,Tuna Mousse or Spuma di Tonno,5,600.0,[Appetizers],,"[tuna packed in olive oil, mayonnaise, half & half, balsamic vinegar, soy sauce, fresh lemon juice, sea salt, ground black pepper]"
Grilled-Fish-Tacos-995795,Grilled Fish Tacos,4,1500.0,[Main Dishes],[Mexican],"[whitefish fillets, chili powder, cayenne, black pepper, salt, cumin, olive oil, shredded cabbage, corn tortillas, salsa, mango, avocado, cherry tomatoes, lime, shallots, fresh cilantro]"
White-Chocolate-Walnut-Cookies-1324418,White Chocolate-Walnut Cookies,4,1500.0,[Desserts],,"[sucanat, butter, eggs, vanilla, flour, soda, salt, white chocolate chips, chopped walnuts]"
Thai-Nachos-754439,Thai Nachos,3,1500.0,[Appetizers],,"[garlic, fresh ginger, tahini, soy sauce, fish sauce, sweet chili sauce, lime, tortilla chips, cheese, bell pepper, purple onion, edamame, carrots, cilantro, green onions]"
Smoky-salmon-blts-308103,Smoky Salmon BLTs,5,3000.0,[Main Dishes],[Barbecue],"[salmon fillets, smoked paprika, kosher salt, brown sugar, ground black pepper, cayenne, lemon, croissants, mayonnaise, lemon zest, lemon juice, bacon slices, sliced tomatoes, lettuce]"
Jessikas-Amazing-Chocolate-Chip-Cookies-1314851,Jessika’s Amazing Chocolate Chip Cookies,4,2100.0,[Desserts],,"[butter, granulated sugar, dark brown sugar, eggs, rum, all purpose unbleached flour, baking soda, fine sea salt, mini chocolate chips]"
Baked-Skinny-Tex-Mex-Fish-1306358,Baked Skinny Tex-Mex Fish,4,2400.0,[Main Dishes],[Southwestern],"[tomatoes, cilantro, onions, jalapeno chilies, clove, lime, pepper, salt, black beans, corn, fillets, ground cumin, avocado, corn tortilla chips]"
Herbed-cod-blt-344567,Herbed Cod BLT,4,2100.0,[Main Dishes],[Kid-Friendly],"[cod, country bread, avocado, fresh tomatoes, lettuce, cooked bacon]"
Fried-Bass-Allrecipes,Fried Bass,4,1500.0,[Main Dishes],,"[peanut oil, eggs, water, bass fillets, cajun seasoning, lemon pepper, flour, salt, lemon]"
Lobster-Roll-496792,Lobster Roll,0,5100.0,"[Lunch and Snacks, Main Dishes]",[American],"[water, butter, old bay seasoning, lobster, hot dog bun, mayonnaise, salt and ground black pepper]"
Tuna-Tartare-And-Wonton-Chips-960535,Tuna Tartare And Wonton Chips,4,1800.0,[Appetizers],[Asian],"[tuna, avocado, canola oil, ginger, jalapeno chilies, wasabi powder, scallions, black sesame seeds, salt, pepper, chips, wonton wrappers, vegetable oil, sea salt]"
Fish-salpicon-321646,Fish Salpicon,3,1200.0,[Main Dishes],,"[wondra, pepper, salt, tilapia, vegetable oil, hot chili, scallions, cilantro leaves, lime, corn tortillas, avocado]"
Grilled-Fish-and-_Chips_-545040,"Grilled Fish and ""Chips""",4,2700.0,[Main Dishes],[American],"[fingerling potatoes, olive oil, capers, fresh lemon juice, lemon zest, mayonnaise, bass fillets, kosher salt, flat leaf parsley, lemon wedge]"
Grilled-Tuna-Allrecipes,Grilled Tuna,5,4560.0,[Main Dishes],[Barbecue],"[tuna steaks, extra-virgin olive oil, salt and ground black pepper, lime, chips]"
FILET-O-FISHN-CHIPWICH-1111402,FILET-O-FISH’N CHIPWICH,4,3000.0,[Main Dishes],,"[Hellmann's® Real Mayonnaise, diced pickles, shallots, lemon juice, dijon mustard, sugar, salt, ground black pepper, frozen peas, unsalted butter, mint, scallions, pepper, whitefish, all-purpose flour, corn starch, baking soda, ground white pepper, beer, canola oil, ground cayenne pepper, bread ciabatta, American cheese, potato chips]"
Ceviche-1094130,Ceviche,4,4500.0,,,"[lingcod, lime, lemon, grapefruit, salt, black pepper, purple onion, tomatoes, corn kernels, habanero pepper, chopped cilantro]"
Chinese-Five-Spice-Smoked-Salmon-with-Bok-Choy-and-Mushrooms-1339936,Chinese Five Spice Smoked Salmon with Bok Choy and Mushrooms,4,4500.0,[Main Dishes],,"[salmon, coarse sea salt, turbinado, chinese five-spice powder, apples, olive oil, garlic, chili flakes, mushrooms, baby bok choy, sesame oil, ground pepper, sea salt]"
Cheesy-Tuna-Panini-1291976,Cheesy Tuna Panini,3,300.0,[Lunch and Snacks],,"[albacore tuna in water, mayonnaise, garlic salt, celery, bread, cheese, spices, sandwiches, tuna, panini, fat, chip plain tortilla]"
Baked-Skinny-Tex-Mex-Fish-1298307,Baked Skinny Tex-Mex Fish,4,2400.0,[Main Dishes],[Southwestern],"[tomatoes, cilantro, onions, jalapeno chilies, clove, lime, pepper, salt, black beans, corn, fillets, ground cumin, avocado, corn tortilla chips]"
Smoked-Salmon-on-Chips-Martha-Stewart,Smoked Salmon on Chips,4,2100.0,,,"[potato chips, smoked salmon, reduced-fat sour cream, fresh dill]"
Salmon-Patties-1175446,Salmon Patties,3,1500.0,[Main Dishes],,"[baked potato, potato chips, old bay seasoning, salmon, mayonnaise, green pepper, spring onions, dijon mustard, panko breadcrumbs, olive oil]"
Smoked-Salmon-and-Brine-702803,Smoked Salmon and Brine,4,51000.0,,,"[salmon, sugar, salt, soy sauce, water, dry white wine, onion powder, garlic powder, red pepper flakes, Tabasco Pepper Sauce]"
Triple-Chocolate-Sundae-1317938,Triple Chocolate Sundae,4,1200.0,[Desserts],,"[brownies, chocolate ice cream, chocolate syrup, whipped cream, chocolate chips, chopped nuts, cocktail cherries]"
Fish-and-Chips-1367132,Fish and Chips,3,2400.0,,,"[vegetable oil, russet potatoes, rice flour, baking powder, salt, freshly ground black pepper, soda water, large eggs, cod fillets, malt vinegar]"
Easy-Salmon-Burgers-1244326,Easy Salmon Burgers,4,2100.0,[Main Dishes],,"[salmon fillets, purple onion, dill weed, ground mustard, bread crumbs, eggs, dijon mustard, mayonnaise, lemon juice, hot sauce, hamburger buns, chips]"
Smoked-Whitefish-Salad-1336273,Smoked Whitefish Salad,3,2700.0,,[Barbecue],"[kosher salt, brown sugar, cold water, vodka, whitefish, smoked whitefish, diced celery, diced red onions, fresh lemon juice, fresh dill, mayonnaise, sour cream, black pepper, leaves, bagels, bread]"
Japanese-Beef-Tataki-636692,Japanese Beef Tataki,3,2400.0,[Main Dishes],"[Barbecue, Asian]","[beef tenderloin, olive oil, ground black pepper, kosher salt, garlic, white onion, grapeseed oil, fresh lemon juice, rice vinegar, dark soy sauce, fresh ginger, minced garlic, soy sauce, bonito flakes, scallions, chives]"
Homemade-Salsa-1308578,Homemade Salsa,4,900.0,[Appetizers],,"[diced tomatoes, fresh cilantro, sweet onion, serrano chilies, crushed red pepper, lemon juice, salt, pepper]"
Tuna-caper-dip-368919,Tuna Caper Dip,4,900.0,[Appetizers],,"[tuna in oil, sour cream, fresh parsley leaves, capers, anchovies, fresh lemon juice, red pepper flakes, coarse salt, ground pepper]"
School-of-Sherbet-Fish-Martha-Stewart,School of Sherbet Fish,5,,[Desserts],,"[sherbet, fruit, candy, chocolate chips, store-bought pound cake]"
Red-chile-seafood-chowder-305777,Red Chile Seafood Chowder,5,6300.0,"[Main Dishes, Soups]",,"[guajillo chiles, littleneck clams, bacon, yellow onion, garlic, diced tomatoes, chipotle chile, ground cumin, oregano, allspice, ground ginger, cayenne, russet potatoes, fish, salt, black pepper, chopped cilantro, clam juice, grouper, shrimp, lime juice, tortilla chips, crackers, lime wedges]"
Halibut-Ceviche-with-Mango-and-Avocado-1282717,Halibut Ceviche with Mango and Avocado,4,6000.0,[Appetizers],,"[whitefish, lime juice, coconut milk, purple onion, chiles, avocado, mango, cilantro leaves, kosher salt, tortilla chips]"
Crab-Cake-Sliders-577297,Crab Cake Sliders,4,2100.0,[Appetizers],,"[lump crab meat, mayonnaise, potato chips, dijon mustard, old bay seasoning, eggs, salt, slider rolls, tartar sauce, bibb lettuce]"
Mango-Salsa-1142610,Mango Salsa,4,1500.0,[Condiments and Sauces],,"[mango, jalapeno chilies, cilantro leaves, purple onion, lime, salt, black pepper]"
Cod-Sandwich-with-Lime-Aioli-Recipe-and-Cape-Cod-Potato-Chips-1042108,Cod Sandwich with Lime Aioli Recipe and Cape Cod® Potato Chips,3,2400.0,[Lunch and Snacks],,"[mayonnaise, fresh lime juice, lime, garlic]"
Fish-Taco-Salad-1027401,Fish Taco Salad,4,3600.0,"[Salads, Main Dishes]",,"[red cabbage, green cabbage, red bell pepper, scallions, radishes, peanut oil, lime juice, lime zest, seasoned rice wine vinegar, chopped cilantro, mint, tilapia fillets, taco seasoning, olive oil, tortilla chips, pico de gallo, avocado, slaw, fish]"
Filet-o-Fish-and-Fries-Burger-752555,Filet o’ Fish and Fries Burger,4,,,,"[mayonnaise, mustard, bread, salt, pepper, tilapia fillets, freshly ground pepper, flour, eggs, panko, oil, american cheese slices, soft buns, tartar sauce, french fries]"
Spiced-Almond-Breakfast-Cookies-1328523,Spiced Almond Breakfast Cookies,4,900.0,[Breakfast and Brunch],,"[almonds, bananas, maple syrup, molasses, orange zest, cinnamon, nutmeg, clove, ground ginger, old-fashioned oats, white chocolate chips, Craisins]"
Ahi-Tuna-Poke-1290663,Ahi Tuna Poke,4,1500.0,[Appetizers],[Asian],"[sashimi grade tuna, green onions, minced garlic, minced ginger, soy sauce, chili oil, sesame oil, sesame seeds, avocado, salad, gari, wonton skins, oil]"
New-Fish-_n-Chips-1153162,New Fish 'n Chips,3,3600.0,[Main Dishes],,"[potatoes, salad oil, salt, parsley, dry bread crumbs, paprika, cod fillets, parsley sprigs, malt vinegar]"
Spicy-Strawberry-_-Goat-Cheese-Salsa-494598,Spicy Strawberry & Goat Cheese Salsa,4,900.0,[Appetizers],,"[strawberries, lime, purple onion, cilantro, jalapeno chilies, salt, crumbled goat cheese]"
Kick-Ass-Pico-de-Gallo-1303739,Kick Ass Pico de Gallo,4,1500.0,,[Mexican],"[jalapeno chilies, serrano peppers, vine ripened tomatoes, white onion, chopped cilantro, salt, lime, tomato sauce]"
Cheesy-Tuna-Dumpling-1333645,Cheesy Tuna Dumpling,3,1800.0,,,"[canned tuna, cheddar cheese, chips, bread crumbs, milk, eggs, olive oil, salt, pepper]"
Pico-de-Gallo-Fresh-Salsa-1096723,Pico de Gallo Fresh Salsa,4,4800.0,"[Condiments and Sauces, Appetizers]",[Mexican],"[cucumber, tomatoes, green bell pepper, bell pepper, jalapeno chilies, purple onion, garlic, lime, lemon, fresh cilantro, dried dillweed, salt]"
Fresh-Tomatillo-Salsa-Martha-Stewart,Fresh Tomatillo Salsa,4,900.0,"[Appetizers, Condiments and Sauces]","[American, Mexican]","[tomatillos, purple onion, jalapeno chilies, fresh cilantro, fresh lime juice, coarse salt]"
Tartar-White-Sauce-Recipe-for-Fish-1199185,Tartar White Sauce Recipe for Fish,4,900.0,[Condiments and Sauces],,"[mayonnaise, relish, lemon juice, minced onion, pepper, ground ginger]"
Papaya-salsa-298249,Papaya Salsa,4,900.0,"[Appetizers, Condiments and Sauces]",,"[black beans, whole kernel corn, drain, red bell pepper, papaya, sliced green onions, chopped cilantro fresh, lemon juice, olive oil, knorr chipotl minicub]"
Potatoes-with-dandelion-greens-and-fried-eggs-348098,Potatoes with Dandelion Greens and Fried Eggs,5,2400.0,,,"[extra-virgin olive oil, anchovy fillets, yukon gold potatoes, flat leaf parsley, garlic, crushed red pepper, black pepper, dandelion greens, grated nutmeg, butter, large eggs]"
Smoky-Lemon-Chipotle-Guacamole-1099490,Smoky Lemon Chipotle Guacamole,4,900.0,[Appetizers],,"[avocado, lemon, chipotle peppers, sea salt, granulated sugar]"
Oven-Fried-Onion-Rings-1122718,Oven Fried Onion Rings,4,1800.0,,,"[eggs, milk, onions, cayenne, salt, flour, cod, avocado oil]"
Tortilla-Crusted-Tilapia-1281263,Tortilla Crusted Tilapia,3,1800.0,[Main Dishes],,"[tilapia, corn tortillas, lime juice, tortilla chips, jalapeno chilies, cilantro, chili powder, paprika, garlic powder, ground cumin, onion powder, parsley, seasoning salt, eggs]"
Healthy-Keto-Salmon-Pate-1311731,Healthy Keto Salmon Paté,4,1800.0,[Appetizers],,"[salmon fillets, ghee, purple onion, pecans, mayonnaise, cream cheese, fresh lemon juice, garlic, chopped parsley, salt, ground black pepper]"
Salted-Vanilla-Maple-Nut-and-Seed-Clusters-1021520,Salted Vanilla Maple Nut and Seed Clusters,4,2700.0,[Desserts],,"[nuts, seeds, coconut chips, pure maple syrup, vanilla extract, salt]"
Tortilla-stuffed-flounder-347334,Tortilla-Stuffed Flounder,3,1500.0,[Main Dishes],,"[green chile, onions, butter, chili powder, salt, flounder fillets, tortilla chips]"
Spicy-tuna-tartare-319331,Spicy Tuna Tartare,5,1800.0,[Appetizers],,"[mayonnaise, Sriracha, sesame oil, tuna, purple onion, green garlic]"
Bunuelos-De-Bacalao-1064922,Buñuelos De Bacalao,3,2400.0,,,"[potatoes, olive oil, milk, flour, medium eggs, chopped parsley, lemon juice, pepper, salt, oil]"
Smoked-Salmon-Tartar-626962,Smoked Salmon Tartar,4,3000.0,[Appetizers],,"[smoked salmon, capers, scallions, oil, tortilla chips]"
Jalapeno-Cheese-Dip-780098,Jalapeno Cheese Dip,4,2700.0,[Appetizers],,"[olive oil, jalapeno chilies, red pepper, chopped garlic, cream cheese, shredded cheddar cheese, sour cream, scallions]"
Chipotle-Tuna-Sandwich-_-Sandwich-de-Atun-con-Chipotle-1190302,Chipotle Tuna Sandwich / Sandwich de Atún con Chipotle,4,1200.0,[Lunch and Snacks],,"[tuna, mayonnaise, green onions, chipotles in adobo, adobo sauce, sandwich bread, salt, pepper]"
Denver-Scramble-1095416,Denver Scramble,4,1800.0,[Breakfast and Brunch],,"[butter, chopped ham, chopped onion, chopped bell pepper, eggs, freshly ground pepper, kosher salt, diced tomatoes]"
Pineapple-_-Mango-Swordfish-Ceviche-1368415,Pineapple + Mango Swordfish Ceviche,4,26100.0,[Main Dishes],,"[swordfish, shrimp, purple onion, mango, pineapple, red pepper, poblano peppers, chopped cilantro, lime, lemon, orange, chips, salt, bacon, eggs, cauliflower, carrots, onions, green onions, coconut oil, raisins, cashew nuts, coconut aminos, sesame oil, fish sauce, broccoli slaw, mayonnaise, ground mustard, pepper, salmon fillets, ghee, garlic, chopped parsley, chives, dill, rice, toasted pine nuts, lemon zest, chicken broth, lemon pepper, bananas, frozen cherries, almond milk, cocoa powder, milk & cream, honey, chicken thighs, chorizo, scallops, lobster tails, yellow onion, crushed tomatoes, smoked paprika, chili powder, saffron, coconut milk, fresh ginger, dark rum, ginger beer]"
Grilled-Fish-Tacos-1023852,Grilled Fish Tacos,4,2700.0,[Main Dishes],"[Barbecue, Mexican]","[canola oil, jalapeno chilies, snappers, freshly ground pepper, salt, corn tortillas, iceberg lettuce, fresh tomato salsa, chopped tomatoes, cucumber, yellow onion, fresh cilantro, hot pepper sauce, lime wedges]"
Roast-Cod-With-Crisp-Potatoes-My-Recipes,Roast Cod with Crisp Potatoes,3,,[Main Dishes],[Kid-Friendly],"[yukon gold potatoes, olive oil, kosher salt, black pepper, cod fillets, lemon, chopped fresh chives]"
Simple-Perfect-Pancakes-1349022,Simple Perfect Pancakes,4,900.0,,,"[eggs, milk, melted butter, flour, baking powder, sugar, salt, vanilla, meatballs, ground pork, ground beef, bacon slices, onions, garlic, grated nutmeg, pepper, bread crumbs, water, sour cream, worcestershire sauce, butter, brown sugar, semi-sweet chocolate morsels, red pepper flakes, lime, fish sauce, ground ginger, sesame seeds, sesame oil, rice vinegar, cucumber]"
Healthy-Nachos-with-Salsa-Verde-1251134,Healthy Nachos with Salsa Verde,4,1080.0,"[Lunch and Snacks, Appetizers]",,"[pita chips, pita bread, olive oil, paprika, cumin, salt, black pepper, salsa verde, fresh coriander, fresh basil leaves, spring onions, green chilies, garlic, fish sauce, lime, crème fraîche, mature cheddar, cherry tomatoes]"
Easy-Homemade-Oven-Fries-966663,Easy Homemade Oven Fries,4,3300.0,[Side Dishes],,"[potatoes, olive oil, tarragon, spices, pepper, salt]"
Asian-Marinated-Tuna-Tartare-1251066,Asian Marinated Tuna Tartare,3,2700.0,,[Asian],"[corn oil, fresh ginger, sushi grade tuna, chopped cilantro, jalapeno chilies, wasabi powder, toasted sesame seeds, scallions, lemon juice, freshly ground pepper, sea salt, potato chips]"
Crispy-Salmon-Steaks-TasteOfHome,Crispy Salmon Steaks,4,900.0,[Main Dishes],,"[butter, salt, paprika, crushed saltines, potato chips, salmon steaks]"
Salt-and-Pepper-Ceviche-472778,Salt and Pepper Ceviche,4,4200.0,[Appetizers],,"[halibut, purple onion, ground black pepper, lime juice, salt, avocado, cilantro leaves]"
Neely_s-Fish-and-Chips-Food_com-81197,Neely's Fish and Chips,3,2400.0,[Main Dishes],,"[peanut oil, kosher salt, french fries, potatoes, flour, corn starch, garlic powder, cayenne pepper, paprika, baking powder, black pepper, beer, cod fillets]"
Chocolate-Peanut-Butter-Bonbons-1273089,Chocolate Peanut Butter Bonbons,3,1500.0,[Desserts],,"[peanut butter, chopped pecans, powdered sugar, dates, butter, semi-sweet chocolate morsels, milk chocolate chips]"
Mojito-tilapia-333716,Mojito Tilapia,5,,[Main Dishes],,"[tilapia fillets, rum, lime juice, lime zest, sugar, garlic, salt, pepper, avocado, shallots, chopped cilantro, mint, whole wheat tortillas]"
Chip-Crusted-Oven-Fried-Catfish-636139,Chip-Crusted Oven-Fried Catfish,3,900.0,[Main Dishes],,"[catfish fillets, all-purpose flour, large eggs, milk, salt, panko breadcrumbs, lemon, chili sauce, lemon juice, prepared horseradish]"
Smoked-Sockeye-Salmon-with-Arugula_-Spinach_-and-Walnut-Pesto-1239815,"Smoked Sockeye Salmon with Arugula, Spinach, and Walnut Pesto",4,2700.0,[Main Dishes],,"[red sockeye, kosher salt, cracked black pepper, pesto, spinach, arugula]"
Tuna-Burger-1083285,Tuna Burger,4,1800.0,[Lunch and Snacks],,"[tuna, bread crumbs, eggs, chopped parsley, ground black pepper, salt, lemon, onions, oil, bread rolls, lettuce, sliced tomatoes, cucumber, mayonnaise]"
Mini-Tuna-Casseroles-TasteOfHome,Mini Tuna Casseroles,5,1800.0,[Main Dishes],,"[green onions, butter, all-purpose flour, milk, tuna, potato chips, pepper]"
_Milk-Bar-Monday_-Cheesy-Caramelized-Onion-Volcanoes-770731,{Milk Bar Monday} Cheesy Caramelized Onion Volcanoes,4,6300.0,,,"[dough, onions, potatoes, eggs, water, gruyere cheese, vegetable oil, spanish onion, sea salt, garlic cloves, heavy cream, milk, bay leaf, rosemary sprigs, ground black pepper, crispy bacon, baking potatoes, bread flour, yeast]"
Warm-Tuna-Salad-1303106,Warm Tuna Salad,4,1200.0,[Salads],,"[onions, ginger, garlic, albacore tuna in water, celery, red cabbage, mustard seeds, cumin, tumeric, paprika, salt, sesame seeds, fresh lemon juice, olive oil]"
Shrimp-Rice-Paper-Rolls-1232282,Shrimp Rice Paper Rolls,4,2100.0,[Appetizers],[Asian],"[sesame oil, kaffir lime leaves, shrimp, cucumber, carrots, shallots, fresh mint, lettuce, fish sauce, soy sauce, lime juice, rice paper]"
Coles-Greenwich-Village-Lobster-Roll-1189038,Cole’s Greenwich Village Lobster Roll,4,3600.0,,,"[lobster, butter, water, sea salt, fennel pollen, dill pollen, old bay seasoning, saffron threads, white pepper]"
Smoked-Salmon-And-Horseradish-Cream-With-Potato-Chips-My-Recipes,Smoked Salmon and Horseradish Cream with Potato Chips,3,600.0,"[Lunch and Snacks, Appetizers]",,"[cream cheese, horseradish, heavy cream, smoked salmon, potato chips]"
Seared-Cod-with-Pineapple-and-Peach-Salsaa-1182938,Seared Cod with Pineapple and Peach Salsaa,4,1500.0,[Main Dishes],,"[fresh cod, coconut oil, pineapple, peaches, salsa, corn kernel whole, purple onion, cilantro, lime juice, jalapeno chilies]"
Smoked-Salmon-Dip-1206870,Smoked Salmon Dip,4,600.0,[Appetizers],,"[greek yogurt, cream cheese, capers, purple onion, fresh dill, lemon, kosher salt, smoked salmon, bagel chips]"
Tortilla-Crusted-Tilapia-with-Sriracha-Sauce-1293302,Tortilla-Crusted Tilapia with Sriracha Sauce,4,1500.0,[Main Dishes],,"[tortilla chips, tilapia fillets, vegetables, large eggs, freshly ground pepper, mayonnaise, sour cream, scallions, Sriracha, honey, fresh lemon juice, coarse salt]"
Orange-Roughy-Ceviche-1272268,Orange Roughy Ceviche,4,1200.0,[Appetizers],,"[orange roughy, avocado, lime, roma tomatoes, purple onion, cilantro, jalapeno chilies, tortilla chips]"
Simple-Tuna-and-Shells-with-Cheese-1281861,Simple Tuna and Shells with Cheese,3,1200.0,[Main Dishes],,"[shell pasta, American cheese, grated parmesan cheese, milk, white tuna in water, ground black pepper, salt]"
Chocolate-Cheesecake-Muffins-1317940,Chocolate Cheesecake Muffins,4,2700.0,[Breads],,"[milk, oil, sour cream, eggs, unbleached flour, sugar, whole wheat pastry flour, cocoa powder, baking powder, baking soda, salt, mini chocolate chips, cream cheese, Neufchâtel, vanilla]"
Smoked-Fish-Tacos-With-Caribbean-Salsa-My-Recipes,Smoked Fish Tacos with Caribbean Salsa,4,3300.0,[Main Dishes],[American],"[chips, whitefish fillets, olive oil, salt, freshly ground pepper, flour, salsa, lime wedges, cilantro leaves, purple onion, red cabbage]"
The-Quickest-Chili-in-the-West-1317946,The Quickest Chili in the West,4,2700.0,[Main Dishes],,"[ground beef, crushed tomatoes, pinto beans, black beans, hominy, water, chili powder, onion flakes, dried oregano, dried parsley, garlic powder, salt, pepper, grating cheese, salsa, sour cream]"
Gravlax-1058383,Gravlax,4,3300.0,,,"[salmon fillets, vodka, dill, granulated sugar, ground black pepper, kosher salt]"
Smoked-Salmon-with-Taro-Chips-442315,Smoked Salmon with Taro Chips,4,2100.0,[Appetizers],,"[shallots, chives, hazelnut oil, seaweed, lemon juice, smoked salmon, ground black pepper, salt, tomatoes, olive oil, curry powder, fresh thyme leaves, red wine vinegar, garlic, taro, vegetable oil]"
Blueberry-Cheese-Cake-1294475,Blueberry Cheese Cake,4,6300.0,[Breads],,"[flour, yeast, salt, sugar, water, olive oil]"
Beer-Battered-Baked-Cod-1185033,Beer-Battered Baked Cod,4,1800.0,[Main Dishes],,"[flour, corn starch, salt, cayenne pepper, paprika, pepper, panko, dried rosemary, beer, cod filets, chips]"
Tuna-Casserole-MyRecipes-281225,Tuna Casserole,3,,[Main Dishes],,"[egg noodles, cream of mushroom soup, milk, mayonnaise, tuna, pepper]"
Gluten-Free-Peach-Salsa-1166150,Gluten Free Peach Salsa,4,1500.0,,,"[peaches, tomatoes, purple onion, lime, chopped cilantro, salt, pepper]"
Steamed-Chilean-Sea-Bass-with-Dry-Miso-753920,Steamed Chilean Sea Bass with Dry Miso,3,4200.0,[Main Dishes],[Japanese],"[chilean sea bass fillets, sea salt, dashi kombu, sake, miso, yuzu juice, extra-virgin olive oil, chips, chives, garlic, whole milk, canola oil]"
Tuna-ceviche-320982,Tuna Ceviche,0,1200.0,[Appetizers],,"[tuna steaks, soy sauce, toasted sesame oil, rice vinegar, serrano peppers, lime, fresh mint, black sesame seeds]"
Lemon-Sole-Goujons-With-Mushy-Peas-And-Sweet-Potato-Chips-1017021,Lemon Sole Goujons With Mushy Peas And Sweet Potato Chips,3,3600.0,[Main Dishes],,"[sweet potatoes, olive oil, plain flour, free range egg, bread crumb fresh, cayenne pepper, lemon zest, lemon sole, ground black pepper, salt, peas, crème fraîche, mint sauce, lemon juice, mayonnaise]"
Crunchy-Potato-Chip-Coleslaw-1068844,Crunchy Potato Chip Coleslaw,4,1500.0,[Salads],,"[mayonnaise, vinegar, shredded cabbage, tuna, shredded carrots, green onions, minced onion, potato chips]"
Garlic-Chive-Shrimp-Fried-Rice-With-Garlic-Chips-480661,Garlic Chive Shrimp Fried Rice With Garlic Chips,4,1500.0,,[Asian],"[oil, garlic, medium shrimp, cooked rice, garlic chives, kaffir lime leaves, sansho, white pepper, fish sauce, mirin, eggs]"
Ceviche-1181753,Ceviche,4,2100.0,[Appetizers],,"[bay scallops, shrimp, lime, lemon, fresh cilantro, cucumber, mango, avocado, jalapeno chilies, purple onion, salt]"
Smoked-Salmon-Chips-Epicurious,Smoked Salmon Chips,3,1800.0,[Appetizers],,"[smoked salmon, potato chips, crème fraîche, thyme, chives]"
Buttermilk-Pancakes-with-Caramelized-White-Chocolate-and-Gluhwein-Jam-1337383,Buttermilk Pancakes with Caramelized White Chocolate and Gluhwein Jam,4,4200.0,[Breakfast and Brunch],,"[white chocolate chips, orange, star anise, cinnamon sticks, clove, allspice, orange juice, red wine, granulated sugar, orange marmalade, all-purpose flour, salt, baking powder, baking soda, buttermilk, milk, large eggs, butter, vanilla extract]"
Salmon_-Fennel_-Red-Pepper_-Quinoa-Chopped-984872,"Salmon, Fennel, Red Pepper, Quinoa Chopped",4,4500.0,[Main Dishes],,"[arugula, crust, salmon, fennel bulb, cooked quinoa, grape tomatoes, green onions, radishes, red pepper, avocado, goat cheese, white beans, chips, roast, olive oil, garlic cloves, molasses, lemon, dried oregano, sea salt, ground black pepper, fennel pollen, dressing]"
Canned-Tuna-Mexican-Style-1173252,Canned Tuna Mexican Style,4,1200.0,[Main Dishes],[Mexican],"[Mazola Corn Oil, white onion, garlic cloves, serrano peppers, tomatoes, thyme, parsley, Mexican oregano, tuna, pepper, salt]"
Diane-Roark-1330773,Diane Roark,4,,,,"[brine, salmon, fresh salmon, salt, water, brown sugar, chips, apples, cream cheese, sour cream, ranch dressing, capers, ground red pepper, smoked salmon, crackers]"
Spicy-Mexican-Ceviche-1287133,Spicy Mexican Ceviche,3,1200.0,[Appetizers],[Mexican],"[tilapia, key lime juice, white onion, garlic, hot sauce, roma tomatoes, chopped cilantro, olive oil, salt, avocado, tortilla chips]"
Manchego-with-Anchovies_-Almonds_-and-Olives-753631,"Manchego with Anchovies, Almonds, and Olives",4,2100.0,,,"[manchego cheese, anchovy fillets, sliced almonds, green olives]"
_-salmon-gravlax-333173,Salmon Gravlax,4,,"[Appetizers, Main Dishes]",,"[salt, sugar, dill, juniper berries, fillets, prawns, radishes, crème fraîche, chives, pomegranate seeds]"
Nova-Cream-Cheese-Spread-1175379,Nova Cream Cheese Spread,3,1200.0,[Appetizers],,"[cream cheese, sour cream, salmon, fresh lemon juice, capers, purple onion, fresh dill]"
Chicken-Pad-Thai-Nachos-497348,Chicken Pad Thai Nachos,4,1200.0,"[Appetizers, Lunch and Snacks, Main Dishes]",,"[tamarind concentrate, soy sauce, brown sugar, chili sauce, peanut butter, chicken, tortilla chips, cheddar cheese, monterey jack, beansprouts, carrots, green onions, roasted peanuts, cilantro]"
Pineapple-Salsa-1098143,Pineapple Salsa,4,600.0,"[Condiments and Sauces, Appetizers]",,"[jalapeno chilies, fresh pineapple, red pepper, green onions, fresh cilantro, garlic, lime, salt]"
Smoked-Salmon-With-Mustard-And-Dill-My-Recipes,Smoked Salmon with Mustard and Dill,4,6300.0,,[American],"[chips, fresh dill, fresh lemon juice, hot mustard, salt, salmon fillets, cooking spray]"
Margarita-Shrimp-with-Grilled-Avocado-Guacamole-Crumb-198191,Margarita Shrimp with Grilled Avocado Guacamole,5,4500.0,[Appetizers],"[Barbecue, Mexican]","[gold tequila, jalapeno chilies, salt, lemon, lime, shrimp, Haas avocados, purple onion, garlic, chopped cilantro fresh, plum tomatoes, tortilla chips, lime wedges]"
Tuna-Casserole-1297648,Tuna Casserole,4,3300.0,[Main Dishes],,"[wide egg noodles, tuna, milk, cream, cream of mushroom soup, salt, pepper, frozen peas and carrots, chips]"
Steak-Tartare-1296542,Steak Tartare,3,1200.0,,,"[beef sirloin, crushed red pepper flakes, kosher salt, olive oil, grated lemon zest, shallots, egg yolks, Kettle Potato Chips, grated parmesan cheese, mushroom caps]"
Roasted-Pineapple-_-Black-Bean-Salsa-1229679,Roasted Pineapple & Black Bean Salsa,4,3300.0,[Appetizers],,"[pineapple rings, black beans, chopped cilantro, jalapeno chilies, purple onion, lime, salt, pepper]"
Caper-Studded-Tuna-Salad-1088343,Caper-Studded Tuna Salad,4,900.0,,,"[tuna packed in water, olive oil, mayonnaise, scallions, chips, garlic, capers, caper brine, cracked black pepper, salt, red pepper flakes, hand, fresh thyme]"
Salmon-Fillets-With-Potato-Chip-Crust-My-Recipes,Salmon Fillets with Potato Chip Crust,4,1500.0,[Main Dishes],[American],"[Kettle Chips, bread crumbs, dill, salmon fillets, vegetable oil, pepper, salt, dijon mustard]"
Creamy-artichoke-dip-368992,Creamy Artichoke Dip,5,1800.0,[Appetizers],,"[white bread, anchovy fillets, frozen artichoke hearts, sugar, extra-virgin olive oil, fresh lemon juice, coarse salt, ground pepper, chopped fresh chives]"
Tilapia-Ceviche-976408,Tilapia Ceviche,3,16200.0,[Appetizers],,"[fish, lime juice, orange juice, kosher salt, lime zest, jalapeno chilies, purple onion, chopped cilantro]"
Fish-and-Chips-757094,Fish and Chips,4,3000.0,[Main Dishes],,"[cod fillets, beer, all-purpose flour, salt, cayenne pepper, paprika, garlic powder, black pepper, baking powder, canola oil, russet potatoes, sea salt, oil]"
How-to-Make-Guacamole-1203001,How to Make Guacamole,4,1200.0,[Appetizers],,"[avocado, diced red onions, chopped cilantro, jalapeno chilies, salt, freshly ground pepper, tortilla chips, lime, shallots, sliced green onions, mint, thai chile, fish sauce]"
Smoke-Grilled-Salmon-with-Fennel-and-Tarragon-460494,Smoke-Grilled Salmon with Fennel and Tarragon,0,,[Main Dishes],,"[salmon, vegetable oil, lemon, yellow onion, fennel bulb, fresh tarragon, salt, freshly ground pepper, chips]"
Salt-Free-Smoked-Sole-752601,Salt-Free Smoked Sole,4,2100.0,,,"[chips, whitefish fillets, greek yogurt, fresh chives, smoked paprika, spices]"
Puerto-Penasco-Ceviche-1267280,Puerto Penasco Ceviche,4,4800.0,[Appetizers],,"[mahi mahi, seafood, lime, cilantro, high-fructose corn syrup, tomato juice, seedless cucumber, purple onion, jalapeno chilies, avocado, salt, sea salt, tortilla chips]"
Penang-Hokkien-Char-Recipe-__-496894,Penang Hokkien Char Recipe (福建炒),0,1800.0,[Main Dishes],,"[vermicelli, noodles, shrimp, fish balls, pork, choy sum, garlic, beansprouts, soy sauce, kecap manis, white pepper, oil, water, crisps]"
Spicy-Tuna-Tartare-Martha-Stewart-197303,Spicy Tuna Tartare,4,,[Appetizers],,"[mayonnaise, soy sauce, Sriracha, tuna, fresh chives, potato chips, waffle]"
Patacones-and-chifles-_plantains-cut-fat-and-thin_-331128,Patacones and Chifles (plantains cut fat and thin),3,2700.0,,,"[plantains, olive oil, corn oil, salt]"
Tequila-Tuna-Ceviche-1233695,Tequila Tuna Ceviche,4,1500.0,[Appetizers],,"[sushi grade tuna, purple onion, jalapeno chilies, chopped cilantro, avocado, lime juice, olive oil, tequila, salt, ground pepper, lime, tortilla chips, cilantro, tuna]"
Zesty-Blueberry-_-Strawberry-Salsa-1228827,Zesty Blueberry & Strawberry Salsa,4,1500.0,"[Condiments and Sauces, Appetizers]",,"[fresh blueberries, strawberries, fresh mint, cilantro, chili powder, agave nectar, lime juice]"
Our-Favorite-Fish-Tacos-with-Avocado-Crema-_-Citrus-Slaw-1187948,Our Favorite Fish Tacos with Avocado Crema & Citrus Slaw,4,1800.0,[Main Dishes],[Mexican],"[jalapeno chilies, cilantro, ground cumin, honey, lime, grapefruit, sea salt, ground black pepper, grapeseed oil, red cabbage, green cabbage, carrots, green onions, avocado, greek yogurt, hot sauce, ancho powder, chili powder, cumin, cinnamon, salt, halibut, extra-virgin olive oil, corn tortillas]"
Lawnmower-Taco-1018023,Lawnmower Taco,4,3000.0,[Main Dishes],,"[ground beef, taco seasoning mix, flour, chicken broth, tortilla chips, grating cheese, shredded lettuce, salsa, sour cream, black olives]"
Ceviche-326702,Ceviche,3,900.0,[Appetizers],,"[fish, mint, basil, lime, Louisiana Hot Sauce, spring onions, salt]"
Fancy-Ass-Tuna-Melts-748198,Fancy-Ass Tuna Melts,4,3300.0,[Lunch and Snacks],,"[olive oil, salt, yellow onion, albacore, mayonnaise, dijon mustard, apples, black pepper, lemon, bread, provolone cheese, chips]"
Tilapia-_-Sweet-Potato-Chips-749117,Tilapia & Sweet Potato Chips,3,2100.0,[Main Dishes],,"[sweet potatoes, canola oil, smoked paprika, egg whites, panko, flat leaf parsley, tilapia fillets, mayonnaise, pickle juice, bread and butter pickles, capers, lemon]"
Crispy-Salmon_-Polenta-Chips-And-Grilled-Asparagus-1015028,"Crispy Salmon, Polenta Chips And Grilled Asparagus",3,5400.0,[Main Dishes],,"[vegetable stock, instant polenta, rosemary leaves, ground black pepper, sea salt, sage leaves, pancetta, olive oil, garlic cloves, fresh parsley, lemon, salmon steaks, asparagus, unsalted butter, fresh parsley leaves, lemon juice]"
Seafood-Sliders-1046180,Seafood Sliders,4,2400.0,"[Lunch and Snacks, Appetizers]",,"[orange roughy, shrimp, saltines, capers, scallions, fresh parsley, fresh lemon juice, salt, black pepper, paprika, olive oil, slider rolls, sauce, tomatoes, purple onion, chips, red leaf lettuce]"
Ahi-Wonton-Nachos-with-Wasabi-Mayo-1120052,Ahi Wonton Nachos with Wasabi Mayo,4,1500.0,[Appetizers],,"[ahi tuna steaks, sesame seeds, pico de gallo, mango, avocado, mayonnaise, honey, wasabi paste, slaw, wonton wrappers, oil]"
Cherry-Tomato-and-Ground-Cherry-Salsa-1270575,Cherry Tomato and Ground Cherry Salsa,4,1800.0,[Appetizers],[Barbecue],"[cherry tomatoes, cherries, purple onion, garlic cloves, red chili peppers, chopped cilantro fresh, fresh lime juice, extra-virgin olive oil, cumin, kosher salt, ground black pepper]"
Hickory_grilled-Fish-Tacos-With-Mango_avocado-Relish-My-Recipes,Hickory-grilled Fish Tacos with Mango-Avocado Relish,3,3600.0,[Main Dishes],"[Southwestern, American]","[fish fillets, olive oil, salt, freshly ground pepper, flour, relish, lime wedges, cilantro leaves, purple onion]"
Easy-Eats-College-Tuna-Salad-1186943,Easy Eats College Tuna Salad,4,600.0,[Lunch and Snacks],,"[chunk light tuna in water, sweet pickle relish, Kraft Miracle Whip Light Dressing]"
BBQ-Chip-Crusted-Orange-Roughy-MyRecipes-242762,BBQ Chip-Crusted Orange Roughy,3,1800.0,[Main Dishes],,"[fillets, lemon juice, butter, potato chips, tartar sauce]"
Deconstructed-Vietnamase-Chicken_-Avocado-_-Lemongrass-Spring-Roll-Salad_-979510,"Deconstructed Vietnamase Chicken, Avocado + Lemongrass Spring Roll Salad.",4,1200.0,[Salads],[Asian],"[boneless skinless chicken breasts, soy sauce, brown sugar, sesame oil, fresh lime juice, hot curry powder, garlic, vermicelli noodles, avocado, carrots, red bell pepper, butter lettuce, green onions, fresh basil, lemongrass, toasted sesame seeds, roasted cashews, fresh ginger, red chili peppers, hoisin sauce, rice vinegar, honey, fish sauce, wonton wrappers, creamy peanut butter]"
Crispy-Sweet-Chili-Citrus-Glazed-Tilapia-1180625,Crispy Sweet Chili Citrus Glazed Tilapia,4,1800.0,[Main Dishes],,"[tilapia fillets, garlic, orange juice, sesame oil, soy sauce, honey, lemon juice, black pepper, sea salt, paprika, tortilla chips]"
Healthy-Coconut-Fairy-Cakes-1203323,Healthy Coconut Fairy Cakes,4,2700.0,[Desserts],,"[coconut flour, eggs, coconut oil, xylitol sweetener, dry coconut, vanilla, baking powder, salt, dark chocolate chip, chocolate, coconut]"
Barbecued-Salmon-MyRecipes-242928,Barbecued Salmon,4,3300.0,[Main Dishes],[American],"[lemon juice, canola oil, worcestershire sauce, salmon fillets, seasoning salt, fresh thyme, chips]"
Stuffed-Zucchini-with-Ham-and-Mushrooms-Simply-Recipes-43116,Stuffed Zucchini with Ham and Mushrooms,5,4500.0,[Side Dishes],,"[zucchini, butter, onions, fresh mushrooms, chopped ham, chopped parsley, worcestershire sauce, cayenne, pepper, salt, bread crumbs, grated Gruyère cheese]"
Espresso-Snack-Mix-1009469,Espresso Snack Mix,4,2580.0,[Lunch and Snacks],,"[whole almonds, Fisher Pecan Halves, walnut halves, salted butter, light brown sugar, honey, cinnamon, instant espresso powder, mini pretzel twists, white chocolate chips, chocolatecovered espresso beans]"
Mexican-Tuna-Cakes-with-Jalapeno-Cream-Sauce-1302274,Mexican Tuna Cakes with Jalapeño Cream Sauce,4,1500.0,[Main Dishes],[Mexican],"[eggs, fresh lime juice, corn tortilla chips, cumin, chili powder, green onions, black beans, corn, garlic cloves, cilantro, tuna, olive oil, butter, onions, jalapeno chilies, light cream cheese, diced green chilies, chicken broth]"
Tuna-noodle-casserole-371204,Tuna Noodle Casserole,5,4200.0,[Main Dishes],,"[shell pasta, butter, celery, diced onions, mushrooms, olive oil, flour, chicken broth, milk, kosher salt, black pepper, dill, fresh lemon juice, parsley, grated parmesan cheese, tuna packed in water, cracker crumbs, potato chips]"
Momo_s-chex-mix-337057,Momo's Chex Mix,3,3900.0,"[Appetizers, Lunch and Snacks]",,"[cereal, rice cereal, wheat, fish, bagel chips, pecan halves, butter, sauce, seasoning, garlic powder, onion powder]"
Panko-Crusted-Tilapia-with-Paprika-Sweet-Potato-Fries-1231092,Panko Crusted Tilapia with Paprika Sweet Potato Fries,4,2100.0,[Main Dishes],,"[sweet potatoes, vegetable oil, smoked paprika, egg whites, panko breadcrumbs, fresh parsley, salt, lemon pepper, garlic powder, tilapia fillets, mayonnaise, chips, pickle juice, capers, lemon]"
Sunrise-Salsa-1221735,Sunrise Salsa,4,600.0,"[Condiments and Sauces, Appetizers]",,"[grapefruit, cantaloupe, jalapeno chilies, cilantro, lime juice, sea salt]"
Homemade-Smoked-Salmon-_Real-Food_-Low-Calorie_-986686,"Homemade Smoked Salmon (Real Food, Low Calorie)",4,54000.0,,,"[brown sugar, salt, salmon fillets]"
Friday-Fish-and-Chips-Food_com-178687,Friday Fish and Chips,4,900.0,[Main Dishes],,"[fish fillets, flour, bread crumbs, butter, eggs, potatoes, peas, lemon, ketchup, tartar sauce, salt]"
PEACH-SALSA-1269251,PEACH SALSA,4,2400.0,"[Appetizers, Condiments and Sauces]",,"[peaches, purple onion, orange bell pepper, green onions, cilantro leaves, jalapeno chilies, lime, lemon]"
Wine-_-Chocolate-Gift-Basket-with-DIY-Molten-Lava-Cake-Mix-Gift-1266311,Wine & Chocolate Gift Basket with DIY Molten Lava Cake Mix Gift,4,1800.0,[Desserts],,"[chocolate chips, sugar, salt, flour]"
Smoked-Pickled-Potatoes-with-Anchovy-Aioli-604035,Smoked Pickled Potatoes with Anchovy Aioli,3,39600.0,[Appetizers],[Barbecue],"[garlic cloves, kosher salt, anchovy fillets, fresh lemon juice, large egg yolks, extra-virgin olive oil, grapeseed oil, red potato, sea salt, malt vinegar, peanut oil, ground black pepper]"
Potato-ChipCrust-Salmon-772774,Potato ChipCrust Salmon,3,2100.0,[Main Dishes],,"[salmon, potato chips, lime, fresh dill, olive oil, salt, pepper]"
Ranchero-Catfish-Allrecipes,Ranchero Catfish,4,2520.0,[Main Dishes],,"[flavored tortilla chips, chili powder, salt, black pepper, eggs, cooking oil, catfish]"
Watermelon-pico-de-gallo-365625,Watermelon Pico de Gallo,5,,,,"[watermelon, purple onion, red bell pepper, green bell pepper, yellow bell pepper, jalapeno chilies, cilantro, lime, juice, salt]"
Hoppers-_Sri-Lankan-Crepes-with-Onion-Sambol-and-Egg_-900779,Hoppers (Sri Lankan Crêpes with Onion Sambol and Egg),3,4800.0,,,"[dried shrimp, chips, chile de arbol, yellow onion, lime, kosher salt, active dry yeast, rice flour, sugar, coconut milk, baking soda, canola oil, eggs]"
Strawberry-Salsa-1119046,Strawberry Salsa,4,1500.0,[Condiments and Sauces],,"[strawberries, red pepper, green pepper, tomatoes, Anaheim chile, fresh cilantro, salt, pepper, crushed red pepper flakes, honey, lemon juice]"
Mango-avocado-salsa-_src-post_-361199,Mango Avocado Salsa {SRC Post},5,1500.0,,,"[mango, red bell pepper, yellow peppers, avocado, onions, fresh chives, fresh cilantro, fresh lime juice]"
Three-Onion-Dip-1214874,Three Onion Dip,3,2400.0,[Appetizers],,"[vegetable oil, onions, oil packed anchovy fillets, mushroom powder, garlic cloves, scallions, ground black pepper, kosher salt, mayonnaise, whole milk greek yogurt, sour cream, chopped fresh chives, worcestershire sauce, potato chips]"
Caramel-Pecan-Bars-1052031,Caramel Pecan Bars,4,2820.0,[Desserts],,"[caramels, heavy cream, all-purpose flour, rolled oats, light brown sugar, baking soda, salt, unsalted butter, pure vanilla extract, semi-sweet chocolate morsels, Fisher Pecans]"
Kale-Caesar-Salad-With-Pomegranate-1036746,Kale Caesar Salad With Pomegranate,4,1800.0,[Salads],,"[kale, olive oil, cucumber, pomegranate seeds, yoghurt, lemon juice, worcestershire sauce, anchovies, garlic, pepper]"
Chocolate-Chip-Pecan-Blondies-995798,Chocolate Chip Pecan Blondies,4,1650.0,[Desserts],,"[flour, cinnamon, baking powder, salt, firmly packed brown sugar, butter, eggs, vanilla extract, mini chocolate chips, chopped pecans]"
Smoked-Salmon-Dip-MyRecipes-281147,Smoked Salmon Dip,3,4200.0,[Appetizers],,"[sour cream, smoked salmon, chopped fresh chives, vodka, ground white pepper, potato chips, toast, crackers]"
Halibut-mango-ceviche-341936,Halibut-Mango Ceviche,4,3000.0,,,"[halibut, purple onion, fresh lime juice, fresh lemon juice, jicama, tomatoes, mango, jalapeno chilies, chopped cilantro fresh, extra-virgin olive oil, salt, ground black pepper]"
Fish-N-Chips-Food_com-280585,Fish N Chips,4,1800.0,[Main Dishes],,"[fish fillets, milk, eggs, flour, panko breadcrumbs, vegetable oil]"
Homemade-Pineapple-Mango-Salsa-1056797,Homemade Pineapple Mango Salsa,4,3000.0,[Condiments and Sauces],,"[pineapple, mango, onions, yellow bell pepper, jalapeno chilies, cilantro, honey, sea salt]"
Herb-Crusted-Salmon_-Brussels-and-Dill-Chopped-1072863,"Herb Crusted Salmon, Brussels and Dill Chopped",4,900.0,[Main Dishes],,"[salmon, arugula, cooked brown rice, avocado, goat cheese, chips, roast, green beans, mango, chives, fresh basil, fresh dill, capers, red cabbage, olive oil, garlic cloves, molasses, anchovy paste, lemon, smoked paprika, sea salt, ground black pepper]"
Smoked-Salmon-Dip-1105904,Smoked Salmon Dip,4,900.0,[Appetizers],,"[light mayonnaise, cheese, capers, purple onion, horseradish, lemon, smoked salmon, dill]"
Neely_s-Fish-and-Chips-Food_com-162790,Neely's Fish and Chips,3,2100.0,[Main Dishes],,"[peanut oil, kosher salt, russet potatoes, french fries, all-purpose flour, corn starch, garlic powder, cayenne pepper, smoked paprika, baking powder, ground black pepper, beer, fish fillets]"
Whole-smoked-mackerel-327810,Whole Smoked Mackerel,3,2400.0,,[Barbecue],"[fish, cherries, fresh herbs, olive oil, sea salt]"
Spur-Style-Steak-1170987,Spur Style Steak,4,2400.0,[Main Dishes],,"[fillet steaks, masala, spices, cracked black pepper, steak, worcestershire sauce, tomato sauce, olive oil, salt, brill, sauce]"
Peruvian-Ceviche-374474,Peruvian Ceviche,5,3300.0,,,"[fish, lime juice, purple onion, chiles, amarillo paste, ginger, cilantro, extra-virgin olive oil, salt, avocado, white vinegar, cracked black pepper, cumin seed, dried oregano, garlic, sugar, beets]"
Corn-Chip-Crusted-Southwestern-Salmon-Cakes-_gluten-free_-483970,Corn Chip-Crusted Southwestern Salmon Cakes (gluten-free),4,2100.0,[Main Dishes],,"[fritos, large eggs, salmon, corn, old bay seasoning, cumin, chili, salt, all-purpose flour, butter, sour cream, lemon juice, chili powder]"
Lazy-G_s-Guac-1352374,Lazy G's Guac,4,1200.0,,,"[avocado, garlic, black pepper, sea salt, lemon, cayenne pepper]"
Green-Ceviche-with-Guacamole-561445,Green Ceviche with Guacamole,4,1500.0,[Appetizers],,"[perch fillets, garlic, spring onions, fresh coriander, red chili peppers, lime, sea salt, ground black pepper]"
Creamy-Crunchy-Baked-Tilapia-578838,Creamy Crunchy Baked Tilapia,3,2400.0,[Main Dishes],,"[tilapia fillets, spinach, potato bread, potato chips, chips, parmesan cheese]"
Fried-Calamari-Nachos-511373,Fried Calamari Nachos,5,4200.0,[Appetizers],,"[calamari, panko breadcrumbs, italian seasoning, salt, ground black pepper, vegetable oil, corn tortillas, mozzarella cheese, marinara sauce, lemon, flat leaf parsley]"
Shrimp-Ceviche-472812,Shrimp Ceviche,5,6300.0,"[Appetizers, Lunch and Snacks]",,"[lime juice, shrimp, white onion, chopped cilantro fresh, ketchup, hot sauce, extra-virgin olive oil, jicama, cucumber, avocado, sea salt, lime wedges, tortilla chips]"
Mushroom_-jalapeno_-and-cilantro-salsa-320947,"Mushroom, Jalapeño, and Cilantro Salsa",0,1800.0,"[Appetizers, Condiments and Sauces]",[Mexican],"[white mushrooms, purple onion, jalapeno chilies, fresh cilantro, fresh lime juice, olive oil, salt]"
Mango-Madness-Guacamole-1103418,Mango Madness Guacamole,4,300.0,,,"[mango, purple onion, avocado, lime, jalapeno chilies, fresh cilantro, salt]"
Asian-Style-Pork-Nachos-with-Red-Cabbage-and-Scallions-986600,Asian-Style Pork Nachos with Red Cabbage and Scallions,3,3000.0,[Appetizers],[Asian],"[vegetable oil, wonton wrappers, garlic, serrano chile, ground pork, freshly ground pepper, kosher salt, fresh lime juice, soy sauce, fish sauce, sugar, shredded cheddar cheese, shredded Monterey Jack cheese, red cabbage, scallions, cilantro leaves, rice vinegar, toasted sesame oil, jalapeno chilies]"
Waffled-tuna-melts-348249,Waffled Tuna Melts,5,1200.0,[Lunch and Snacks],,"[sharp cheddar cheese, light tuna packed in water, celery ribs, mayonnaise, pepper, whole wheat sandwich bread, iceberg lettuce, tomatoes, Kettle Chips, pickle spears]"
Grilled-Shrimp-Tacos-1216931,Grilled Shrimp Tacos,4,900.0,[Main Dishes],[Barbecue],"[deveined shrimp, chili powder, cabbage, avocado, purple onion, lime, ranch dressing, tortilla chips, tortillas]"
Peixe-Caldeirada-756591,Peixe Caldeirada,4,5400.0,[Main Dishes],,"[onions, garlic cloves, potatoes, salsa, bay leaf, olive oil, white wine, mackerel, fish, steak, salt, tomatoes]"
Almond-Toffee-Double-Chocolate-Popcorn-483569,Almond Toffee Double Chocolate Popcorn,5,,"[Desserts, Lunch and Snacks]",[Kid-Friendly],"[microwave popcorn, sliced almonds, white chocolate chips, semi-sweet chocolate morsels, toffee bits]"
Hot-Smoked-Salmon-458606,Hot-Smoked Salmon,3,4200.0,[Main Dishes],,"[kosher salt, light brown sugar, ground coriander, ground black pepper, paprika, cayenne pepper, salmon fillets, meat bones, chips, potatoes, sour cream]"
Fresh-Tuna-Nicoise-Salad-517454,Fresh Tuna Nicoise Salad,4,2700.0,"[Salads, Main Dishes]",,"[chips, broiler, eggs, vegetables, fish, dressing, feta cheese, miso, Equal Sweetener, tuna, olive oil, small new potatoes, asparagus, lettuce leaves, red wine vinegar, salt, fresh oregano, min]"
Black-Bean-_-Cheddar-Taco-Salad-with-Pico-de-Gallo-1033794,Black Bean & Cheddar Taco Salad with Pico de Gallo,3,1500.0,[Salads],,"[purple onion, fresh lime juice, extra-virgin olive oil, raw honey, sea salt, roma tomatoes, romaine lettuce, black beans, cheddar cheese, corn tortilla chips]"
Fresh-Raspberry-Salsa-1252584,Fresh Raspberry Salsa,4,600.0,[Condiments and Sauces],,"[fresh raspberries, sweet onion, jalapeno chilies, garlic, cilantro, white sugar, lime juice, salt]"
Queso-Catfish-Allrecipes,Queso Catfish,4,3000.0,[Main Dishes],,"[catfish, lime juice, beer, yellow corn meal, tortilla chips, salt, cayenne pepper, canola oil, processed cheese, chili powder, ground cumin, chipotle peppers, chopped cilantro fresh]"
Tyler-Florence_s-Ultimate-Fish-and-Chips-Food_com-94227,Tyler Florence's Ultimate Fish and Chips,4,2400.0,,,"[vegetable oil, russet potatoes, flour, baking powder, salt, ground black pepper, large eggs, soda water, rice flour, fish fillets, malt vinegar, mayonnaise, capers, cornichons, flat leaf parsley, lemon, hot sauce]"
Salmon-_tartare_-Spread-Allrecipes,Salmon 'Tartare' Spread,4,1500.0,[Appetizers],,"[capers, smoked salmon, fresh dill, extra-virgin olive oil, grated lemon zest, purple onion]"
Thai-Style-Ribs-1257588,Thai Style Ribs,4,4800.0,[Main Dishes],[Thai],"[cilantro leaves, light brown sugar, honey, low sodium soy sauce, fish sauce, garlic, serrano peppers, fresno pepper, ginger paste, lemon grass, rib, lime, sugar, rice vinegar, chopped cilantro fresh, Sriracha]"
