id,recipeName,rating,totalTimeInSeconds,course,cuisine,ingredients,dish
Small-Batch-3-Minute-Cranberry-Pistachio-Fudge-1374417,Small Batch 3 Minute Cranberry Pistachio Fudge,4,120.0,[Desserts],,"[white chocolate chips, heavy whipping cream, maple syrup, dried cranberries, pistachios]",fudge
Maple-Peanut-Butter-Fudge-1364158,Maple Peanut Butter Fudge,4,900.0,[Desserts],,"[butter, creamy peanut butter, maple syrup, powdered sugar]",fudge
Eggnog-Fudge-1379349,Eggnog Fudge,4,1800.0,[Desserts],,"[sugar, butter, eggnog, chocolate bars, grated nutmeg, marshmallow creme, rum extract]",fudge
Holiday-Fudge-1370930,Holiday Fudge,4,1500.0,[Desserts],,"[sugar, evaporated milk, semi-sweet chocolate morsels, margarine, marshmallow creme, chopped pecans]",fudge
Faultless-Ghirardelli-Fudge-1376410,Faultless Ghirardelli Fudge,3,1200.0,[Desserts],,"[chocolate chips, unsweetened chocolate, condensed milk, extract, walnuts]",fudge
Homemade-Chocolate-and-Pecan-Fudge-1368148,Homemade Chocolate and Pecan Fudge,4,1800.0,[Desserts],,"[sugar, cocoa powder, salt, milk, butter, vanilla, pecans]",fudge
Fudge-924266,Fudge,4,7800.0,[Desserts],,"[granulated sugar, evaporated milk, butter, salt, vanilla extract, bittersweet chocolate chips, mini marshmallows, chopped pecans]",fudge
Foolproof-Chocolate-Fudge-1360952,Foolproof Chocolate Fudge,3,900.0,[Desserts],,"[semi-sweet chocolate morsels, sweetened condensed milk, salt, chopped nuts, vanilla extract]",fudge
Chocolate-Candy-Cane-Fudge-1374180,Chocolate Candy Cane Fudge,3,2100.0,[Desserts],,"[chocolate frosting, chocolate chips, candy canes]",fudge
Nutella-Fudge-Brownies-1362893,Nutella Fudge Brownies,4,3000.0,[Desserts],,"[brownies, unsalted butter, sugar, vanilla extract, eggs, flour, cocoa, baking powder, salt, fudge, sweetened condensed milk, chocolate chips, chocolate-hazelnut spread, shortening]",fudge
Candy-Cane-Fudge-1377548,Candy Cane Fudge,4,3000.0,[Desserts],,"[butter, candy canes, semi-sweet chocolate morsels, sweetened condensed milk, baking chocolate, cream of tartar]",fudge
Fudge-1373959,Fudge,4,,,,"[chocolate, butter, sugar, milk, salt, vanilla]",fudge
Hot-Fudge-1364146,Hot Fudge,4,2100.0,[Desserts],,"[unsweetened chocolate, butter, water, sugar, light corn syrup, salt, vanilla extract]",fudge
Fudge-1247566,Fudge,4,2100.0,[Desserts],,"[condensed milk, brown sugar, golden syrup, milk, butter, vanilla essence]",fudge
Cheesecake-Fudge-1375457,Cheesecake Fudge,4,3600.0,[Desserts],,"[instant cheesecake pudding mix, butter, powdered sugar, milk, cocktail cherries]",fudge
Flourless-Fudge-Cookies-1371346,Flourless Fudge Cookies,4,2100.0,[Desserts],,"[powdered sugar, sea salt, cocoa powder, eggs, vanilla extract]",fudge
Vanilla-Bean-Fudge-1380411,Vanilla Bean Fudge,4,2100.0,[Desserts],,"[white chocolate, sweetened condensed milk, vanilla bean paste, candy]",fudge
Savannah-Praline-Fudge-1363941,Savannah Praline Fudge,3,2400.0,[Desserts],,"[sweetened condensed milk, white chocolate, caramels, salt, water, pecan halves]",fudge
Toasted-Coconut-White-Chocolate-Fudge-1371984,Toasted Coconut White Chocolate Fudge,4,1200.0,[Desserts],,"[sugar, butter, evaporated milk, white chocolate, Marshmallow Fluff, cream of coconut, toasted coconut, coconut extract]",fudge
Healthy-Chocolate-Peanut-Butter-Fudge-1377434,Healthy Chocolate Peanut Butter Fudge,4,300.0,[Desserts],,"[coconut oil, unsweetened cocoa powder, creamy peanut butter, honey, vanilla extract, salt]",fudge
Peanut-Butter-Fudge-1380590,Peanut Butter Fudge,4,1500.0,[Desserts],,"[creamy peanut butter, butter, sugar substitute, maple syrup, cream, vanilla extract, sea salt]",fudge
Fudge-Allrecipes,Fudge,5,1200.0,[Desserts],,"[semi-sweet chocolate morsels, sweetened condensed milk, butter, chopped walnuts]",fudge
Coconut-Peanut-Butter-Fudge-1371486,Coconut Peanut Butter Fudge,4,3600.0,[Desserts],,"[coconut butter, peanut butter, maple syrup, pure vanilla extract, sea salt]",fudge
Peanut-butter-fudge-297693,Peanut Butter Fudge,4,8100.0,[Desserts],[American],"[Country Crock® Spread, light corn syrup, creamy peanut butter, confectioners sugar, vanilla extract]",fudge
Easy-Fudge-1370476,Easy Fudge,4,1500.0,[Desserts],,"[granulated sugar, butter, evaporated milk, vanilla extract, semi-sweet chocolate morsels, marshmallow creme, walnuts]",fudge
10-Minute-Buckeye-Fudge-1375726,10 Minute Buckeye Fudge,4,2100.0,[Desserts],,"[unsweetened cocoa powder, unsweetened cashewmilk, agave nectar, Truvía® natural sweetener, vanilla extract, peanut flour]",fudge
Salted-Butterscotch-Fudge-1371598,Salted Butterscotch Fudge,4,1200.0,[Desserts],,"[chopped pecans, butterscotch chips, butter, sweetened condensed milk, vanilla extract, sea salt]",fudge
White-Chocolate-Cranberry-Pecan-Fudge-1368599,White Chocolate Cranberry Pecan Fudge,4,8400.0,[Desserts],,"[white chocolate chips, sweetened condensed milk, salt, vanilla, dried cranberries, chopped pecans]",fudge
3-Minute-Microwave-Fudge-1362654,3 Minute Microwave Fudge,4,180.0,[Desserts],,"[semi-sweet chocolate morsels, sweetened condensed milk, chopped walnuts]",fudge
Amaretto-Fudge-1349212,Amaretto Fudge,4,1500.0,[Desserts],,"[chocolate chips, sweetened condensed milk, vanilla extract, liquor, toasted almonds]",fudge
Peanut-Butter-Fudge-482257,Peanut Butter Fudge,4,600.0,[Desserts],[American],"[unsalted butter, creamy peanut butter, salt, vanilla extract, powdered sugar]",fudge
Maple-Hazelnut-Fudge-1365167,Maple Hazelnut Fudge,4,2100.0,[Desserts],,"[hazelnuts, butter, semi-sweet chocolate morsels, sweetened condensed milk, maple flavoring]",fudge
Creamy-Fudge-1152048,Creamy Fudge,3,900.0,[Desserts],,"[sweetened condensed milk, semisweet chocolate, unsweetened chocolate, vanilla extract, salt]",fudge
Praline-Fudge-1379056,Praline Fudge,4,2400.0,[Desserts],,"[sweetened condensed milk, semi-sweet chocolate morsels, milk chocolate chips, butter, vanilla extract, light brown sugar, pecans, evaporated milk]",fudge
Turtle-Fudge-1362670,Turtle Fudge,4,3900.0,[Desserts],,"[white chocolate chips, butter, salt, sweetened condensed milk, instant pudding mix, marshmallow creme, pecan halves, chocolate]",fudge
Reeses-Fudge-1341781,Reese’s Fudge,4,1500.0,[Desserts],,"[Reese's Peanut Butter Cups, chocolate chips, sweetened condensed milk, vanilla extract, peanuts]",fudge
Baileys-Christmas-Fudge-1375834,Baileys Christmas Fudge,4,1800.0,[Desserts],,"[demerara sugar, carnation condensed milk, butter, milk, Baileys Irish Cream Liqueur, sugar, cake]",fudge
Gingerbread-Fudge-1327352,Gingerbread Fudge,4,420.0,[Desserts],,"[sweetened condensed milk, white chocolate, ginger, cinnamon, nutmeg]",fudge
Christmas-Butter-Fudge-1379417,Christmas Butter Fudge,3,1800.0,[Desserts],,"[sugar, milk, butter, salt, vanilla extract, candied cherries, pistachios]",fudge
Eggnog-Fudge-1360319,Eggnog Fudge,4,2100.0,[Desserts],,"[eggnog, water, sugar, butter, marshmallows, white chocolate chips, rum extract, vanilla extract, ground nutmeg]",fudge
Egg-Nog-Dulce-de-Leche-Fudge-Swirl-1373310,Egg Nog Dulce de Leche Fudge Swirl,4,2700.0,[Desserts],,"[fudge, white chocolate, sweetened condensed milk, rum, grated nutmeg, dulce de leche]",fudge
Maple-Fudge-1048987,Maple Fudge,4,1200.0,[Desserts],,"[butter, brown sugar, evaporated milk, maple flavoring, vanilla extract, salt, powdered sugar]",fudge
Snickers-Peanut-Butter-Fudge-1072010,Snickers Peanut Butter Fudge,4,1680.0,[Desserts],,"[dark chocolate, peanut butter, caramel sauce, peanuts, unsalted butter, powdered sugar, vanilla extract]",fudge
Fudge-Dipped-Orange-Shortbread-Cookies-1367708,Fudge Dipped Orange Shortbread Cookies,4,2400.0,[Desserts],,"[unsalted butter, shortening, sugar, eggs, vanilla extract, flour, baking powder, baking soda, grated orange peel, chocolate chips]",fudge
Marshmallow-Free-Chocolate-Fudge-1378032,Marshmallow-Free Chocolate Fudge,4,300.0,[Desserts],,"[cocoa powder, oil, rice, granulated sugar, salt, vanilla, walnuts]",fudge
Chocolate-Lover_s-Fudge-Cake-1369254,Chocolate Lover's Fudge Cake,3,1800.0,[Desserts],,"[butter, brown sugar, eggs, unsweetened chocolate, buttermilk, vanilla, boiling water, baking soda, flour, frosting]",fudge
Dried-Fruit-and-Nut-Holiday-Fudge-1368238,Dried Fruit and Nut Holiday Fudge,4,780.0,[Desserts],,"[dark chocolate, sweetened condensed milk, butter, citron, candied ginger, almonds, candied pecans]",fudge
Pistachio-Fudge-1072909,Pistachio Fudge,4,2700.0,[Desserts],,"[white chocolate chips, butter, water, pudding powder, powdered sugar, shelled pistachios]",fudge
White-Peppermint-Fudge-1364705,White Peppermint Fudge,3,1200.0,[Desserts],,"[Dixie Crystals Confectioners Powdered Sugar, unsalted butter, heavy cream, mini marshmallows, salt, white chocolate chips, peppermint extract]",fudge
Perfect-Fudge-541643,Perfect Fudge,4,3600.0,[Desserts],,"[evaporated milk, sugar, butter]",fudge
Incredible-Nutella-Fudge-895013,Incredible Nutella Fudge,4,2700.0,[Desserts],,"[salted butter, half & half, light brown sugar, vanilla, Nutella, confectioners sugar]",fudge
Eggnog-fudge-368605,Eggnog Fudge,5,1500.0,[Desserts],,"[granulated sugar, butter, eggnog, chocolate bars, grated nutmeg, marshmallow creme, rum extract]",fudge
2-Ingredient-Chocolate-Fudge-1363221,2 Ingredient Chocolate Fudge,4,3900.0,[Desserts],,"[chocolate frosting, chocolate chips]",fudge
Grandmas-Million-Dollar-Fudge-1372929,Grandma’s Million Dollar Fudge,4,1500.0,[Desserts],,"[sugar, evaporated milk, butter, candy bar, chips, marshmallow creme, vanilla, nuts, candy, sweetened condensed milk, salt, gumdrops]",fudge
Girl-Scout-Cookie-Fudge-1367788,Girl Scout Cookie Fudge,4,2400.0,[Desserts],,"[milk chocolate chips, sweetened condensed milk, cookies, vanilla, butter]",fudge
Coconut-Oil-Fudge-1357226,Coconut Oil Fudge,4,1800.0,[Desserts],,"[coconut oil, cocoa powder, vanilla extract, raw honey, sea salt, essential oils]",fudge
Keto-Fudge-932658,Keto Fudge,4,1260.0,[Desserts],,"[coconut oil, full fat coconut milk, cocoa powder, Swerve Sweetener, vanilla extract, almond extract, sea salt]",fudge
Delectable-Raspberry-Chocolate-Fudge-1341234,Delectable Raspberry Chocolate Fudge,3,300.0,[Desserts],,"[dark chocolate chip, semi-sweet chocolate morsels, fresh raspberries, butter, sweetened condensed milk, vanilla extract, extract, cooking spray]",fudge
Classic-Vanilla-Fudge-601465,Classic Vanilla Fudge,3,2700.0,[Desserts],,"[butter, granulated sugar, heavy cream, light corn syrup, salt, vanilla, candy]",fudge
Easy-Holiday-Fudge-961861,Easy Holiday Fudge,4,600.0,[Desserts],,"[fudge, carnation, butter, candy, chocolate chips, shortening]",fudge
Super-easy-chocolate-fudge-350921,Super Easy Chocolate Fudge,5,2700.0,[Desserts],,"[sweetened condensed milk, semi-sweet chocolate morsels, milk chocolate chips, butter, vanilla]",fudge
Hot-Fudge-Mocha-1369889,Hot Fudge Mocha,3,900.0,[Beverages],,"[2% reduced-fat milk, fudge, unsweetened cocoa powder, instant espresso powder, marshmallow creme]",fudge
Chocolate-Fudge-Syrup-1369619,Chocolate Fudge Syrup,4,1500.0,[Desserts],,"[water, unsweetened cocoa powder, white sugar, salt, vanilla]",fudge
Marshmallow-Pecan-Fudge-1366872,Marshmallow Pecan Fudge,4,1500.0,[Desserts],,"[semi-sweet chocolate morsels, butter, sweetened condensed milk, pecans, mini marshmallows]",fudge
Snickerdoodle-Fudge-629591,Snickerdoodle Fudge,3,2100.0,[Desserts],,"[white chocolate chips, sweetened condensed milk, vanilla extract, cinnamon, cinnamon sugar]",fudge
Maple-Walnut-Fudge-1337672,Maple Walnut Fudge,3,720.0,[Desserts],,"[sweetened condensed milk, baking chips, butter, salt, extract, chopped walnuts]",fudge
Old-Fashioned-Maple-Fudge-960780,Old Fashioned Maple Fudge,4,2700.0,[Desserts],,"[granulated sugar, brown sugar, whipping cream, butter, pure maple syrup, vanilla, salt]",fudge
Maple-Walnut-Fudge-1377764,Maple Walnut Fudge,4,1200.0,[Desserts],,"[unsalted butter, brown sugar, evaporated milk, maple extract, vanilla, salt, powdered sugar, chopped walnuts, toffee bits]",fudge
Key-Lime-Fudge-1370176,Key Lime Fudge,4,1200.0,[Desserts],,"[chocolate morsels, sweetened condensed milk, key lime, graham cracker crumbs, dried cranberries, chopped pecans]",fudge
Creamy-Fudge-1175135,Creamy Fudge,3,1500.0,[Desserts],,"[chocolate, vanilla, candy, low-fat sweetened condensed milk, semi-sweet chocolate morsels, vanilla extract, salt]",fudge
Real-Fudge-1229760,Real Fudge,4,1500.0,[Desserts],,"[condensed milk, sugar, golden syrup, water, butter, vanilla essence]",fudge
Chocolate-Peppermint-Fudge-1368454,Chocolate Peppermint Fudge,4,1800.0,[Desserts],,"[dark chocolate chip, frosting, butter, powdered sugar, marshmallow creme, peppermint extract, water, chocolate chips, shortening, sprinkles]",fudge
Salted-Caramel-Turtle-Fudge-1354409,Salted Caramel Turtle Fudge,4,2700.0,[Desserts],,"[milk chocolate chips, sweetened condensed milk, caramels, chopped pecans, coarse salt]",fudge
Gingersnap-Cookie-Fudge-1372976,Gingersnap Cookie Fudge,3,1500.0,[Desserts],,"[dark brown sugar, molasses, heavy cream, cinnamon, ginger, nutmeg, clove, white chocolate chips, gingersnap cookies]",fudge
Twix-Fudge-622146,Twix Fudge,3,1800.0,[Desserts],,"[cookie crumbs, butter, milk chocolate chips, chocolate frosting]",fudge
Oreo-Fudge-925983,Oreo Fudge,4,1800.0,[Desserts],,"[cream cheese, confectioners sugar, vanilla extract, white chocolate, OREO® Cookies]",fudge
Coconut-Fudge-974882,Coconut Fudge,3,1800.0,[Desserts],,"[coconut oil, coconut flakes, coconut milk, sugar, semi-sweet chocolate morsels]",fudge
Paleo-Fudge-793497,Paleo Fudge,4,1500.0,[Desserts],,"[almond butter, coconut oil, honey, cocoa powder, unsweetened shredded dried coconut, pure vanilla, chocolate chips]",fudge
Microwave-Fudge-1326581,Microwave Fudge,3,300.0,[Desserts],,"[semi-sweet chocolate morsels, condensed milk, butter, vanilla extract, salt]",fudge
Pistachio-Fudge-1357513,Pistachio Fudge,4,1500.0,[Desserts],,"[white chocolate chips, butter, salt, sweetened condensed milk, marshmallow creme, pudding powder, pistachios]",fudge
Cranberry-Walnut-White-Fudge-1352436,Cranberry-Walnut White Fudge,4,4800.0,[Desserts],,"[white chips, powdered sugar, cream cheese, vanilla frosting, chopped walnuts, dried cranberries, grated orange peel]",fudge
Snowflake-Fudge-469858,Snowflake Fudge,5,1500.0,[Desserts],,"[powdered sugar, heavy cream, salt, vanilla, butter, mini marshmallows, orange zest, white chocolate chips]",fudge
Classic-Chocolate-Fudge-966164,Classic Chocolate Fudge,5,3300.0,[Desserts],,"[white sugar, cocoa powder, salt, whole milk, butter, vanilla]",fudge
Cream-Cheese-Fudge-1362911,Cream Cheese Fudge,3,1200.0,[Desserts],,"[butter, unsweetened chocolate, vanilla, cream cheese, stevia]",fudge
3-Minute-Fudge-1202984,3 Minute Fudge,4,2100.0,[Desserts],,"[sweetened condensed milk, semi-sweet chocolate morsels, vanilla extract]",fudge
Old-Fashioned-Fudge-532016,Old-Fashioned Fudge,4,5100.0,[Desserts],,"[sugar, unsweetened cocoa powder, salt, half & half, light corn syrup, unsalted butter, vanilla extract]",fudge
Espresso-Fudge-1000518,Espresso Fudge,4,1500.0,[Desserts],,"[semi-sweet chocolate morsels, sweetened condensed milk, instant espresso]",fudge
Brown-Sugar-Walnut-Fudge-1350745,Brown Sugar-Walnut Fudge,4,2400.0,[Desserts],,"[chopped walnuts, light brown sugar, evaporated milk, butter, salt, mini marshmallows, pure vanilla extract, English toffee bits]",fudge
Easy-Dark-Chocolate-Fudge-1370841,Easy Dark Chocolate Fudge,4,2400.0,[Desserts],,"[semi-sweet chocolate morsels, sweetened condensed milk, vanilla extract, chopped pecans]",fudge
Cinnamon-Fudge-472984,Cinnamon Fudge,5,2700.0,[Desserts],[Kid-Friendly],"[white sugar, butter, vanilla extract, cinnamon, marshmallow creme, evaporated milk]",fudge
Pumpkin-Fudge-793917,Pumpkin Fudge,3,600.0,[Desserts],,"[sugar, butter, evaporated milk, solid pack pumpkin, cinnamon, marshmallow creme, chopped walnuts]",fudge
Chocolate-Fudge-1356057,Chocolate Fudge,4,3600.0,[Desserts],,"[sugar, milk, butter, chocolate chips, marshmallow creme, chopped nuts]",fudge
Salted-Caramel-Fudge-Cups-1377746,Salted Caramel Fudge Cups,4,1200.0,[Desserts],,"[caramels, dark chocolate chip, heavy cream, sea salt]",fudge
Gingerbread-Fudge-1357511,Gingerbread Fudge,4,1500.0,[Desserts],,"[sweetened condensed milk, white chocolate chips, butter, vanilla extract, cinnamon, ginger, nutmeg, salt, clove, sprinkles]",fudge
Thin-Mint-Ice-Cream-Pie-1374376,Thin Mint Ice Cream Pie,4,8100.0,[Desserts],,"[cookies, melted butter, vanilla bean ice cream, fudge, candy]",fudge
Super-Easy-Keto-Fudge-1356085,Super Easy Keto Fudge,4,2400.0,[Desserts],,"[sugar free chocolate, coconut butter]",fudge
Three-Chocolate-Fudge-1380567,Three-Chocolate Fudge,3,2100.0,[Desserts],,"[butter, sugar, dark brown sugar, evaporated milk, large marshmallows, vanilla extract, semi-sweet chocolate morsels, milk chocolate, semisweet chocolate, chopped pecans]",fudge
Crazy-Delicious-Dairy-Free-Chocolate-Fudge-1348637,Crazy Delicious Dairy-Free Chocolate Fudge,4,600.0,[Desserts],,"[raw cacao powder, coconut oil, raw hazelnuts, maple syrup, vanilla extract, fleur de sel]",fudge
Easy-Pumpkin-Spice-Pecan-Fudge-1337075,Easy Pumpkin Spice Pecan Fudge,4,900.0,[Desserts],,"[morsels, nestle toll house, sweetened condensed milk, salt, pure vanilla extract, pecans]",fudge
Easy-Rocky-Road-Fudge-1379008,Easy Rocky Road Fudge,4,1500.0,[Desserts],,"[dark chocolate chip, butter, salt, sweetened condensed milk, chocolate instant pudding, marshmallow creme, walnuts, mini marshmallows]",fudge
Buttermilk-Pecan-Fudge-532048,Buttermilk Pecan Fudge,4,4500.0,[Desserts],,"[pecans, sugar, buttermilk, unsalted butter, honey, kosher salt, sea salt flakes]",fudge
Easy-Peasy_-Super-Healthy_-10-Minute-Fudge-1344751,"Easy Peasy, Super Healthy, 10-Minute Fudge",4,600.0,[Desserts],,"[dry coconut, peanut butter, bananas, raw cacao powder, medjool date, pure vanilla extract, ground cinnamon, sea salt]",fudge
Hot-Fudge-Pudding-Cake-1372066,Hot Fudge Pudding Cake,4,2400.0,[Desserts],,"[sugar, cocoa powder, all-purpose flour, baking powder, salt, milk, butter, large egg yolks, vanilla extract, semi-sweet chocolate morsels, boiling water]",fudge
Fudge-Babies-1348680,Fudge Babies,4,900.0,[Desserts],,"[dates, walnuts, cacao powder, vanilla extract, sea salt]",fudge
No-Bake-Nutella-Fudge-999131,No Bake Nutella Fudge,4,600.0,[Desserts],,"[Nutella, butter, powdered sugar, vanilla extract, milk chocolate chips]",fudge
Creamy-Dreamy-Fudge-1323763,Creamy Dreamy Fudge,4,3600.0,[Desserts],,"[sugar, evaporated milk, butter, chocolate candy bars, milk chocolate chips, marshmallow creme]",fudge
Chocolate-Fudge-FrostingYum-1371497,Chocolate Fudge FrostingYum,4,1200.0,[Desserts],,"[butter, water, vanilla extract, cocoa powder, powdered sugar]",fudge
Chocolate-Fudge-Turkeys-1379772,Chocolate Fudge Turkeys,4,2700.0,[Desserts],,"[butter, cocoa powder, Rodelle Vanilla Extract, milk, powdered sugar, York Peppermint Pattie, M&M's Candy, candy corn, mini candy button eyes, chocolate]",fudge
Pumpkin-Fudge-1332919,Pumpkin Fudge,3,1800.0,[Desserts],,"[sugar, butter, evaporated milk, solid pack pumpkin, cinnamon, marshmallow creme, chopped walnuts]",fudge
Peppermint-Fudge-Thumbprint-Cookies-1377563,Peppermint Fudge Thumbprint Cookies,4,2700.0,[Desserts],,"[butter, white sugar, egg yolks, flour, candy canes, mint extract, heavy whipping cream, semi-sweet chocolate morsels]",fudge
Chocolate-Fudge-with-Walnuts_-Cranberries_-and-Pretzels-1368906,"Chocolate Fudge with Walnuts, Cranberries, and Pretzels",4,2400.0,[Desserts],,"[nonstick spray, unsalted butter, semi-sweet chocolate morsels, sweetened condensed milk, pure vanilla extract, fine salt, chopped walnuts, dried cranberries, pretzels]",fudge
Hazelnut-Fudge-480061,Hazelnut Fudge,5,3000.0,[Desserts],,"[chocolate chunks, coconut milk, honey, extract, roasted hazelnuts]",fudge
Coconut-Oil-Fudge-1349788,Coconut Oil Fudge,4,1800.0,[Desserts],,"[coconut oil, cocoa powder, vanilla extract, raw honey, sea salt, essential oils]",fudge
Instant-Fudge-1356176,Instant Fudge,4,900.0,[Desserts],,"[sweetened condensed milk, semi-sweet chocolate morsels]",fudge
Eggnog-Fudge-1073494,Eggnog Fudge,4,1800.0,[Desserts],,"[butter, heavy whipping cream, eggnog, sugar, white chocolate chips, marshmallow creme, nutmeg, vanilla extract]",fudge
Vegan-Fudge-Brownies-1350619,Vegan Fudge Brownies,4,3000.0,[Desserts],,"[whole wheat flour, cocoa powder, baking soda, coconut sugar, water, vanilla extract, sweet potatoes]",fudge
Halloween-Swirl-Fudge-1355051,Halloween Swirl Fudge,4,,,,"[sweetened condensed milk, white chocolate chips, butter, orange extract, orange food coloring, semi-sweet chocolate morsels, vanilla extract, candy corn, mini candy button eyes]",fudge
Butterscotch-Fudge-1355159,Butterscotch Fudge,3,1500.0,[Desserts],,"[butter, sugar, evaporated milk, salt, mini marshmallows, butterscotch chips, chopped walnuts, maple flavoring]",fudge
Neapolitan-Fudge-679112,Neapolitan Fudge,4,2100.0,[Desserts],,"[chocolate, cream cheese, confectioners sugar, milk chocolate, baking chocolate, extract, red food colouring gel]",fudge
Mamie-Eisenhower_s-Fudge-1380622,Mamie Eisenhower's Fudge,3,1200.0,[Desserts],,"[butter, chocolate candy bars, semi-sweet chocolate morsels, marshmallow creme, evaporated milk, sugar, chopped walnuts]",fudge
Cookie-Dough-Fudge-638553,Cookie Dough Fudge,4,4800.0,[Desserts],,"[sugar, dark brown sugar, heavy cream, 2% reduced-fat milk, corn syrup, kosher salt, butter, vanilla extract, flour, chocolate chips]",fudge
_Cinnamon-Roll-Fudge_-1330880,~Cinnamon Roll Fudge!,4,1200.0,[Desserts],,"[cream cheese frosting, white chocolate chips, frosting, brown sugar, chop fine pecan, cinnamon, vanilla extract]",fudge
Rocky-Road-Fudge-1324182,Rocky Road Fudge,4,1500.0,[Desserts],,"[dipping chocolate, large marshmallows, walnuts, butter]",fudge
Coconut-Fudge-1301128,Coconut Fudge,4,2400.0,[Desserts],,"[candy melts, sweetened condensed milk, marshmallow creme, vanilla extract, coconut, sweetened coconut, toasted coconut]",fudge
Pumpkin-Pie-Fudge-1355492,Pumpkin Pie Fudge,3,1800.0,[Desserts],,"[pumpkin purée, coconut butter, maple syrup, cinnamon, ginger, clove]",fudge
Microwave-Fudge-1036268,Microwave Fudge,3,300.0,[Desserts],,"[semi-sweet chocolate morsels, condensed milk, butter, vanilla extract, salt]",fudge
Fantasy-Fudge-1266851,Fantasy Fudge,3,3000.0,[Desserts],,"[sugar, butter, evaporated milk, Bakers Semi-Sweet Baking Chocolate Bar, Jet-Puffed Marshmallow Creme, walnuts, vanilla]",fudge
Primal-Fudge-1266027,Primal Fudge,4,1500.0,[Desserts],,"[coconut oil, cocoa powder, almond butter, raw honey, vanilla]",fudge
5-Minute-Maple-Fudge-1344745,5 Minute Maple Fudge,4,300.0,[Desserts],,"[white chocolate chips, frosting, butter, pecans, chop fine pecan]",fudge
Pecan-Chocolate-Fudge-1330326,Pecan Chocolate Fudge,3,2100.0,[Desserts],,"[sugar, cocoa powder, salt, milk, butter, vanilla, pecans]",fudge
Coconut-Fudge-Bars-1371291,Coconut Fudge Bars,4,1800.0,[Desserts],,"[peanut butter, honey, coconut oil, cocoa powder, rolled oats, coconut flakes]",fudge
3-Ingredient-Avocado-Fudge-1092859,3-Ingredient Avocado Fudge,4,1500.0,[Desserts],,"[bittersweet chocolate, coconut oil, avocado, stevia]",fudge
Paleo-Pecan-Pumpkin-Pie-Fudge-1364049,Paleo Pecan Pumpkin Pie Fudge,4,900.0,[Desserts],,"[pumpkin purée, coconut butter, ground ginger, ground cloves, ground cinnamon, ground nutmeg, salt, liquid stevia, pecans]",fudge
Rocky-Road-Fudge-1115572,Rocky Road Fudge,3,660.0,[Desserts],,"[sweetened condensed milk, unsalted butter, salt, vanilla extract, semi-sweet chocolate morsels, chopped walnuts, mini marshmallows]",fudge
Hot-Fudge-Dessert-Nachos-1197319,Hot Fudge Dessert Nachos,3,960.0,[Desserts],,"[sugar, ground cinnamon, flour tortillas, I Can't Believe It's Not Butter!® Spread, Breyers® Natural Vanilla Ice Cream, Breyers™ Hot Fudge Ice Cream Sauce]",fudge
5-Minute-Peanut-Butter-Fudge-926994,5-Minute Peanut Butter Fudge,4,3600.0,[Desserts],,"[creamy peanut butter, coconut oil, raw honey, sea salt, confectioners sugar, vanilla]",fudge
Vanilla-Cream-Fudge-442788,Vanilla Cream Fudge,5,2400.0,[Desserts],,"[sugar, milk, heavy cream, light corn syrup, kosher salt, vanilla beans]",fudge
Butterscotch-Fudge-Allrecipes,Butterscotch Fudge,4,2400.0,[Desserts],[Kid-Friendly],"[sweetened condensed milk, butterscotch chips, white chocolate chips, butter extract, extract]",fudge
Perfect-Slow-Cooker-Fudge-624470,Perfect Slow Cooker Fudge,4,3000.0,[Desserts],,"[semi-sweet chocolate morsels, sweetened condensed milk, pure vanilla extract, salted butter, cooking spray]",fudge
Super-Easy-Sees-Fudge-1339776,Super Easy See’s Fudge,4,2400.0,[Desserts],,"[milk chocolate, semi-sweet chocolate morsels, butter, marshmallows, sugar, evaporated milk]",fudge
Coffee-Fudge-1222399,Coffee Fudge,4,2400.0,[Desserts],,"[sugar, butter, coffee granules, salt, evaporated milk, large marshmallows, semi-sweet chocolate morsels, vanilla]",fudge
Dulce-de-Leche-Caramel-Fudge-1072918,Dulce de Leche Caramel Fudge,4,1800.0,[Desserts],,"[white chocolate chips, butter, vanilla extract, caramels]",fudge
Microwave-Fudge-1252151,Microwave Fudge,3,1200.0,[Desserts],,"[caster sugar, vanilla essence, condensed milk, butter]",fudge
Walnut-Fudge-_-Heaven-I-Adore-Food-55280,Walnut Fudge = Heaven,5,3000.0,[Desserts],,"[sugar, unsweetened chocolate, butter, cream, corn syrup, vanilla extract, chopped walnuts]",fudge
Butterscotch-Fudge-1354572,Butterscotch Fudge,3,1500.0,[Desserts],,"[butter, sugar, evaporated milk, salt, mini marshmallows, butterscotch chips, chopped walnuts, maple flavoring]",fudge
Peanut-Butter-Cup-Fudge-1355541,Peanut Butter Cup Fudge,4,1560.0,[Desserts],,"[granulated white sugar, evaporated milk, butter, marshmallows, semisweet chocolate, vanilla extract, peanut butter cups]",fudge
Gingerbread-Fudge-1332176,Gingerbread Fudge,4,1200.0,[Desserts],,"[sweetened condensed milk, white chocolate, dark chocolate chip, molasses, pumpkin pie spice, ground ginger, marshmallow creme]",fudge
Pretzel-Fudge-997776,Pretzel Fudge,4,3900.0,[Desserts],,"[sugar, unsweetened chocolate, butter, half & half, corn syrup, vanilla extract, pretzels]",fudge
Creme-Brulee-Fudge-1223022,Crème Brûlée Fudge,4,3000.0,[Desserts],,"[cream, corn syrup, salt, caster sugar, butter, vanilla bean paste, vanilla extract]",fudge
Fudge-Fudge-Fudge-1289844,Fudge Fudge Fudge,4,1500.0,[Desserts],,"[butter, evaporated milk, sugar, unsweetened chocolate, semi-sweet chocolate morsels, chocolate chips, vanilla, marshmallows]",fudge
Paleo-Pumpkin-Sticky-Bun-Fudge-1344709,Paleo Pumpkin Sticky Bun Fudge,4,2700.0,[Desserts],,"[almond butter, coconut oil, maple syrup, pumpkin purée, vanilla, pumpkin pie spice, pecans]",fudge
Low-Sugar-Almond-Fudge-Bars-1371227,Low Sugar Almond Fudge Bars,4,1800.0,[Desserts],,"[almond butter, honey, coconut oil, cocoa powder, rolled oats, coconut flakes]",fudge
Creamy-Vanilla-Fudge-1269184,Creamy Vanilla Fudge,3,2100.0,[Desserts],,"[granulated sugar, butter, milk, evaporated milk, vanilla extract, vegetable oil]",fudge
Low-Carb-Cream-Cheese-Fudge-1330937,Low Carb Cream Cheese Fudge,4,1200.0,[Desserts],,"[butter, unsweetened chocolate, vanilla, cream cheese, stevia]",fudge
Holiday-Fudge-1083677,Holiday Fudge,4,2100.0,[Desserts],,"[semi-sweet chocolate morsels, sweetened condensed milk, pure vanilla extract, salt, chopped walnuts]",fudge
Salted-Chocolate-Buttercream-Soft-Fudge-1166949,Salted Chocolate Buttercream Soft Fudge,4,8400.0,[Desserts],,"[eggs, honey, butter, vanilla extract, unsweetened baking chocolate]",fudge
Fantasy-Fudge-472318,Fantasy Fudge,5,2400.0,[Desserts],[Kid-Friendly],"[salted butter, white sugar, evaporated milk, semi-sweet chocolate morsels, marshmallow creme, vanilla extract]",fudge
Vegan-Chocolate-Freezer-Fudge-1359671,Vegan Chocolate Freezer Fudge,4,600.0,[Desserts],,"[virgin coconut oil, unsweetened cocoa powder, sea salt, pure vanilla extract, pure maple syrup]",fudge
Pumpkin-Spice-Cookie-Butter-Fudge-1376578,Pumpkin Spice Cookie Butter Fudge,4,1800.0,[Desserts],,"[cookie butter, sweetened condensed milk, unsalted butter, confectioners sugar, cookies]",fudge
3-Ingredient-Nutella-Fudge-1271721,3 Ingredient Nutella Fudge,4,1200.0,[Desserts],,"[semi-sweet chocolate morsels, butter, Nutella, sprinkles]",fudge
Never_fail-Fudge-Allrecipes,Never-Fail Fudge,4,2700.0,[Desserts],,"[confectioners sugar, unsweetened cocoa powder, butter, milk, vanilla extract, salt, chopped pecans]",fudge
Indian-Fudge-1258646,Indian Fudge,3,2400.0,[Desserts],[Indian],"[butter, dry milk powder, ground cardamom, cashew nuts, pistachios, sweetened condensed milk]",fudge
5-Ingredient-Pecan-Pie-Fudge-_paleo_-vegan_-gluten-free_-1368309,"5-Ingredient Pecan Pie Fudge (paleo, vegan, gluten-free)",4,780.0,[Desserts],,"[pure maple syrup, pecans, ground cinnamon, salt, coconut, vanilla extract, roasted pecans, pecan halves]",fudge
Primal-Fudge-753208,Primal Fudge,4,1500.0,[Desserts],,"[coconut oil, cocoa powder, almond butter, raw honey, vanilla]",fudge
Pumpkin-Fudge-1334649,Pumpkin Fudge,4,9000.0,[Desserts],,"[butter, sugar, evaporated milk, pumpkin purée, white chocolate chips, marshmallows, toasted walnuts, pumpkin pie spice]",fudge
Orange-dream-fudge-350862,Orange Dream Fudge,5,1500.0,[Desserts],,"[butter, sugar, heavy whipping cream, white chips, marshmallows, orange extract, yellow food coloring, red food coloring]",fudge
Old-Fashioned-Peanut-Butter-Fudge-1205675,Old Fashioned Peanut Butter Fudge,4,420.0,[Desserts],,"[sugar, milk, peanut butter]",fudge
Velveeta-Fudge-895144,Velveeta Fudge,3,1500.0,[Desserts],,"[butter, pasteurized process cheese, confectioners sugar, unsweetened cocoa powder, nonfat dry milk, vanilla extract, chopped pecans]",fudge
Skinny-Eggnog-Fudge-900542,Skinny Eggnog Fudge,4,2400.0,[Desserts],,"[eggnog, granulated sugar, butter, white chocolate]",fudge
Hot-fudge-sundaes-297264,Hot Fudge Sundaes,4,900.0,[Desserts],[American],"[hot fudge topping, Breyers® Natural Vanilla Ice Cream, chopped walnuts, cream sweeten whip]",fudge
Maple-Pecan-Fudge-_low-carb_-Paleo_-1372023,"Maple Pecan Fudge (low carb, Paleo)",4,29100.0,[Desserts],,"[walnuts, coconut oil, pure maple syrup]",fudge
Buckeye-Fudge-963653,Buckeye Fudge,4,2700.0,[Desserts],,"[creamy peanut butter, butter, vanilla, powdered sugar, semi-sweet chocolate morsels, sweetened condensed milk]",fudge
Nutella-Fudge-980601,Nutella Fudge,3,15300.0,[Desserts],,"[condensed milk, semi-sweet chocolate morsels, Nutella, roasted hazelnuts, extract, salt]",fudge
Five-Minute-Fudge-1093627,Five Minute Fudge,4,540.0,[Desserts],,"[powdered sugar, cocoa powder, unsalted butter, milk, walnuts, vanilla]",fudge
Chocolate-Cherry-Marshmallow-Fudge-1352450,Chocolate Cherry Marshmallow Fudge,4,1200.0,[Desserts],,"[dark chocolate chip, butter, sweetened condensed milk, marshmallow creme, candied cherries, mini marshmallows]",fudge
Maple-Fudge-Allrecipes,Maple Fudge,3,3600.0,[Desserts],,"[maple syrup, light corn syrup, light cream, vanilla extract, chopped walnuts]",fudge
Super-Raw-Berry-Fudge-1340809,Super Raw Berry Fudge,3,2700.0,[Desserts],,"[berries, almonds, coconut oil, grass-fed butter, raw cacao, vanilla extract, raw honey, almond butter, shredded coconut]",fudge
How-to-Make-Homemade-Fudge-1238147,How to Make Homemade Fudge,4,3000.0,[Desserts],,"[cocoa, sugar, salt, milk, butter, vanilla]",fudge
Skinny-Mocha-Fudge-824977,Skinny Mocha Fudge,4,2700.0,[Desserts],,"[hot water, instant coffee, nonfat milk, granulated sugar, butter, dark chocolate]",fudge
Christmas-Fudge-Allrecipes,Christmas Fudge,3,8400.0,[Desserts],[Kid-Friendly],"[white sugar, heavy cream, butter, marshmallow creme, white chocolate chips, red food coloring, color food green]",fudge
Peppermint-fudge-352818,Peppermint Fudge,5,780.0,[Desserts],,"[sweetened condensed milk, butter, dark chocolate chip, salt, peppermint extract, vanilla extract, peppermint]",fudge
Peanut-Butter-Fudge-1170026,Peanut Butter Fudge,4,1200.0,[Desserts],,"[peanut butter, coconut oil, honey, natural vanilla extract, salt]",fudge
Mocha-Fudge-Cupcakes-1324999,Mocha Fudge Cupcakes,4,2280.0,[Desserts],,"[flour, sugar, dark chocolate cocoa powder, baking soda, baking powder, salt, oil, eggs, vanilla extract, buttermilk, brewed coffee, miniature chocolate chips, fudge, butter, hot water, coffee granules, coffee extract, powdered sugar]",fudge
Easy-Fantasy-Fudge-967730,Easy “Fantasy” Fudge,5,3600.0,[Desserts],,"[granulated sugar, unsalted butter, evaporated milk, semi-sweet chocolate morsels, marshmallow creme, vanilla extract, chopped walnuts]",fudge
Grandpa_s-Peanut-Butter-Fudge-Allrecipes,Grandpa's Peanut Butter Fudge,4,2400.0,[Desserts],[Kid-Friendly],"[brown sugar, white sugar, milk, creamy peanut butter, margarine, vanilla extract]",fudge
Delicious-Baked-Fudge-The-Pioneer-Woman-Cooks-_-Ree-Drummond-41361,Delicious Baked Fudge,5,3600.0,[Desserts],,"[eggs, sugar, cocoa, flour, butter, vanilla extract]",fudge
Healthy-Fudge-Recipe-to-Blow-Away-All-Other-Fudge-Recipes-1315730,Healthy Fudge Recipe to Blow Away All Other Fudge Recipes,4,1200.0,[Desserts],,"[raw cacao powder, organic coconut oil, raw hazelnuts, raw honey, vanilla extract, chopped nuts, sea salt]",fudge
Chocolate-Fudge-513730,Chocolate Fudge,5,5400.0,"[Desserts, Lunch and Snacks]",,"[bittersweet chocolate chips, toasted walnuts, unsalted butter, vanilla extract, marshmallows, granulated sugar, evaporated milk]",fudge
Pecan-Buttermilk-Fudge-1221153,Pecan Buttermilk Fudge,3,4500.0,[Desserts],,"[pecans, sugar, buttermilk, unsalted butter, honey, kosher salt, sea salt flakes, candy]",fudge
Peppermint-fudge-368757,Peppermint Fudge,4,1800.0,[Desserts],,"[semi-sweet chocolate morsels, peppermint candy canes, heavy cream, mini marshmallows, unsalted butter, sugar, coarse salt]",fudge
Sea-Salt-Chocolate-Fudge-1338031,Sea Salt Chocolate Fudge,4,1800.0,[Desserts],,"[semi-sweet chocolate morsels, sweetened condensed milk, vanilla extract, sea salt]",fudge
Buckeye-Fudge-1258534,Buckeye Fudge,4,2700.0,[Desserts],,"[butter, creamy peanut butter, vanilla, powdered sugar, sweetened condensed milk, semi-sweet chocolate morsels]",fudge
Creamy-Cranberry-Fudge-966280,Creamy Cranberry Fudge,3,1200.0,[Desserts],,"[butter, white baking pieces, sweetened condensed milk, dried cranberries, pistachio nuts, orange peel, vanilla]",fudge
Slow-Cooker-Fudge-607938,Slow Cooker Fudge,3,3000.0,[Desserts],,"[chocolate chips, coconut milk, coconut sugar, sea salt, coconut oil, pure vanilla extract]",fudge
Paleo-Fudge-Pops-1236971,Paleo Fudge Pops,4,600.0,[Desserts],,"[avocado, bananas, full fat coconut milk, unsweetened cocoa powder, honey, pure vanilla extract, salt]",fudge
Pumpkin-Spice-Fudge-1361862,Pumpkin Spice Fudge,4,960.0,[Desserts],,"[granulated sugar, Nestle Carnation Evaporated Milk, butter, mini marshmallows, morsels, chopped walnuts, vanilla extract]",fudge
Fudge-babies-345435,Fudge Babies,5,900.0,[Desserts],,"[medjool date, walnuts, cacao powder, vanilla extract, sea salt]",fudge
Buckeye-Fudge-760650,Buckeye Fudge,4,2700.0,[Desserts],,"[butter, creamy peanut butter, vanilla, powdered sugar, sweetened condensed milk, semi-sweet chocolate morsels]",fudge
Quick-Peanut-Butter-Freezer-Fudge-1282815,Quick Peanut Butter Freezer Fudge,4,1800.0,[Desserts],,"[peanut butter, raw honey, vanilla extract, fine sea salt, coconut oil]",fudge
Healthy-fudge-342890,Healthy Fudge,3,2100.0,[Desserts],,"[quick-cooking oatmeal, peanut butter, honey, chia seeds, sunflower seeds, dark chocolate chip]",fudge
Salted-Chocolate-_-Caramel-Pecan-Turtle-Fudge-1366867,Salted Chocolate & Caramel Pecan Turtle Fudge,4,600.0,[Desserts],,"[butter, cocoa, brown sugar, milk, confectioners sugar, vanilla extract, caramels, water, pecans, sea salt, semi-sweet chocolate morsels, milk chocolate chips]",fudge
Kahlua-and-Cream-Fudge-1359754,Kahlua and Cream Fudge,4,2100.0,[Desserts],,"[granulated sugar, unsalted butter, heavy cream, Kahlua Liqueur, milk chocolate chips, chocolate chips, vanilla bean paste, marshmallows, white chocolate chips, milk]",fudge
Eggnog-Fudge-472348,Eggnog Fudge,5,3300.0,[Desserts],[Kid-Friendly],"[white sugar, salted butter, eggnog, chocolate bars, grated nutmeg, marshmallow creme, rum extract]",fudge
Pecan-Cocoa-Fudge-965080,Pecan Cocoa Fudge,4,1800.0,[Desserts],,"[sugar, cocoa powder, salt, milk, butter, vanilla, pecans]",fudge
Easy-Crockpot-Fudge-1277674,Easy Crockpot Fudge,3,2100.0,[Desserts],,"[dark chocolate chip, coconut milk, honey]",fudge
White-Chocolate-Fudge-Allrecipes_1,White Chocolate Fudge,4,5100.0,[Desserts],,"[cream cheese, confectioners sugar, vanilla extract, white chocolate, chopped pecans]",fudge
Homemade-chocolate-fudge-sauce-333977,Homemade Chocolate Fudge Sauce,5,1500.0,"[Desserts, Condiments and Sauces]",,"[sugar, cocoa, flour, salt, boiling water, butter, vanilla]",fudge
Chocolate-Cheese-Fudge-1341868,Chocolate Cheese Fudge,4,1800.0,[Desserts],,"[Velveeta, butter, vanilla extract, chopped nuts, powdered sugar, cocoa powder]",fudge
Hot-fudge-bourbon-milkshakes-333505,Hot Fudge Bourbon Milkshakes,5,1200.0,"[Beverages, Cocktails]",,"[vanilla ice cream, milk, vanilla extract, bourbon whiskey, fudge, heavy cream, sugar]",fudge
Chocolate-Fudge-1068003,Chocolate Fudge,4,7620.0,[Desserts],,"[sugar, evaporated milk, butter, salt, semi-sweet chocolate morsels, chopped nuts, vanilla extract, mini marshmallows]",fudge
5-Minute-Biscoff-Cinnamon-Bun-Fudge-1322663,5-Minute Biscoff Cinnamon Bun Fudge,4,300.0,[Desserts],,"[frosting, white chocolate chips, butter, vanilla, cookies]",fudge
Jalapeno-Fudge-1317906,Jalapeno Fudge,4,2700.0,,,"[cheddar cheese, eggs, jalapeno chilies, salt, pepper]",fudge
Chocolate-Fudge-Brownies-1376529,Chocolate Fudge Brownies,4,2100.0,[Desserts],,"[butter, flour, large eggs, sugar, brown sugar, melted butter, cocoa, vanilla extract, kosher salt]",fudge
Nutty-Salted-Dark-Chocolate-Fudge-1334647,Nutty Salted Dark Chocolate Fudge,3,2700.0,[Desserts],,"[unsalted butter, sweetened condensed milk, dark chocolate chip, sea salt flakes, macadamia nuts]",fudge
Absurdly-Easy-Chocolate-Fudge-1334941,Absurdly Easy Chocolate Fudge,3,2100.0,[Desserts],,"[butter, bittersweet chocolate, sweetened condensed milk, salt, chopped nuts]",fudge
Chocolate-Peanut-Butter-Fudge-1264084,Chocolate Peanut Butter Fudge,4,2400.0,[Desserts],,"[chocolate chunks, creamy peanut butter, xylitol sweetener, vanilla extract, sea salt]",fudge
Key-Lime-Fudge-550527,Key Lime Fudge,4,2400.0,[Desserts],,"[evaporated milk, granulated white sugar, salt, large marshmallows, white chocolate chips, lime zest, key lime juice]",fudge
Remarkable-Fudge-Allrecipes,Remarkable Fudge,4,2700.0,[Desserts],,"[butter, semi-sweet chocolate morsels, marshmallow creme, chopped walnuts, vanilla extract, evaporated milk, white sugar]",fudge
HOT-FUDGE-PIE-1165311,HOT FUDGE PIE,4,3000.0,[Desserts],,"[butter, sugar, eggs, vanilla, cocoa powder, salt, all-purpose flour]",fudge
Paleo-Pumpkin-Pie-Fudge-1354779,Paleo Pumpkin Pie Fudge,4,600.0,[Desserts],,"[pumpkin purée, coconut butter, pure maple syrup, cashew butter, coconut oil, pure vanilla extract, cinnamon, ground ginger, nutmeg, ground cloves, kosher salt]",fudge
Clean-Eating-Banana-Walnut-Fudge-898386,Clean Eating Banana Walnut Fudge,4,1800.0,[Desserts],,"[coconut oil, unsweetened cocoa powder, bananas, dates, vanilla extract, walnuts]",fudge
Sees-Copycat-Fudge-983676,See’s Copycat Fudge,4,2400.0,[Desserts],,"[semi-sweet chocolate morsels, marshmallow creme, butter, vanilla extract, pecans, white sugar, evaporated milk]",fudge
Fantasy-Fudge-Allrecipes,Fantasy Fudge,5,1500.0,[Desserts],,"[sugar, butter, evaporated milk, semisweet baking chocolate, marshmallow creme, walnuts, vanilla]",fudge
Fantasy-ish-fudge-308831,Fantasy-ish Fudge,5,3300.0,[Desserts],,"[semisweet chocolate, organic cane sugar, unsalted butter, lite coconut milk, marshmallow creme, vanilla extract, chopped walnuts]",fudge
Dous-Makos-_Haitian-Fudge_-1335951,Dous Makos (Haitian Fudge),3,300.0,[Desserts],,"[sugar, whole milk, sweetened condensed milk, butter, vanilla extract, anise, nutmeg, cinnamon, red food coloring, cocoa powder]",fudge
Aunt-Fern_s-Famous-Fudge-1062251,Aunt Fern's Famous Fudge,4,2100.0,[Desserts],,"[sugar, evaporated milk, salt, butter, semi-sweet chocolate morsels, marshmallow creme, chocolate bars, walnuts]",fudge
Butter-Cream-Cookies-With-Chocolate-Fudge-Icing-1372562,Butter Cream Cookies With Chocolate Fudge Icing,4,2100.0,[Desserts],,"[all-purpose flour, baking powder, salt, butter, sugar, large eggs, vanilla, unsweetened cocoa powder, confectioners sugar, milk, vanilla extract, espresso powder]",fudge
Foolproof-Chocolate-Fudge-1043688,Foolproof Chocolate Fudge,3,600.0,[Desserts],,"[chocolate baking bar, Nestle Carnation Sweetened Condensed Milk, chopped nuts, vanilla extract]",fudge
Chocolate-Pecan-Fudge-1108619,Chocolate Pecan Fudge,4,2700.0,[Desserts],,"[almond butter, coconut oil, maple syrup, cacao powder, vanilla, chopped pecans]",fudge
Easy-Chocolate-Fudge-1009767,Easy Chocolate Fudge,3,660.0,[Desserts],,"[semi-sweet chocolate morsels, Nestle Carnation Sweetened Condensed Milk, chopped walnuts, vanilla extract]",fudge
The-BEST-Hot-Fudge-1258459,The BEST Hot Fudge,4,420.0,[Desserts],,"[butter, powdered sugar, cocoa, evaporated milk]",fudge
Strawberry-Fudge-Allrecipes_1,Strawberry Fudge,3,8700.0,[Desserts],[Kid-Friendly],"[white sugar, water, cream of tartar, strawberry preserves, egg whites]",fudge
Healthy-Peanut-Butter-Fudge-731992,Healthy Peanut Butter Fudge,4,600.0,[Desserts],,"[peanut butter, bananas, pure vanilla extract, salt, coconut butter, powdered sugar]",fudge
Healthy-5-Ingredient-Cake-Batter-Freezer-Fudge-1249501,Healthy 5-Ingredient Cake Batter Freezer Fudge,4,2100.0,[Desserts],,"[cashew butter, coconut butter, pure maple syrup, vanilla extract, rainbow sprinkles]",fudge
Copycat-Sees-Candy-Fudge-1071534,Copycat See’s Candy Fudge,4,1800.0,[Desserts],,"[sugar, milk chocolate chips, margarine, vanilla, evaporated milk, marshmallow creme, walnuts]",fudge
Homemade-Fudge-Stripe-Cookies-_SecretRecipeClub-1368067,Homemade Fudge Stripe Cookies #SecretRecipeClub,4,3600.0,[Desserts],,"[all-purpose flour, baking soda, clarified butter, corn syrup, vanilla extract, chocolate]",fudge
Pumpkin-Fudge-Allrecipes_1,Pumpkin Fudge,4,3000.0,[Desserts],,"[white sugar, milk, light corn syrup, pumpkin purée, salt, pumpkin pie spice, vanilla extract, butter, chopped walnuts]",fudge
Creamy-Chocolate-Fudge-986464,Creamy Chocolate Fudge,3,3300.0,[Desserts],,"[unsalted butter, granulated sugar, heavy cream, unsweetened chocolate, light corn syrup, table salt]",fudge
Pumpkin-Espresso-Hazelnut-_Fudge_-1183221,"Pumpkin Espresso Hazelnut ""Fudge""",4,3000.0,[Desserts],,"[fudge, pumpkin purée, almond flour, almond milk, coconut oil, cocoa, maple syrup, espresso powder, cashew butter, hazelnuts]",fudge
Hot-Fudge-Brownies-1364152,Hot Fudge Brownies,4,2700.0,[Desserts],,"[brownie mix, heavy cream, light corn syrup, brown sugar, unsweetened cocoa powder, salt, chocolate chips, unsalted butter, vanilla extract, vanilla ice cream, cocktail cherries]",fudge
Peanut-Butter-Cup-Fudge-1356190,Peanut Butter Cup Fudge,4,1560.0,[Desserts],,"[granulated white sugar, evaporated milk, butter, marshmallows, semisweet chocolate, vanilla extract, peanut butter cups]",fudge
Cappuccino-Fudge-475100,Cappuccino Fudge,4,2400.0,[Desserts],,"[marshmallow creme, sugar, heavy cream, unsalted butter, instant coffee, ground cinnamon, salt, semi-sweet chocolate morsels]",fudge
Easy-Fudge-1271942,Easy Fudge,4,1500.0,[Desserts],,"[sugar, evaporated milk, butter, salt, milk chocolate chips, large marshmallows, vanilla extract, chopped nuts]",fudge
How-To-Make-Healthier-Fudge-For-The-Holidays-1299605,How To Make Healthier Fudge For The Holidays,4,1200.0,[Desserts],,"[unsweetened shredded dried coconut, cocoa powder, raw honey, vanilla extract, sea salt, peanut butter]",fudge
Penuche-Sugar-Fudge-Allrecipes,Penuche Sugar Fudge,4,2700.0,[Desserts],,"[brown sugar, heavy cream, butter, vanilla, chop fine pecan]",fudge
Pumpkin-pie-fudge-334300,Pumpkin Pie Fudge,5,2100.0,[Desserts],,"[sugar, evaporated milk, solid pack pumpkin, butter, salt, pumpkin pie spice, baking chips, mini marshmallows, chopped nuts, vanilla]",fudge
Best-Fudge-1017172,Best Fudge,4,1800.0,[Desserts],,"[cream, sweetened condensed milk, chocolate chips, unsweetened chocolate, vanilla extract]",fudge
Easy-Chocolate-Fudge-1072921,Easy Chocolate Fudge,4,2100.0,[Desserts],,"[chocolate chips, butter, sweetened condensed milk, vanilla]",fudge
Brown-Sugar-Fudge-898914,Brown Sugar Fudge,4,1800.0,[Desserts],,"[evaporated milk, brown sugar, unsalted butter, salt, vanilla extract, powdered sugar, toasted walnuts]",fudge
2-Ingredient-Strawberry-Fudge-673395,2 Ingredient Strawberry Fudge,4,1200.0,[Desserts],,"[frosting, candy]",fudge
5-Minute-Caramel-Apple-Fudge-1359725,5 Minute Caramel Apple Fudge,4,300.0,[Desserts],,"[white chocolate chips, frosting, butter, dried apple]",fudge
No-Bake-Chocolate-Fudge-Bites-_Low-Sugar_-Gluten-Free_-Dairy-Free_-1362524,"No-Bake Chocolate Fudge Bites (Low Sugar, Gluten Free, Dairy Free)",4,1200.0,[Desserts],,"[almond butter, honey, vanilla extract, cocoa powder, coconut flour]",fudge
Coconut-Oil-Fudge-1078274,Coconut Oil Fudge,4,2100.0,[Desserts],,"[coconut oil, cocoa powder, vanilla extract, raw honey, sea salt, peppermint]",fudge
Sea-Salt-Chocolate-Fudge-684716,Sea Salt Chocolate Fudge,4,1800.0,[Desserts],,"[semi-sweet chocolate morsels, sweetened condensed milk, vanilla extract, sea salt]",fudge
10-Minute-Homemade-Hot-Fudge-1341641,10 Minute Homemade Hot Fudge,4,900.0,[Desserts],,"[butter, evaporated milk, semi-sweet chocolate morsels, powdered sugar, vanilla]",fudge
Never-Fail-Fudge-902203,Never Fail Fudge,3,3300.0,[Desserts],,"[cane sugar, salt, butter, evaporated milk, Marshmallow Fluff, pure vanilla extract, semi-sweet chocolate pieces, walnuts]",fudge
Chocolate-Fudge-Martha-Stewart,Chocolate Fudge,4,6300.0,"[Lunch and Snacks, Desserts]",[American],"[unsalted butter, sugar, Valrhona Cocoa Powder, fine sea salt, light corn syrup, milk, unsweetened chocolate, pure vanilla extract]",fudge
No-cook-fudge-344662,No Cook Fudge,5,900.0,[Desserts],,"[coconut butter, peanut butter, bananas, raw cacao powder, agave nectar, vanilla extract, cinnamon, sea salt]",fudge
Fudge-Brownie-Cake-1200691,Fudge Brownie Cake,3,3900.0,[Desserts],,"[chocolate cake mix, fudge brownie mix, icing, eggs, water, oil, brownie mix]",fudge
Peppermint-Fudge-1037568,Peppermint Fudge,4,3000.0,[Desserts],,"[dark chocolate, coconut cream, vanilla extract, sea salt, stevia, candy]",fudge
Maple-Walnut-Fudge-482135,Maple-Walnut Fudge,4,2700.0,[Desserts],[American],"[light brown sugar, evaporated milk, unsalted butter, powdered sugar, vanilla extract, maple flavoring, chopped walnuts]",fudge
Paleo-Dark-Chocolate-Fudge-Brownies-1322309,Paleo Dark Chocolate Fudge Brownies,4,2580.0,[Desserts],,"[coconut oil, dark chocolate, coconut sugar, large eggs, vanilla extract, coconut flour, salt]",fudge
Five-Minute-Fudge-1285217,Five Minute Fudge,4,300.0,[Desserts],,"[semi-sweet chocolate morsels, butterscotch chips, sweetened condensed milk, vanilla]",fudge
Nutty-White-Fudge-TasteOfHome,Nutty White Fudge,5,1200.0,[Desserts],,"[cream cheese, milk, confectioners sugar, baking chocolate, vanilla extract, salt, chopped walnuts]",fudge
My-Never_ever_fail-Chocolate-Fudge-Epicurious,My Never-Ever-Fail Chocolate Fudge,4,4500.0,[Desserts],[American],"[semisweet chocolate, toasted walnuts, unsalted butter, pure vanilla extract, large marshmallows, sugar, evaporated milk]",fudge
Cookies-and-Cream-Fudge-Tart-1370271,Cookies and Cream Fudge Tart,4,3900.0,[Desserts],,"[cream filled chocolate sandwich cookies, butter, dark chocolate, eggs, heavy cream, sugar, vanilla, salt, cool whip, colored sprinkles]",fudge
Eggnog-Fudge-482500,Eggnog Fudge,4,30600.0,[Desserts],,"[rum extract, marshmallow creme, grated nutmeg, eggnog, white chocolate, granulated sugar, unsalted butter, salt]",fudge
Three-Ingredient-Peanut-Butter-Fudge-1212675,Three-Ingredient Peanut Butter Fudge,3,300.0,[Desserts],,"[peanut butter, maple syrup, coconut butter, protein powder, vanilla extract]",fudge
The-Ultimate-Sugar-Free-Fudge_-1329414,The Ultimate Sugar-Free Fudge!,4,1500.0,[Desserts],,"[cocoa, sugar free chocolate chips, sugar, milk, butter, extract]",fudge
Halloween-Fudge-1317197,Halloween Fudge,4,2400.0,[Desserts],,"[sweetened condensed milk, food colouring, semi-sweet chocolate morsels, white chocolate chips, butter, vanilla]",fudge
Ginger-Fudge-943950,Ginger Fudge,4,7500.0,[Desserts],,"[carnation, butter, candied ginger, gingersnap cookies, mini marshmallows]",fudge
Eggnog-Fudge-629584,Eggnog Fudge,3,1800.0,[Desserts],,"[butter, heavy whipping cream, eggnog, sugar, white chocolate chips, marshmallow creme, nutmeg, vanilla extract]",fudge
Candy-Cane-Fudge-479763,Candy Cane Fudge,5,120.0,[Desserts],,"[candy canes, sweetened condensed milk, salted butter]",fudge
Easiest-Peanut-Butter-Fudge-Allrecipes,Easiest Peanut Butter Fudge,5,4800.0,[Desserts],,"[butter, brown sugar, milk, peanut butter, vanilla extract, confectioners sugar]",fudge
Tootsie-Roll-Fudge-1261845,Tootsie Roll Fudge,4,900.0,[Desserts],,"[butter, Tootsie Rolls, peanut butter, confectioners sugar, milk, vanilla extract, chopped pecans]",fudge
Mama_s-Fudge-My-Recipes,Mama's Fudge,4,2700.0,[Desserts],[American],"[sugar, milk, unsweetened cocoa powder, corn syrup, salt, butter, vanilla extract]",fudge
Chena-Sondesh_Curdle-Milk-Fudge-1358449,Chena Sondesh/Curdle Milk Fudge,4,3600.0,[Desserts],,"[milk, lemon juice, sugar, saffron threads, pistachios]",fudge
Rainbow-Fudge-1206354,Rainbow Fudge,3,9000.0,[Desserts],,"[white chocolate chips, sweetened condensed milk, vanilla extract, salt, food gel, orange]",fudge
Chocolate-Fudge-1066450,Chocolate Fudge,4,1800.0,[Desserts],,"[granulated sugar, milk, salted butter, chocolate, coated chocolates]",fudge
Hot-Fudge-Sauce-441528,Hot Fudge Sauce,5,1200.0,[Condiments and Sauces],,"[unsweetened chocolate, sugar, light corn syrup, unsalted butter, vanilla extract, kosher salt, water]",fudge
Peanut-Butter-Fudge-1030182,Peanut Butter Fudge,4,15000.0,[Desserts],,"[creamy peanut butter, unsalted butter, vanilla extract, salt, confectioners sugar, chocolate chips]",fudge
Banting-Chocolate-Fudge-1321733,Banting Chocolate Fudge,4,1500.0,[Desserts],,"[sunflower seeds, coconut oil, xylitol sweetener, cacao powder, dry coconut, roasted hazelnuts, vanilla essence]",fudge
Christmas-Maple-Fudge-Allrecipes,Christmas Maple Fudge,3,960.0,[Desserts],[Kid-Friendly],"[white sugar, brown sugar, heavy cream, maple flavored extract, butter]",fudge
5-Minute-Microwave-Nutella-Fudge-1104780,5 Minute Microwave Nutella Fudge,4,2400.0,[Desserts],,"[Nutella, semi-sweet chocolate morsels, condensed milk, chopped hazelnuts]",fudge
Pistachio-Fudge-Allrecipes,Pistachio Fudge,4,8400.0,[Desserts],,"[evaporated milk, white sugar, butter, marshmallow creme, white almond bark, pistachio nuts, vanilla extract, color food green]",fudge
Chai-Tea-Fudge-1321872,Chai Tea Fudge,4,1200.0,[Desserts],,"[evaporated milk, tea bags, butter, sugar, white chocolate chips, vanilla, marshmallow creme]",fudge
Skinny-Peppermint-Fudge-931491,Skinny Peppermint Fudge,4,2400.0,[Desserts],,"[cooking spray, semi-sweet chocolate morsels, fat free milk, candy]",fudge
White-Chocolate-Cranberry-Fudge-1297324,White Chocolate Cranberry Fudge,4,2100.0,[Desserts],,"[sugar, sour cream, unsalted butter, salt, white chocolate chips, marshmallow creme, vanilla extract, dried cranberries]",fudge
Classic-Chocolate-Fudge-1170558,Classic Chocolate Fudge,4,1200.0,[Desserts],,"[granulated sugar, butter, evaporated milk, semi-sweet chocolate morsels, large marshmallows, vanilla, chopped walnuts]",fudge
Old-Fashioned-Brown-Sugar-Fudge-895136,Old-Fashioned Brown Sugar Fudge,3,3000.0,[Desserts],,"[brown sugar, evaporated milk, light corn syrup, vanilla, chopped nuts, butter]",fudge
Cookies-n_-Cream-Oreo-Fudge-Ice-Cream-1264844,Cookies n' Cream Oreo Fudge Ice Cream,4,36600.0,[Desserts],,"[half & half, heavy cream, vanilla, sugar, OREO® Cookies, hot fudge topping]",fudge
S_More-Sundaes-w_Homemade-Hot-Fudge-1289284,S'More Sundaes w/Homemade Hot Fudge,4,1800.0,[Desserts],,"[fudge, heavy cream, Karo Corn Syrup, dark brown sugar, cocoa powder, salt, dark chocolate chip, butter, pure vanilla extract]",fudge
Fudge-popsicles-305404,Fudge Popsicles,5,2100.0,[Desserts],,"[semi-sweet chocolate morsels, sugar, corn starch, unsweetened cocoa powder, whole milk, salt, vanilla extract, unsalted butter]",fudge
Easy-Caramel-Fudge-1320505,Easy Caramel Fudge,4,2100.0,[Desserts],,"[butter, brown sugar, milk, vanilla, confectioners sugar, chopped nuts]",fudge
White-hot-fudge-335697,White Hot Fudge,5,1800.0,[Desserts],,"[marshmallow creme, white chocolate, light corn syrup, heavy cream, sea salt, vanilla bean paste]",fudge
Peanut-Butter-Fudge-475336,Peanut Butter Fudge,0,,[Desserts],,"[unsalted butter, creamy peanut butter, vanilla extract, confectioners sugar]",fudge
Pumpkin-Spice-Freezer-Fudge-1339464,Pumpkin Spice Freezer Fudge,4,3600.0,[Desserts],,"[almond butter, coconut oil, organic pumpkin purée, pumpkin pie spice, maple syrup, dark chocolate]",fudge
Maple-Walnut-Fudge-1193560,Maple-Walnut Fudge,3,1500.0,[Desserts],,"[light brown sugar, Marshmallow Fluff, evaporated milk, unsalted butter, salt, white chocolate chips, walnuts, maple extract]",fudge
Christmas-Butter-Fudge-MyRecipes-212457,Christmas Butter Fudge,4,,[Desserts],,"[sugar, milk, butter, salt, vanilla extract, candied cherries, pistachios]",fudge
Oreo-hot-fudge-sauce-308151,Oreo Hot Fudge Sauce,5,900.0,[Condiments and Sauces],,"[unsalted butter, semisweet chocolate, dark chocolate cocoa powder, sugar, honey, boiling water, salt]",fudge
Dark-_-Spicy-Fudge-1331655,Dark & Spicy Fudge,4,1320.0,[Desserts],,"[butter, granulated sugar, evaporated milk, dark chocolate, marshmallows, cinnamon, cayenne]",fudge
Crispy-Fudge-AllRecipes-37726,Crispy Fudge,4,3000.0,[Desserts],,"[butter, corn syrup, semi-sweet chocolate morsels, vanilla extract, powdered sugar, Rice Krispies Cereal]",fudge
Three-Ingredient-Mars-Bar-Fudge-1191763,Three Ingredient Mars Bar Fudge,4,22800.0,[Desserts],,"[milk chocolate, condensed milk, Mars Candy Bars]",fudge
Chewy-Fudge-Brownies-1354877,Chewy Fudge Brownies,4,2400.0,[Desserts],,"[chocolate, unsalted butter, baking soda, tapioca starch, cassava root flour, eggs, salt, vanilla extract, coconut sugar]",fudge
Mocha-fudge-364830,Mocha Fudge,4,1800.0,[Desserts],,"[semi-sweet chocolate morsels, milk chocolate chips, milk, sweetened condensed milk, instant coffee, vanilla, nuts]",fudge
Strawberry-Lemonade-Fudge-1142225,Strawberry Lemonade Fudge,4,2700.0,[Desserts],,"[white almond bark, sweetened condensed milk, lemon extract, freeze-dried strawberries]",fudge
Peanut-Butter-Fudge-Pie-1358719,Peanut Butter Fudge Pie,4,4620.0,[Desserts],,"[all-purpose flour, granulated sugar, butter, cold water, peanut butter, light brown sugar, light corn syrup, eggs, rolled oats]",fudge
Creamy-Peanut-Butter-Fudge-755481,Creamy Peanut Butter Fudge,4,1800.0,[Desserts],,"[butter, creamy peanut butter, vanilla, powdered sugar]",fudge
Chocolate-Pumpkin-Fudge-6-ingredients-1330478,Chocolate Pumpkin Fudge – 6 ingredients,4,1500.0,[Desserts],,"[pumpkin purée, coconut butter, pure maple syrup, cocoa powder, pure vanilla extract, salt]",fudge
Easy-Chocolate-Fudge-772468,Easy Chocolate Fudge,4,2100.0,[Desserts],,"[chocolate chips, butter, sweetened condensed milk, vanilla]",fudge
Coconut-Raspberry-Fudge-1043682,Coconut Raspberry Fudge,4,3300.0,[Desserts],,"[coconut oil, honey, raspberries, protein powder, unsweetened cocoa powder, vanilla extract]",fudge
Kahlua-hot-fudge-333138,Kahlua Hot Fudge,4,1800.0,[Desserts],,"[unsweetened cocoa powder, sugar, brown sugar, whipped cream, kahlua, butter, vanilla]",fudge
5-Ingredient-Avocado-Fudge-Bites-1232479,5 Ingredient Avocado Fudge Bites,4,2100.0,[Desserts],,"[avocado, coconut butter, pure maple syrup, pure vanilla extract, salt]",fudge
Fudge-Brownie-Surprise-Cupcakes-1334996,Fudge Brownie Surprise Cupcakes,3,900.0,[Desserts],,"[fudge brownie mix, peanuts, chocolate, vanilla frosting, candy]",fudge
Hot-Fudge-Sundae-Profiteroles-1322105,Hot Fudge Sundae Profiteroles,4,3900.0,[Desserts],,"[butter, milk, salt, flour, eggs, cinnamon, whipped cream, powdered milk, warm water, mini marshmallows, chocolate chips]",fudge
Candy-Cane-Fudge-Allrecipes,Candy Cane Fudge,4,8400.0,[Desserts],[Kid-Friendly],"[baking chips, sweetened condensed milk, peppermint extract, candy canes, color food green]",fudge
Peppermint-Marshmallow-Fudge-486111,Peppermint Marshmallow Fudge,4,1800.0,[Desserts],,"[dark chocolate chip, sweetened condensed milk, butter, peppermint extract, mini marshmallows, candy canes]",fudge
Marshmallow-Crisp-Fudge-1052653,Marshmallow Crisp Fudge,4,2100.0,[Desserts],,"[semi-sweet chocolate morsels, sweetened condensed milk, vanilla, mini marshmallows, crispy rice cereal]",fudge
Fantastic-fudge-350469,Fantastic Fudge,3,2700.0,[Desserts],,"[sugar, evaporated milk, butter, semi-sweet chocolate pieces, marshmallow creme, vanilla, walnuts]",fudge
No-Bake-Cookie-Dough-Fudge-1073560,No-Bake Cookie Dough Fudge,4,1200.0,[Desserts],,"[light brown sugar, vanilla extract, unsalted butter, milk, all-purpose flour, chocolate chips, confectioners sugar]",fudge
Buttermilk-Fudge-with-Orange-_-Rosemary-961834,Buttermilk Fudge with Orange & Rosemary,4,3900.0,[Desserts],,"[sugar, buttermilk, honey, salt, orange zest, rosemary leaves, sea salt, candy]",fudge
Sinfully-Low-Fat-Milk-Chocolate-Fudge-With-Walnuts-1364495,Sinfully Low-Fat Milk Chocolate Fudge With Walnuts,3,1800.0,[Desserts],,"[marshmallow creme, sugar, evaporated milk, unsalted butter, salt, milk chocolate chips, semi-sweet chocolate morsels, chopped walnuts, almond extract]",fudge
Easy-Orange-Microwave-Fudge-1004855,Easy Orange Microwave Fudge,4,1500.0,[Desserts],,"[sweetened condensed milk, white chocolate chips, butter, orange extract, orange food coloring]",fudge
Cream-Cheese-Fudge_-1100430,Cream Cheese Fudge!,4,1800.0,[Desserts],,"[cream cheese, semi-sweet chocolate morsels, confectioners sugar, vanilla, chopped walnuts]",fudge
Keto-Peanut-Butter-Fudge-Bars-1348197,Keto Peanut Butter Fudge Bars,3,2700.0,[Desserts],,"[almond flour, butter, cinnamon, erythritol, salt, heavy cream, peanut butter, vanilla extract, xanthan gum, chocolate]",fudge
Creamy-Chocolate-Fudge-470423,Creamy Chocolate Fudge,4,3600.0,[Desserts],,"[unsalted butter, granulated sugar, heavy cream, unsweetened chocolate, light corn syrup, table salt]",fudge
Hazelnut-Truffle-Fudge-967972,Hazelnut Truffle Fudge,4,3600.0,[Desserts],,"[unsalted butter, bittersweet chocolate, heavy cream, Nutella, fine salt, roasted hazelnuts]",fudge
Eggnog-Fudge-MyRecipes-223122,Eggnog Fudge,4,3900.0,[Desserts],,"[sugar, eggnog, butter, light corn syrup, chopped pecans, slivered almonds, candied cherries]",fudge
Apple-Fudge-Crumble-Tray-Bake-1316238,Apple Fudge Crumble Tray Bake,4,4800.0,[Desserts],,"[butter, muscovado sugar, plain flour, baking powder, bicarb, milk, walnuts, large eggs, Bramley apples, cinnamon, light brown muscavado sugar, demerara sugar, fudge]",fudge
Eatmore-Fudge-Squares-622589,‘Eatmore’ Fudge Squares,3,3000.0,[Desserts],,"[pitted date, almonds, walnuts, unsweetened cocoa powder, bananas, almond butter, honey]",fudge
Cookies-_n_-Creme-Fudge-AllRecipes,Cookies 'n' Creme Fudge,5,2700.0,[Desserts],,"[white chocolate, sweetened condensed milk, salt, chocolate]",fudge
Latte-Fudge-969012,Latte Fudge,3,1500.0,[Desserts],,"[sugar, light cream, espresso powder, corn syrup, ground cinnamon, butter, vanilla, chopped hazelnuts, semisweet chocolate, coffee beans]",fudge
Homemade-Fluffernutter-Fudge-1300844,Homemade Fluffernutter Fudge,4,3300.0,[Desserts],,"[peanut butter chips, sweetened condensed milk, vanilla, butter, mini marshmallows, peanuts]",fudge
Fudge-Puddles-1274527,Fudge Puddles,3,2700.0,[Desserts],,"[butter, creamy peanut butter, sugar, light brown sugar, large eggs, vanilla extract, all-purpose flour, baking soda, salt, fudge, milk chocolate chips, semi-sweet chocolate morsels, sweetened condensed milk, peanuts]",fudge
2-Ingredient-Fudge-1276013,2 Ingredient Fudge,4,2700.0,[Desserts],,"[chocolate chips, chocolate frosting]",fudge
Biscoff-Fudge_-baby_-996004,"Biscoff Fudge, baby!",4,1500.0,[Desserts],,"[sugar, margarine, evaporated milk, vanilla, Biscoff Creamy Spread, marshmallow creme]",fudge
Three-Ingredient-No-Bake-Clinkers-Fudge-1246800,Three Ingredient No Bake Clinkers Fudge,4,22500.0,[Desserts],,"[milk chocolate, condensed milk]",fudge
Healthy-Paleo-Gluten-Free-Fudge-760668,Healthy Paleo Gluten Free Fudge,4,2400.0,[Desserts],,"[unsweetened chocolate, virgin coconut oil, dates, cream, pure vanilla extract, Dutch-processed cocoa powder, medjool date]",fudge
Salted-Almond-Butter-Freezer-Fudge-1174193,Salted Almond Butter Freezer Fudge,4,900.0,[Desserts],,"[almond butter, virgin coconut oil, pure maple syrup, sea salt, unsweetened cocoa powder, maldon sea salt]",fudge
White-Christmas-Fudge-Allrecipes,White Christmas Fudge,1,9900.0,[Desserts],,"[white sugar, water, egg whites, corn syrup, vanilla extract, pecans]",fudge
Chocolate-Fudge-Filling-1363737,Chocolate Fudge Filling,4,2700.0,[Desserts],,"[dark chocolate, full fat coconut milk, coconut oil, avocado, maple syrup, pure vanilla extract, sea salt, non dairy milk, raw cashews, dried apricot, ground cardamom, water]",fudge
Fantasy-Fudge-850242,Fantasy Fudge,4,1800.0,[Desserts],,"[evaporated milk, sugar, butter, marshmallow creme, chocolate chips, vanilla extract, whole cashews]",fudge
Almond-Coconut-Fudge-Recipe-_Paleo_-Primal_-Dairy-Free_-939635,"Almond Coconut Fudge Recipe (Paleo, Primal, Dairy Free)",4,2400.0,[Desserts],,"[unsweetened shredded dried coconut, cocoa powder, maple syrup, vanilla extract, almond extract, sea salt, almonds]",fudge
Nutella-Fudge-Brownies-1333763,Nutella Fudge Brownies,4,600.0,[Desserts],,"[Nutella, eggs, flour, nuts]",fudge
Easy-3-Ingredient-Healthy-Fudge-1095712,Easy 3 Ingredient Healthy Fudge,4,1200.0,[Desserts],,"[coconut oil, honey, cocoa powder]",fudge
Velveeta-Fudge-1060519,Velveeta Fudge,4,600.0,[Desserts],,"[Velveeta, butter, unsweetened chocolate, light corn syrup, powdered sugar, Planters Pecans, vanilla]",fudge
_Healthy_-No-Cook-Fudge-with-Peanut-Butter-1180408,(Healthy) No-Cook Fudge with Peanut Butter,4,3600.0,[Desserts],,"[peanut butter, coconut oil, unsweetened chocolate, coconut nectar, vanilla extract, sea salt]",fudge
Homemade-Yummy-Fudge-Allrecipes,Homemade Yummy Fudge,4,5400.0,[Desserts],,"[cream cheese, salt, vanilla extract, confectioners sugar, unsweetened chocolate, chopped walnuts]",fudge
Coconut-Oil-Fudge-1360485,Coconut Oil Fudge,4,1200.0,[Desserts],,"[bananas, coconut oil, cacao powder]",fudge
Pumpkin-Fudge-Allrecipes,Pumpkin Fudge,4,3000.0,[Desserts],[Kid-Friendly],"[butter, white sugar, evaporated milk, white chocolate chips, marshmallow creme, solid pack pumpkin, ground cinnamon, vanilla extract]",fudge
Microwave-Peanut-Butter-Fudge-topped-with-Chocolate-_-Mini-Peanut-Butter-Cups-1361151,Microwave Peanut Butter Fudge topped with Chocolate & Mini Peanut Butter Cups,4,900.0,[Desserts],,"[butter, creamy peanut butter, vanilla extract, powdered sugar, chocolate, miniature peanut butter cups]",fudge
Homemade-hot-fudge-sauce-369313,Homemade Hot Fudge Sauce,5,900.0,[Condiments and Sauces],,"[heavy cream, light corn syrup, dark brown sugar, Dutch-processed cocoa powder, salt, bittersweet chocolate, unsalted butter, pure vanilla extract]",fudge
Simple-Low-Cal-Caramel-Fudge-Squares-1354047,Simple Low-Cal Caramel Fudge Squares,3,1500.0,[Desserts],,"[dulce de leche, white chocolate, coarse sea salt]",fudge
Opera-Fudge-Martha-Stewart,Opera Fudge,4,,[Desserts],,"[unsalted butter, granulated sugar, light cream, pure vanilla extract, unsweetened baking chocolate]",fudge
Mocha-coconut-fudge-333456,Mocha Coconut Fudge,5,4800.0,[Desserts],,"[semisweet chocolate, baking chocolate, sweetened condensed milk, espresso powder, vanilla extract, coconut extract, coconut oil, flaked coconut]",fudge
Peanut-butter-white-chocolate-fudge-298647,Peanut Butter White Chocolate Fudge,4,7860.0,[Desserts],,"[white chocolate chips, Skippy Creamy Peanut Butter, chopped walnuts]",fudge
Best-Fudge-608051,Best Fudge,3,2100.0,[Desserts],,"[granulated sugar, butter, evaporated milk, dark chocolate, marshmallow creme, vanilla, nuts]",fudge
Three-Ingredient-M_M-Fudge-1328058,Three Ingredient M&M Fudge,4,3000.0,[Desserts],,"[semi-sweet chocolate morsels, sweetened condensed milk, mini m&ms]",fudge
Peanut-Butter-Fudge-1300801,Peanut Butter Fudge,4,2400.0,[Desserts],,"[sugar, evaporated milk, butter, creamy peanut butter, marshmallow creme, peanuts, vanilla]",fudge
Peppermint-Patty-Fudge-1345931,Peppermint Patty Fudge,4,1800.0,[Desserts],,"[white chocolate chips, sweetened condensed milk, butter, peppermint, dark chocolate, baking chips]",fudge
Two-Minute-Microwave-Fudge-1026676,Two Minute Microwave Fudge,4,1200.0,[Desserts],,"[powdered sugar, cocoa, salt, milk]",fudge
Pinktober-Special-4-Ingredient-Strawberry-Pedas_-Strawberry-Fudge-1352622,Pinktober Special 4 Ingredient Strawberry Pedas/ Strawberry Fudge,4,3000.0,[Desserts],,"[khoa, sugar, strawberry syrup, milk]",fudge
Salted-Caramel-Chocolate-Fudge-1346699,Salted Caramel Chocolate Fudge,4,900.0,[Desserts],,"[sweetened condensed milk, semi-sweet chocolate morsels, butter, Kraft Caramels, coarse sea salt]",fudge
Buttermilk-Pecan-Fudge-Chunk-Ice-Cream-Profiteroles-1374396,Buttermilk Pecan Fudge Chunk Ice Cream Profiteroles,4,3000.0,[Desserts],,"[fudge, sweetened condensed milk, vanilla extract, heavy cream, pecans, sugar, buttermilk, unsalted butter, honey, salt, liquid smoke, sea salt flakes, water, butter, plain flour, eggs, dark chocolate]",fudge
10-Minute-Buckeye-Fudge-1289150,10 Minute Buckeye Fudge,4,2100.0,[Desserts],,"[unsweetened cocoa powder, unsweetened cashewmilk, agave nectar, Truvía® natural sweetener, vanilla extract, peanut flour]",fudge
Tuxedo-Fudge-899778,Tuxedo Fudge,4,3300.0,[Desserts],,"[granulated sugar, salt, butter, white corn syrup, milk, vanilla extract, sweetened coconut flakes, unsweetened cocoa powder, pecans]",fudge
Skittles-Rainbow-Fudge-Recipe-Taste-The-Rainbow-1037954,Skittles Rainbow Fudge Recipe Taste The Rainbow,4,900.0,[Desserts],,"[white cake mix, powdered sugar, fudge, butter, milk]",fudge
Brown-Sugar-Penuche-Fudge-_Recipe_-975661,Brown Sugar Penuche Fudge {Recipe},4,1500.0,[Desserts],,"[light brown sugar, butter, milk, vanilla]",fudge
Twix-Fudge-625164,Twix Fudge,3,2100.0,[Desserts],,"[cookie crumbs, butter, milk chocolate chips, chocolate frosting]",fudge
Oatmeal-Fudge-Bars-1365070,Oatmeal Fudge Bars,4,7200.0,"[Desserts, Afternoon Tea]",,"[quick-cooking oats, light brown sugar, all-purpose flour, baking powder, baking soda, salt, unsalted butter, instant espresso powder, semi-sweet chocolate morsels, eggs]",fudge
Soft-_-Creamy-Vanilla-Fudge-1306557,Soft & Creamy Vanilla Fudge,4,1800.0,[Desserts],,"[demerara sugar, milk, double cream, butter, glucose, extract]",fudge
4-Minute-Peanut-Butter-Fudge-998962,4-Minute Peanut Butter Fudge,4,1800.0,[Desserts],,"[unsalted butter, creamy peanut butter, vanilla extract, confectioners sugar]",fudge
Easy-Creamy-Vanilla-Fudge-Allrecipes,Easy Creamy Vanilla Fudge,3,2100.0,[Desserts],,"[confectioners sugar, butter, milk, vanilla extract, salt]",fudge
Triple-Chocolate-Fudge-Brownies-1342541,Triple Chocolate Fudge Brownies,4,4500.0,[Desserts],,"[butter, sugar, cocoa powder, salt, vanilla, eggs, flour, baking powder, white chocolate chips, semi-sweet chocolate morsels]",fudge
2-ingredient-Mint-Fudge-1279063,2 ingredient Mint Fudge,4,2700.0,[Desserts],,"[mint baking chips, chocolate frosting]",fudge
Chocolate-Peanut-Butter-Fudge-1081255,Chocolate Peanut Butter Fudge,4,1500.0,[Desserts],,"[butter, milk, vanilla extract, powdered sugar, cocoa powder, salt, peanut butter]",fudge
