id,recipeName,rating,totalTimeInSeconds,course,cuisine,ingredients
Classic-buttered-lobster-rolls-334281,Classic Buttered Lobster Rolls,5,1800.0,,,"[lobster meat, celery, unsalted butter, kosher salt, cracked black pepper, hot dog bun]"
Red-Lobster-Inspired-Broiled-Lobster-Tails-1168987,Red Lobster-Inspired Broiled Lobster Tails,3,1800.0,,,"[lobster tails, butter, dried rosemary, dried thyme, white wine vinegar]"
Champagne-Lobster-Allrecipes,Champagne Lobster,3,2100.0,,,"[water, onions, garlic, red pepper flakes, sea salt, champagne, lobster]"
Simple-Grilled-Whole-Lobster-512938,Simple Grilled Whole Lobster,5,,,,"[lobster, melted butter, lemon juice, salt, ground pepper, minced garlic]"
Grilled-Lobster-Tails-1242114,Grilled Lobster Tails,4,1500.0,,[Barbecue],"[lobster tails, butter, garlic, fresh thyme, ground pepper, salt]"
Boiled-Lobster-My-Recipes,Boiled Lobster,4,2400.0,[Main Dishes],[American],"[water, salt, lobster, butter]"
Lobster-Chowder-970725,Lobster Chowder,3,3000.0,[Soups],,"[unsalted butter, onions, russet potatoes, broth, sea salt, ground black pepper, lobster claws, evaporated milk, dried basil, milk]"
Lobster-Mac-and-Cheese-1374266,Lobster Mac and Cheese,3,3300.0,[Main Dishes],,"[elbow pasta, butter, garlic, lobster meat, fresh parsley, bread crumbs, flour, whole milk, sharp white cheddar cheese, gruyere cheese, fontina cheese, brie cheese, mustard powder, cayenne, salt, pepper]"
How-to-make-lobster-steak-306777,How to Make Lobster Steak,5,5400.0,[Main Dishes],,"[lobster, shrimp, softened butter, chives, lemon zest, pepper, salt, wondra flour]"
Steamed-Lobster-My-Recipes,Steamed Lobster,4,2100.0,[Main Dishes],[American],"[water, salt, lobster]"
Lobster-Dinner-1070669,Lobster Dinner,4,1800.0,[Main Dishes],,"[lobster, butter, Equal Sweetener, new potatoes, ear of corn]"
Broiled-Lobster-Martha-Stewart,Broiled Lobster,2,2400.0,[Main Dishes],,"[ground black pepper, coarse salt, lobster, unsalted butter, chopped parsley, chives, maldon sea salt, lemon wedge]"
Lobster-Stock-1324124,Lobster Stock,3,,,,"[butter oil, yellow onion, celery, leeks, lobster, shells, dry white wine]"
Lobster-Cakes-1269381,Lobster Cakes,4,1800.0,[Main Dishes],,"[lobster, unseasoned breadcrumbs, finely chopped onion, chopped parsley, milk, eggs, worcestershire sauce, lemon juice, butter, red pepper, garlic]"
Creamy-Crockpot-Lobster-Bisque-1346145,Creamy Crockpot Lobster Bisque,3,15300.0,[Soups],,"[butter, onions, garlic, flour, dried parsley, salt, pepper, celery salt, ginger, sweet paprika, nutmeg, crushed red pepper flakes, cinnamon, sherry, chicken broth, heavy whipping cream, lobster]"
Savory-Lobster-Artichoke-Dip-1354936,Savory Lobster Artichoke Dip,3,900.0,[Appetizers],,"[cream cheese, butter, lobster meat, artichokes, shredded parmesan cheese, sour cream, diced tomatoes, crumbled goat cheese]"
Lobster-diavolo-327815,Lobster Diavolo,5,3000.0,[Main Dishes],,"[roma tomatoes, olive oil, garlic, red pepper flakes, salt, lobster, spaghetti, chopped fresh mint]"
Lobster-ceviche-302288,Lobster Ceviche,5,2100.0,[Appetizers],,"[lobster, kosher salt, shallots, chopped cilantro fresh, jalapeno chilies, juice, lime, extra-virgin olive oil]"
Broiled-Lobster-Tails-968711,Broiled Lobster Tails,4,1560.0,,,"[lobster tails, butter, lemon juice, lemon pepper, salt]"
Perfectly-Steamed-Lobster-608543,Perfectly Steamed Lobster,3,2400.0,[Main Dishes],,"[lobster, unsalted butter]"
LOBSTER-ROLL-781322,LOBSTER ROLL,4,2400.0,,,"[lobster, mayonnaise, lemon, chives, kosher salt, buns]"
Lobster-Mac-and-Cheese-1337649,Lobster Mac and Cheese,4,3600.0,[Main Dishes],,"[shell pasta, lobster meat, butter, milk, flour, shredded parmesan cheese, shredded sharp cheddar cheese, gruyere cheese, shredded asiago cheese, salt, plain breadcrumbs]"
Butter-poached-lobster-with-fresh-tomatoes-308455,Butter Poached Lobster with Fresh Tomatoes,5,1500.0,[Main Dishes],,"[lobster, water, salted butter, garlic, tomatoes, fresh basil leaves]"
Grilled-Lobster-Tails-with-Sriracha-Butter-1111922,Grilled Lobster Tails with Sriracha Butter,3,1800.0,,[Barbecue],"[lobster tails, Land O Lakes® Butter, Sriracha, chopped fresh chives, lemon wedge]"
Lobster-Risotto-458681,Lobster Risotto,5,4200.0,[Main Dishes],,"[unsalted butter, leeks, cognac, lobster, meat, olive oil, fennel, garlic cloves, arborio rice, lemon zest, white wine, lobster stock, fresh chervil, salt]"
Lobster-Soup-Allrecipes,Lobster Soup,4,1800.0,[Soups],,"[margarine, all-purpose flour, chicken broth, lobster meat, milk, onions, celery flakes, fresh parsley, ground black pepper, salt, light cream]"
Lobster-Paella-458257,Lobster Paella,5,,[Main Dishes],[Spanish],"[salt, lobster, olive oil, yellow onion, garlic cloves, fennel bulb, rice, pernod, saffron, lemon juice, pepper, freshly ground pepper, flat leaf parsley, fresh tarragon, lemon]"
Maine-Coast-Lobster-Rolls-1081993,Maine Coast Lobster Rolls,3,1200.0,,,"[lobster meat, celery, Hellmann's® Real Mayonnaise, hot dog rolls, paprika, capers, butter]"
Lobster-cakes-324854,Lobster Cakes,3,3300.0,[Main Dishes],,"[lobster meat, mayonnaise, eggs, plain breadcrumbs, worcestershire sauce, dijon mustard, fresh parsley, black pepper, kosher salt, butter, vegetable oil]"
Creamy-Lobster-Pappardelle-1245239,Creamy Lobster Pappardelle,3,1740.0,[Main Dishes],,"[pappardelle, dry white wine, chicken stock, thyme sprig, lobster tails, extra-virgin olive oil, kosher salt, ground black pepper, heavy whipping cream, fresh parsley, fresh thyme leaves]"
Lobster-Boil-Serious-Eats-200376,Lobster Boil,5,3300.0,[Main Dishes],,"[butter, onions, potatoes, kielbasa, corn, clams, beer, lobster]"
Lobster-Dip-Allrecipes,Lobster Dip,5,600.0,[Appetizers],,"[lobster meat, minced onion, lemon juice, cream cheese, butter, prepared horseradish]"
Lobster-rolls-305538,Lobster Rolls,5,1500.0,,,"[lobster meat, celery ribs, mayonnaise, lemon juice, kosher salt, hot dog bun, unsalted butter, fresh chives]"
Lobster-Bisque-967835,Lobster Bisque,4,2400.0,[Soups],,"[lobster tails, butter, white onion, celery, San Marzano Crushed Tomatoes, garlic, all-purpose flour, seafood stock, whipping cream, thyme, creole seasoning]"
Lobster-Chowder-1241394,Lobster Chowder,4,4500.0,[Soups],,"[lobster claws, unsalted butter, all-purpose flour, diced potatoes, diced onions, diced celery, carrots, chicken stock, milk, fresh thyme, black pepper, sea salt]"
Lobster-Roll-471886,Lobster Roll,5,900.0,[Lunch and Snacks],[American],"[lobster, mayonnaise low fat, sea salt, pepper, grated lemon zest, lemon juice, hot dog rolls]"
Lobster-Guacamole-512431,Lobster Guacamole,5,3000.0,[Appetizers],,"[avocado, purple onion, lime, cilantro, jalapeno chilies, salt, lobster, white wine, white vinegar, water, bay leaves, onions, chipotle, mayonnaise]"
Steamed-Lobster-with-Drawn-Butter-459693,Steamed Lobster with Drawn Butter,3,2700.0,,,"[coarse salt, lobster, unsalted butter, lemon, lettuce leaves, tomatoes]"
Lobster-Quiche-472611,Lobster Quiche,4,3900.0,[Main Dishes],,"[cremini mushrooms, broccoli florets, minced onion, butter, whole milk, whipping cream, large eggs, lobster, dry mustard, basil, ground black pepper, salt, pie shell]"
Lobster-Mac-and-Cheese-1007270,Lobster Mac and Cheese,4,4200.0,[Main Dishes],,"[butter, flour, heavy cream, parmesan cheese, salt, pepper, cayenne pepper, lobster tails, elbow macaroni, Parrano cheese, sharp cheddar cheese, Italian seasoned breadcrumbs]"
Lobster-Stock-458394,Lobster Stock,3,6300.0,[Soups],,"[lobster, olive oil, leeks, fennel bulb, tomatoes, dry white wine, cold water, bouquet garni]"
Lobster-Sliders-459429,Lobster Sliders,5,1500.0,[Appetizers],,"[lobster, mayonnaise, crème fraîche, chopped celery, shallots, cornichons, fresh tarragon, grated lemon zest, sea salt, freshly ground pepper, unsalted butter, rolls, bibb lettuce]"
Lobster-Gimbap-970763,Lobster Gimbap,4,,,,"[carrots, cucumber, english cucumber, lobster, rice, salt, sesame oil, toasted sesame seeds, pickled radish]"
Lobster-pie-368616,Lobster Pie,5,3300.0,[Main Dishes],,"[butter, flour, clam juice, sherry, heavy cream, lobster, salt, pepper, bread crumbs, grated parmesan cheese, fresh parsley]"
How-to-Boil-and-Eat-Lobster-Simply-Recipes-42504,How to Boil and Eat Lobster,5,3600.0,[Main Dishes],,"[lobster, water, butter, bread]"
Lobster-Salad-441764,Lobster Salad,5,900.0,[Salads],,"[lobster meat, mayonnaise, scallions, cucumber, kosher salt, ground black pepper]"
Baked-Lobster-Tail-1008882,Baked Lobster Tail,4,1500.0,,,"[lobster tails, extra-virgin olive oil, butter, cracked black pepper, garlic powder, minced garlic, dried parsley, chopped parsley, sea salt, lemon wedge, cherry tomatoes, parsley]"
Lobster-Stew-899451,Lobster Stew,3,2100.0,[Main Dishes],,"[lobster, butter, milk, heavy cream, salt, pepper, paprika, dry sherry, chopped parsley]"
Lobster-Mac-and-Cheese-1060797,Lobster Mac and Cheese,3,6000.0,[Main Dishes],,"[black pepper, kosher salt, lobster, unsalted butter, cottage cheese, whole milk, dry mustard, cayenne pepper, grated nutmeg, sharp cheddar cheese, macaroni]"
Simple-Lobster-Risotto-MyRecipes-265357,Simple Lobster Risotto,4,3780.0,[Main Dishes],[Italian],"[lower sodium chicken broth, lobster, butter, arborio rice, green peas]"
Lobster-Colorado-Allrecipes,Lobster Colorado,5,2400.0,[Main Dishes],,"[filet, salt, pepper, garlic powder, bacon, butter, old bay seasoning, lobster tails]"
Boiled-Lobster-with-Scallion-Pepper-Butter-1347398,Boiled Lobster with Scallion Pepper Butter,4,2100.0,[Main Dishes],,"[lobster, kosher salt, lime juice, butter, scallions, parsley, champagne vinegar, black pepper, hot pepper]"
Lobster-Mac-and-Cheese-1089152,Lobster Mac and Cheese,4,3300.0,[Main Dishes],,"[elbow macaroni, milk, unsalted butter, all-purpose flour, gruyere cheese, sharp cheddar cheese, salt, ground black pepper, nutmeg, lobster meat, white bread crumbs]"
Lobster-chowder-368524,Lobster Chowder,4,4200.0,[Soups],,"[lobster, corn kernels, rib, carrots, onions, milk, bacon, chives]"
Lobster-Macaroni-and-Cheese-1309370,Lobster Macaroni and Cheese,4,3300.0,[Main Dishes],,"[kosher salt, vegetable oil, elbow macaroni, whole milk, unsalted butter, all-purpose flour, gruyere cheese, extra sharp cheddar cheese, ground black pepper, nutmeg, lobster meat, white bread crumbs]"
Connecticut-Style-Warm-Buttered-Lobster-Rolls-Serious-Eats-41820,Connecticut-Style Warm Buttered Lobster Rolls,5,3300.0,,,"[lobster, butter, hot dog bun, scallion greens, ground black pepper, kosher salt]"
Butter-Poached-Lobster-731902,Butter Poached Lobster,4,1200.0,[Main Dishes],,"[pasta, cabbage, fresh thyme, sea salt, lobster, lobster tails, butter, water]"
Lobster-Linguine-with-Chiles-1300695,Lobster Linguine with Chiles,3,,,,"[kosher salt, linguine, lobster, coral, olive oil, thyme, chiles, garlic, white wine, basil leaves, flat leaf parsley, ground white pepper, pecorino romano cheese]"
Lobster-Fettuccine-1235592,Lobster Fettuccine,3,9900.0,[Main Dishes],,"[lobster, olive oil, carrots, celery, onions, garlic, rosemary, thyme, ketchup, peppercorns, water, fettucine, shallots, butter, frozen peas, fresh chives, salt, pepper]"
Wicked-Good-Lobster-Rolls-Serious-Eats-41852,Wicked Good Lobster Rolls,5,6300.0,,,"[lobster, mayonnaise, celery ribs, chives, lemon juice, ground black pepper, kosher salt, unsalted butter, hot dog bun]"
Lobster-Bisque-1356033,Lobster Bisque,3,,[Soups],,"[lobster, unsalted butter, yellow onion, carrots, garlic, all-purpose flour, dry white wine, tomato paste, chopped fresh thyme, bay leaf, heavy cream, cream sherry, freshly ground black pepper, kosher salt]"
Lobster-Wontons-680417,Lobster Wontons,4,2400.0,[Appetizers],,"[wonton wrappers, cumin, salt, olive oil, lobster meat, mango, pineapple, scallions, lime, guacamole]"
Lobster-Panzanella-MyRecipes-245445,Lobster Panzanella,3,1800.0,"[Salads, Main Dishes]",,"[fresh lemon juice, extra-virgin olive oil, sea salt, ground black pepper, lobster meat, cherry tomatoes, shallots, chopped fresh chives, fresh basil, whole wheat bread]"
BA_s-Ultimate-Lobster-Rolls-576465,BA's Ultimate Lobster Rolls,3,3600.0,,,"[kosher salt, lobster, celery ribs, fresh lemon juice, chopped fresh chives, mayonnaise, ground black pepper, hot dog bun, unsalted butter]"
Summer-Lobster-Tacos-1276272,Summer Lobster Tacos,3,,,,"[lobster, avocado, mango, shallots, cucumber, lime, olive oil, ground black pepper, kosher salt, corn tortillas, cilantro leaves]"
Boiled-Lobster-Allrecipes,Boiled Lobster,4,2700.0,[Main Dishes],[American],"[water, onions, garlic, lemon, orange, celery, black pepper, seasoning salt, jalapeno chilies, lobster]"
Lobster-bisque-314499,Lobster Bisque,5,4800.0,[Soups],,"[lobster tails, butter, shallots, celery, carrots, garlic, dry sherry, tomato paste, tarragon, shellfish, heavy cream, corn starch, white pepper, salt, crème fraîche, lobster meat]"
Clean-Eating-Recipe-Lobster_-Avocado-and-Cilantro-Salad-1284952,"Clean Eating Recipe – Lobster, Avocado and Cilantro Salad",4,1200.0,[Salads],,"[lobster tails, avocado, cucumber, teas, avocado oil, fresh lemon juice, black pepper]"
Lobster-and-Chorizo-Paella-459441,Lobster and Chorizo Paella,5,3900.0,,,"[kosher salt, lobster, saffron threads, olive oil, spanish chorizo, yellow onion, fennel bulb, garlic cloves, arborio rice, red bell pepper, white wine, freshly ground pepper, green onions, lemon wedge]"
Steamed-Lobster-With-Charmoula-Butter-Epicurious,Steamed Lobster with Charmoula Butter,5,1500.0,[Main Dishes],,"[lobster, butter, garlic cloves, chopped cilantro fresh, fresh lemon juice, ground cumin, spanish paprika]"
Lobster-Risotto-1062008,Lobster Risotto,4,2400.0,[Main Dishes],,"[lobster tails, salt, olive oil, butter, minced onion, arborio rice, dry white wine, chicken broth, chives]"
Lobster-Salad-Allrecipes,Lobster Salad,4,1800.0,[Salads],[American],"[lobster meat, yellow bell pepper, celery, white onion, mayonnaise, ground black pepper]"
Spicy-Lobster-with-Linguini-Martha-Stewart-193611,Spicy Lobster with Linguini,3,3000.0,[Main Dishes],,"[white wine, lobster, unsalted butter, extra-virgin olive oil, garlic, yellow onion, confit, coarse salt, linguini, fresh mint, ground black pepper]"
Lobster-Roll-1300914,Lobster Roll,3,,,,"[butter, hot dog rolls, fresh tarragon, fresh lemon juice, lobster, salt, freshly ground pepper, lettuce leaves]"
Boiled-Lobsters-with-Corn-and-Potatoes-Martha-Stewart,Boiled Lobsters with Corn and Potatoes,4,3000.0,[Main Dishes],[American],"[yukon gold potatoes, onions, garlic, coarse salt, lobster, ear of corn, drawn butter]"
Lobster-macaroni-and-cheese-368792,Lobster Macaroni and Cheese,5,3600.0,[Main Dishes],,"[vegetable oil, cavatappi, milk, unsalted butter, all-purpose flour, gruyere cheese, extra sharp cheddar cheese, ground black pepper, nutmeg, lobster meat, white bread crumbs]"
Grilled-Split-Lobster-1164595,Grilled Split Lobster,3,2400.0,[Main Dishes],[Barbecue],"[vegetable oil, lobster, ground black pepper, kosher salt, hot sauce, unsalted butter, lemon wedge]"
Lobster-Macaroni-and-Cheese-441971,Lobster Macaroni and Cheese,5,4500.0,[Main Dishes],,"[kosher salt, pasta, elbow macaroni, unsalted butter, flour, milk, fontina, mascarpone, lobster, brandy, Tabasco Pepper Sauce, grated nutmeg, ground black pepper, lobster meat, chives, scallions, white cheddar cheese]"
Lobster-Frittata-MyRecipes-208936,Lobster Frittata,4,6300.0,"[Breakfast and Brunch, Main Dishes]",[American],"[yellow squash, red bell pepper, yellow bell pepper, purple onion, garlic cloves, olive oil, large eggs, whipping cream, fresh basil, sea salt, saffron threads, freshly ground pepper, lobster, garlic, shredded swiss cheese, fresh parsley]"
Steamed-Lobster-Tails-Allrecipes,Steamed Lobster Tails,5,600.0,,,"[sea salt, lobster tails, butter]"
Grilled-Whole-_RED_-Lobster-1164686,Grilled Whole (RED) Lobster,3,2400.0,[Main Dishes],[Barbecue],"[lobster, melted butter, lemon juice, salt, ground pepper, minced garlic]"
Easy-Classic-Lobster-Rolls-628056,Easy Classic Lobster Rolls,3,1500.0,,,"[lobster, mayonnaise, lemon juice, kosher salt, ground pepper, melted butter, hot dog rolls, chopped fresh chives]"
Lobster-Taco-1034653,Lobster Taco,3,5400.0,,,"[jicama, purple onion, fresh lemon juice, Balsamico Bianco, salt, ground white pepper, buttermilk, fresh cilantro, sour cream, ground cumin, Sriracha, lobster tails, flour tortillas, shredded lettuce, tomatoes, salsa verde]"
Lobster-Linguine-with-Chiles-1303863,Lobster Linguine with Chiles,3,,,,"[kosher salt, linguine, lobster, coral, olive oil, thyme, chiles, garlic, white wine, basil leaves, flat leaf parsley, ground white pepper, pecorino romano cheese]"
Baked-Stuffed-Maine-Lobster-Tails-1074794,Baked Stuffed Maine Lobster Tails,4,1200.0,[Main Dishes],,"[lobster, butter, onions, finely chopped fresh parsley, seafood seasoning, fresh lemon juice, Ritz Crackers]"
Cracked-Lobster-with-Drawn-Butter-and-Lemon-Martha-Stewart-194422,Cracked Lobster with Drawn Butter and Lemon,4,3600.0,[Main Dishes],,"[coarse salt, lobster, unsalted butter, lemon wedge]"
Lobster-Cassoulet-512410,Lobster Cassoulet,5,,[Main Dishes],,"[navy beans, lobster meat, stock, carrots, celery ribs, fennel bulb, onions, garlic, diced tomatoes, tomato paste, ground cloves, parsley, thyme, olive oil]"
Lobster-Roll-496792,Lobster Roll,0,5100.0,"[Lunch and Snacks, Main Dishes]",[American],"[water, butter, old bay seasoning, lobster, hot dog bun, mayonnaise, salt and ground black pepper]"
Lobster-Salad-1036308,Lobster Salad,3,900.0,[Salads],,"[lobster, mayonnaise, sour cream, dried dillweed, diced celery, green onions, fresh lemon juice, salt, pepper, lettuce leaves, sliced tomatoes, sliced cucumber]"
Lobster-Bisque-471897,Lobster Bisque,4,,[Soups],[French],"[salted butter, shallots, low sodium chicken broth, bay leaf, chopped fresh thyme, all-purpose flour, tomato paste, white wine, lobster meat, cream, cognac, chives]"
Lobster-Frittata-439586,Lobster Frittata,4,,"[Breakfast and Brunch, Main Dishes]",,"[olive oil, leeks, zucchini, eggs, cream, cream cheese, swiss cheese, bread, lobster, pepper, salt, thyme]"
Creamy-lobster-risotto-318043,Creamy Lobster Risotto,5,3900.0,[Main Dishes],[Italian],"[lobster, olive oil, butter, shallots, arborio rice, low sodium vegetable broth, dry white wine, diced tomatoes, flat leaf parsley, salt, extra-virgin olive oil]"
Lobster-Bisque-638023,Lobster Bisque,3,5400.0,[Soups],,"[flat leaf parsley, thyme, fresh bay leaves, lobster, butter, extra-virgin olive oil, brandy, shallots, carrots, celery, garlic, yellow onion, kosher salt, tomato paste, white wine, fish stock, cayenne pepper, heavy cream, corn starch, egg yolks, chives]"
Stovetop-Lobster-Macaroni-and-Cheese-1300487,Stovetop Lobster Macaroni and Cheese,4,1200.0,[Main Dishes],,"[elbow macaroni, butter, flour, salt, pepper, 2% reduced-fat milk, medium cheddar cheese, gruyere cheese, lobster]"
Lobster-Mac-_-Cheese-501523,Lobster Mac & Cheese,5,3600.0,[Main Dishes],[American],"[lobster, canola oil, paprika, elbow macaroni, white wine, white wine vinegar, black peppercorns, shallots, heavy cream, butter, white pepper, salt, mascarpone, chervil]"
Grilled-Lobster-Paella-931565,Grilled Lobster Paella,3,5100.0,[Main Dishes],"[Barbecue, Spanish]","[olive oil, spanish chorizo, leeks, green garlic, smoked paprika, short-grain rice, saffron threads, seafood stock, kosher salt, lobster, peas, flat leaf parsley, lemon]"
Steamed-Lobster-With-Lemon_herb-Butter-Epicurious,Steamed Lobster with Lemon-Herb Butter,5,1500.0,[Main Dishes],,"[lobster, butter, fresh lemon juice, flat leaf parsley, chopped fresh chives, fresh basil, lemon wedge]"
Easy-Broiled-Lobster-Tails-Allrecipes,Easy Broiled Lobster Tails,5,1200.0,[Main Dishes],,"[lobster, olive oil, lemon pepper seasoning]"
Spaghetti-all_Astice-_Spaghetti-with-Lobster_-442701,Spaghetti all'Astice (Spaghetti with Lobster),5,2700.0,[Main Dishes],,"[lobster, extra-virgin olive oil, garlic, white wine, tomatoes, salt, spaghetti, parsley]"
Lobster-Pizza-1028767,Lobster Pizza,4,3300.0,[Main Dishes],,"[dough, flour, cornmeal, mayonnaise, Kraft Miracle Whip Dressing, shallots, celery, onion powder, garlic powder, salt, melted butter, shredded lettuce, tomatoes, lobster meat]"
Lobster-Boil-834534,Lobster Boil,4,4800.0,[Main Dishes],,"[lobster, clams, sausages, ear of corn, onions, garlic]"
Grilled-Lobster-Tails-760940,Grilled Lobster Tails,4,2400.0,[Main Dishes],[Barbecue],"[salted butter, fresh chives, fresh tarragon, chopped parsley, garlic, hot sauce, lemon juice, ground black pepper, lobster tails, kosher salt, lemon wedge]"
Red-Lobster_s-Cheddar-Bay-Biscuits-1354940,Red Lobster's Cheddar Bay Biscuits,3,1140.0,[Breads],,"[Bisquick Baking Mix, butter, sharp cheddar cheese, whole milk, garlic powder, parsley flakes]"
Baked-Lobster-with-Cheese-497144,Baked Lobster with Cheese,0,3000.0,[Main Dishes],,"[lobster, melted butter, light cream, bacon, spinach, garlic, cheese, salt, sugar, flour, parsley flakes]"
Lobster-Bisque-971467,Lobster Bisque,3,9900.0,[Soups],,"[kosher salt, lobster, olive oil, carrots, celery, onions, garlic, fresh thyme, fresh tarragon, tomato paste, medium sherry, fish stock, long grain white rice, heavy cream, cayenne pepper]"
Special-Lobster-Bisque-Allrecipes,Special Lobster Bisque,5,2100.0,[Soups],,"[butter, all-purpose flour, salt, ground black pepper, celery salt, milk, chicken stock, minced onion, lobster meat, paprika, light cream]"
Lobster-Salad-1074506,Lobster Salad,4,900.0,[Salads],,"[fresh lemon juice, mayonnaise, lobster, cucumber, chopped onion, chopped celery, green pepper, salt, pepper, hot pepper sauce]"
Lobster-Roll-My-Recipes,Lobster Roll,5,1500.0,[Lunch and Snacks],[American],"[lobster meat, low-fat mayonnaise, green onions, chopped celery, fresh lemon juice, salt, hot sauce, hot dog bun]"
Lobster-Rolls-767478,Lobster Rolls,3,3300.0,,,"[salt, lobster, mayonnaise, fresh lemon juice, fresh tarragon, flat leaf parsley, celery ribs, freshly ground pepper, hot dog bun, unsalted butter]"
Lobster-Bisque-MyRecipes-240005,Lobster Bisque,3,5400.0,[Soups],[French],"[lobster, butter, dry sherry, shallots, fennel bulb, celery ribs, garlic cloves, black peppercorns, bay leaves, fish stock, water, tomato paste, corn starch, heavy cream, thyme sprigs]"
Lobster-Roatan-Martha-Stewart-192272,Lobster Roatan,3,2400.0,[Main Dishes],,"[unsalted butter, purple onion, garlic, fresh ginger, chiles, canned coconut milk, fish stock, sugar, tomatoes, freshly ground pepper, coarse salt, lobster, cilantro leaves, cooked white rice, lime wedges]"
Lobster-Roll-511311,Lobster Roll,5,2100.0,[Lunch and Snacks],[American],"[lobster, mayonnaise, fresh lemon juice, grated lemon zest, fresh chives, scallions, salt, ground black pepper, unsalted butter, baguette]"
Lobster-and-Crab-Enchiladas-1331961,Lobster and Crab Enchiladas,4,6300.0,[Main Dishes],[Mexican],"[plum tomatoes, chile de arbol, olive oil, white onion, garlic cloves, chopped cilantro fresh, salt, ground black pepper, Dungeness crabmeat, lobster, crema, chopped fresh chives, ground white pepper, lime, salsa, corn tortillas, oil, cheese, cilantro]"
Crab-Stuffed-Lobster-986384,Crab Stuffed Lobster,4,2700.0,[Main Dishes],,"[lobster tails, celery, scallions, unsalted butter, all-purpose flour, crabmeat, unseasoned breadcrumbs, milk, pepper, salt]"
Lobster-Bisque-1051385,Lobster Bisque,4,13500.0,[Soups],,"[lobster, tomato paste, chopped celery, carrots, yellow onion, fresh thyme, fresh parsley, saffron, fat, heavy cream, cream sherry, ground white pepper, butter, flour]"
Lobster-Roll-490425,Lobster Roll,3,1800.0,,,"[olive oil mayonnaise, nonfat plain greek yogurt, scallions, fresh lemon juice, fresh dill, lobster meat, sea salt, ground black pepper, wheat]"
Lobster-Newburg-Allrecipes,Lobster Newburg,5,1800.0,,,"[egg yolks, heavy cream, butter, dry sherry, salt, cayenne pepper, ground nutmeg, lobster meat]"
Red-Lobster-Crab-Alfredo-Copycat-1354933,Red Lobster Crab Alfredo Copycat,3,1500.0,[Main Dishes],,"[pasta, butter, half & half, grated parmesan cheese, salt, pepper, snow crab]"
Lobster-Cantonese-Epicurious,Lobster Cantonese,4,2700.0,[Main Dishes],"[Chinese, Asian]","[corn starch, reduced sodium chicken broth, chinese rice wine, soy sauce, sugar, black pepper, lobster, vegetable oil, fermented black beans, chopped garlic, peeled fresh ginger, scallions, pork, large eggs, sesame oil]"
Perfect-Lobster-Bisque-Allrecipes,Perfect Lobster Bisque,5,2400.0,[Soups],,"[butter, fresh mushrooms, chopped onion, chopped celery, carrots, chicken broth, salt, cayenne pepper, half & half, dry white wine, lobster meat]"
Baked-Lobster-_-Brie-Dip-490456,Baked Lobster & Brie Dip,3,3900.0,[Appetizers],,"[olive oil, garlic, baby spinach, part-skim mozzarella cheese, nonfat plain greek yogurt, cream cheese, fresh lemon juice, ground cayenne pepper, lobster meat, brie cheese, chopped fresh chives, ground pepper, sea salt]"
Lobster-Rolls-Epicurious,Lobster Rolls,4,1200.0,"[Lunch and Snacks, Appetizers]",[American],"[lobster meat, mayonnaise, butter, hot dog rolls, butter lettuce]"
Lobster-Gazpacho-My-Recipes,Lobster Gazpacho,4,,[Soups],,"[tomatoes, red bell pepper, onions, shallots, large garlic cloves, cilantro leaves, prepared horseradish, salt, ground black pepper, ground red pepper, vegetable juice, sake, fresh lemon juice, worcestershire sauce, cucumber, lobster meat]"
Deep-Fried-Lobster-Allrecipes,Deep Fried Lobster,5,1500.0,[Main Dishes],,"[cornmeal, all-purpose flour, pepper, salt, ground cayenne pepper, garlic powder, onion powder, lobster, oil]"
Stir-fried-Lobster-with-Butter-and-Cheese-__-497087,Stir-fried Lobster with Butter and Cheese (芝士牛油焗龙虾),0,2100.0,,,"[lobster, onions, light cream, cheese, garlic, melted butter, corn starch, scallions, salt, sugar]"
Lobster-Macaroni-and-Cheese-781676,Lobster Macaroni and Cheese,3,3600.0,,,"[elbow macaroni, butter, fresh parsley, green onions, milk, large eggs, shredded sharp cheddar cheese, shredded mild cheddar cheese, ground black pepper, salt, ground nutmeg, dry sherry, lobster meat, bread crumbs]"
Summer-House-Lobster-Salad-1363311,Summer House Lobster Salad,3,3600.0,[Salads],,"[shallots, white wine vinegar, fresh dill, dijon mustard, kosher salt, freshly ground black pepper, vegetable oil, red potato, haricots verts, peas, large eggs, lobster, mixed greens, cherry tomatoes, red radishes]"
Spaghetti-With-Lobster_-Chiles-And-Mint-1020413,"Spaghetti With Lobster, Chiles And Mint",5,3600.0,[Main Dishes],,"[coarse salt, lobster, spaghetti, olive oil, garlic, chiles, tomato sauce, ground black pepper, fresh mint]"
Vineyard-Lobster-Dip-My-Recipes,Vineyard Lobster Dip,3,900.0,[Appetizers],[American],"[lobster, chopped celery, purple onion, mayonnaise, fresh lemon juice, salt, white pepper, fresh parsley]"
Lobster-Rolls-with-Lemon-Herb-Butter-1188752,Lobster Rolls with Lemon Herb Butter,4,2100.0,,,"[lobster, unsalted butter, lemon, basil, chopped parsley, red pepper flakes, hot dog rolls]"
Stovetop-Lobster-Macaroni-and-Cheese-686155,Stovetop Lobster Macaroni and Cheese,4,2100.0,[Main Dishes],,"[lobster tails, cavatappi, whole milk, butter, all-purpose flour, salt, freshly ground pepper, gruyere cheese, mascarpone, fresh chives]"
Lobster-Mac-and-Cheese-1265235,Lobster Mac and Cheese,4,3300.0,[Main Dishes],,"[cheddar cheese, gruyere cheese, milk, onions, garlic, flour, truffle oil, pasta, lobster, tarragon, chives, basil, cherry tomatoes, bread crumbs, butter]"
Grilled-Whole-Lobster-630734,Grilled Whole Lobster,3,2400.0,[Main Dishes],[Barbecue],"[lobster, melted butter, fresh lemon juice, minced garlic, pepper, salt, olive oil, lemon wedge]"
Lobster-Americaine-559942,Lobster Américaine,3,5400.0,[Main Dishes],[French],"[lobster, canola oil, shallots, garlic, black peppercorns, tomato paste, brandy, vermouth, shrimp stock, whipping cream, basil, tarragon, fine sea salt, ground white pepper, water, unsalted butter]"
Lobster-and-Corn-Risotto-MyRecipes-228338,Lobster and Corn Risotto,4,5400.0,[Main Dishes],,"[lobster, water, chopped onion, celery ribs, clam juice, butter, finely chopped onion, garlic cloves, arborio rice, dry white wine, salt, corn kernels, shredded Monterey Jack cheese, green onions, fresh lemon juice]"
Grilled-Lobster-Martha-Stewart,Grilled Lobster,4,2400.0,[Main Dishes],,"[lobster, unsalted butter, lemon wedge]"
Goan-Lobster-Curry-999791,Goan Lobster Curry,3,3600.0,[Main Dishes],,"[olive oil, onions, ground cumin, ground coriander, amchur, cinnamon, garlic cloves, red chili peppers, coconut, coconut milk, tamarind paste, lobster meat, coriander, ground black pepper, salt]"
Linda_s-Spicy-Lobster-Linguine-Martha-Stewart,Linda's Spicy Lobster Linguine,3,2700.0,[Main Dishes],,"[white wine, water, lobster, freshly ground pepper, coarse salt, linguine, olive oil, garlic, crushed red pepper flakes, canned tomatoes, fresh mint]"
Lobster-Scrambled-Eggs-512341,Lobster Scrambled Eggs,5,1800.0,[Breakfast and Brunch],,"[eggs, milk, lobster meat, shallots, tomatoes, chives, unsalted butter, orange zest, crème fraîche, caviar]"
Lobster-Salad-Sandwiches-1219120,Lobster Salad Sandwiches,4,600.0,[Lunch and Snacks],,"[lobster tails, mayonnaise, celery ribs, fresh parsley, lemon, salt, black pepper, butter lettuce, hot dog bun]"
Lobster-De-Jonghe-Allrecipes,Lobster de Jonghe,5,2100.0,,,"[lobster meat, bread crumbs, green onions, lemon juice, butter, grated parmesan cheese]"
Lobster-and-Corn-Chowder-459590,Lobster and Corn Chowder,5,,"[Main Dishes, Soups]",[American],"[lobster, canola oil, low sodium chicken stock, white wine, corn kernels, bacon slices, yellow onion, carrots, celery ribs, heavy cream, yukon gold, freshly ground pepper, chopped fresh thyme, chopped fresh chives]"
Lobster-Roll-1210459,Lobster Roll,4,1800.0,,,"[lobster tails, mayonnaise, chives, old bay seasoning, salt, pepper, split buns, butter]"
Polenta-Gnocchi-with-Bacon-1371061,Polenta Gnocchi with Bacon,4,4200.0,[Main Dishes],,"[yellow corn meal, water, salt, slab bacon, shaved parmesan cheese, bertolli, melted butter, lobster tails]"
Copycat-Red-Lobster-Cheddar-Bay-Biscuits-1354938,Copycat Red Lobster Cheddar Bay Biscuits,3,1200.0,[Breads],,"[all-purpose flour, sugar, baking powder, garlic powder, kosher salt, cayenne pepper, buttermilk, melted butter, shredded sharp cheddar cheese, fresh parsley]"
Lobster-Salad-Cups-1184969,Lobster Salad Cups,3,1200.0,,,"[lobster meat, mayonnaise, chopped celery, Pepperidge Farm Puff Pastry Cups]"
Grilled-Split-Lobster-With-Pesto-My-Recipes,Grilled Split Lobster with Pesto,4,2100.0,[Main Dishes],[American],"[lobster, pesto]"
Lobster-Roll-Appetizer-Bites-1125307,Lobster Roll Appetizer Bites,3,900.0,[Appetizers],,"[lobster meat, mayonnaise, fresh lemon juice, chives, ground black pepper, white bread, butter]"
Lobster-Rolls-475054,Lobster Rolls,0,1500.0,"[Appetizers, Lunch and Snacks]",[American],"[lobster meat, celery, mayonnaise, fresh chives, lemon juice, ground black pepper, kosher salt]"
Grandpa-Seamone_s-_lobster-Chowder_-Allrecipes,Grandpa Seamone's 'Lobster Chowder',4,2400.0,[Soups],,"[potatoes, onions, butter, lobster meat, heavy cream, milk, white sugar, pepper, salt]"
Spicy-Lobster-Pasta-757902,Spicy Lobster Pasta,3,2400.0,[Main Dishes],,"[spaghetti, kosher salt, olive oil, unsalted butter, shallots, crushed red pepper flakes, cherries, Sun Gold tomatoes, large shrimp, lobster meat, ground black pepper, grated lemon zest, lemon wedge]"
Lobster-rolls-352352,Lobster Rolls,5,,[Lunch and Snacks],[American],"[lobster, chives, shallots, chopped celery, light mayonnaise, greek yogurt, black pepper, lemon zest, shredded lettuce, tomatoes, hot dog bun]"
Unbelievably-Delicious-Lobster-Rolls-558923,Unbelievably Delicious Lobster Rolls,4,2700.0,"[Lunch and Snacks, Main Dishes]",,"[lobster, kosher salt, mayonnaise, lemon juice, lemon, hot dog bun, egg yolks, dijon mustard, salt, ground black pepper, neutral oil, fresh tarragon]"
Luscious-Lobster-Bisque-Allrecipes,Luscious Lobster Bisque,5,3600.0,[Soups],,"[margarine, onions, garlic, carrots, bay leaf, dried thyme, lobster tails, white wine, chopped tomatoes, chicken stock, heavy whipping cream, fresh parsley, salt, ground black pepper]"
Lobster-Mac-And-Cheese-Allrecipes,Lobster Mac and Cheese,4,5400.0,[Main Dishes],,"[elbow macaroni, lobster, butter, onions, garlic, shallots, black peppercorns, milk, all-purpose flour, gruyere cheese, shredded cheddar cheese, romano cheese, pepper, kosher salt, panko breadcrumbs]"
Smoked-Lobster-Tails-998151,Smoked Lobster Tails,3,4650.0,,,"[lobster tails, rub, butter, lemon juice, habanero powder]"
Lobster-Roll-605199,Lobster Roll,3,1500.0,[Main Dishes],,"[butter, hot dog rolls, fresh tarragon, fresh lemon juice, lobster, salt, freshly ground pepper, lettuce leaves]"
Lobster-Macaroni-and-Cheese-1249483,Lobster Macaroni and Cheese,4,3900.0,[Main Dishes],,"[lobster meat, elbow macaroni, shredded cheese, skim milk, salted butter, pancetta, shallots, garlic cloves, corn starch, dry white wine, panko breadcrumbs, salt, pepper, Pam Cooking Spray]"
Orange-Lobster-Tail-AllRecipes-202872,Orange Lobster Tail,5,1500.0,[Main Dishes],,"[butter, orange juice, white wine, lobster]"
Lobster-Thermidor-Epicurious,Lobster Thermidor,5,3600.0,[Main Dishes],[French],"[lobster, unsalted butter, mushrooms, paprika, salt, black pepper, medium dry sherry, heavy cream, large egg yolks]"
Lobster-Stew-Allrecipes,Lobster Stew,4,1500.0,"[Soups, Main Dishes]",[American],"[lobster meat, butter, cream]"
Brown-Butter-Lobster-Roll-1248110,Brown Butter Lobster Roll,3,,,,"[unsalted butter, maine lobster meat, fresh lemon juice, sea salt, buns, chives]"
Lobsters-and-Corn-MyRecipes-264863,Lobsters and Corn,3,,[Main Dishes],[Barbecue],"[unsalted butter, garlic cloves, kosher salt, ground black pepper, lobster, corn husks, Italian parsley leaves]"
Grilled-Lobster-with-Lemon-Shallot-Butter-777100,Grilled Lobster with Lemon-Shallot Butter,3,3000.0,,[Barbecue],"[clarified butter, shallots, juice, zest, chives, lobster, kosher salt, ground black pepper]"
Lobster-Macaroni-And-Cheese-Epicurious,Lobster Macaroni and Cheese,5,5100.0,[Main Dishes],[American],"[lobster, olive oil, large shrimp, chopped onion, carrots, chopped celery, garlic cloves, Turkish bay leaves, tomato paste, cognac, water, butter, all-purpose flour, whipping cream, fontina cheese, shells, crabmeat, chopped fresh chives]"
Lobster-Mac-and-Cheese-995759,Lobster Mac and Cheese,3,3000.0,[Main Dishes],,"[elbow pasta, butter, garlic, lobster meat, fresh parsley, crushed ritz crackers, flour, whole milk, sharp white cheddar cheese, gruyere cheese, fontina cheese, brie cheese, mustard powder, cayenne, salt, pepper]"
Steamed-Lobster-With-Parsley-Emulsion-My-Recipes,Steamed Lobster with Parsley Emulsion,3,3000.0,[Main Dishes],,"[water, salt, lobster, dry white wine, shallots, whipping cream, flat leaf parsley, ground black pepper]"
Lobster-_-Burrata-Strata-780618,Lobster & Burrata Strata,3,4200.0,,,"[eggs, whole milk, crème fraîche, salt, pepper, brioche, fresh tarragon, lemon zest, lemon juice, lobster meat, burrata]"
Lobster-Rossejat-1301576,Lobster Rossejat,3,5100.0,[Main Dishes],,"[spaghetti, extra-virgin olive oil, dry white wine, bay leaf, lobster, garlic cloves, sweet paprika, chopped fresh chives, lemon wedge]"
Vodka-Steamed-Lobsters-with-Tomato-Thyme-Butter-Sauce-1342289,Vodka-Steamed Lobsters with Tomato-Thyme Butter Sauce,3,2700.0,[Main Dishes],,"[vodka, granulated sugar, kosher salt, lobster, extra-virgin olive oil, shallots, chopped fresh thyme, garlic, crushed red pepper flakes, tomato paste, unsalted butter, ground black pepper]"
Lobster-with-Grapefruit-and-Avocado-459117,Lobster with Grapefruit and Avocado,3,3000.0,"[Salads, Main Dishes]",,"[salt, lobster tails, lobster meat, grapefruit, champagne vinegar, extra-virgin olive oil, freshly ground pepper, shallots, fresh chives, greens, avocado]"
How-to-Broil-Lobster-Tails-541313,How to Broil Lobster Tails,5,1200.0,[Main Dishes],,"[lobster, butter, paprika, salt, ground white pepper, lemon]"
Grilled-Maine-Lobsters-MyRecipes-262327,Grilled Maine Lobsters,4,5520.0,[Main Dishes],[American],"[lobster, lemon wedge, sauce]"
Mango-Lobster-Salad-1297156,Mango Lobster Salad,4,1200.0,,,"[lobster, mango, coconut milk, lemon, mayonnaise, scallions, hot sauce]"
Lobster-Tacos-w_-Avocado-Aioli-1214652,Lobster Tacos w/ Avocado Aioli,4,3000.0,[Main Dishes],,"[lobster meat, unsalted butter, garlic, salt, pepper, tortillas, cilantro, cheese, red cabbage, apple cider vinegar, kosher salt, avocado, lime, mayonnaise]"
Red-Lobsters-Shrimp-Alfredo-1318473,Red Lobster’s Shrimp Alfredo,3,1800.0,[Main Dishes],,"[olive oil, garlic, shrimp, chicken broth, white wine, heavy whipping cream, parmesan cheese, oregano, pasta]"
Lobster-Rolls-Martha-Stewart,Lobster Rolls,5,3300.0,"[Lunch and Snacks, Appetizers]",[American],"[lobster, mayonnaise, lemon juice, celery, freshly ground pepper, coarse salt, hot dog rolls, unsalted butter, chopped fresh chives, pickles]"
Easy-Lobster-Bisque-1237942,Easy Lobster Bisque,4,3000.0,[Soups],,"[lobster tails, olive oil, shallots, onions, garlic, flour, white wine, worcestershire sauce, Tabasco Pepper Sauce, kosher salt, ground black pepper, dried thyme, dry sherry, tomato paste, paprika, lobster base, heavy whipping cream, unsalted butter]"
Mock-Lobster-Allrecipes_1,Mock Lobster,4,1800.0,[Main Dishes],,"[butter, paprika, salt, ground black pepper, monkfish, bread crumbs]"
David-Pasternack_s-Spaghetti-with-Lobster-and-Chiles-Martha-Stewart-193136,David Pasternack's Spaghetti with Lobster and Chiles,3,2400.0,[Main Dishes],,"[lobster, spaghetti, extra-virgin olive oil, garlic, chiles, tomato sauce, mint leaves]"
Lobster-Bisque-1127357,Lobster Bisque,4,6600.0,[Soups],,"[lobster, olive oil, onions, celery ribs, carrots, garlic, tomatoes, fresh tarragon, chopped fresh thyme, bay leaves, black peppercorns, brandy, dry sherry, fish stock, tomato paste, whipping cream, corn starch, water]"
Lobster-Thermidor-Allrecipes,Lobster Thermidor,5,2400.0,[Main Dishes],,"[lobster, butter, shallots, fish stock, white wine, double cream, English mustard, fresh lemon juice, fresh parsley, salt, ground black pepper, grated parmesan cheese]"
Annie_s-Lobster-Bisque-AllRecipes-37759,Annie's Lobster Bisque,5,3600.0,[Soups],,"[olive oil, white onion, dry white wine, cooking sherry, all-purpose flour, tomato paste, chicken broth, milk, cayenne pepper, ground black pepper, seafood seasoning, worcestershire sauce, green onions, lobster claws]"
Lobster-Eggs-Benedict-459251,Lobster Eggs Benedict,5,3300.0,[Breakfast and Brunch],[French],"[lobster, unsalted butter, shallots, cognac, heavy cream, fresh tarragon, lemon, freshly ground pepper, salt, brioche, eggs, chopped fresh chives]"
Lobster-Mornay-Sauce-Allrecipes,Lobster Mornay Sauce,4,1800.0,[Main Dishes],,"[butter, fresh mushrooms, lobster meat, all-purpose flour, chicken broth, heavy cream, pepper, grated parmesan cheese]"
Lobster-Deviled-Eggs-1062988,Lobster Deviled Eggs,4,3600.0,[Appetizers],,"[lobster tails, salt, old bay seasoning, garlic, bay leaf, fresh thyme, large eggs, mayonnaise, fresh parsley, hot sauce]"
Boiled-Lobster-Tails-Martha-Stewart-190536,Boiled Lobster Tails,3,3000.0,[Main Dishes],,"[lobster, pesto, cream]"
Lobster-Yee-Mein-_Lobster-Noodles_-497103,Lobster Yee Mein (Lobster Noodles),0,2100.0,[Main Dishes],[Chinese],"[lobster, e-fu noodl, water, scallions, ginger, cooking oil, oyster sauce, soy sauce, white pepper, sugar, sesame oil, Shaoxing wine, salt]"
Boiled-Maine-Lobster-Martha-Stewart-194920,Boiled Maine Lobster,4,5400.0,[Main Dishes],,"[white onion, carrots, celery, fresh thyme, flat leaf parsley, bay leaf, dry white wine, black peppercorns, salt, lobster, unsalted butter, lemon]"
Cafe-Miranda-Lobster-_Roll_-511581,Cafe Miranda Lobster 'Roll',5,2700.0,[Lunch and Snacks],[American],"[maine lobster meat, aioli, chopped parsley, lemon wedge, romaine lettuce, tomatoes, bread, extra-virgin olive oil, cracked black pepper, sea salt]"
Lobster-Tails-Steamed-In-Beer-Allrecipes,Lobster Tails Steamed in Beer,5,780.0,[Main Dishes],,"[lobster tails, beer]"
Coles-Greenwich-Village-Lobster-Roll-1189038,Cole’s Greenwich Village Lobster Roll,4,3600.0,,,"[lobster, butter, water, sea salt, fennel pollen, dill pollen, old bay seasoning, saffron threads, white pepper]"
Lobster-salad-331923,Lobster Salad,3,2100.0,[Salads],,"[garlic cloves, egg yolks, dijon mustard, ground black pepper, canola oil, salt, scallions, lobster meat, fresh lemon juice, cayenne pepper, garlic mayonnaise]"
Lobster-Mac-and-Cheese-1039839,Lobster Mac and Cheese,4,3900.0,[Main Dishes],,"[lobster tails, pasta, milk, butter, flour, gruyere cheese, cheddar cheese, black pepper, nutmeg, cayenne, salt, panko breadcrumbs]"
Tagliolini-with-lobster-and-fresh-tomatoes-368508,Tagliolini with Lobster and Fresh Tomatoes,4,1500.0,[Main Dishes],,"[lobster, olive oil, garlic cloves, red pepper flakes, sun-dried tomatoes, capers, tomatoes, salt, fresh parsley, butter, pasta]"
New-England-lobster-rolls-1066625,New England lobster rolls,4,720.0,,,"[lobster, mayonnaise, ground black pepper, butter, hot dog rolls]"
Grilled-Rock-Lobster-Tails-Allrecipes,Grilled Rock Lobster Tails,5,1620.0,[Main Dishes],[Barbecue],"[lemon juice, olive oil, salt, paprika, white pepper, garlic powder, rock lobster]"
Like-lobster_-Butter-poach-shrimp-1366126,Like lobster? Butter-poach shrimp,3,2400.0,,,"[salted butter, lemon slices, freshly ground black pepper]"
Lobster-Basil-Salad-1177702,Lobster Basil Salad,3,1200.0,[Salads],,"[lobster, basil, grated parmesan cheese, pinenuts, extra-virgin olive oil, lemon, sea salt, ground black pepper]"
Lobster-With-Melon-And-Cucumber-Cocktail-932523,Lobster With Melon And Cucumber Cocktail,3,2400.0,[Appetizers],,"[lobster, cavaillon melon, cucumber, mayonnaise, sour cream, tomato ketchup, horseradish sauce, Tabasco Pepper Sauce, lemon juice, lettuce, paprika]"
Dr_-Bbq_s-Lobster-With-Chili_lime-Butter-Epicurious,Dr. BBQ's Lobster with Chili-Lime Butter,2,2100.0,[Main Dishes],[American],"[butter, lime, chili powder, salt, black pepper, lobster, barbecue rub]"
Puerto-Nuevo_style-Lobster-Tacos-Epicurious,Puerto Nuevo-Style Lobster Tacos,4,2700.0,[Main Dishes],[Mexican],"[lobster, butter, lime, rice, salsa, flour tortillas, lime wedges]"
Maine-Style-Lobster-Roll-1187903,Maine Style Lobster Roll,3,1500.0,,,"[lobster meat, mayonnaise, chives, lemon, salt, brioche]"
Copycat-Red-Lobster-Cheddar-Biscuits-1251928,Copycat Red Lobster Cheddar Biscuits,4,1800.0,[Breads],,"[bisquick, cheddar cheese, milk, butter, dried oregano, garlic salt]"
Tarragon-Lobster-Salad-Epicurious,Tarragon Lobster Salad,5,4200.0,"[Lunch and Snacks, Salads]",[American],"[lobster, shallots, fresh lemon juice, mayonnaise, fresh tarragon, hot dog bun]"
Lobster-Macaroni-And-Cheese-832645,Lobster Macaroni And Cheese,4,3900.0,[Main Dishes],,"[lobster meat, elbow macaroni, half & half, gruyere cheese, sharp cheddar cheese, bread crumbs, all-purpose flour, parmesan cheese, butter, nutmeg, cayenne pepper, kosher salt, freshly ground pepper, fresh herbs]"
New-England-Lobster-Roll-1255611,New England Lobster Roll,4,600.0,,,"[lobster meat, mayonnaise, fresh lemon juice, chopped celery, fresh parsley, scallions, Sriracha, salt, ground black pepper, hot dog rolls, melted butter, lettuce]"
Lobster-and-Shrimp-Dinner-1279015,Lobster and Shrimp Dinner,4,7200.0,[Main Dishes],,"[lobster, salt, butter, ear of corn, shrimp, chopped garlic, extra-virgin olive oil, pepper, lemon, chili pepper, large shrimp, fresh basil, garlic bread, french baguette]"
Lobster-Salad-627148,Lobster Salad,4,3300.0,[Salads],,"[lobster, water, salt, prawns, olive oil, vinegar, sesame seeds, lettuce]"
Maine-lobster-rolls-331290,Maine Lobster Rolls,3,1500.0,,,"[maine lobster meat, mayonnaise, basil leaves, dijon mustard, sea salt, cracked black pepper, sweet paprika, hot dog rolls, butter]"
Lobster-Bisque-Allrecipes,Lobster Bisque,5,1200.0,[Soups],,"[chicken broth, onions, butter, all-purpose flour, milk, salt, lobster meat, worcestershire sauce, ground cayenne pepper]"
Nantucket-Lobster-Chowder-My-Recipes,Nantucket Lobster Chowder,4,,[Soups],,"[butter, all-purpose flour, chicken broth, chardonnay, lobster, corn kernels, small red potato, salt, cayenne pepper, chopped fresh chives, fresh tarragon, heavy whipping cream]"
Restaurant-Wars---Red-Lobster-1373076,Restaurant Wars - Red Lobster,4,3900.0,[Main Dishes],,"[chicken breasts, olive oil, cracked black pepper, kosher salt, red pepper flakes, heavy cream, cultured butter, parmesan cheese, salt, freshly ground black pepper, egg linguine, all-purpose flour, baking soda, butter, shredded sharp cheddar cheese, garlic powder, 2% reduced-fat milk, dried oregano, garlic salt, peeled deveined shrimp, garlic, white wine, flat leaf parsley]"
We_re-giving-away-lobster-rolls-from-lobster-anywhere_-371718,We're Giving Away Lobster Rolls From Lobster Anywhere!,5,,,,"[lobster meat, buns, water]"
Lobster-Sambuca-Over-Fettuccini-1018365,Lobster Sambuca Over Fettuccini,4,9000.0,[Main Dishes],,"[extra-virgin olive oil, carrots, celery, onions, white wine, water, parsley, garlic, dried thyme, celery salt, bay leaf, peppercorns, lobster, fettucine, butter, shallots, sambuca, lobster stock, fresh parsley, heavy cream, shredded romano cheese]"
Lobster-Rolls-1194747,Lobster Rolls,3,1800.0,,,"[kosher salt, lemon, parsley, black peppercorns, lobster, Hellmann's® Real Mayonnaise, chives, salt, pepper, unsalted butter, rolls]"
Lobster-Mac-and-Cheese-961622,Lobster Mac and Cheese,4,3600.0,[Main Dishes],,"[pasta, butter, all-purpose flour, cayenne pepper, whole milk, fontina cheese, sharp cheddar cheese, mascarpone, bread crumb fresh, kosher salt, garlic, lemon zest, lobster meat, parsley]"
Lobster-Roll-1228854,Lobster Roll,4,1500.0,,,"[lobster, mayonnaise, shallots, basil leaves, salt, pepper, cayenne pepper, chives, bread, butter]"
Lobster-Macaroni-and-Cheese-1179902,Lobster Macaroni and Cheese,4,2400.0,[Main Dishes],,"[cavatappi, lobster tails, unsalted butter, shallots, garlic cloves, flour, sharp cheddar cheese, white cheddar cheese, gruyere cheese, whole milk, plain breadcrumbs, salt, black pepper, nutmeg]"
Easy-Lobster-Bisque-1187067,Easy Lobster Bisque,4,1200.0,[Soups],,"[lobster, garlic, purple onion, carrots, celery, tomato paste, broth, white wine, olive oil, brandy, heavy cream, bay leaves, salt, peppercorns, paprika, thyme, xanthan gum, fresh lemon juice, fresh parsley]"
Lobster-Penne-with-Truffle-Oil-677149,Lobster Penne with Truffle Oil,4,1800.0,[Main Dishes],,"[lobster tails, penne, butter, shallots, white wine, cream, fresh parsley, ground black pepper, salt, white truffle oil]"
Lobster-Rolls-521421,Lobster Rolls,3,660.0,[Lunch and Snacks],[American],"[chopped celery, mayonnaise, lobster meat, unsalted butter, hot dog bun, lemon wedge]"
Cantonese-Style-Lobster-Allrecipes,Cantonese Style Lobster,5,2400.0,[Main Dishes],[Asian],"[lobster, peanut oil, garlic, fresh ginger root, lean ground pork, chicken broth, cooking sherry, soy sauce, corn starch, brown sugar, eggs, green onions]"
Lobster-Bisque-1213983,Lobster Bisque,4,4800.0,[Soups],,"[lobster tails, butter, shallots, celery, carrots, garlic, dry sherry, diced tomatoes, tarragon, paprika, thyme, shellfish, heavy cream, saffron, flour, salt, white pepper, truffle oil, lobster meat]"
Lobster-Roll-1182597,Lobster Roll,4,1500.0,,,"[lobster, mayonnaise, lemon juice, salt, pepper, Sriracha, spring onions, dill, butter, hot dog bun, lemon]"
Lobster-fra-diavolo-_lobster-in-spicy-tomato-sauce_-373428,Lobster Fra Diavolo (Lobster in Spicy Tomato Sauce),5,4500.0,[Main Dishes],,"[extra-virgin olive oil, lobster, claws, flour, crushed red pepper flakes, dried oregano, garlic, tomato paste, cognac, seafood stock, juice, whole peeled tomatoes, bay leaf, kosher salt, ground black pepper, pasta, chopped parsley]"
Indulgent-Lobster-Champagne-Risotto-1014184,Indulgent Lobster-Champagne Risotto,4,1800.0,[Main Dishes],,"[olive oil, diced yellow onion, garlic cloves, carnaroli rice, champagne, chicken stock, half & half, shredded parmesan cheese, butter, basil, parsley, lobster meat, salt, pepper]"
Lobster-Tail-Recipe-How-to-Cook-it-Like-a-Pro_-1030822,Lobster Tail Recipe – How to Cook it Like a Pro!,4,1500.0,,[Barbecue],"[lobster tails, unsalted butter, garlic cloves, kosher salt]"
Mexican-blt-lobster-rolls-350046,Mexican BLT Lobster Rolls,5,2400.0,,,"[bacon, Haas avocados, sour cream, lemon, garlic, purple onion, chopped cilantro, sea salt, lobster meat, brioche, iceberg lettuce, tomatoes]"
Lobster-Corn-Chowder-1115814,Lobster Corn Chowder,3,3900.0,[Soups],,"[lobster, heavy whipping cream, water, white wine, corn-on-the-cob, butter, leeks, carrots, flour, fresh basil, salt, freshly ground pepper]"
Lobster-Rolls-1204427,Lobster Rolls,3,1200.0,,,"[lobster meat, mayonnaise, butter, hot dog rolls, butter lettuce]"
Lobster-Deviled-Eggs-My-Recipes,Lobster Deviled Eggs,4,4080.0,[Appetizers],,"[extra large eggs, mayonnaise, fresh lemon juice, dijon mustard, ground black pepper, salt, ground red pepper, lobster, smoked paprika, chopped fresh chives]"
Lobster-And-Chive-Bisque-Allrecipes,Lobster and Chive Bisque,4,1500.0,[Soups],,"[lobster meat, minced onion, butter, all-purpose flour, milk, salt, heavy whipping cream, chopped fresh chives]"
Lobster-Pot-Pie-513196,Lobster Pot Pie,5,3600.0,[Main Dishes],,"[butter, baby portobello mushrooms, shallots, cognac, all-purpose flour, vegetable stock, milk, heavy cream, grated nutmeg, cayenne pepper, fresh thyme leaves, frozen peas, fresh tarragon, lobster meat, puff pastry, eggs]"
Lobster-Stew-1088327,Lobster Stew,4,5100.0,"[Soups, Main Dishes]",,"[lobster, bay leaves, carrots, celery ribs, black peppercorns, olive oil, spanish onion, cuban peppers, chili flakes, garlic cloves, chorizo sausage, tomato paste, smoked paprika, white wine, fish stock, roma tomatoes, parsley]"
Lobster-Mac-_-Cheese-1223180,Lobster Mac & Cheese,4,4200.0,[Main Dishes],,"[vegetable oil, kosher salt, cavatappi, whole milk, unsalted butter, all-purpose flour, grated Gruyère cheese, extra sharp cheddar cheese, ground black pepper, ground nutmeg, lobster meat, white bread crumbs]"
Broiled-Lobster-Tail-with-Brown-Butter-Sauce-950175,Broiled Lobster Tail with Brown Butter Sauce,4,2700.0,[Main Dishes],,"[lobster tails, raw hazelnuts, unsalted butter, shallots, fresh parsley, grated lemon zest, salt]"
Lobster-Salad-Napoleons-My-Recipes,Lobster Salad Napoleons,3,2700.0,[Salads],[American],"[lobster tails, lemon dressing, pastry, tomatoes, rocket leaves, salt]"
Lobster-Mac-and-Cheese-MyRecipes-244233,Lobster Mac and Cheese,4,,"[Lunch and Snacks, Main Dishes]",[American],"[corkscrew pasta, melted butter, large garlic cloves, purple onion, all-purpose flour, whole milk, sharp cheddar cheese, cheese, dijon mustard, fresh chives, cayenne pepper, salt, ground black pepper, lobster meat, crackers]"
Lobster-Mac-_-Cheese-990384,Lobster Mac & Cheese,3,3300.0,[Main Dishes],,"[kosher salt, vegetable oil, cavatappi, milk, unsalted butter, all-purpose flour, gruyere cheese, extra sharp cheddar cheese, ground black pepper, nutmeg, lobster meat, white bread crumbs]"
Picnic-Perfect-Lobster-Rolls-MyRecipes-263330,Picnic-Perfect Lobster Rolls,4,4320.0,[Lunch and Snacks],[American],"[chopped celery, grated lemon zest, green onions, fresh tarragon, canola mayonnaise, fresh lemon juice, dijon mustard, kosher salt, black pepper, ground red pepper, lobster meat, hot dog bun]"
Lobster-Butter-1164430,Lobster Butter,3,2700.0,,,"[shells, unsalted butter]"
Lobster-fennel-salad-314546,Lobster Fennel Salad,4,3000.0,[Salads],,"[lobster, cold water, fresh lemon juice, fennel bulb, mayonnaise, tarragon, salt, freshly ground pepper, rocket leaves, shallots, cilantro leaves]"
Lobster-Roll-Cones-1193666,Lobster Roll Cones,3,1800.0,,,"[mayonnaise, lemon, lobster, salt, ground black pepper, white bread, cones, chopped fresh chives]"
Spicy-Thai-Lobster-Soup-My-Recipes,Spicy Thai Lobster Soup,4,3300.0,"[Main Dishes, Soups]","[Asian, Thai]","[lobster, vegetable oil, asian, fish, lime rind, long-grain rice, unsweetened coconut milk, mushrooms, green onions, bird chile, chopped cilantro fresh, fresh lime juice, fresh cilantro]"
Corn-And-Lobster-Chowder-Epicurious,Corn and Lobster Chowder,5,4500.0,[Soups],[American],"[lobster, corn kernels, low salt chicken broth, bacon slices, onions, carrots, diced celery, cayenne pepper, bottled clam juice, whipping cream, sour cream, butter, chopped fresh chives]"
Lobster-Roll-Martha-Stewart,Lobster Roll,3,2700.0,[Lunch and Snacks],[American],"[lobster, chives, fresh tarragon, mayonnaise, fresh lemon juice, ground black pepper, unsalted butter, arugula]"
Avocado-And-Lobster-Salad-Allrecipes,Avocado and Lobster Salad,5,1500.0,[Salads],[American],"[butter, lobster meat, seafood seasoning, tomatoes, avocado, iceberg lettuce, feta cheese crumbles]"
Brown-Butter-Lobster_-Bacon-_-Crispy-Kale-and-Fontina-Pasta-760508,"Brown Butter Lobster, Bacon + Crispy Kale and Fontina Pasta",4,1200.0,[Main Dishes],,"[thick-cut bacon, lobster tails, butter, garlic, kale leaves, olive oil, parmesan cheese, salt, pepper, cayenne pepper, crushed red pepper, pasta, lemon, grape tomatoes, fontina cheese, fresh basil]"
Butter-Poached-Lobster-_-Shrimp-w_-Fresh-Tomatoes-1179827,Butter Poached Lobster & Shrimp w/ Fresh Tomatoes,4,1800.0,[Main Dishes],,"[lobster, shrimp, water, salted butter, garlic, tomatoes, fresh basil leaves]"
Lobster-Pasta-With-Herbed-Cream-Sauce-Epicurious,Lobster Pasta with Herbed Cream Sauce,5,3900.0,[Main Dishes],,"[lobster, olive oil, tomato paste, plum tomatoes, dry white wine, white wine vinegar, garlic cloves, fresh tarragon, thyme sprigs, parsley sprigs, whipping cream, fettucine]"
Catalan-Stew-with-Lobster-and-Clams-779127,Catalan Stew with Lobster and Clams,3,5400.0,[Main Dishes],,"[lobster, whole almonds, hazelnuts, extra-virgin olive oil, day old bread, onions, pepper, salt, chiles, fresno chiles, piquillo peppers, smoked sweet Spanish paprika, garlic cloves, tomato purée, dry white wine, littleneck clams, chopped parsley]"
Lobster-And-Vanilla-_Club_-Sandwich-514109,Lobster And Vanilla 'Club' Sandwich,5,,[Lunch and Snacks],[American],"[brioche bread, lobster meat, heirloom tomatoes, pea shoots, aioli, vanilla beans]"
Lobster-Thermidor-My-Recipes,Lobster Thermidor,4,6300.0,[Main Dishes],"[American, French]","[water, lobster, fat free milk, olive oil, shallots, mushrooms, dry sherry, all-purpose flour, ground black pepper, white pepper, fresh basil, fresh tarragon, whipping cream, kosher salt, cooking spray, shredded reduced fat reduced sodium swiss cheese, panko, unsalted butter]"
Homard-en-Croute-_Lobster-Pot-Pie_-1306311,Homard en Croûte (Lobster Pot Pie),3,,,,"[unsalted butter, garlic, yellow onion, brandy, flour, heavy cream, lobster meat, grated nutmeg, kosher salt, ground black pepper, puff pastry, eggs]"
Lobster-Corn-Chowder-752006,Lobster Corn Chowder,3,6300.0,[Soups],,"[lobster, corn, unsalted butter, yellow onion, cream sherry, sweet paprika, whole milk, heavy cream, dry white wine, olive oil, bacon, yukon gold potatoes, diced celery, kosher salt, ground black pepper, chopped fresh chives]"
Copycat-Red-Lobster-Tartar-Sauce-1222115,Copycat Red Lobster Tartar Sauce,4,1500.0,[Condiments and Sauces],,"[mayonnaise, diced onions, sweet pickle relish, carrots, sugar]"
Lobster-caesar-salad-370465,Lobster Caesar Salad,5,1200.0,[Salads],[American],"[anchovies, garlic cloves, egg yolks, fresh lemon, dijon mustard, olive oil, grated parmesan cheese, salt, pepper, country style bread, romaine lettuce, fish, lobster, parmesan cheese]"
Lobster-Salad-513107,Lobster Salad,5,3600.0,[Salads],[American],"[lemon, purple onion, fine sea salt, lobster, mayonnaise, basil leaves, ground black pepper, cherries, extra-virgin olive oil, sea salt]"
Crab-And-Lobster-Stuffed-Mushrooms-Allrecipes,Crab and Lobster Stuffed Mushrooms,5,1200.0,[Appetizers],,"[melted butter, fresh mushrooms, croutons, shredded mozzarella cheese, crabmeat, lobster tails, minced garlic]"
Lobster-Fra-Diavolo-Bianco-1241395,Lobster Fra Diavolo Bianco,4,1500.0,[Main Dishes],,"[lobster meat, grape tomatoes, olive oil, garlic, pepper, fresh basil, red pepper flakes, spaghetti]"
Lobster-and-Bacon-Mac-and-Cheese-1280641,Lobster and Bacon Mac and Cheese,4,3000.0,[Main Dishes],,"[bacon, butter, garlic, flour, heavy cream, whole milk, bay leaf, salt, lobster meat, shredded medium cheddar cheese, smoked cheddar cheese, shredded mozzarella cheese, pasta, panko breadcrumbs, melted butter]"
Lobster-Fra-Diavolo-Martha-Stewart,Lobster Fra Diavolo,4,1800.0,[Main Dishes],,"[lobster, sauce, dry white wine, flat leaf parsley, linguine]"
Dyers-Island-Lobster-Hash-527460,Dyers Island Lobster Hash,3,2700.0,[Main Dishes],[American],"[red bliss potato, onions, olive oil, flat leaf parsley, lobster, pepper, salt]"
BUTTERY-LOBSTER-ROLL-SANDWICH-524009,BUTTERY LOBSTER ROLL SANDWICH,3,1200.0,[Lunch and Snacks],,"[lobster, fresh tarragon, celery, lemon juice, mayonnaise, salt, pepper, rolls, salted butter, chives]"
Lobster-and-Brie-Grilled-Cheese-Sandwiches-761385,Lobster and Brie Grilled Cheese Sandwiches,4,1800.0,[Lunch and Snacks],,"[lobster, french bread, whole grain mustard, brie cheese, freshly ground pepper]"
Poached-Lobster-with-Vegetable-Macedonia-Epicurious-203531,Poached Lobster with Vegetable Macedonia,3,3000.0,[Main Dishes],,"[carrots, turnips, haricots verts, fresh peas, white wine, black peppercorns, lobster, scallions, greek yogurt, lemon, paprika, Piment d'Espelette, salt, ground black pepper]"
Crock-Pot-Lobster-Bisque-1195471,Crock Pot Lobster Bisque,4,27000.0,[Soups],,"[lobster tails, shallots, garlic, diced tomatoes in juice, chicken broth, old bay seasoning, dried dill, fresh parsley, cracked black pepper, paprika, heavy cream]"
Cantonese-Style-Ginger-Scallion-Lobster-963475,Cantonese-Style Ginger Scallion Lobster,4,2700.0,[Main Dishes],"[Chinese, Asian]","[lobster, all-purpose flour, corn starch, oil, ginger, scallions, Shaoxing wine, soy sauce, sesame oil, sugar, ground white pepper]"
Lobster-Pot-Pie-1132782,Lobster Pot Pie,3,3900.0,[Main Dishes],,"[unsalted butter, garlic cloves, shallots, yellow onion, cognac, flour, heavy cream, lobster meat, cayenne pepper, kosher salt, ground black pepper, puff pastry, eggs]"
Lobster-Tails-Vermouth-1024107,Lobster Tails Vermouth,4,1800.0,,,"[lobster tails, butter, corn starch, dry vermouth, chicken broth, chopped parsley, minced garlic, soy sauce, lemon juice, sugar, salt, pepper]"
Itty-bitty-lobster-rolls-334724,Mini Lobster Rolls,5,,[Appetizers],[American],"[flour for dusting, rolls, lobster meat, hothouse cucumber, mayonnaise, lemon zest, chives, salted butter, pepper, salt]"
Copycat-Red-Lobster-Crab-Cakes-1117317,Copycat Red Lobster Crab Cakes,3,2700.0,[Main Dishes],,"[nonfat plain greek yogurt, minced garlic, eggs, prepared mustard, ground ginger, sweet paprika, bay leaves, onion powder, sea salt, ground black pepper, lump crab meat, plain breadcrumbs, canola oil]"
Easy-Lobster-Tails-In-Foil-1196819,Easy Lobster Tails In Foil,4,3900.0,[Main Dishes],,"[lobster tails, salt, pepper, paprika, lemon, butter]"
Lobster-and-Avocado-Salad-441736,Lobster and Avocado Salad,5,5100.0,[Salads],,"[beets, canola oil, ground black pepper, salt, lobster, champagne, champagne vinegar, dijon mustard, shallots, mesclun, grapefruit, avocado]"
Spicy-Lobster-Pasta-1235885,Spicy Lobster Pasta,3,3600.0,[Main Dishes],,"[lobster, butter, carrots, celery ribs, bay leaf, thyme sprigs, olive oil, onions, garlic cloves, hot red pepper flakes, salt, pepper, white wine, tomato purée, heavy cream, pasta, chopped parsley, lemon zest]"
Lobsters-with-Beurre-Blanc-Martha-Stewart-197076,Lobsters with Beurre Blanc,4,2700.0,,,"[coarse salt, lobster, dry white wine, fresh orange juice, shallots, black peppercorns, unsalted butter, heavy cream, ground white pepper, fresh lemon juice]"
Lobster-Rolls-with-Garlic-Butter-Buns-494018,Lobster Rolls with Garlic Butter Buns,4,1200.0,,,"[lobster meat, fresh lemon juice, chopped celery, scallions, salt, unsalted butter, garlic cloves, buns]"
Butter-Poached-Lobster-with-Asparagus-Saffron-Cream-and-Roasted-Beets-1324134,Butter-Poached Lobster with Asparagus-Saffron Cream and Roasted Beets,3,,,,"[baby beets, olive oil, kosher salt, garlic, cinnamon, pinenuts, asparagus, saffron, unsalted butter, shallots, heavy cream, lemon, cayenne, lobster, sea salt flakes, mint leaves]"
Lobster-Sandwiches-1005688,Lobster Sandwiches,4,1500.0,[Lunch and Snacks],,"[fresh chives, fresh dill, butter, meat, juice, shellfish]"
Inside-Out-Lobster-Roll-Martha-Stewart-191563,Inside-Out Lobster Roll,4,2100.0,"[Lunch and Snacks, Main Dishes]",[American],"[lobster, unsalted butter, fresh lemon juice, brioche, sea salt, lemon wedge, fresh tarragon]"
Linguine-Lobster-Fra-Diavolo-1014611,Linguine Lobster Fra Diavolo,4,2100.0,[Main Dishes],,"[linguine, olive oil, onions, garlic cloves, crushed red pepper flakes, salt, ground black pepper, dried oregano, cognac, diced tomatoes in juice, lobster, flat leaf parsley, fresh basil]"
Lobster-Stew-With-a-Pastry-Lid-1235886,Lobster Stew With a Pastry Lid,3,3000.0,[Main Dishes],,"[lobster, butter, diced celery, leeks, salt, pepper, cayenne pepper, thyme leaves, grated lemon zest, half & half, potato starch, crème fraîche, pastry, chopped parsley, tarragon, chives, celery leaves]"
Lobster-Roll-Salad-1158563,Lobster-Roll Salad,3,1800.0,[Salads],,"[white bread, margarine, low-fat buttermilk, light mayonnaise, fresh lemon juice, chives, salt, pepper, romaine lettuce, celery, deveined shrimp, lobster meat]"
Lobster_-Avocado-and-Grapefruit-Cocktail-765279,"Lobster, Avocado and Grapefruit Cocktail",4,1200.0,,,"[lobster meat, Haas avocados, red grapefruit, extra-virgin olive oil, fresh lemon juice, fresh chives, sea salt]"
Classic-New-England-Lobster-Roll-1256574,Classic New England Lobster Roll,4,900.0,,,"[lobster, mayonnaise, ground black pepper, hot dog rolls, unsalted butter, lemon wedge]"
Lobster-Corn-Chowder-899448,Lobster Corn Chowder,3,2400.0,[Soups],,"[butter, green onions, celery, red bell pepper, flour, creole seasoning, chicken broth, corn kernels, heavy cream, lobster meat, tomatoes, salt, pepper, dry sherry, cooked bacon]"
Classic-Maine-Lobster-Rolls-772721,Classic Maine Lobster Rolls,3,2100.0,[Lunch and Snacks],,"[hot dog bun, unsalted butter, lettuce leaves, salad, dill pickle spear, potato chips, lobster meat, cucumber, scallions, ground black pepper, sea salt]"
Uncle-bep_s-lobster-salad-330336,Uncle Bep's Lobster Salad,3,1800.0,[Salads],,"[lobster meat, celery, mayonnaise, flat leaf parsley, lemon, salt, pepper]"
Lobster-Ceviche-with-Limestone-Lettuce-441763,Lobster Ceviche with Limestone Lettuce,5,,"[Main Dishes, Salads]",,"[garlic, chile paste, ground ginger, ground black pepper, fresh lemon juice, salt, water, juice, soy sauce, lobster, lettuce leaves, purple onion, cherry tomatoes, fresh cilantro]"
Maine-Lobster-Bake-525991,Maine Lobster Bake,3,3600.0,[Main Dishes],[American],"[clams, ground black pepper, red bliss potato, shuck corn, lobster, unsalted butter, fresh lemon juice]"
Nero-Di-Seppia-Spaghetti-with-Squash-_-Lobster-Sauce-1052863,Nero Di Seppia Spaghetti with Squash & Lobster Sauce,4,3600.0,[Main Dishes],,"[lobster, olive oil, white onion, garlic, pernod, butternut squash, chicken broth, San Marzano tomatoes, whipping cream, parmigiano reggiano cheese, salt, ground black pepper, pasta, cultured butter, tarragon leaves]"
Lobster-Rolls-My-Recipes,Lobster Rolls,4,4200.0,[Lunch and Snacks],[American],"[canola mayonnaise, chopped celery, minced onion, greek yogurt, fresh dill, kosher salt, ground red pepper, lobster meat, butter, hot dog bun, lettuce leaves]"
Chilled-lobster-salad-with-sweet-summer-corn-and-tomatoes-352215,Chilled Lobster Salad with Sweet Summer Corn and Tomatoes,5,2100.0,,,"[corn, lobster meat, grape tomatoes, chives, lemon, olive oil, salt, pepper, lettuce leaves]"
Lobster-Mashed-Potatoes-AllRecipes-201963,Lobster Mashed Potatoes,5,3600.0,[Side Dishes],,"[water, salt, lobster, russet potatoes, butter, cream, paprika]"
Crock-Pot-Lobster-Bisque-975365,Crock-Pot Lobster Bisque,4,27000.0,[Soups],,"[shallots, garlic, diced tomatoes in juice, low sodium chicken broth, old bay seasoning, dried dill, fresh parsley, cracked black pepper, paprika, lobster tails, heavy cream]"
New-England-Style-Lobster-Roll-679613,New England-Style Lobster Roll,4,1500.0,,,"[lobster meat, lemon juice, mayonnaise, dijon style mustard, scallions, celery, ground black pepper, salt, butter, hot dog rolls]"
Lobster-Pasta-Allrecipes,Lobster Pasta,4,2700.0,[Main Dishes],,"[lobster, butter, onions, garlic, diced tomatoes, olive oil, salt, ground black pepper, ground cinnamon, heavy cream, spaghetti, fresh parsley]"
Spicy-Lobster-Pasta-632716,Spicy Lobster Pasta,3,2100.0,[Main Dishes],,"[lobster meat, pasta, olive oil, butter, onions, chili powder, cherry tomatoes, black pepper, salt, lemon zest, cilantro leaves]"
Copycat-Red-Lobster-Tartar-Sauce-1218837,Copycat Red Lobster Tartar Sauce,4,1500.0,[Condiments and Sauces],,"[mayonnaise, diced onions, sweet pickle relish, carrots, sugar]"
Mini-Lobster-Rolls-Martha-Stewart,Mini Lobster Rolls,4,1500.0,"[Lunch and Snacks, Appetizers]",[American],"[lobster meat, mayonnaise, fresh lemon juice, chopped fresh chives, coarse salt, old bay seasoning, cayenne pepper, salted butter, hot dog bun]"
Flame-red-lobster-tails-324084,Flame Red Lobster Tails,3,1500.0,,,"[lobster, butter, red chili powder, brandy, salt]"
Lobster-and-Asparagus-Risotto-1007351,Lobster and Asparagus Risotto,4,3600.0,[Main Dishes],,"[asparagus, low sodium vegetable broth, water, lobster tails, olive oil, garlic, risotto, marsala wine, white pepper, salt, tarragon, chopped parsley, grated lemon peel, butter]"
Chipotle-lobster-and-avocado-wrap-370755,Chipotle Lobster and Avocado Wrap,5,1500.0,[Lunch and Snacks],,"[lobster meat, light mayonnaise, greek yogurt, chipotle paste, green onions, fresh lemon juice, cilantro, avocado, romaine lettuce leaves, wheat]"
Lobster-Fra-Diavolo-1014057,Lobster «Fra Diavolo»,4,2700.0,[Main Dishes],,"[spaghetti, lobster tails, garlic, salt, pepper, olive oil, crushed tomatoes, oregano, red pepper flakes, clam juice]"
Lobster-and-caviar-deviled-eggs-347961,Lobster and Caviar Deviled Eggs,0,2100.0,[Appetizers],,"[eggs, mayonnaise, onions, dijon mustard, lemon juice, sour cream, chives, lobster, salt, sturgeon caviar, chopped fresh chives]"
Lobster-and-Shrimp-Scampi-10-Points-Plus-1073603,Lobster and Shrimp Scampi – 10 Points Plus,4,3000.0,[Main Dishes],,"[spaghetti, lobster tails, deveined shrimp, garlic cloves, dry white wine, low sodium chicken broth, lemon juice, extra-virgin olive oil, parsley, ground pepper]"
Red-Lobster-Cheddar-Bay-Biscuits-Copycat-1376308,Red Lobster Cheddar Bay Biscuits Copycat,4,1800.0,[Breads],,"[baking mix, butter, cheddar cheese, whole milk, garlic powder, melted butter, parsley flakes, salt]"
Lobster-Rolls-635723,Lobster Rolls,3,2700.0,,,"[mayonnaise, prepared horseradish, Tabasco Pepper Sauce, lemon juice, ketchup, dijon mustard, cornichons, capers, hard-boiled egg, fresh parsley, ground black pepper, salt, lobster meat, soft buns, melted butter]"
Champagne-And-Orange_steamed-Lobster-Tails-En-Papillote-My-Recipes,Champagne and Orange-Steamed Lobster Tails en Papillote,4,2400.0,[Main Dishes],[French],"[orange, lobster, butter, fronds, champagne, kosher salt]"
Lobster-Grilled-Cheese-490583,Lobster Grilled Cheese,0,900.0,"[Lunch and Snacks, Main Dishes]",[American],"[low-fat plain greek yogurt, chopped fresh chives, fresh lemon juice, sea salt, ground black pepper, whole grain bread, low-fat cheddar cheese, meat cuts, olive oil cooking spray]"
Lobster-Fra-Diavolo-513340,Lobster Fra Diavolo,5,3600.0,[Main Dishes],,"[lobster, extra-virgin olive oil, garlic cloves, red pepper, dry white wine, italian plum tomatoes, anchovy fillets, dried oregano, kosher salt, spaghetti, flat leaf parsley, ground black pepper]"
New-England-Creamy-Lobster-Roll-Skinny-1044041,New England Creamy Lobster Roll – Skinny,4,1800.0,,,"[lobster meat, chopped onion, celery ribs, carrots, mayonnaise, sour cream, lemon juice, salt, pepper, hot dog bun, melted butter]"
Red-Lobster-Cheddar-Bay-Biscuits-Copycat-1296770,Red Lobster Cheddar Bay Biscuits Copycat,4,1500.0,[Breads],,"[flour, baking powder, salt, shortening, milk, shredded cheese]"
Tarragon-lobster-salad-with-corn-and-tomatoes-368648,Tarragon Lobster Salad with Corn and Tomatoes,4,1800.0,[Salads],,"[lobster, white wine vinegar, lemon juice, lemon zest, olive oil, salt, red pepper, corn kernels, cherry tomatoes, tarragon, fresh parsley]"
Lobster-Salad-with-Grapefruit-_-Avocado-1119355,Lobster Salad with Grapefruit & Avocado,4,1200.0,[Salads],,"[grapefruit, champagne vinegar, salt, freshly ground pepper, shallots, fresh chives, extra-virgin olive oil, lobster meat, shells, salad greens, avocado]"
Exotic-Lobster-Salad-898634,Exotic Lobster Salad,4,1200.0,[Salads],,"[lobster, mango, yoghurt, curry, lime zest, sea salt, arugula, olive oil, lime juice]"
Lobster-Corn-Chowder-1314586,Lobster Corn Chowder,4,7200.0,[Soups],,"[lobster, olive oil, carrots, onions, celery, garlic cloves, kosher salt, peppercorns, fresh thyme, fresh parsley, tomato paste, old bay seasoning, bay leaves, water, butter, salt pork, chopped parsley, flour, lobster stock, red potato, fresh corn, lobster meat, cream, salt, pepper]"
Lobster-Stock-and-Meat-Martha-Stewart,Lobster Stock and Meat,3,4200.0,[Soups],,"[lobster, unsalted butter, leeks, carrots, celery, lillet blanc, water, flat leaf parsley, bay leaf, coarse salt, black peppercorns]"
Poor-Man_s-Lobster-1193382,Poor Man's Lobster,4,1200.0,[Main Dishes],,"[cod fillets, water, white sugar, salt, melted butter, lemon, lemon pepper seasoning, paprika]"
Cajun-lobster-pasta-322556,Cajun Lobster Pasta,3,1800.0,[Main Dishes],[Cajun & Creole],"[bacon, garlic, bell pepper, green onions, broth, spices, old bay seasoning, onion powder, garlic powder, lemon pepper, oregano, pepper, lobster, heavy cream, salt]"
Spaghetti-with-Lobster-Fra-Diavolo-Martha-Stewart-193983,Spaghetti with Lobster Fra Diavolo,3,10800.0,[Main Dishes],,"[extra-virgin olive oil, onions, garlic cloves, red pepper flakes, tomatoes with juice, water, freshly ground pepper, coarse salt, stock, shells, lobster, spaghetti, fresh basil]"
New-Brunswick-Lobster-Casserole-Allrecipes,New Brunswick Lobster Casserole,4,3600.0,[Main Dishes],,"[butter, all-purpose flour, dry mustard, salt, pepper, milk, light cream, mushrooms, shredded swiss cheese, lobster meat, bread, dry bread crumbs, melted butter]"
Lobster-mac-n-cheese-318869,Lobster Mac n Cheese,5,5100.0,[Main Dishes],,"[lobster meat, olive oil, carrots, celery ribs, onions, garlic cloves, brandy, dry white wine, tomato paste, whole peeled tomatoes, thyme, parsley, tarragon, bay leaf, heavy cream, pepper, salt, elbow macaroni, gruyere cheese]"
Split-Grilled-Lobsters-with-Herb-Butter-MyRecipes-264498,Split Grilled Lobsters with Herb Butter,3,,[Main Dishes],,"[unsalted butter, fresh tarragon, flat leaf parsley, chopped fresh chives, kosher salt, lobster, olive oil, ground black pepper, lemon]"
Broiled-Lobster-Tails-_-Baked-Sweet-Potato-Fries-1060696,Broiled Lobster Tails & Baked Sweet Potato Fries,3,3300.0,[Side Dishes],,"[lobster tails, butter, salt, ground white pepper, sweet potatoes, italian seasoning, pepper, olive oil]"
Lobster-Baked-Macaroni-_-Cheese-September-30_-2013-1255555,"Lobster Baked Macaroni & Cheese September 30, 2013",4,4200.0,[Main Dishes],,"[noodles, butter, flour, dry mustard, cayenne, salt, pepper, milk, finely chopped onion, minced garlic, shredded cheddar cheese, panko breadcrumbs, lobster meat]"
Lobster-and-potato-salad-357945,Lobster and Potato Salad,5,6300.0,[Salads],,"[yukon gold, sea salt, champagne vinegar, dijon mustard, garlic, large egg yolks, ground black pepper, olive oil, dry white wine, capers, scallions, celery, purple onion, lobster meat, lemon, fresh tarragon]"
Lobster-and-Fennel-Potpie-Martha-Stewart-238187,Lobster and Fennel Potpie,5,5400.0,[Main Dishes],,"[unsalted butter, onions, fennel bulb, all-purpose flour, fish stock, water, lobster meat, peas, heavy cream, fresh tarragon, freshly ground pepper, coarse salt, bread]"
Lobster-Seviche-With-Grilled-Fennel-My-Recipes,Lobster Seviche with Grilled Fennel,3,,[Salads],,"[lobster, fresh lime juice, fresh lemon juice, fennel, extra-virgin olive oil, sea salt, ground black pepper, purple onion, sliced green onions, chopped fresh mint, english cucumber, sugar, lime wedges, fresh mint]"
Martin-Yans-Cantonese-Lobster-1014183,Martin Yan’s Cantonese Lobster,4,900.0,[Main Dishes],[Asian],"[lobster tails, seasoning, garlic, green onions, minced ginger, black bean garlic sauce, vegetable oil, chicken broth, chinese rice wine, corn starch, sesame oil, unsweetened shredded dried coconut, unsweetened coconut milk, water, long-grain rice, salt]"
Lobster-and-Chive-Scrambled-Eggs-379522,Lobster and Chive Scrambled Eggs,5,1800.0,[Breakfast and Brunch],,"[butter, chives, lobster meat, eggs, ground black pepper, kosher salt, toast]"
Lobster-Spaghetti-With-Tomato-Ginger-And-Basil-1013423,Lobster Spaghetti With Tomato Ginger And Basil,3,3000.0,[Main Dishes],,"[vine ripened tomatoes, lobster, spaghetti, extra-virgin olive oil, garlic cloves, fresh ginger, dry white wine, spring onions, lemon, juice, fresh basil leaves]"
Creamed-Lobster-on-Puff-Pastry-Shells-899457,Creamed Lobster on Puff Pastry Shells,3,2100.0,,,"[butter, green onions, red bell pepper, celery, all-purpose flour, cajun seasoning, milk, lobster meat, ground black pepper, salt, shredded parmesan cheese, chopped parsley, puff pastry shells]"
Lobster-rolls-340287,Lobster Rolls,3,1500.0,,,"[mayonnaise, fresh tarragon, chopped fresh chives, curry powder, fresh lemon juice, diced celery, purple onion, lobster meat, salt, ground black pepper, rolls, butter, cayenne pepper, tarragon leaves, dill tips, celery leaves, parsley leaves]"
The-Tasting-Table-Lobster-Roll-630807,The Tasting Table Lobster Roll,3,2400.0,,,"[salt, lemon, star anise, garlic, chiles, fresh ginger, lobster, mayonnaise, parsley, chives, cooking liquid, lemon juice, lemon zest, ground black pepper, celery salt, butter, hot dog rolls]"
Red-Lobster-Cheddar-Bay-Biscuits-589747,Red Lobster Cheddar Bay Biscuits,4,1200.0,[Breads],,"[all-purpose flour, sugar, baking powder, garlic powder, kosher salt, cayenne pepper, buttermilk, unsalted butter, shredded sharp cheddar cheese, fresh parsley leaves]"
Copycat-Red-Lobster-Cheddar-Bay-Biscuits-1118738,Copycat Red Lobster Cheddar Bay Biscuits,4,2700.0,[Breads],,"[cooking spray, all-purpose flour, baking powder, sugar, salt, vegetable shortening, unsalted butter, cheddar cheese, whole milk, garlic, fresh parsley]"
Lobster-And-Arugula-Salad-With-Vanilla-Bean-Vinaigrette-519785,Lobster And Arugula Salad With Vanilla Bean Vinaigrette,4,3300.0,[Salads],,"[asparagus spears, greens, vinaigrette, lobster tails, herbs, rice vinegar, vanilla beans, kosher salt, ground black pepper, vanilla extract, eggs, extra-virgin olive oil, minced garlic]"
Baked-Lobster-Mac-and-Cheese-1332875,Baked Lobster Mac and Cheese,4,3600.0,[Main Dishes],,"[pasta spiral, lobster meat, butter, small yellow onion, milk, plain breadcrumbs, sharp cheddar cheese, gruyere cheese, parmesan cheese, fresh chives, all-purpose flour, dry white wine, garlic, dijon mustard, kosher salt, black pepper, nutmeg, cayenne pepper]"
Recipes-for-a-Lobster-Surplus-1253497,Recipes for a Lobster Surplus,3,2700.0,[Main Dishes],,"[Mexican beer, salt, lobster, duck fat, ground chipotle chile pepper, tequila, cilantro leaves, lime, corn tortillas, avocado, salsa, white vinegar, sugar, kosher salt, daikon, carrots, garlic, thai chile, fish sauce, lime juice, cilantro, butter, mayonnaise, cucumber, baguette, olive oil, lemongrass, english cucumber, fresh ginger, shallots, lemon juice, water, Piment d'Espelette]"
Lobster-And-Stone-Crab-Enchilado-Epicurious,Lobster and Stone Crab Enchilado,5,4200.0,[Main Dishes],[Cuban],"[lobster, fresh lime juice, olive oil, chopped onion, chopped green bell pepper, garlic cloves, fresh parsley, paprika, plum tomatoes, canned tomatoes, bottled clam juice, sherry wine, bay leaf, cayenne pepper, crab claws]"
Grilled-Lobster-with-Cilantro-Lime-Butter-519621,Grilled Lobster with Cilantro Lime Butter,4,3300.0,[Main Dishes],,"[unsalted butter, cilantro, holland chile, lime, lobster, extra-virgin olive oil, kosher salt, ground black pepper, zucchini, eggs, corn starch, fresh lemon juice, mint, grating cheese, shallots, garlic cloves, nutmeg, black pepper, salt]"
Lobster-Rolls-1204948,Lobster Rolls,4,2100.0,,,"[lobster, fresh tarragon, celery, lemon, mayonnaise, salt, hot dog potato buns, salted butter, chopped fresh chives]"
Mad-Risotto_-Lobster-Edition-756448,"Mad Risotto, Lobster Edition",3,2700.0,[Main Dishes],,"[plum tomatoes, unsalted chicken stock, olive oil, arborio rice, onions, garlic cloves, fennel bulb, crushed red pepper, serrano chile, lobster meat, butter, salt]"
Copycat-Red-Lobster-Shrimp-Pasta-1274317,Copycat Red Lobster Shrimp Pasta,4,2100.0,[Main Dishes],,"[extra-virgin olive oil, garlic cloves, shrimp, clam juice, white wine, heavy cream, parmesan cheese, dried basil, dried oregano, pasta, red pepper flakes]"
Lobster-Bisque-I-Allrecipes,Lobster Bisque I,4,6000.0,[Soups],,"[lobster tails, butter, green onions, onions, carrots, fish stock, fresh parsley, bay leaf, black peppercorns, water, all-purpose flour, tomato purée, sherry, heavy cream, ground nutmeg, fresh tarragon]"
Lobsters-with-Tarragon-Vermouth-Sauce-Epicurious-51463,Lobsters with Tarragon Vermouth Sauce,4,3600.0,[Main Dishes],[French],"[water, fine sea salt, lobster, unsalted butter, dry vermouth, white wine vinegar, large egg yolks, salt, black pepper, fresh lemon juice, fresh tarragon]"
Saffron-Lobster-Tea-Sandwiches-532981,Saffron Lobster Tea Sandwiches,5,1500.0,[Lunch and Snacks],[American],"[saffron, hot water, mayonnaise, pepper, salt, lobster, microgreens, toast]"
Easy-Baked-Stuffed-Lobster-Tails-AllRecipes-202945,Easy Baked Stuffed Lobster Tails,5,3900.0,,,"[lobster tails, dry bread crumbs, butter, worcestershire sauce, salt, olive oil]"
Lobster-Newburg-Martha-Stewart,Lobster Newburg,5,,[Main Dishes],[French],"[lobster, unsalted butter, onions, celery, leeks, carrots, fresh tarragon, all-purpose flour, dry sherry, tomato paste, heavy cream, salt, ground black pepper, large egg yolks]"
Lobster-Bisque-1086544,Lobster Bisque,3,5400.0,[Soups],,"[lobster, butter, dry sherry, shallots, fennel bulb, celery ribs, garlic cloves, black peppercorns, bay leaves, fish stock, water, tomato paste, corn starch, heavy cream, thyme sprigs]"
Zakary-Pelaccio_s-Lobster-Club-Sandwich-511946,Zakary Pelaccio's Lobster Club Sandwich,5,3600.0,"[Lunch and Snacks, Main Dishes]",,"[garlic, grapeseed oil, brown rice vinegar, fresh lime juice, sea salt, sambal chile paste, lobster meat, fish sauce, msg, all-purpose flour, rice flour, carbonated water, white bread, lobster, bacon, aioli, bibb lettuce, heirloom tomatoes, large egg yolks, peanut oil, unsalted butter]"
Lobster-Club-Salad-with-Champagne-Vinaigrette-1253646,Lobster Club Salad with Champagne Vinaigrette,4,2400.0,[Salads],,"[extra-virgin olive oil, champagne vinegar, dijon mustard, shallots, fleur de sel, ground black pepper, bacon, cubed bread, baby leaf lettuce, avocado, cherry tomatoes, lobster, cooked meat, chives]"
Lobster-en-Papillote-527708,Lobster en Papillote,3,2700.0,[Main Dishes],[French],"[lobster, unsalted butter, sea salt, lemon, tarragon]"
Lobster-Salad-on-Cucumber-Slices-Epicurious-54666,Lobster Salad on Cucumber Slices,4,1800.0,[Salads],,"[cucumber, lobster meat, mayonnaise, yellow peppers, salt, pepper]"
Lobster-Dipping-Sauce-Allrecipes,Lobster Dipping Sauce,5,900.0,[Condiments and Sauces],,"[butter, minced garlic, fresh lemon juice, ground black pepper, cilantro]"
Lobster-Salad-Canapes-Epicurious,Lobster Salad Canapes,5,5400.0,"[Appetizers, Salads]",[American],"[lobster, seedless cucumber, mayonnaise, fresh lime juice, chiles, salt, mango, chopped celery, purple onion, chopped cilantro fresh, fresh cilantro]"
Beer-and-Butter-Poached-Lobster-with-Saison-Risotto-574424,Beer and Butter Poached Lobster with Saison Risotto,4,3900.0,[Main Dishes],,"[chicken broth, unsalted butter, shallots, garlic, arborio rice, vegetable oil, beer, grated parmesan cheese, heavy cream, black pepper, salt, chives, lobster tails]"
Endive-Spears-with-Lobster_-Avocado_-and-Grapefruit-Martha-Stewart,"Endive Spears with Lobster, Avocado, and Grapefruit",4,1500.0,[Appetizers],[American],"[grapefruit peel, avocado, lemon juice, lobster meat, Belgian endive, salt, ground black pepper, fresh tarragon]"
Mock-Lobster-Allrecipes,Mock Lobster,5,11400.0,[Main Dishes],,"[soy sauce, vegetable oil, garlic salt, black pepper, brown sugar, mustard powder, ground ginger, pineapple juice, boneless skinless chicken breast halves]"
Lobster-Shepherd_s-Pies-Martha-Stewart,Lobster Shepherd's Pies,5,6300.0,[Main Dishes],,"[yukon gold potatoes, freshly ground pepper, coarse salt, unsalted butter, whole milk, large egg yolks, leeks, all-purpose flour, meat, stock, fresh dill]"
Lobster-Daikon-Rolls-441914,Lobster Daikon Rolls,5,2100.0,[Appetizers],,"[rosemary leaves, ginger, thai chile, soy sauce, honey, sherry vinegar, canola oil, lobster, daikon, daikon sprouts, gari]"
Lobster-and-Butter-Lettuce-Salad-458118,Lobster and Butter Lettuce Salad,5,,[Salads],[American],"[lobster, champagne vinegar, dijon mustard, fresh tarragon, freshly ground pepper, extra-virgin olive oil, butter lettuce, avocado, grapefruit, chopped fresh chives]"
Lobster-and-Corn-Chowder-633722,Lobster and Corn Chowder,3,6300.0,[Soups],,"[lobster, celery, carrots, fresh parsley, bay leaf, black peppercorns, salt pork, yellow onion, garlic, red potato, corn kernels, half & half, cayenne pepper, ground white pepper, salt]"
Lobster-Fra-Diavolo-529213,Lobster Fra Diavolo,3,2100.0,[Main Dishes],,"[lobster, sauce, dry white wine, flat leaf parsley, linguine]"
Brown-Butter-Lobster_-Sweet-Corn-and-Fontina-Risotto_-1297713,"Brown Butter Lobster, Sweet Corn and Fontina Risotto.",4,900.0,"[Main Dishes, Side Dishes]",[Italian],"[kale, olive oil, cherry tomatoes, butter, garlic, yellow corn, arborio rice, dry white wine, low sodium chicken broth, parmesan cheese, fresh parsley, salt, pepper, crushed red pepper flakes, fontina cheese, lobster tails]"
Lobster-Rolls-524128,Lobster Rolls,3,1800.0,[Lunch and Snacks],[American],"[lobster meat, mayonnaise, celery ribs, lemon zest, fresh lemon juice, salt, hot sauce, butter, hot dog bun, chopped fresh chives, cracked black pepper]"
Low-Fat-Lobster-Rolls-MyRecipes-265158,Low-Fat Lobster Rolls,4,1500.0,[Main Dishes],[American],"[lobster meat, reduced fat mayonnaise, celery, fresh chives, lemon zest, fresh lemon juice, salt, ground black pepper, whole wheat hot dog buns, butter cooking spray, lettuce leaves, roma tomatoes]"
Lobster-salad-With-Taro-Chips-1309631,Lobster salad With Taro Chips,3,3600.0,[Salads],,"[lobster tails, avocado, mayonnaise, celery, chives, lemon juice, black pepper, sea salt, romaine lettuce leaves, taro, olive oil, ground black pepper]"
Lobster-Rolls-with-Bacon_-Tomato-and-Caper-Mayonnaise-765795,"Lobster Rolls with Bacon, Tomato and Caper Mayonnaise",5,2100.0,[Lunch and Snacks],,"[mayonnaise, dijon mustard, capers, flat leaf parsley, anchovy paste, bacon slices, soft rolls, lobster meat, tomatoes]"
Grilled-lobster-paella-360154,Grilled Lobster Paella,5,,[Main Dishes],"[Spanish, Barbecue]","[olive oil, spanish chorizo, leeks, green garlic, smoked paprika, short-grain rice, saffron threads, seafood stock, kosher salt, lobster, peas, flat leaf parsley, lemon]"
Red-Lobster-Cheddar-Biscuits-571306,Red Lobster Cheddar Biscuits,5,1800.0,[Breads],[Kid-Friendly],"[all-purpose flour, baking powder, garlic salt, butter, shredded cheddar cheese, buttermilk, melted butter, dried parsley]"
Lobster-Americaine-with-Asparagus-and-Tomatoes-900851,Lobster Américaine with Asparagus and Tomatoes,5,5400.0,[Main Dishes],,"[fish stock, green peppercorns, garlic, kosher salt, asparagus, grape tomatoes, chervil leaves, lobster, unsalted butter, olive oil, peanut oil, shallots, carrots, celery, yellow onion, parsley, thyme, bay leaf, ground black pepper, armagnac, dry white wine, tomato paste, cayenne pepper, roma tomatoes, flour]"
Lightened-Up-Lobster-Rolls-1112401,Lightened-Up Lobster Rolls,3,1620.0,,,"[lobster meat, canola mayonnaise, celery, purple onion, lemon zest, hot dog rolls, unsalted butter, lemon wedge]"
MC-Perkins-Cove-Lobster-Roll-512107,MC Perkins Cove Lobster Roll,5,,,,"[water, kosher salt, lobster, mayonnaise, lemon juice, hot dog bun, unsalted butter, fresh tarragon, finely chopped fresh parsley, fresh chervil, chopped fresh chives, lemon, olive oil, extra-virgin olive oil, large egg yolks]"
Cauliflower-soup-with-lobster-dumplings-368743,Cauliflower Soup with Lobster Dumplings,5,3300.0,[Soups],,"[butter, shallots, cauliflower, salt, chicken stock, heavy cream, nutmeg, meat, lobster, white bread crumbs, softened butter, eggs, tarragon, lobster meat, milk, ground white pepper]"
Lobster-Corn-Salad-1179144,Lobster Corn Salad,3,2400.0,[Salads],,"[lobster meat, red capsicum, sweet corn kernels, potatoes, spring onions, olive oil, rice vinegar, salt, black pepper, cherry tomatoes]"
Lobster-_-Shrimp-Thermidor-1179825,Lobster & Shrimp Thermidor,4,3900.0,[Main Dishes],,"[water, lobster tails, fat free milk, olive oil, shallots, dry sherry, shrimp, all-purpose flour, ground black pepper, fresh basil, salt, cooking spray, reduced fat swiss cheese, panko breadcrumbs, unsalted butter]"
Lobster-Ravioli-with-Saffron-Cream-Sauce-1321290,Lobster Ravioli with Saffron Cream Sauce,4,1200.0,[Main Dishes],,"[ravioli, Melt Buttery Spread, shallots, dry white wine, saffron threads, whipping cream, cayenne pepper, salt, pepper, fresh chives]"
Lobster-salad-sandwiches-329810,Lobster Salad Sandwiches,3,2100.0,[Lunch and Snacks],,"[garlic cloves, egg yolks, dijon mustard, ground black pepper, canola oil, salt, scallions, lobster meat, fresh lemon juice, cayenne pepper, brioche, salted butter, Boston lettuce, Cape Cod Potato Chips]"
Grilled-Corn-and-Lobster-Salad-639725,Grilled Corn and Lobster Salad,4,2400.0,[Salads],[Barbecue],"[shuck corn, celery, tomatoes, fresh parsley, chives, lobster, fresh lemon juice, mayonnaise, old bay seasoning]"
Zuppa-di-Aragosta-_Creamy-Lobster-Soup_-374362,Zuppa di Aragosta (Creamy Lobster Soup),4,3900.0,[Soups],,"[stock, lobster meat, extra-virgin olive oil, celery, onions, garlic, tomatoes, dry white wine, basil, unsalted butter, all-purpose flour, whole milk, red pepper flakes, salt, fresh basil leaves, chives, peasant bread]"
Lobster-Cobb-Salad-1001708,Lobster Cobb Salad,4,1800.0,[Salads],,"[extra-virgin olive oil, sherry vinegar, lemon juice, dijon mustard, worcestershire sauce, blue cheese, garlic, kosher salt, ground black pepper, romaine lettuce, watercress, lobster meat, cooked bacon, hard-boiled egg, tomatoes, avocado, corn kernels]"
Lobster-Ravioli-with-Lobster-Vinaigrette-Martha-Stewart,Lobster Ravioli with Lobster Vinaigrette,4,,[Main Dishes],,"[lobster, white wine vinegar, dry white wine, carrots, onions, bay leaves, black peppercorns, lemon, freshly ground pepper, coarse salt, Madras curry powder, large egg whites, olive oil, lemongrass, shallots, kaffir lime leaves, green cardamom pods, fresh ginger, star anise, extra-virgin olive oil, lime juice, Piment d'Espelette, dough, all-purpose flour, large egg yolks]"
John-Dory-Oyster-Bar_s-Lobster-Roll-510836,John Dory Oyster Bar's Lobster Roll,5,3600.0,[Lunch and Snacks],,"[lobster roe, white wine vinegar, sunflower oil, celery seed, kosher salt, purple onion, celery, dill, unsalted butter, sea salt, cayenne pepper, shells, egg yolks, hot dog bun]"
Lobster-Rolls-with-Lemon-Vinaigrette-and-Garlic-Butter-497873,Lobster Rolls with Lemon Vinaigrette and Garlic Butter,4,2100.0,,,"[lobster meat, fresh lemon juice, extra-virgin olive oil, kosher salt, scallions, chopped celery, celery leaves, flat leaf parsley, butter, garlic cloves, hot dog bun]"
Creamy-Lobster-Salad-with-Arugula-590823,Creamy Lobster Salad with Arugula,3,1200.0,[Salads],,"[mayonnaise, chopped fresh chives, lobster meat, baby arugula, extra-virgin olive oil, champagne vinegar, cherry tomatoes, avocado, radishes, dinner rolls, lemon wedge]"
Late-Summer-Corn-And-Lobster-French-Onion-Chowder-with-Gruyere-Toasties_-1297490,Late Summer Corn And Lobster French Onion Chowder with Gruyère Toasties.,4,1200.0,[Soups],[French],"[lobster tails, thick-cut bacon, butter, sweet onion, garlic, fresh thyme, salt, pepper, flour, white wine, chicken broth, corn kernels, heavy cream, lemon, fresh basil, french baguette, gruyere cheese]"
Sam-Adams-Summer-Ale-Lobster-Rolls-1298651,Sam Adam’s Summer Ale Lobster Rolls,4,2100.0,,,"[lobster meat, chopped celery, carrots, green apples, tarragon, mayonnaise, cream cheese, lemon juice, scallions, rolls, ale, red cabbage, green cabbage, lemon zest, grains of paradise, olive oil, Balsamico Bianco, salt]"
Pumpkin-Soup-With-Creole-Lobster-Food-And-Wine,Pumpkin Soup with Creole Lobster,4,9900.0,[Soups],,"[sugar pumpkin, extra-virgin olive oil, freshly ground pepper, kosher salt, lobster, unsalted butter, white onion, garlic cloves, thyme, rosemary sprigs, bay leaf, dry white wine, crème fraîche, garlic powder, onion powder, cayenne pepper, dry mustard, ground cumin, grated nutmeg, cinnamon, ground cloves]"
Red-Lobster-Biscuit-1327293,Red Lobster Biscuit,4,1500.0,[Breads],,"[bisquick, milk, shredded cheddar cheese, butter, garlic powder]"
Scott-desimon_s-lobster-stew-307747,Scott DeSimon's Lobster Stew,5,5100.0,"[Soups, Main Dishes]",,"[lobster, unsalted butter, shallots, brandy, thyme, half & half, kosher salt, ground white pepper, Tabasco Pepper Sauce]"
Rich-and-Creamy-Lobster-Bisque-1172693,Rich and Creamy Lobster Bisque,4,6000.0,[Soups],,"[lobster, olive oil, onions, celery ribs, carrots, garlic, tomatoes, fresh tarragon, chopped fresh thyme, bay leaves, black peppercorns, brandy, dry sherry, fish stock, tomato paste, whipping cream, corn starch, water]"
Cheddar-Bay-Biscuits-a-la-Red-Lobster-894544,Cheddar Bay Biscuits a la Red Lobster,4,1500.0,[Breads],,"[all-purpose flour, butter, baking powder, salt, garlic powder, milk, parsley flakes]"
Steamed-Clams-and-Lobster-with-Shallot-Butter_-Corn_-Sausages-and-Potatoes-Epicurious-50537,"Steamed Clams and Lobster with Shallot Butter, Corn, Sausages and Potatoes",5,,[Main Dishes],,"[littleneck clams, Italian turkey sausage, potatoes, water, dried oregano, crushed red pepper, lobster, corn husks]"
Pearl_s-lobster-rolls-332238,Pearl's Lobster Rolls,3,2700.0,,,"[lobster, mayonnaise, chopped celery, lemon juice, sea salt, ground pepper, unsalted butter, hot dog bun, chives]"
