id,recipeName,rating,totalTimeInSeconds,course,cuisine,ingredients
Meatloaf-1374924,Meatloaf,4,1800.0,"[Appetizers, Main Dishes]",,"[pork tenderloin, mayonnaise, black pepper, cheese, red pepper, clove, salt, rolls, shanks, pinenuts, meatloaf]"
My-Favorite-Meatloaf-1338667,My Favorite Meatloaf,4,6300.0,[Main Dishes],,"[meatloaf, whole milk, white bread, ground beef, grated parmesan cheese, seasoning salt, salt, ground black pepper, flat leaf parsley, eggs, bacon, sauce, ketchup, brown sugar, dry mustard, Tabasco Pepper Sauce]"
Classic-Meatloaf-1364594,Classic Meatloaf,3,4200.0,[Main Dishes],,"[beef, meat, ground beef, vegetable soup, ketchup, poultry seasoning, italian seasoning, milk, oatmeal]"
Cajun-Meatloaf-1367021,Cajun Meatloaf,4,4500.0,[Main Dishes],,"[butter, finely chopped onion, green pepper, cajun seasoning, worcestershire sauce, minced garlic, bay leaf, milk, ketchup, ground beef, eggs, rolled oats, brown sugar]"
Homestyle-Italian-Meatloaf-1374497,Homestyle Italian Meatloaf,3,5700.0,[Main Dishes],[Italian],"[oil, onions, red bell pepper, garlic, worcestershire sauce, ground beef, sweet italian sausage, basil dried leaves, dried oregano, parsley leaves, salt, black pepper, eggs, grated parmesan cheese, Italian seasoned breadcrumbs, marinara sauce, shredded mozzarella cheese, chopped parsley]"
Brown-sugar-meatloaf-368833,Brown Sugar Meatloaf,5,1800.0,[Main Dishes],[American],"[brown sugar, ketchup, meatloaf, eggs, milk, onions, bread crumbs]"
Classic-Meatloaf-1339574,Classic Meatloaf,4,4200.0,[Main Dishes],,"[ground beef, plain breadcrumbs, onions, celery, garlic, large eggs, worcestershire sauce, milk, ketchup, dark brown sugar, white vinegar]"
Man-Approved-Meatloaf-1033713,Man Approved Meatloaf,4,4200.0,[Main Dishes],,"[onions, garlic, canola oil, oil, hamburger, white bread, eggs, chili sauce, worcestershire sauce, salt, pepper, bread, ketchup, barbecue sauce, meatloaf]"
Souperior-meatloaf-304346,Souperior Meatloaf,4,4200.0,[Main Dishes],,"[Lipton® Recipe Secrets® Onion Soup Mix, ground beef, bread crumb fresh, eggs, water, ketchup]"
Cajun-Meatloaf-1305871,Cajun Meatloaf,4,6300.0,[Main Dishes],[Cajun & Creole],"[cajun seasoning, ground cumin, ground nutmeg, dried thyme, dried oregano, cayenne pepper, kosher salt, ground black pepper, unsalted butter, celery, red bell pepper, minced onion, carrots, minced garlic, Crystal Hot Sauce, worcestershire sauce, evaporated milk, lean ground beef, ground pork, large eggs, seasoned bread crumbs, meatloaf, glaze, ketchup, gravy]"
The-Best-Basic-Meatloaf-511584,The Best Basic Meatloaf,5,6300.0,[Main Dishes],,"[onions, ground meat, ketchup, mustard, eggs, bread crumbs, salt]"
Classic-meatloaf-347366,Classic Meatloaf,4,4500.0,[Main Dishes],[American],"[cooking spray, white sandwich bread, milk, meatloaf, onions, garlic, eggs, salt, ketchup, brown sugar]"
Glazed-Meatloaf-1297624,Glazed Meatloaf,4,5400.0,[Main Dishes],,"[glaze, ketchup, brown sugar, apple cider vinegar, Tabasco Pepper Sauce, meatloaf, canola oil, onions, garlic cloves, saltines, 2% reduced-fat milk, lean ground beef, ground turkey, large eggs, egg yolks, dijon mustard, worcestershire sauce, dried thyme, fresh parsley, salt, pepper]"
Simple-Meatloaf-792640,Simple Meatloaf,3,4800.0,[Main Dishes],,"[ground beef, large eggs, milk, dry bread crumbs, dried minced onion, seasoning, ground black pepper, ketchup, maple syrup, dijon, worcestershire sauce]"
Bacon-Topped-Meatloaf-1309692,Bacon Topped Meatloaf,4,4800.0,[Main Dishes],,"[olive oil, finely chopped onion, garlic cloves, white bread, milk, meatloaf, eggs, dried thyme, marjoram, ketchup, bacon]"
Cracker-Barrel-Copycat-Meatloaf-1361762,Cracker Barrel Copycat Meatloaf,4,5100.0,[Main Dishes],,"[eggs, milk, Ritz Crackers, chopped onion, sharp cheddar cheese, salt, pepper, ground beef, ketchup, brown sugar, mustard]"
Meatloaf-1330006,Meatloaf,3,4800.0,[Main Dishes],,"[croutons, black pepper, cayenne pepper, chili powder, dried thyme, onions, carrots, garlic, red bell pepper, sirloin, chuck, kosher salt, large eggs, ketchup, ground cumin, worcestershire sauce, hot pepper sauce, honey]"
Turkey-Meatloaf-1379283,Turkey Meatloaf,3,3000.0,[Main Dishes],,"[ground turkey, large eggs, onion soup mix, sea salt, black pepper, spinach, shredded carrots, flat leaf parsley, roma tomatoes, shredded parmesan cheese, shredded mozzarella cheese, panko breadcrumbs, ketchup]"
Classic-Meatloaf-1330250,Classic Meatloaf,4,5700.0,[Main Dishes],,"[ground beef, quick oatmeal, milk, eggs, onions, salt, pepper, ketchup, brown sugar, mustard]"
Mommy_s-Famous-Meatloaf-1243784,Mommy's Famous Meatloaf,4,4800.0,[Main Dishes],,"[ground beef, eggs, water, ketchup, onions, Progresso Bread Crumbs]"
Zombie-Meatloaf-1322686,Zombie Meatloaf,4,1500.0,[Main Dishes],,"[meatloaf, bacon, onions, dates, ketchup]"
Classic-Meatloaf-1354243,Classic Meatloaf,3,4200.0,[Main Dishes],,"[beef, meat, ground beef, vegetable soup, ketchup, poultry seasoning, italian seasoning, milk, oatmeal]"
Simply-Perfect-Meatloaf-1357433,Simply Perfect Meatloaf,4,5400.0,[Main Dishes],,"[ground beef, ground pork, ground lamb, parmesan cheese, seasoned bread crumbs, milk, ketchup, garlic, white onion, carrots, eggs, brown sugar, worcestershire sauce, red pepper flakes, kosher salt, freshly ground pepper]"
Cajun-Meatloaf-1302314,Cajun Meatloaf,4,6300.0,[Main Dishes],[Cajun & Creole],"[cajun seasoning, ground cumin, ground nutmeg, dried thyme, dried oregano, cayenne pepper, kosher salt, ground black pepper, unsalted butter, celery, red bell pepper, minced onion, carrots, minced garlic, Crystal Hot Sauce, worcestershire sauce, evaporated milk, lean ground beef, ground pork, large eggs, seasoned bread crumbs, meatloaf, glaze, ketchup, gravy]"
Turkey-meatloaf-351965,Turkey Meatloaf,5,4800.0,[Main Dishes],,"[ketchup, worcestershire sauce, onions, olive oil, lean ground turkey, seasoned bread crumbs, eggs, marjoram, salt]"
The-Ultimate-Meatloaf-1332250,The Ultimate Meatloaf,4,5700.0,[Main Dishes],,"[oil, onions, garlic, fresh parsley, fresh herbs, eggs, milk, worcestershire sauce, hot sauce, dijon mustard, salt, ground pepper, bread crumbs, ground meat, ketchup, brown sugar, apple cider vinegar]"
Classic-Meatloaf-1303501,Classic Meatloaf,4,5400.0,[Main Dishes],,"[unsalted butter, finely chopped onion, celery ribs, carrots, green onions, garlic, salt, ground black pepper, worcestershire sauce, ketchup, ground chuck, ground pork sausage, bread crumb fresh, large eggs, fresh parsley leaves]"
Cheddar-_-Mushroom-Meatloaf-1379995,Cheddar & Mushroom Meatloaf,4,3900.0,[Main Dishes],,"[butter, onions, fresh mushrooms, lean ground beef, large eggs, chili sauce, dry bread crumbs, salt, freshly ground black pepper, cheddar cheese]"
Greek-Spinach-_-Feta-Meatloaf-1373835,Greek Spinach & Feta Meatloaf,4,3900.0,[Main Dishes],[Greek],"[olive oil, minced garlic, baby spinach, ground beef, feta cheese crumbles, roasted red peppers, yellow onion, seasoned bread crumbs, eggs, dried oregano, dried parsley, dried thyme, salt, black pepper, worcestershire sauce, ketchup, pinenuts]"
Classic-Meatloaf-1277567,Classic Meatloaf,4,4500.0,[Main Dishes],,"[ground beef, onions, bread crumbs, parmesan cheese, parsley, milk, garlic, eggs, salt, pepper, ketchup, brown sugar, mustard, worcestershire sauce]"
Basic-Turkey-Meatloaf-512698,Basic Turkey Meatloaf,5,4200.0,[Main Dishes],,"[ground turkey, seasoned bread crumbs, onions, ketchup, dijon mustard, eggs, pepper, salt, milk]"
Cajun-Meatloaf-1349967,Cajun Meatloaf,3,5100.0,[Main Dishes],,"[lean ground beef, ground pork, large eggs, bread crumbs, medium tomatoes, onions, red bell pepper, celery, creole seasoning, salt, pepper, worcestershire sauce, ketchup]"
Foolproof_-Kid-Friendly_-Super-Delicious-Meatloaf-1372444,"Foolproof, Kid-Friendly, Super Delicious Meatloaf",4,4800.0,[Main Dishes],[Kid-Friendly],"[ground beef, ground pork sausage, eggs, ketchup, worcestershire sauce, bread crumbs, parmesan cheese, kale, parsley, thyme, rosemary, salt, pepper]"
Prize-Winning-Meatloaf-1337393,Prize-Winning Meatloaf,3,4500.0,[Main Dishes],,"[lean ground beef, tomato juice, Quaker Oats, eggs, chopped onion, salt, black pepper]"
Grandmas-Old-Fashioned-Meatloaf-1351720,Grandma’s Old Fashioned Meatloaf,4,4200.0,[Main Dishes],,"[ground beef, montreal steak seasoning, garlic, minced onion, eggs, milk, rolled oats, worcestershire sauce, ketchup, tomato soup]"
Bacon-Wrapped-Cheese-Stuffed-Meatloaf-1377946,Bacon Wrapped Cheese Stuffed Meatloaf,4,6300.0,[Main Dishes],,"[rolls, whole milk, onions, garlic, olive oil, grated parmesan cheese, shredded cheddar cheese, stuffing, chopped parsley, eggs, worcestershire sauce, dijon mustard, chili powder, paprika, salt, pepper, ground sirloin, ground chuck, bacon, ketchup, brown sugar, white wine vinegar]"
Meatloaf-in-the-Crockpot-630851,Meatloaf in the Crockpot,3,3000.0,[Main Dishes],,"[meatloaf, ground beef, quick oats, minced onion, celery, worcestershire sauce, ketchup, dried parsley, eggs, salt, black pepper, milk]"
Mini-Meatloafs-1345777,Mini Meatloafs,4,2400.0,[Main Dishes],,"[lean ground beef, onions, eggs, parmesan cheese, panko breadcrumbs, ketchup, oregano, basil, garlic powder, coarse sea salt, ground pepper]"
Meatloaf-471454,Meatloaf,5,4200.0,[Main Dishes],,"[ground beef, oats, eggs, sauce]"
Old-Fashioned-Meatloaf-1308150,Old-Fashioned Meatloaf,4,900.0,[Main Dishes],,"[lean ground beef, ground pork, garlic, onions, celery, fresh parsley, large eggs, milk, dry bread crumbs, salt, ground black pepper, ketchup, worcestershire sauce]"
_Almost_-Classic-Chickpea-Vegan-Meatloaf-1368523,(Almost) Classic Chickpea Vegan Meatloaf,4,3900.0,[Main Dishes],,"[chickpeas, onions, celery ribs, carrots, garlic cloves, panko breadcrumbs, soy milk, vegan Worcestershire sauce, soy sauce, olive oil, ground flaxseed, tomato paste, liquid smoke, black pepper, maple syrup, apple cider vinegar, paprika]"
Easy-Meatloaf-512120,Easy Meatloaf,5,3600.0,[Main Dishes],,"[ground chuck, salt, ground black pepper, onion powder, ketchup, plain breadcrumbs, light brown sugar, Tabasco Pepper Sauce]"
My-Best-Meatloaf-1243104,My Best Meatloaf,4,6300.0,[Main Dishes],,"[eggs, salt, pepper, garlic powder, italian seasoning, parsley, worcestershire sauce, onions, ground beef, grated parmesan cheese, dry bread crumbs, ketchup, barbecue sauce]"
Southern-Style-Meatloaf-1318448,Southern Style Meatloaf,3,5220.0,[Main Dishes],[American],"[ground beef, saltines, finely chopped onion, chopped green bell pepper, large eggs, paprika, garlic salt, dri leav thyme, ground black pepper, ketchup, milk, worcestershire sauce]"
Onion-Soup-Meatloaf-792647,Onion Soup Meatloaf,3,4500.0,[Main Dishes],,"[eggs, ketchup, water, onion soup mix, bread crumbs, lean ground beef]"
Zucchini-Meatloaf-1176537,Zucchini Meatloaf,4,4800.0,[Main Dishes],,"[zucchini, lean ground beef, eggs, onions, garlic cloves, bread crumbs, paprika, dried leaves oregano, salt, pepper, ketchup, mustard, brown sugar]"
Classic-Meatloaf-Martha-Stewart,Classic Meatloaf,4,4200.0,[Main Dishes],,"[white sandwich bread, whole milk, ground chuck, ground pork, onions, garlic cloves, large eggs, ketchup, coarse salt, ground pepper]"
Golden-Corrals-Meatloaf-1031009,Golden Corral’s Meatloaf,4,4500.0,[Main Dishes],,"[meatloaf, ketchup, tomato juice, salt, red pepper, eggs, finely chopped onion, yellow mustard, green pepper, bread crumb fresh, brown sugar]"
Homemade-Meatloaf-1225039,Homemade Meatloaf,4,5400.0,[Main Dishes],,"[eggs, milk, oatmeal, finely chopped onion, garlic cloves, fresh parsley, salt, dried basil, oregano, black pepper, ground beef, ketchup, brown sugar, dry mustard]"
Greek-Spinach-_-Feta-Meatloaf-1373669,Greek Spinach & Feta Meatloaf,4,3900.0,[Main Dishes],[Greek],"[olive oil, minced garlic, baby spinach, ground beef, feta cheese crumbles, roasted red peppers, yellow onion, seasoned bread crumbs, eggs, dried oregano, dried parsley, dried thyme, salt, black pepper, worcestershire sauce, ketchup, pinenuts]"
Barbecue-Meatloaf-1290513,Barbecue Meatloaf,4,4200.0,[Main Dishes],,"[barbecue sauce, ground beef, diced onions, quick-cooking oats, eggs, salt, pepper, ketchup, brown sugar, worcestershire sauce]"
Mexican-Meatloaf-983138,Mexican Meatloaf,4,2700.0,[Main Dishes],,"[extra-lean ground beef, bread crumbs, eggs, taco seasoning, tomatoes, Mexican cheese]"
Cheesy-Italian-Meatloaf-1347924,Cheesy Italian Meatloaf,4,4500.0,[Main Dishes],[Italian],"[ground beef, ground turkey, pasta sauce, eggs, mozzarella cheese, ricotta cheese, seasoned bread crumbs]"
Simple-Old-Fashion-Meatloaf-894551,Simple Old Fashion Meatloaf,4,4200.0,[Main Dishes],,"[ground beef, eggs, onions, bread crumbs, ketchup, milk, seasoning salt, pepper]"
Meatloaf-1248459,Meatloaf,4,4200.0,[Main Dishes],,"[sausages, ground beef, oatmeal, milk, finely chopped onion, green pepper, eggs, ketchup, salt, dry mustard, horseradish, bbq sauce]"
Nannie_s-Awesome-Meatloaf-1052732,Nannie's Awesome Meatloaf,4,5100.0,[Main Dishes],,"[beef, large eggs, salt, basil leaves, bread crumbs, milk, bbq sauce, ketchup, sauce, brown sugar]"
BBQ-Turkey-Meatloaf-Once-Upon-A-Chef-200039,BBQ Turkey Meatloaf,5,4500.0,[Main Dishes],"[American, Southern & Soul Food]","[ketchup, light brown sugar, apple cider vinegar, dijon mustard, olive oil, yellow onion, minced garlic, salt, ground black pepper, paprika, dried thyme, worcestershire sauce, large eggs, glaze, ground turkey, bread crumbs, fresh parsley]"
Apple-Sage-Turkey-Meatloaf-1363820,Apple Sage Turkey Meatloaf,3,3600.0,[Main Dishes],,"[onions, celery stick, apples, garlic cloves, extra-virgin olive oil, oats, applesauce, eggs, sage, pumpkin pie spice, lean ground turkey, salt, pepper, ketchup]"
Homestyle-Meatloaf-1185603,Homestyle Meatloaf,4,4200.0,[Main Dishes],,"[ground beef, eggs, ketchup, saltines, salt, pepper]"
Philly-Cheese-Meatloaf-1349041,Philly Cheese Meatloaf,4,4200.0,[Main Dishes],,"[onions, green bell pepper, oil, ground meat, bread crumbs, eggs, salt, garlic powder, worcestershire sauce, provolone cheese]"
Meatloaf-Cupcakes-1360997,Meatloaf Cupcakes,4,3000.0,[Main Dishes],,"[ground beef, onions, eggs, bread crumbs, ketchup, salt, pepper, mashed potatoes]"
Best-Meatloaf-1048164,Best Meatloaf,4,4200.0,[Main Dishes],,"[lean ground beef, cracker crumbs, ketchup, eggs, green pepper, salt, bay leaf, marjoram, cheese]"
Weeknight-Meatloaf-630491,Weeknight Meatloaf,3,1500.0,[Main Dishes],,"[ground beef, onions, eggs, cracker crumbs, worcestershire sauce, ketchup, brown sugar]"
Prairie-Meatloaf-_-Gochujang-Sauce-1374465,Prairie Meatloaf + Gochujang Sauce,4,7200.0,[Main Dishes],,"[butter, acorn squash, yukon gold potatoes, whole milk, nutmeg, sumac, white pepper, salt, ketchup, Gochujang base, agave nectar, red wine vinegar, yellow mustard, ground bison, ground veal, eggs, leeks, crimini mushrooms, poblano, clove, chicken stock, lemon juice, worcestershire sauce, panko breadcrumbs, parmesan cheese, parsley, italian seasoning, ancho powder, pepper, sauce]"
Whole-30-and-Paleo-Meatloaf-1360219,Whole 30 and Paleo Meatloaf,4,5400.0,[Main Dishes],,"[carrots, onions, olive oil, ground chuck, salt, pepper, thyme, coconut aminos, apple cider vinegar, mustard powder, tomato paste, garlic cloves, ketchup]"
Horseradish-meatloaf-345873,Horseradish Meatloaf,5,4500.0,[Main Dishes],,"[ground beef, eggs, dry bread crumbs, ketchup, horseradish, worcestershire sauce, salt, onion powder, black pepper, mustard powder, garlic, fresh parsley, brown sugar, spicy brown mustard]"
Italian-Meatloaf-569820,Italian Meatloaf,4,5100.0,[Main Dishes],[Italian],"[yellow onion, roasted red peppers, olive oil, garlic, vine ripened tomatoes, italian seasoning, eggs, tomato sauce, worcestershire sauce, ground beef, seasoned bread crumbs, black pepper, parmesan cheese, mozzarella cheese]"
Slow-cooked-souperior-meatloaf-302982,Slow-cooked Souperior Meatloaf,4,15000.0,[Main Dishes],,"[Lipton® Recipe Secrets® Onion Soup Mix, ground beef, bread crumb fresh, eggs, water, ketchup]"
All-American-Meatloaf-1318178,All-American Meatloaf,4,6000.0,[Main Dishes],,"[ground beef, ground pork, ground veal, bread crumbs, salt, pepper, worcestershire sauce, eggs, onions, bell pepper, catsup, brown sugar, mustard]"
My-Favorite-Meatloaf-495690,My Favorite Meatloaf,4,4800.0,[Main Dishes],,"[ground pork, ground beef, green pepper, onions, bread crumbs, milk, eggs, barbecue sauce, salt]"
Best-BBQd-Meatloaf-1353041,Best BBQ’d Meatloaf,4,5100.0,[Main Dishes],,"[lean ground beef, ground turkey, mild sausage, onions, celery, seasoned bread crumbs, parmesan cheese, dried basil, dried oregano, garlic powder, onion powder, kosher salt, ground pepper, bbq sauce, worcestershire sauce, evaporated milk, eggs]"
Healthy-Brown-Sugar-Meatloaf-1127855,Healthy Brown Sugar Meatloaf,4,4500.0,[Main Dishes],,"[brown sugar, ketchup, lean ground beef, 1% low-fat milk, eggs, salt]"
Cheeseburger-Meatloaf-515135,Cheeseburger Meatloaf,4,4200.0,"[Lunch and Snacks, Main Dishes]",,"[meatloaf, chopped onion, bread crumbs, eggs, ketchup, relish, mayonnaise, mustard, pepper, Velveeta, butter, flour, half & half]"
Best-Ever-Turkey-Meatloaf-1087309,Best Ever Turkey Meatloaf,3,5400.0,[Main Dishes],,"[butter, chopped onion, garlic, lean ground turkey, bread crumb fresh, egg substitute, ketchup, worcestershire sauce, ground black pepper, salt, barbecue sauce]"
Classic-Meatloaf-679383,Classic Meatloaf,5,5400.0,[Main Dishes],,"[unsalted butter, finely chopped onion, celery ribs, carrots, green onions, garlic, salt, ground black pepper, worcestershire sauce, ketchup, ground chuck, ground pork sausage, bread crumb fresh, large eggs, fresh parsley leaves]"
Healthy-Meatloaf-1047713,Healthy Meatloaf,4,4500.0,[Main Dishes],,"[eggs, gluten-free breadcrumbs, ground beef, dried tomatoes, salt, onions]"
Skinny-Meatloaf-926613,Skinny Meatloaf,4,3000.0,[Main Dishes],,"[extra lean ground beef, crust, onions, egg whites, ketchup, yellow mustard, worcestershire sauce, salt, ground pepper, mustard, brown sugar]"
Meatloaf-Allrecipes,Meatloaf,4,4200.0,"[Lunch and Snacks, Main Dishes]",[American],"[lean ground beef, condensed tomato soup, onions, rolled oats, eggs, steak sauce, ketchup, prepared mustard]"
Paleo-Meatloaf-1339045,Paleo Meatloaf,4,6300.0,[Main Dishes],,"[ground beef, onions, sweet potatoes, almond flour, coconut flour, eggs, ketchup, coconut aminos, salt, garlic powder, glaze, honey]"
Turkey-and-Bacon-Meatloaf-1361539,Turkey and Bacon Meatloaf,3,7200.0,[Main Dishes],,"[white bread, whole milk, yellow onion, garlic, bacon, ground turkey breast, large eggs, Heinz Tomato Ketchup, Lea & Perrins Worcestershire Sauce, salt, crushed red pepper flakes, dijon mustard, light brown sugar]"
Seattle-Fire-Station-25-Meatloaf-Allrecipes,Seattle Fire Station 25 Meatloaf,4,8400.0,[Main Dishes],,"[bacon, onions, ground beef, pork sausages, frozen chopped spinach, sliced black olives, pistachio nuts, ketchup, eggs, meatloaf seasoning mix, pepper jack]"
Spicy-Meatloaf-with-Collards-1350099,Spicy Meatloaf with Collards,4,7200.0,[Main Dishes],,"[collard greens, extra-virgin olive oil, diced onions, garlic, kosher salt, hot sauce, worcestershire sauce, ground cumin, smoked paprika, ground pepper, bread crumb fresh, reduced fat milk, lean ground beef, lean ground pork, large eggs, ketchup]"
Easy-Meatloaf-1235013,Easy Meatloaf,4,4200.0,,,"[minced beef, eggs, worcestershire sauce, milk, bread crumbs, pepper, salt, brown sugar, mustard, ketchup]"
Meatloaf-1190747,Meatloaf,4,4200.0,[Main Dishes],,"[ground beef, ground pork, ground turkey, mushrooms, onions, carrots, celery, black pepper, salt, worcestershire sauce, eggs, bread crumbs]"
Barbecue-Meatloaf-971828,Barbecue Meatloaf,4,3900.0,[Main Dishes],,"[lean ground beef, barbecue sauce, onions, Italian seasoned breadcrumbs, large egg whites]"
Stuffed-Meatloaf-1327605,Stuffed Meatloaf,3,3000.0,[Main Dishes],,"[large eggs, finely chopped onion, seasoned bread crumbs, ketchup, worcestershire sauce, salt, freshly ground pepper, ground beef, fresh mozzarella, tomato sauce]"
Brown-Sugared-Ketchup-Glaze-Meatloaf-1333341,Brown Sugared Ketchup Glaze Meatloaf,3,4200.0,[Main Dishes],,"[ketchup, brown sugar, salt, pepper, chili powder, lean ground beef, bread crumbs, onions, eggs, milk]"
Meatloaf-Sandwiches-1377289,Meatloaf Sandwiches,4,3600.0,[Main Dishes],,"[ground beef, olive oil, purple onion, carrots, bell pepper, garlic, eggs, bread crumbs, chili flakes, sea salt, ground black pepper, italian seasoning, bbq sauce, baguette, cheddar cheese]"
Meatloaf-with-Mushroom-Gravy-1362771,Meatloaf with Mushroom Gravy,4,6000.0,[Main Dishes],,"[french bread, milk, ground beef, ground pork, yellow onion, garlic, worcestershire sauce, salt, pepper, eggs, pan drippings, crimini mushrooms, garlic cloves, all-purpose flour, beef broth, heavy cream, fresh thyme]"
Meatloaf-Casserole-471511,Meatloaf Casserole,5,2700.0,[Main Dishes],,"[meatloaf, sauce, pasta shell small, ricotta cheese, mozzarella cheese]"
Slow-Cooked-Meatloaf-1314536,Slow-Cooked Meatloaf,4,26100.0,[Main Dishes],,"[eggs, milk, bread, salt, pepper, ketchup, ground beef, onions, ranch salad dressing mix]"
Meatloaf-Cupcakes-566200,Meatloaf Cupcakes,4,3600.0,[Main Dishes],[American],"[olive oil, finely chopped onion, carrots, dried oregano, garlic cloves, ketchup, ground beef, bread crumbs, prepared mustard, worcestershire sauce, ground black pepper, large eggs, cooking spray, yukon gold potatoes, 2% reduced-fat milk, low-fat sour cream, butter, salt, chives, bacon]"
Greek-Meatloaf-995991,Greek Meatloaf,4,4800.0,[Main Dishes],,"[ground beef, garlic, purple onion, oregano, dry bread crumbs, eggs, ketchup, fresh mint, parsley, kosher salt, black pepper, red wine vinegar, feta cheese, glaze, whole grain mustard, cayenne, cinnamon, smoked paprika, brown sugar]"
Amish-Meatloaf-Allrecipes,Amish Meatloaf,5,4500.0,[Main Dishes],[American],"[ground beef, crackers, onions, eggs, ketchup, brown sugar, bacon, vinegar, salt, yellow mustard]"
Amazing-Meatloaf-1269085,Amazing Meatloaf,4,4200.0,[Main Dishes],,"[ground sirloin, whole wheat bread, onions, green pepper, garlic cloves, eggs, salt, pepper, ketchup]"
Juicy-Meatloaf-1115758,Juicy Meatloaf,4,4500.0,[Main Dishes],,"[ground beef, onions, eggs, salt, pepper, milk, oatmeal, sauce, brown sugar, ketchup, mustard]"
Eileen_s-Meatloaf-Allrecipes,Eileen's Meatloaf,5,4500.0,[Main Dishes],,"[ground beef, eggs, sour cream, worcestershire sauce, onion soup mix, grated parmesan cheese, dry bread crumbs]"
Turkey-Meatloaf-1351808,Turkey Meatloaf,4,4200.0,[Main Dishes],,"[large eggs, garlic cloves, onions, black pepper, salt, coconut aminos, celery ribs, red bell pepper, ground turkey]"
Meatloaf-or-Meatballs_-1362680,Meatloaf or Meatballs!,4,1500.0,[Main Dishes],,"[ground beef, plain breadcrumbs, ketchup, worcestershire sauce, italian seasoning, dried parsley, garlic, sage, eggs, thyme, basil, pepper, salt]"
Favorite-Meatloaf-1339370,Favorite Meatloaf,4,6000.0,[Main Dishes],,"[ground beef, finely chopped onion, chopped green bell pepper, tomatoes, eggs, catsup, bread crumbs, stuffing mix, celery seed, ground black pepper, tomato sauce, bacon]"
Meatloaf-776961,Meatloaf,3,4200.0,[Main Dishes],,"[ground beef, ground pork, fennel seeds, chili flakes, ketchup, worcestershire sauce, sauce, yellow onion, garlic cloves, flat leaf parsley, bread crumb fresh, coarse salt, ground black pepper, large eggs]"
Meatloaf-and-Glazed-Carrot-Bake-1369284,Meatloaf and Glazed Carrot Bake,3,4200.0,[Main Dishes],,"[carrots, honey, chicken broth, red wine vinegar, ground beef, white bread, eggs, onions, salt, pepper, ketchup, half & half]"
Old-Fashioned-Meatloaf-1289368,Old Fashioned Meatloaf,4,6300.0,[Main Dishes],,"[ground beef, chopped onion, garlic, sweet pepper, ketchup, bread crumbs, eggs, milk, worcestershire sauce, fresh thyme, salt, pepper, brown sugar, white vinegar]"
Meatloaf-with-Cheddar-Smashed-Potatoes-_-Carrots-1358807,Meatloaf with Cheddar Smashed Potatoes & Carrots,4,2400.0,[Main Dishes],,"[cooking spray, large eggs, ground beef, meatloaf, finely chopped onion, flat leaf parsley, rolled oats, catsup, salt, granulated garlic, freshly ground pepper, chopped parsley, russet potatoes, shredded sharp cheddar cheese, milk]"
Classic-Meatloaf-969044,Classic Meatloaf,3,4800.0,[Main Dishes],,"[vegetable oil, finely chopped onion, minced garlic, ground beef, ground veal, ground pork, tomato ketchup, dijon style mustard, worcestershire sauce, plain breadcrumbs, eggs, salt, ground black pepper, flat leaf parsley, bacon]"
French-Onion-Soup-au-Gratin-Stuffed-Meatloaf-1373718,French Onion Soup au Gratin Stuffed Meatloaf,4,6300.0,[Main Dishes],[French],"[olive oil, onions, fresh thyme, kosher salt, pepper, beef broth, red wine, lean ground beef, bread crumbs, fresh parsley, eggs, mozzarella cheese, chopped parsley, corn starch, salt]"
Grilled-Meatloaf-792642,Grilled Meatloaf,3,5400.0,[Main Dishes],,"[lean ground beef, ground pork, ketchup, worcestershire sauce, large eggs, bread crumbs, onions, salt, ground black pepper, glaze, barbecue sauce]"
Amish-Meatloaf-574030,Amish Meatloaf,4,4500.0,[Main Dishes],,"[ground beef, crackers, onions, eggs, ketchup, brown sugar, corn syrup, glaze]"
Slow-Cooker-Cheddar-Meatloaf-1314635,Slow Cooker Cheddar Meatloaf,4,14700.0,[Main Dishes],,"[milk, eggs, salt, shredded sharp cheddar cheese, quick-cooking oats, onions, ground beef, Red Gold Ketchup, brown sugar]"
Savory-Meatloaf-With-Oatmeal-792006,Savory Meatloaf With Oatmeal,3,5400.0,[Main Dishes],,"[ground beef, onions, crushed garlic, large eggs, oatmeal, milk, ketchup, worcestershire sauce, salt, ground black pepper, thyme]"
Crockpot-Salsa-Meatloaf-1309435,Crockpot Salsa Meatloaf,4,29400.0,[Main Dishes],,"[ground beef, eggs, oats, ketchup, mild salsa]"
Italian-Style-Meatloaf-1010042,Italian-Style Meatloaf,4,4800.0,[Main Dishes],,"[lean ground beef, dry bread crumbs, eggs, green pepper, onions, roma tomatoes, marinara sauce]"
Delicious-Meatloaf-1286361,Delicious Meatloaf,4,5100.0,[Main Dishes],,"[brown sugar, tomato basil soup, ketchup, yellow mustard, sweet onion, yellow peppers, olive oil, extra lean ground beef, worcestershire sauce, barbecue seasoning, ground black pepper, beaten eggs, buttermilk, panko breadcrumbs]"
Secret-Ingredient-Meatloaf-1221160,Secret Ingredient Meatloaf,4,4800.0,[Main Dishes],,"[ground beef, plain breadcrumbs, bloody mary mix, eggs, onions, bell pepper, garlic powder, black pepper, salt, ketchup]"
A-Simple-Meatloaf-1304852,A Simple Meatloaf,4,3300.0,[Main Dishes],,"[ground beef, eggs, bread crumbs, garlic powder, onion powder, salt, pepper, brown sugar, ketchup, white pepper]"
All-American-Meatloaf-575927,All American Meatloaf,3,1260.0,[Main Dishes],,"[low sodium ketchup, celery ribs, onions, chopped bell pepper, black pepper, parsley, rolled oats, ground beef, large egg whites, garlic, cooking spray]"
Souperior-meatloaf-with-bell-peppers-304608,Souperior Meatloaf With Bell Peppers,4,4500.0,[Main Dishes],,"[Lipton® Recipe Secrets® Onion Soup Mix, ground beef, bread crumb fresh, eggs, water, ketchup, green bell pepper, slice]"
Gluten-Free-Mini-Meatloaf-1347130,Gluten Free Mini Meatloaf,4,4500.0,[Main Dishes],,"[eggs, gluten-free oat, evaporated milk, chopped onion, salt, black pepper, garlic powder, lean ground beef, ketchup, brown sugar, liquid smoke]"
Healthy-Makeover-Meatloaf-1154382,Healthy Makeover Meatloaf,3,4200.0,[Main Dishes],,"[olive oil, celery, onions, garlic, lean ground turkey, whole wheat breadcrumbs, fat free milk, worcestershire sauce, large egg whites, ketchup, salt, cracked black pepper, dijon mustard]"
Easy-Crockpot-Meatloaf-576309,Easy Crockpot Meatloaf,4,29280.0,[Main Dishes],,"[eggs, milk, bread crumbs, chopped onion, salt, pepper, sage, lean ground beef, ketchup]"
Meatloaf-1350457,Meatloaf,3,6300.0,[Main Dishes],,"[bread crumb fresh, whole milk, onions, garlic cloves, celery ribs, carrots, unsalted butter, worcestershire sauce, cider vinegar, ground allspice, bacon, pitted prunes, ground chuck, ground pork, large eggs, flat leaf parsley, cooked bacon]"
Brown-Sugar-Glazed-Meatloaf-1238577,Brown Sugar Glazed Meatloaf,4,4800.0,[Main Dishes],,"[ketchup, brown sugar, salt, ground beef, bread crumbs, onions, green bell pepper, eggs, milk]"
Cheese-stuffed-meatloaf-298680,Cheese-stuffed Meatloaf,4,4800.0,[Main Dishes],,"[ground beef, chunky pasta sauce, eggs, bread crumb fresh, shredded mozzarella cheese, finely chopped fresh parsley]"
Low-Carb-Meatloaf-1017171,Low Carb Meatloaf,4,3000.0,[Main Dishes],,"[ground beef, purple onion, pork rind, ground pepper, garlic, worcestershire sauce, ground mustard, chili powder, tomato sauce, eggs, ketchup]"
Melt-In-Your-Mouth-Meatloaf-1317151,Melt In Your Mouth Meatloaf,3,15000.0,[Main Dishes],,"[ground beef, oats, minced onion, celery, worcestershire sauce, ketchup, parsley, eggs, salt, pepper, milk]"
Turkey-Meatloaf-1341498,Turkey Meatloaf,4,3900.0,[Main Dishes],,"[ground turkey, large eggs, green onions, onions, bbq sauce, oat flour, garlic, olive oil, fresh thyme, black pepper, red pepper flakes, salt, cooking spray, pimentos]"
Skinny-Ball-Park-Turkey-Meatloaf-1306670,Skinny Ball Park Turkey Meatloaf,4,3600.0,[Main Dishes],,"[ground turkey, sweet pickle relish, spicy brown mustard, onions, wheat bread, egg whites, garlic powder, salt, ground pepper, ketchup]"
Gluten-Free-Meatloaf-635429,Gluten-Free Meatloaf,3,4500.0,[Main Dishes],,"[ground beef, large eggs, applesauce, gluten-free cracker crumbs, chopped onion, green pepper, gluten free worcestershire sauce, gluten-free ketchup]"
Easy-Thanksgiving-Turkey-Meatloaf-1370314,Easy Thanksgiving Turkey Meatloaf,4,3600.0,[Main Dishes],,"[butter, onions, celery, ground turkey, large eggs, plain breadcrumbs, poultry seasoning, cinnamon, dri leav thyme, parsley flakes, honey, chop fine pecan, turkey gravy]"
Wonderful-Meatloaf-Allrecipes,Wonderful Meatloaf,4,3000.0,[Main Dishes],,"[ground beef, cooked rice, brown sugar, chopped onion, ketchup]"
Mary_s-Meatloaf-Allrecipes,Mary's Meatloaf,5,8400.0,[Main Dishes],[Kid-Friendly],"[lean ground beef, onions, salt, ground black pepper, garlic powder, white bread, milk, eggs, yellow mustard, ketchup, brown sugar]"
Paleo-Meatloaf-900327,Paleo Meatloaf,3,3300.0,[Main Dishes],,"[extra lean ground beef, purple onion, garlic cloves, red pepper, fresh cilantro, fresh parsley, cumin, pepper, eggs, flaxseed oil]"
Turkey-Meatloaf-1284810,Turkey Meatloaf,4,6300.0,[Main Dishes],,"[extra-virgin olive oil, onions, carrots, garlic, shiitake, salt, black pepper, crushed red pepper flakes, worcestershire sauce, ketchup, finely chopped fresh parsley, sun-dried tomatoes in oil, bread crumbs, milk, eggs, ground turkey]"
Slow-Cooker-Meatloaf-1272067,Slow Cooker Meatloaf,4,1800.0,[Main Dishes],,"[lean ground beef, sausage casings, onions, carrots, eggs, ketchup, seasoned bread crumbs, light brown sugar, worcestershire sauce, salt, garlic powder, pepper, yellow mustard]"
Grandma_s-Meatloaf-792648,Grandma's Meatloaf,3,4800.0,[Main Dishes],,"[vegetable oil, celery, chopped onion, lean ground beef, ground pork, oats, chili sauce, worcestershire sauce, salt, large eggs, water]"
Meatloaf-Cupcakes-1070112,Meatloaf Cupcakes,4,3600.0,[Main Dishes],,"[stuffing mix, milk, eggs, worcestershire sauce, kosher salt, ground black pepper, butter, sweet onion, minced garlic, meatloaf, ketchup, brown sugar, potatoes, white pepper, cherry tomatoes]"
Mushroom-Meatloaf-Allrecipes,Mushroom Meatloaf,5,7200.0,[Main Dishes],[American],"[lean ground beef, fresh mushrooms, bread crumb fresh, minced onion, ketchup, eggs, salt, ground black pepper]"
Philly-Style-Meatloaf-1271165,Philly-Style Meatloaf,3,5400.0,[Main Dishes],,"[ground beef, salt, eggs, ground black pepper, bread crumbs, milk, steak sauce, onions, green bell pepper]"
Glazed-Meatloaf-Martha-Stewart-195743,Glazed Meatloaf,4,3300.0,[Main Dishes],[American],"[ground meat, dijon mustard, ketchup, worcestershire sauce]"
Meatloaf-Parmesan-1349042,Meatloaf Parmesan,4,3900.0,[Main Dishes],,"[ground meat, eggs, bread crumbs, dried basil, dried thyme, dried oregano, salt, garlic, onions, grated parmesan cheese, marinara sauce, shredded mozzarella cheese, parsley flakes]"
Cheesy-Mini-Meatloaf-1304031,Cheesy Mini Meatloaf,4,2700.0,[Main Dishes],,"[ground beef, eggs, Italian seasoned breadcrumbs, garlic powder, salt, basil, marinara sauce, mozzarella cheese]"
The-Best-Quick-Easy-Meatloaf-1171230,The Best Quick Easy Meatloaf,4,4800.0,[Main Dishes],,"[ketchup, brown sugar, mustard powder, fresh lemon juice, ground beef, white bread, onions, eggs, beef bouillon granules]"
Rosemary-Kale-Meatloaf-1317696,Rosemary – Kale Meatloaf,4,5400.0,[Main Dishes],,"[ground round, finely chopped onion, kale, tomato paste, almond flour, large eggs, dried rosemary, garlic salt, pepper, coconut oil]"
Turkey-Meatloaf-Florentine-995990,Turkey Meatloaf Florentine,4,3600.0,[Main Dishes],,"[olive oil, diced onions, baby spinach, lean ground turkey, eggs, bread crumb fresh, ketchup, worcestershire sauce, dried thyme, salt, pepper]"
Cajun-Meatloaf-1040024,Cajun Meatloaf,4,3000.0,[Main Dishes],,"[pepper, rib, garlic, eggs, butter, bread crumbs, garlic salt, onion powder, ground nutmeg, black pepper, cayenne pepper, milk, worcestershire sauce, ketchup, honey, ground beef, ground sausage]"
Traditional-Meatloaf-1201257,Traditional Meatloaf,4,3000.0,[Main Dishes],,"[ground chuck, steak seasoning, onions, garlic, oatmeal, eggs]"
Tantalizingly-Tangy-Meatloaf-Allrecipes,Tantalizingly Tangy Meatloaf,5,2700.0,[Main Dishes],,"[ground beef, dry bread crumbs, eggs, garlic powder, worcestershire sauce, ketchup, brown sugar, pineapple preserves]"
Vegetable-and-Turkey-Meatloaf-1315638,Vegetable and Turkey Meatloaf,4,5700.0,[Main Dishes],,"[ground turkey, yellow onion, zucchini, celery ribs, carrots, red bell pepper, mushrooms, garlic cloves, rolled oats, unsweetened applesauce, tomato paste, fresh parsley, liquid egg substitute, paprika, salt, black pepper]"
Cottage-Meatloaf-Allrecipes,Cottage Meatloaf,5,3900.0,[Main Dishes],,"[lean ground beef, ketchup, tomato juice, salt, ground black pepper, crushed red pepper, eggs, bread crumb fresh, diced onions, prepared mustard, brown sugar]"
Tex-mex-Meatloaf-684723,Tex-mex Meatloaf,4,3900.0,[Main Dishes],,"[eggs, ground beef, salsa, diced yellow onion, garlic, seasoned bread crumbs, worcestershire sauce, shredded sharp cheddar cheese, chile powder, oregano, salt, black pepper, ketchup]"
Pizza-meatloaf-303643,Pizza Meatloaf,4,4200.0,"[Lunch and Snacks, Main Dishes]",[American],"[lipton recip secret beefi onion soup mix, ground beef, bread crumb fresh, eggs, green bell pepper, water, ragu old world style pasta sauc, shredded mozzarella cheese]"
Copycat-Cracker-Barrel-Meatloaf-1052195,Copycat Cracker Barrel Meatloaf,3,4800.0,[Main Dishes],,"[ground beef, onions, green pepper, diced tomatoes, eggs, biscuits, salt, ketchup]"
Southwestern-meatloaf-303862,Southwestern Meatloaf,4,3900.0,[Main Dishes],,"[Lipton® Recipe Secrets® Onion Soup Mix, ground beef, corn flake or bran flake cereal, crush, frozen whole kernel corn, green bell pepper, eggs, water, ketchup]"
Crock-Pot-Moist-Meatloaf-1320540,Crock-Pot Moist Meatloaf,4,1200.0,[Main Dishes],,"[ground beef, dry bread crumbs, oats, onions, bell pepper, worcestershire sauce, chopped garlic, beaten eggs, tomato sauce, salt, pepper, vinegar, dark brown sugar, catsup]"
Saucy-Meatloaf-604871,Saucy Meatloaf,3,3900.0,[Main Dishes],,"[cooking spray, sloppy joe sauce, egg beaters, unseasoned breadcrumbs, finely chopped onion, salt, ground black pepper, beef]"
Extra-Beefy-Meatloaf-1127979,Extra Beefy Meatloaf,4,2700.0,[Main Dishes],,"[lean ground beef, eggs, seasoned bread crumbs, diced onions, steak sauce, salt, pepper]"
My-Favorite-Meatloaf-1233199,My Favorite Meatloaf,3,7200.0,[Main Dishes],,"[ground beef, cracker crumbs, eggs, onions, green pepper, salt, worcestershire sauce, tomato sauce, ketchup, brown sugar, mustard]"
Mushroom-Meatloaf-1348122,Mushroom Meatloaf,4,3900.0,[Main Dishes],,"[cremini mushrooms, olive oil, onions, garlic cloves, white wine, fresh thyme, panko breadcrumbs, salt, black pepper, ground sirloin, large eggs, ketchup]"
Skinny-Turkey-Meatloaf-with-Mushroom-Sauce-1340811,Skinny Turkey Meatloaf with Mushroom Sauce,4,3300.0,[Main Dishes],,"[ground turkey breast, bread crumbs, crust, onions, egg whites, ketchup, yellow mustard, worcestershire sauce, salt, ground pepper, mustard, sliced mushrooms, butter, white wine]"
Cheese-Stuffed-Slow-Cooker-Meatloaf-1302372,Cheese Stuffed Slow Cooker Meatloaf,4,3000.0,[Main Dishes],,"[lean ground meat, eggs, ketchup, honey mustard, worcestershire sauce, Italian seasoned breadcrumbs, onions, salt, pepper, garlic powder, sharp white cheddar cheese]"
Weight-Watchers-Favorite-Meatloaf-1082780,Weight Watchers Favorite Meatloaf,4,1560.0,[Main Dishes],,"[canola oil, white mushrooms, onions, carrots, celery ribs, lean ground beef, quick-cooking oats, large egg whites, ketchup, worcestershire sauce, dried thyme, salt, black pepper, garlic cloves]"
Paleo-Meatloaf-With-Apples-947191,Paleo Meatloaf With Apples,4,3300.0,[Main Dishes],,"[ground turkey, apples, diced onions, chopped garlic, eggs, oregano, pepper]"
Paleo-Meatloaf-1126523,Paleo Meatloaf,4,2700.0,[Main Dishes],,"[lean ground beef, chili powder, kosher salt, garlic powder, onion powder, paprika, olive oil]"
Meatloaf-Muffins-782760,Meatloaf Muffins,3,1800.0,,,"[olive oil, finely chopped onion, minced garlic, extra-lean ground beef, bread crumbs, ketchup, worcestershire sauce, large eggs, thyme, oregano, ground black pepper, salt]"
Meatloaf-1032115,Meatloaf,4,3900.0,[Main Dishes],,"[onions, orange, ground beef, eggs, bread, salt, black pepper, garlic powder, tomato paste, brown sugar, ketchup]"
_Crock-Pot_-Swiss-Cheese-Meatloaf-1158833,{Crock Pot} Swiss Cheese Meatloaf,4,18000.0,[Main Dishes],,"[ground beef, eggs, onions, bread crumbs, ketchup, swiss cheese]"
Mom_s-Basic-Meatloaf-792645,Mom's Basic Meatloaf,3,4200.0,[Main Dishes],,"[lean ground beef, milk, cracker crumbs, ketchup, finely chopped onion, salt, black pepper, eggs]"
Cheeseburger-meatloaf-310448,Cheeseburger Meatloaf,5,4800.0,[Main Dishes],,"[ground beef, bread crumb fresh, minced onion, eggs, salt, ground black pepper, shredded cheddar cheese]"
Glazed-Meatloaf-Ii-Allrecipes,Glazed Meatloaf II,5,4800.0,[Main Dishes],,"[ketchup, brown sugar, lemon juice, dry mustard, lean ground beef, bread, diced onions, eggs, beef bouillon]"
Easy_-No-Fail-Turkey-Meatloaf-1251249,"Easy, No-Fail Turkey Meatloaf",4,5100.0,[Main Dishes],,"[ground turkey, eggs, onions, milk, dry bread crumbs, salt, pepper, sauce, brown sugar, prepared mustard, ketchup]"
Magic-Slow-Cooker-Meatloaf-990919,Magic Slow Cooker Meatloaf,4,600.0,[Main Dishes],,"[ground beef, green pepper, onions, salt, eggs, cracker crumbs, ketchup, yellow mustard, brown sugar]"
Cheesy-Herbed-Meatloaf-679655,Cheesy Herbed Meatloaf,4,4500.0,[Main Dishes],,"[ground beef, beaten eggs, whole milk, dry bread crumbs, grated parmesan cheese, garlic powder, sea salt, dried oregano, dried sage, shredded cheese]"
All-American-Meatloaf-1038441,All-American Meatloaf,4,6000.0,[Main Dishes],,"[ground beef, ground pork, ground veal, bread crumbs, salt, pepper, worcestershire sauce, eggs, onions, bell pepper, catsup, brown sugar, mustard]"
Turkey-Meatloaf-967812,Turkey Meatloaf,4,,,,"[turkey, onions, olive oil, egg whites, salsa, old-fashioned oats, veget soup mix, black pepper, ketchup]"
Slow-Cooker-Cheeseburger-Meatloaf-1343160,Slow-Cooker Cheeseburger Meatloaf,3,16200.0,[Main Dishes],,"[ground beef, STOVE TOP Stuffing Mix for Chicken, water, eggs, onions, Heinz Tomato Ketchup, Heinz Yellow Mustard, kraft singles]"
Meatloaf-977084,Meatloaf,4,5400.0,[Main Dishes],,"[ground pork, ground veal, ground beef, gluten-free breadcrumbs, almond milk, large eggs, fresh chives, fresh thyme, flat leaf parsley, kosher salt, cracked black pepper, onions, celery, olive oil, balsamic vinegar]"
Boarding-House-Meatloaf-1067664,Boarding House Meatloaf,4,6300.0,[Main Dishes],,"[lean ground beef, green bell pepper, onions, large eggs, oats, ketchup, salt, butter, cider vinegar]"
Bacon-Wrapped-Meatloaf-630242,Bacon Wrapped Meatloaf,3,3900.0,[Main Dishes],,"[ground beef, green pepper, onions, garlic, worcestershire sauce, salt, ground black pepper, eggs, quick-cooking oats, ketchup, bacon, dry rub]"
Best-Meatloaf-Ever-1347391,Best Meatloaf Ever,4,5100.0,[Main Dishes],,"[ground beef, condensed tomato soup, plain dry bread crumb, eggs, onions, worcestershire sauce, ground black pepper, water]"
Mozzarella-Stuffed-Bacon-Wrapped-Meatloaf-779495,Mozzarella Stuffed Bacon Wrapped Meatloaf,4,4800.0,[Main Dishes],,"[ground beef, eggs, bread crumbs, smoked paprika, pepper, salt, bacon slices, mozzarella cheese, barbecue sauce]"
Meatloaf-1002940,Meatloaf,4,3000.0,[Main Dishes],,"[ground beef, bread crumbs, eggs, tomato soup, milk, sugar, worcestershire sauce, salt]"
Mommas-Meatloaf-971771,Mommas Meatloaf,4,4200.0,[Main Dishes],,"[ground turkey, ketchup, mustard, brown sugar, bbq sauce, chopped onion, eggs, bread crumbs, milk]"
Crock-Pot-Moist-Meatloaf-1101989,Crock-Pot Moist Meatloaf,4,6300.0,[Main Dishes],,"[ground beef, dry bread crumbs, oats, onions, bell pepper, worcestershire sauce, chopped garlic, beaten eggs, tomato sauce, salt, pepper, vinegar, dark brown sugar, catsup]"
Best-Meatloaf-1068501,Best Meatloaf,4,6300.0,[Main Dishes],,"[olive oil, onions, garlic cloves, fresh parsley, fresh thyme, ground beef, bacon, eggs, bread crumbs, ketchup, worcestershire sauce, ground black pepper]"
Slow-Cooker-Luau-Meatloaf-1347379,Slow Cooker Luau Meatloaf,4,3000.0,[Main Dishes],,"[pineapple, beaten eggs, ketchup, soy sauce, oatmeal, chopped onion, chopped bell pepper, ground ginger, ground turkey]"
Tasty-Turkey-Meatloaf-1313483,Tasty Turkey Meatloaf,4,3300.0,[Main Dishes],,"[ground turkey, salsa, eggs, garlic powder, pepper]"
Easy-Bison-Bacon-Meatloaf-1342110,Easy Bison Bacon Meatloaf,4,4200.0,[Main Dishes],,"[coconut oil, yellow onion, garlic, celery, roasted red peppers, ground bison, italian seasoning, ground black pepper, kosher salt, eggs, Franks Hot Sauce, worcestershire sauce, unsweetened coconut milk, gluten, bacon]"
Swiss-Cheese-Meatloaf-Allrecipes,Swiss Cheese Meatloaf,5,4500.0,[Main Dishes],,"[eggs, butter crackers, onions, minced garlic, salt, ground black pepper, rubbed sage, shredded swiss cheese, lean ground beef]"
Simple-Slow-Cooker-Meatloaf-Allrecipes,Simple Slow Cooker Meatloaf,4,21900.0,[Main Dishes],[Kid-Friendly],"[rolls, ground beef, ketchup, onion soup mix, dry bread crumbs, eggs]"
Mini-BBQ-Meatloaf-1175900,Mini BBQ Meatloaf,4,2700.0,[Main Dishes],,"[shallots, butter, ground beef, gluten-free breadcrumbs, bbq sauce, eggs, worcestershire sauce, shredded cheese, salt, pepper]"
Meatloaf-Epicurious_1,Meatloaf,5,6300.0,[Main Dishes],,"[bread crumb fresh, whole milk, onions, garlic cloves, celery ribs, carrots, unsalted butter, worcestershire sauce, cider vinegar, ground allspice, bacon, pitted prunes, ground chuck, ground pork, large eggs, flat leaf parsley, cooked bacon]"
Slow-Cooker-Meatloaf-1228601,Slow Cooker Meatloaf,4,22200.0,,,"[water, lean ground beef, minced onion, garlic, green bell pepper, saltines, kosher salt, black pepper, italian seasoning, cajun seasoning, large eggs, milk, worcestershire sauce, Kitchen Bouquet, ketchup, creole mustard, light brown sugar]"
Glazed-Bacon-Meatloaf-678400,Glazed Bacon Meatloaf,4,4800.0,[Main Dishes],,"[ground beef, white bread, eggs, milk, chili powder, dried thyme, paprika, kosher salt, black pepper, hot sauce, worcestershire sauce, garlic cloves, onions, bacon, ketchup, Dr. Pepper®, molasses, ground pepper]"
All-Protein-Meatloaf-Allrecipes,All Protein Meatloaf,4,3000.0,[Main Dishes],,"[ground beef, worcestershire sauce, tomato sauce, pork, eggs, chili powder, garlic salt, seasoning]"
Super-Duper-Easy-Meatloaf-1059042,Super Duper Easy Meatloaf,4,3000.0,[Main Dishes],,"[ground beef, eggs, garlic powder, ground black pepper, salt, onions, oats, panko breadcrumbs, ketchup, worcestershire sauce, ground mustard]"
Mercedes-Gonzalez_s-See-Me-Not-Meatloaf-780998,Mercedes Gonzalez's See Me Not Meatloaf,3,5400.0,[Main Dishes],,"[ground pork, ground veal, ground beef, sofrito, garlic cloves, salt, ground pepper, eggs, bread crumbs, milk, parmesan cheese, ketchup, meatloaf, hot water, vegetable oil, white onion, green bell pepper, red bell pepper, dried oregano, ground black pepper, cilantro leaves]"
Grilled-Barbecue-Meatloaf-with-Balsamic-Marinated-Asparagus-457742,Grilled Barbecue Meatloaf with Balsamic-Marinated Asparagus,3,3600.0,[Main Dishes],[Barbecue],"[asparagus, marinade, meatloaf, eggs, bread crumb fresh, ground pork, ground beef, ketchup]"
Macaroni-Grill-Italian-Meatloaf-1117797,Macaroni Grill Italian Meatloaf,3,4800.0,[Main Dishes],,"[bread crumbs, milk, ground beef, salt, black pepper, yellow onion, mushrooms, sage leaves, ketchup, eggs]"
Quick-and-Easy-French-Onion-Meatloaf-792646,Quick and Easy French Onion Meatloaf,3,5100.0,[Main Dishes],,"[lean ground beef, rolled oats, dry bread crumbs, eggs, condensed french onion soup, salt, pepper, parsley flakes, ketchup]"
Grain-Free-Cheese-Filled-Mini-Meatloaf-1331113,Grain Free Cheese Filled Mini Meatloaf,4,1920.0,[Main Dishes],,"[meatloaf, ground beef, tomato sauce, eggs, flax seed meal, paprika, garlic powder, celery seed, sea salt, gluten free worcestershire sauce, cheese, muffin, glaze, apple cider vinegar, onion powder, allspice, coconut sugar]"
Freezer-Friendly_-Easy-Meatloaf-1068654,"Freezer Friendly, Easy Meatloaf",4,4500.0,[Main Dishes],,"[ground beef, bread crumbs, eggs, milk, onions, garlic powder, salt, pepper, dried parsley, dried basil, ketchup]"
Killer-Meatloaf-480805,Killer Meatloaf,4,5400.0,[Main Dishes],,"[lean ground beef, ground pork, onions, garlic, large eggs, bread crumbs, grating cheese, whole milk, parsley, tomato paste, worcestershire sauce, honey, soy sauce, oregano, smoked paprika, mustard powder, sage, salt, ground black pepper, thick-cut bacon, red bell pepper, boiled eggs, ketchup, sauce]"
Oatmeal-meatloaf-304418,Oatmeal Meatloaf,4,4200.0,[Main Dishes],,"[ground beef, Lipton® Recipe Secrets® Onion Soup Mix, quick-cooking oats, sour cream, eggs]"
Slower-Cooker-Meatloaf-Allrecipes,Slower Cooker Meatloaf,4,22200.0,[Main Dishes],,"[lean ground beef, eggs, ketchup, onion soup mix, steak seasoning]"
Cheesy-Meatloaf-Allrecipes,Cheesy Meatloaf,4,4500.0,[Main Dishes],[Kid-Friendly],"[ground beef, ground pork, onion soup mix, eggs, dry bread crumbs, ground black pepper, water, shredded mozzarella cheese]"
BBQ-Meatloaf-1206572,BBQ Meatloaf,4,4200.0,[Main Dishes],,"[ground beef, onions, eggs, salsa, old-fashioned oats, veget soup mix, black pepper, ketchup]"
Epicure_s-Everyday-Meatloaf-580034,Epicure's Everyday Meatloaf,3,5100.0,[Main Dishes],,"[large eggs, skim milk, dry bread crumbs, seasoning, lean ground beef, sea salt]"
Primal-Meatloaf-1346072,Primal Meatloaf,4,6300.0,[Main Dishes],,"[ground meat, eggs, garlic cloves, onions, carrots, celery ribs, butter, fresh parsley, dried dill, dried oregano, dried thyme, salt, black pepper]"
Rob-Morrison_s-Meatloaf-Martha-Stewart-193006,Rob Morrison's Meatloaf,4,6300.0,[Main Dishes],,"[onions, garlic, ketchup, large eggs, ground pork, ground beef, dry bread crumbs, grated parmesan cheese, bacon]"
Meatloaf-in-30-Minutes-1363402,Meatloaf in 30 Minutes,3,1800.0,[Main Dishes],,"[tomato sauce, dark brown sugar, fresh parsley, beef, eggs, unseasoned breadcrumbs, salt, ground black pepper]"
Cheesy-Crockpot-Meatloaf-1025237,Cheesy Crockpot Meatloaf,4,2400.0,[Main Dishes],,"[ground beef, cracker crumbs, ketchup, eggs, onion powder, salt, black pepper]"
Sicilian-Meatloaf-1080249,Sicilian Meatloaf,4,5700.0,[Main Dishes],,"[extra lean ground beef, eggs, tomato juice, bread crumbs, fresh parsley, dried oregano, kosher salt, ground pepper, garlic, ham, mozzarella cheese]"
Gluten-Free-Meatloaf-1065672,Gluten Free Meatloaf,4,300.0,[Main Dishes],,"[lean ground beef, rolled oats, ketchup, onions, eggs, salt, black pepper]"
Chipotle-Meatloaf-1264318,Chipotle Meatloaf,3,4200.0,[Main Dishes],,"[vegetable oil spray, applewood smoked bacon, ground chuck, chopped onion, heavy cream, panko breadcrumbs, large eggs, chopped celery, chopped cilantro fresh, kosher salt, flat leaf parsley, fresh rosemary, fresh thyme, ancho chile pepper, smoked paprika, ground black pepper, ketchup, chipotle chile]"
Best-Meatloaf-In-The-Whole-Wide-World_-Allrecipes,Best Meatloaf in the Whole Wide World!,4,3900.0,[Main Dishes],,"[ketchup, brown sugar, bacon bits, crushed pineapple, worcestershire sauce, ground beef, dry bread crumbs, saltines, eggs, garlic, onions]"
Cowboy-Meatloaf-and-Potato-Casserole-1363328,Cowboy Meatloaf and Potato Casserole,3,3300.0,[Main Dishes],,"[lean ground beef, finely chopped onion, dry bread crumbs, jack daniels, eggs, chili powder, salt, russet potatoes, evaporated milk, butter, flat leaf parsley, garlic powder, crumbled bacon, french fried onions, Mexican cheese blend]"
Our-Version-of-Claim-Jumpers-Meatloaf-1324623,Our Version of Claim Jumper’s Meatloaf,4,4800.0,[Main Dishes],,"[vegetable oil, green onions, garlic, green bell pepper, grated carrot, eggs, milk, salt, pepper, garlic powder, onion powder, ground beef, ground pork, bread crumbs, flour, ketchup]"
Dill-Pickle-Meatloaf-1303440,Dill Pickle Meatloaf,4,5100.0,[Main Dishes],,"[eggs, chopped onion, pickle juice, salt, ground black pepper, seasoned bread crumbs, venison, dill pickles, ketchup, water, brown sugar, worcestershire sauce]"
Meatloaf-with-Balsamic-Glaze-1172342,Meatloaf with Balsamic Glaze,4,4500.0,[Main Dishes],,"[lean beef, seasoned bread crumbs, 2% reduced-fat milk, ketchup, balsamic vinegar, nutmeg, ground pepper, salt, onion powder, large eggs, brown sugar]"
Ranch-Meatloaf-963923,Ranch Meatloaf,3,2700.0,[Main Dishes],,"[ground beef, eggs, Hidden Valley® Original Ranch Salad® Dressing & Seasoning Mix, dry bread crumbs]"
Simple-Turkey-Meatloaf-Martha-Stewart-195159,Simple Turkey Meatloaf,3,3600.0,[Main Dishes],[Kid-Friendly],"[ground turkey, fat, yellow onion, green bell pepper, dry bread crumbs, chopped celery, large eggs, ketchup, minced garlic, coarse salt, ground black pepper, hot sauce, creole seasoning]"
Bacon-Double-Cheeseburger-Stuffed-Meatloaf-760781,Bacon Double Cheeseburger Stuffed Meatloaf,4,4500.0,[Main Dishes],,"[lean beef, panko breadcrumbs, 2% reduced-fat milk, ketchup, montreal steak seasoning, worcestershire sauce, large eggs, brown sugar, mild cheddar cheese, bacon]"
Best-Meatloaf-480527,Best Meatloaf,4,4500.0,[Main Dishes],,"[beef, pork, onions, garlic, panko, gruyere cheese, large eggs, milk, tomato paste, worcestershire sauce, honey, soy sauce, smoked paprika, salt, black pepper, thyme, thick-cut bacon, ketchup, dijon mustard]"
Jackie_s-Special-Meatloaf-Allrecipes,Jackie's Special Meatloaf,4,4500.0,[Main Dishes],,"[ground beef, eggs, panko breadcrumbs, ketchup, seasoning, garlic powder, onion powder, salt, ground black pepper]"
Grandma_s-Meatloaf-Allrecipes,Grandma's Meatloaf,4,3600.0,[Main Dishes],,"[ground beef, breakfast sausages, seasoned bread crumbs, onions, mushrooms, condensed cream of mushroom soup, eggs]"
Heinz-Classic-Meatloaf-546163,Heinz® Classic Meatloaf,3,4500.0,[Main Dishes],,"[vegetable oil, finely chopped onion, chopped celery, green pepper, tomato ketchup, lean ground beef, bread crumb fresh, large eggs, salt, pepper]"
Basic-Grass-fed-Beef-Meatloaf-1358252,Basic Grass-fed Beef Meatloaf,4,4200.0,[Main Dishes],,"[grassfed beef, onions, cracker crumbs, eggs, whole milk, garlic, all purpose seasoning, blackening seasoning, salt, pepper]"
How-To-Make-The-Perfect-Leftover-Meatloaf-Sandwich-1259228,How To Make The Perfect Leftover Meatloaf Sandwich,4,,,,"[meatloaf, cheese, bread, mayonnaise]"
Meatloaf-With-Quail-Eggs-1371974,Meatloaf With Quail Eggs,4,4500.0,[Main Dishes],,"[clove, chicken fillets, parsley, white bread, salt, milk, carrots, vegetable oil, quail eggs, onions, eggs, ground black pepper, ground beef]"
Country-Meatloaf-1044925,Country Meatloaf,3,6600.0,[Main Dishes],,"[lean ground beef, ground Italian sausage, salad oil, purple onion, celery ribs, carrots, bread crumbs, salt, black pepper, brown sugar, cider vinegar, prepared mustard, eggs, tomato sauce]"
Cowboy-Cornbread-Meatloaf-1073156,Cowboy Cornbread Meatloaf,4,3900.0,[Main Dishes],,"[ground beef, eggs, stuffing, garlic powder, lawrys seasoning, mushrooms, diced onions, bbq sauce]"
Meatloaf-Muffins-1290023,Meatloaf Muffins,4,,,,"[butter, onions, lean ground beef, large eggs, milk, plain breadcrumbs, salt, pepper, brown sugar, prepared mustard, ketchup]"
Chipotle-beef-and-chorizo-meatloaf-348251,Chipotle Beef and Chorizo Meatloaf,5,4500.0,[Main Dishes],"[American, Southwestern]","[cooking spray, tortilla chips, milk, meatloaf, chorizo, chipotle chile, adobo sauce, chopped cilantro, ground cumin, onions, garlic, eggs, salt, ketchup, brown sugar, white wine vinegar]"
Garden-Meatloaf-Allrecipes,Garden Meatloaf,4,3000.0,[Main Dishes],[American],"[chuck, chopped onion, brown sugar, beaten eggs, chunky salsa, dry bread crumbs]"
Homestyle-Meatloaf-1340520,Homestyle Meatloaf,4,5400.0,[Main Dishes],,"[brown gravy, lean ground beef, bread crumbs, finely chopped onion, eggs, salt, pepper, cauliflower, sour cream, butter, milk, instant potato flakes, dill weed]"
Low-Carb-Bacon-Wrapped-Meatloaf-1318155,Low Carb Bacon Wrapped Meatloaf,4,3300.0,[Main Dishes],,"[ground beef, green bell pepper, onions, garlic, eggs, almond flour, mozzarella cheese, parmesan cheese, worcestershire sauce, salt, ground black pepper, bacon, reduced sugar ketchup, italian salad dressing]"
Home-style-meatloaf-297459,Home-style Meatloaf,4,4500.0,[Main Dishes],,"[knorr homestyl stock   beef, water, plain dry bread crumb, ground beef, white mushrooms, yellow onion, finely chopped fresh parsley, eggs]"
Turkey-Meatloaf-with-Spinach-_-Mozzarella-997000,Turkey Meatloaf with Spinach & Mozzarella,4,6300.0,[Main Dishes],,"[ground turkey, milk, worcestershire sauce, ketchup, eggs, bread crumbs, garlic, yellow onion, sage leaves, ground mustard, oregano, salt, fresh spinach, mozzarella cheese]"
Homestyle-Meatloaf-1040452,Homestyle Meatloaf,3,4800.0,[Main Dishes],,"[gluten, eggs, ground black pepper, fine sea salt, cracker crumbs, lean ground beef, carrots, yellow onion, brown sugar, canola oil cooking spray, tomato sauce, gluten free worcestershire sauce]"
Turkey-Meatloaf-Epicurious,Turkey Meatloaf,5,5400.0,[Main Dishes],[American],"[finely chopped onion, minced garlic, olive oil, carrots, cremini mushrooms, salt, black pepper, worcestershire sauce, finely chopped fresh parsley, ketchup, bread crumb fresh, 1% low-fat milk, large eggs, large egg whites, ground turkey]"
Crock-Pot-Meatloaf-1248511,Crock Pot Meatloaf,4,29400.0,[Main Dishes],,"[ground beef, Italian seasoned breadcrumbs, eggs, diced onions, red bell pepper, minced garlic, black pepper, salt, tomato soup]"
Best-Ever-Meatloaf-I-Allrecipes,Best Ever Meatloaf I,4,4200.0,[Main Dishes],,"[lean ground beef, tomato juice, rolled oats, eggs, chopped onion, salt, ground black pepper]"
Meatloaf-1000132,Meatloaf,4,6300.0,[Main Dishes],,"[cubed bread, milk, ground beef, chopped green bell pepper, chopped onion, celery, salt, eggs, tomato sauce, water, worcestershire sauce, yellow mustard, brown sugar, chili powder]"
Company-Meatloaf-971142,Company Meatloaf,4,6300.0,[Main Dishes],,"[milk, white sandwich bread, lean ground beef, ground pork, onions, garlic cloves, glaze, chili sauce, fresh parsley, grated parmesan cheese, large eggs, salt, black pepper, ketchup]"
French-Onion-Soup-au-Gratin-Stuffed-Meatloaf-1345769,French Onion Soup au Gratin Stuffed Meatloaf,4,6300.0,[Main Dishes],[French],"[olive oil, onions, fresh thyme, kosher salt, pepper, beef broth, red wine, lean ground beef, bread crumbs, fresh parsley, eggs, mozzarella cheese, chopped parsley, corn starch, salt]"
Grilled-Meatloaf-573645,Grilled Meatloaf,4,5100.0,[Main Dishes],[Barbecue],"[ground beef, ground pork, onions, bread crumbs, eggs, garlic powder, salt, cracked black pepper, bbq sauce, ketchup, bacon, brown sugar, apple cider vinegar]"
Chicken-meatloaf-with-sun-dried-tomatoes-306480,Chicken Meatloaf with Sun-Dried Tomatoes,4,900.0,[Main Dishes],,"[couscous, vegetable oil, onions, shiitake, sun-dried tomatoes, garlic, thyme leaves, large eggs, ground chicken, salt, white pepper, glaze, ketchup]"
Meatloaf-996666,Meatloaf,3,4200.0,[Main Dishes],,"[minced meat, hand, garlic, ham, pork, green olives, fresh parsley, marjoram, eggs, pepper, salt, bread crumbs, beef stock cubes]"
Turkey-Meatloaf-1307849,Turkey Meatloaf,4,4800.0,[Main Dishes],,"[ground turkey, frozen spinach, milk, Italian seasoned breadcrumbs, onion soup mix, colby cheese, eggs, worcestershire sauce, red bell pepper, garlic powder, salt, pepper, tomato sauce, diced onions]"
Turkey-Meatloaf-with-Whole-Grain-Mustard-1337519,Turkey Meatloaf with Whole Grain Mustard,4,4500.0,[Main Dishes],,"[sweet onion, salt, thyme leaves, worcestershire sauce, chicken stock, tomato paste, dijon mustard, whole grain mustard, ground turkey, plain dry bread crumb, extra large eggs, ketchup]"
Hobo-Meatloaf-1097788,Hobo Meatloaf,4,3900.0,[Main Dishes],,"[lean ground beef, onions, croutons, tomato sauce, eggs]"
Never-fails-meatloaf-317854,Never Fails Meatloaf,3,2400.0,[Main Dishes],,"[ground beef, bread crumbs, parmesan cheese, eggs, tomato sauce, salt]"
Meatloaf-With-Fried-Onions-And-Ranch-Seasoning-Allrecipes,Meatloaf with Fried Onions and Ranch Seasoning,5,4200.0,[Main Dishes],[American],"[ground beef, eggs, ketchup, herb seasoning, dressing, french fried onions]"
1770-House-Meatloaf-1336174,1770 House Meatloaf,3,5100.0,[Main Dishes],,"[olive oil, yellow onion, celery ribs, ground beef, ground pork, fresh parsley, fresh thyme leaves, chopped fresh chives, large eggs, milk, salt, cracked black pepper, bread crumbs, garlic, chicken stock, unsalted butter, wondra flour, bouillon cube]"
Slow-Cooked-Meatloaf-1063333,Slow-Cooked Meatloaf,4,26100.0,[Main Dishes],,"[eggs, milk, bread, salt, pepper, ketchup, ground beef, onions, ranch salad dressing mix]"
Incredibly-Cheesy-Turkey-Meatloaf-Allrecipes,Incredibly Cheesy Turkey Meatloaf,5,4500.0,[Main Dishes],,"[ground turkey, milk, seasoned bread crumbs, eggs, salt, pepper, colby cheese, ketchup]"
Mrs_-Kostyra_s-Meatloaf-Martha-Stewart,Mrs. Kostyra's Meatloaf,4,6300.0,[Main Dishes],,"[white bread, ground beef, yellow onion, garlic, celery, carrots, flat leaf parsley, eggs, ketchup, dry mustard, coarse salt, black pepper, brown sugar]"
Italian-Sausage-Meatloaf-1327654,Italian Sausage Meatloaf,4,3300.0,[Main Dishes],,"[ground Italian sausage, quick oats, plain breadcrumbs, white onion, garlic cloves, eggs, seasoning, spices, extra-virgin olive oil]"
Turkey-Meatloaf-Cupcakes-1271544,Turkey Meatloaf Cupcakes,4,2700.0,,,"[lean ground turkey, eggs, whole wheat seasoned breadcrumbs, garlic powder, black pepper, ketchup, worcestershire sauce, fresh mushrooms, 1% low-fat milk, onions, spicy brown mustard]"
Meatloaf-with-homemade-barbecue-sauce-334696,Meatloaf with Homemade Barbecue Sauce,5,4500.0,[Main Dishes],,"[carrots, celery ribs, onions, panko breadcrumbs, large egg whites, ground beef, salt, ground pepper, barbecue sauce, ketchup, cider vinegar, brown sugar, paprika, ground cumin, kosher salt, black pepper]"
Italian-Style-Meatloaf-I-Allrecipes,Italian Style Meatloaf I,4,4500.0,[Main Dishes],"[Italian, Kid-Friendly]","[ground beef, eggs, dry bread crumbs, ketchup, italian style seasoning, dried oregano, dried basil, garlic salt, diced tomatoes, shredded mozzarella cheese]"
Cheesy-Meatloaf-Minis-470933,Cheesy Meatloaf Minis,4,3000.0,[Main Dishes],,"[plain breadcrumbs, diced onions, garlic cloves, ketchup, large eggs, fresh parsley, grated parmesan cheese, dijon mustard, dried oregano, salt, ground black pepper, monterey jack, ground sirloin]"
Slow-Cooker-Cheddar-Meatloaf-980516,Slow Cooker Cheddar Meatloaf,4,14700.0,[Main Dishes],,"[milk, eggs, salt, shredded sharp cheddar cheese, quick-cooking oats, onions, ground beef, Red Gold Ketchup, brown sugar]"
Glazed-Meatloaf-1302824,Glazed Meatloaf,4,5400.0,[Main Dishes],,"[grated jack cheese, unsalted butter, minced onion, celery, minced garlic, carrots, green onions, salt, ground black pepper, fresh thyme, paprika, chicken broth, worcestershire sauce, glaze, ketchup, ground chuck, pork sausage casing, saltines, large eggs, fresh parsley leaves, hot pepper sauce, ground coriander, cider vinegar, light brown sugar]"
Dead-Man-Meatloaf-AllRecipes-39944,Dead Man Meatloaf,5,4200.0,[Main Dishes],,"[butter, minced garlic, onions, chopped celery, eggs, lean ground beef, cajun seasoning, seasoned bread crumbs, black olives, ketchup]"
Chubby-Hubby-Meatloaf-511506,Chubby Hubby Meatloaf,5,,,,"[onions, garlic cloves, ketchup, apple cider vinegar, soy sauce, worcestershire sauce, brown sugar, chili powder, hot sauce, salt, carrots, celery, ground beef, oats, buttermilk, eggs, horseradish, pepper, vegetable oil]"
Amazing-Meatloaf-960742,Amazing Meatloaf,4,6600.0,[Main Dishes],,"[ketchup, chili sauce, brown sugar, worcestershire sauce, lemon juice, mustard, ground beef, onions, eggs, bread, parsley, salt, black pepper, granulated garlic, onion powder, bacon]"
Slow-Cooker-Meatloaf-1234002,Slow Cooker Meatloaf,4,1800.0,[Main Dishes],,"[lean ground beef, sausage casings, onions, carrots, eggs, ketchup, seasoned bread crumbs, light brown sugar, worcestershire sauce, salt, garlic powder, pepper, yellow mustard]"
Basket-Weave-Bacon-Meatloaf-1117585,Basket Weave Bacon Meatloaf,4,7200.0,[Main Dishes],,"[extra lean ground beef, Italian seasoned breadcrumbs, eggs, pepper, salt, olive oil, onions, thick-cut bacon, aged cheddar cheese, tomato paste]"
Paula-Deens-Meatloaf-1053936,Paula Deens Meatloaf,3,4800.0,[Main Dishes],,"[meatloaf, ground beef, house seasoning, onions, cheddar cheese, worcestershire sauce, sour cream, crushed ritz crackers, seasoning salt, white bread, sauce, condensed cream of mushroom soup, soup]"
Nanny_s-meatloaf-342054,Nanny's Meatloaf,4,4200.0,[Main Dishes],,"[eggs, oatmeal, tomato juice, meat, onions, pepper, salt]"
Turkey-Meatloaf-1084597,Turkey Meatloaf,3,4260.0,[Main Dishes],,"[olive oil, onions, garlic cloves, salt, pepper, worcestershire sauce, fat free less sodium chicken broth, ketchup, ground turkey, dry bread crumbs, large eggs, large egg whites]"
The-Best-Skinny-Meatloaf-1046808,The Best Skinny Meatloaf,4,3600.0,[Main Dishes],,"[extra lean ground beef, whole wheat bread, onions, red bell pepper, egg whites, A1 steak sauce, worcestershire sauce, garlic powder, salt, black pepper]"
My-Meatloaf-Allrecipes,My Meatloaf,5,5400.0,[Main Dishes],,"[ground beef, ketchup, onion soup mix, bread, italian style seasoning, water]"
Skillet-Harissa-Turkey-Meatloaf-572024,Skillet Harissa Turkey Meatloaf,4,2100.0,[Main Dishes],,"[zucchini, onions, red pepper, crushed garlic, whole wheat seasoned breadcrumbs, harissa, large eggs, sweet paprika, kosher salt, lean ground turkey, harissa sauce, ketchup]"
Meatloaf-628383,Meatloaf,3,4800.0,[Main Dishes],,"[ground beef, beef liver, carrots, celery, yellow onion, salt, black pepper, onion powder, garlic powder, coconut aminos, eggs, tomato paste, hot sauce]"
Venison-Meatloaf-Allrecipes,Venison Meatloaf,4,3900.0,[Main Dishes],,"[venison, brown sugar, saltines, eggs, spicy brown mustard, cilantro, garlic powder, onion flakes, ground thyme, cinnamon, paprika, ketchup]"
Meatloaf-1041511,Meatloaf,4,5100.0,[Main Dishes],,"[ground beef, onions, roasted garlic, eggs, crackers, salt, ground pepper, thyme, winter squash, butter, maple syrup]"
Kimberly_s-Meaty-Meatloaf-Allrecipes,Kimberly's Meaty Meatloaf,4,5400.0,[Main Dishes],,"[extra lean ground beef, dry bread crumbs, eggs, worcestershire sauce, onions, grated parmesan cheese, tomato sauce]"
Slow-Cooker-Meatloaf-1089810,Slow Cooker Meatloaf,4,4200.0,[Main Dishes],,"[ground beef, eggs, milk, bread crumbs, salt, minced onion, sage, ketchup, brown sugar, mustard, worcestershire sauce, carrots, potatoes]"
Best-Meatloaf-AllRecipes-38754,Best Meatloaf,4,4800.0,[Main Dishes],,"[ground beef, eggs, onions, Kikkoman Katsu Sauce, green onions, panko breadcrumbs]"
Chicken-Basil-Meatloaf-478539,Chicken Basil Meatloaf,5,3000.0,[Main Dishes],,"[ground chicken, eggs, almond flour, fresh basil, garlic powder, onion powder, parsley, salt]"
Tomato-Soup-Meatloaf-993489,Tomato Soup Meatloaf,4,5400.0,"[Soups, Main Dishes]",,"[meatloaf, tomato soup, milk, beef, carrots, shallots, onions, celery, worcestershire sauce, eggs, salt, panko breadcrumbs, bread crumbs, butter]"
Light_-Mini-BBQ-Meatloaf-1304007,"Light, Mini BBQ Meatloaf",4,3600.0,[Main Dishes],,"[extra-lean ground beef, bread crumbs, chopped onion, barbecue sauce, mustard, chili powder, garlic powder, salt, ground pepper, egg whites]"
Grilled-BBQ-Meatloaf-AllRecipes-39754,Grilled BBQ Meatloaf,4,4500.0,"[Lunch and Snacks, Main Dishes]",[Barbecue],"[ground beef, ground pork, dry bread crumbs, sweet onion, eggs, worcestershire sauce, minced garlic, dried tarragon leaves, sea salt, ground black pepper, barbecue sauce, ketchup]"
Bacon-Cheeseburger-Meatloaf-1017854,Bacon Cheeseburger Meatloaf,3,4200.0,[Main Dishes],,"[ground beef, potato chips, large eggs, mustard, ketchup, relish, onions, pickle juice, bacon, Velveeta]"
Gluten-Free-Meatloaf-with-Ginger-Sriracha-Glaze-1333360,Gluten-Free Meatloaf with Ginger-Sriracha Glaze,4,4200.0,[Main Dishes],,"[ketchup, minced ginger, garlic cloves, Sriracha, large eggs, scallions, gluten-free tamari, gluten-free oat, sea salt, ground beef, ground pork]"
Bacon-Bourbon-Meatloaf-1204348,Bacon Bourbon Meatloaf,4,3600.0,[Main Dishes],,"[ground beef, eggs, bacon, mushrooms, onions, milk, worcestershire sauce, panko breadcrumbs, pepper, salt, garlic, bourbon whiskey, honey, ketchup]"
Cheddar-Meatloaf-with-Tangy-Sauce-789782,Cheddar Meatloaf with Tangy Sauce,3,6000.0,[Main Dishes],,"[ketchup, dark brown sugar, dijon, worcestershire sauce, chili powder, lean ground beef, ground pork, finely chopped onion, bread crumbs, shredded sharp cheddar cheese, large eggs, salt, ground black pepper]"
Bacon-Wrapped-Turkey-Meat-Loaf-1375465,Bacon Wrapped Turkey Meat Loaf,4,4800.0,[Main Dishes],,"[red bell pepper, carrots, onions, garlic cloves, ground turkey, panko breadcrumbs, eggs, salt, worcestershire sauce, ketchup, bacon]"
Slow-Cooker-Turkey-Meatloaf-1058618,Slow Cooker Turkey Meatloaf,4,3600.0,[Main Dishes],,"[ground turkey, bread crumbs, eggs, milk, zucchini, summer squash, purple onion, green pepper, salt, pepper, ketchup, brown sugar, ground mustard, ground red pepper, worcestershire sauce]"
Crockpot-Meatloaf-999017,Crockpot Meatloaf,4,3000.0,[Main Dishes],,"[beef, eggs, saltines, ketchup, chopped onion, chopped bell pepper, salt, pepper, garlic powder, onion soup mix, milk, worcestershire sauce]"
Bacon-Swaddled-Meatloaf-1264190,Bacon-Swaddled Meatloaf,4,5100.0,[Main Dishes],,"[butter, purple onion, shallots, hot sauce, dry mustard, salt, black pepper, worcestershire sauce, eggs, sour cream, ground pork, ground veal, ground beef, matzo meal, chopped parsley, fresh thyme leaves, ketchup, bacon]"
Skinny-Mexican-Meatloaf-1102087,Skinny Mexican Meatloaf,4,900.0,[Main Dishes],,"[extra lean ground beef, yellow onion, red bell pepper, corn, salsa, tortilla chips, egg whites, ground black pepper]"
Easy-Meatloaf-1052651,Easy Meatloaf,4,5100.0,[Main Dishes],,"[stuffing mix, milk, ground beef, eggs, chopped onion, ketchup, brown sugar, mustard]"
Dill-Pickle-Meatloaf-Allrecipes,Dill Pickle Meatloaf,5,4500.0,[Main Dishes],,"[eggs, onions, pickle juice, salt, ground black pepper, bread, lean ground beef, dill pickles, ketchup, water, brown sugar, worcestershire sauce]"
Homestyle-Turkey-Meatloaf-1314813,Homestyle Turkey Meatloaf,3,4500.0,[Main Dishes],,"[lean ground turkey, onions, egg whites, salsa, old-fashioned oats, veget soup mix, ground black pepper, ketchup, red potato, green beans, skim milk, butter]"
Old-fashioned-Meatloaf---A_K_A-Basic-Meatloaf-1036476,Old-fashioned Meatloaf - A.K.A Basic Meatloaf,4,4800.0,[Main Dishes],,"[ground beef, salt, black pepper, onions, bell pepper, eggs, diced tomatoes, quick-cooking oats, ketchup, brown sugar, mustard]"
Turkey-meatloaf-volcanos-296569,Turkey Meatloaf Volcanos,4,3300.0,[Main Dishes],,"[ground turkey, bread crumb fresh, eggs, ragu old world style pasta sauc, part-skim mozzarella cheese, salt]"
Not-Your-Momma_s-Meatloaf-1318744,Not Your Momma's Meatloaf,4,600.0,[Main Dishes],,"[ground pork, onions, eggs, almond flour, almond milk, salt, pepper, ketchup, onion soup mix, sauce, bbq sauce, rosemary, mustard powder, minced garlic, garlic salt]"
The-Mountain-Kitchen-Meatloaf-760052,The Mountain Kitchen Meatloaf,4,6300.0,[Main Dishes],,"[olive oil, onions, thyme, ground black pepper, salt, worcestershire sauce, vegetable broth, tomato paste, ground chuck, plain breadcrumbs, eggs, ketchup]"
Slow-Cooker-Classic-Meatloaf-578493,Slow Cooker Classic Meatloaf,4,25500.0,[Main Dishes],,"[ground sirloin, potato pancake mix, onion soup mix, eggs]"
Tasty-Easy-Meatloaf-1054868,Tasty Easy Meatloaf,4,4200.0,[Main Dishes],,"[ground beef, hot sausage, bread crumbs, onions, eggs, salt, pepper, cumin, garlic powder, tomato sauce, cider vinegar, brown sugar, whole grain mustard, water, worcestershire sauce]"
Italian-Meatloaf-1231907,Italian Meatloaf,4,4200.0,[Main Dishes],,"[ground beef, minced onion, italian salad dressing, water, shredded mozzarella cheese, ketchup, chicken flavor stuffing mix]"
Best-Lentil-Meatless-Meatloaf-570082,Best Lentil Meatless Meatloaf,4,6300.0,[Main Dishes],,"[lentils, vegetable broth, olive oil, onions, carrots, celery ribs, red bell pepper, garlic, salt, dried thyme, cumin, black pepper, cooked brown rice, ketchup]"
Roasted-Vegetable-Meatloaf-with-Quinoa--Gluten-Free-1351239,Roasted Vegetable Meatloaf with Quinoa- Gluten Free,4,5700.0,[Main Dishes],,"[zucchini, purple onion, red bell pepper, olive oil, ground beef, ground sausage, cooked quinoa, dried basil, grated parmesan cheese, crushed garlic, ketchup, tamari soy sauce, red wine vinegar, eggs, balsamic vinegar]"
Meatloaf-In-A-Mug-My-Recipes,Meatloaf in a Mug,4,2400.0,"[Lunch and Snacks, Main Dishes]",[American],"[lean ground beef, quick-cooking oats, large eggs, vegetable juice, green onions, carrots, salt, pepper, ketchup]"
Meatloaf-Cupcakes-with-Mashed-Potato-Frosting-1359408,Meatloaf Cupcakes with Mashed Potato Frosting,3,2400.0,[Main Dishes],,"[cupcakes, ground beef, panko breadcrumbs, egg whites, worcestershire sauce, onions, steak seasoning, mashed potatoes, flat leaf parsley, reduced sodium ketchup, grape tomatoes]"
Turkey_-Quinoa_-_-Zucchini-Meatloaf-1323443,"Turkey, Quinoa, & Zucchini Meatloaf",4,3000.0,[Main Dishes],,"[cooking spray, garlic, zucchini, onions, quinoa, large egg whites, chili sauce, spicy brown mustard, fresh sage, fresh parsley, salt, black pepper, lean ground turkey]"
Turkey-Meatloaf-1309998,Turkey Meatloaf,4,3900.0,[Main Dishes],,"[lean ground turkey, bread, salsa, eggs, garlic, chopped parsley]"
Pizza-Meatloaf-792682,Pizza Meatloaf,3,4800.0,[Main Dishes],,"[lean ground beef, large eggs, seasoned bread crumbs, roasted red peppers, sliced black olives, fresh basil leaves, grated parmesan cheese, shredded mozzarella cheese, grape tomatoes]"
Ez-Meatloaf-Allrecipes,EZ Meatloaf,4,4500.0,[Main Dishes],,"[lean ground beef, stuffing mix, eggs, water, onions, pasta sauce]"
Parmesan-Meatloaf-758428,Parmesan Meatloaf,4,4800.0,[Main Dishes],,"[ground turkey, ground beef, eggs, panko breadcrumbs, dried basil, dried thyme, oregano, chopped parsley, garlic cloves, diced onions, salt, ground pepper, grated parmesan cheese, marinara sauce, shredded Italian cheese]"
My-Favorite-Meatloaf-1050922,My Favorite Meatloaf,4,4800.0,[Main Dishes],,"[vegetable oil, onions, garlic cloves, dried thyme, eggs, milk, dijon mustard, worcestershire sauce, salt, pepper, hot sauce, ground beef, ground turkey, saltines, fresh parsley, ketchup, brown sugar, cider vinegar]"
Not-your-cafeteria-meatloaf-317735,Not Your Cafeteria Meatloaf,5,6300.0,[Main Dishes],,"[tomato purée, sugar, cider, pepper, salt, ground beef, eggs, cream, bacon, parmesan cheese, bread crumbs, ketchup, worcestershire sauce, onions, carrots, celery ribs, garlic cloves]"
Savory-Meatloaf-Allrecipes,Savory Meatloaf,4,4800.0,[Main Dishes],,"[ground beef, Campbell's Condensed Tomato Soup, dry bread crumbs, eggs, onions, worcestershire sauce, ground black pepper, water]"
French-Onion-Soup-Meatloaf-1105298,French Onion Soup Meatloaf,4,2400.0,[Main Dishes],,"[lean ground beef, french onion soup, grated parmesan cheese, eggs, ketchup]"
Moms-Meatloaf-1169030,Mom’s Meatloaf,4,4500.0,[Main Dishes],,"[extra lean ground beef, eggs, onion powder, oats, garlic cloves, garlic salt, oregano, ground pepper, brown sugar, mustard, ketchup]"
Italian-Meatloaf-631045,Italian Meatloaf,3,4500.0,[Main Dishes],,"[ground beef, onions, jalapeno chilies, garlic, extra-virgin olive oil, parsley flakes, basil leaves, oregano leaves, Mrs. Dash, paprika, pepper, red pepper, eggs, Italian seasoned breadcrumbs, sauce]"
The-Mountain-Kitchen-Meatloaf-1018575,The Mountain Kitchen Meatloaf,4,6300.0,[Main Dishes],,"[olive oil, onions, thyme, ground black pepper, salt, worcestershire sauce, vegetable broth, tomato paste, ground chuck, plain breadcrumbs, eggs, ketchup]"
Deep-Covered-Baker-Magnificent-Meatloaf-1280897,Deep Covered Baker Magnificent Meatloaf,3,2400.0,[Main Dishes],,"[ground beef, minced onion, eggs, salt, garlic, ketchup, oatmeal, mustard, worcestershire sauce, brown sugar]"
Ricotta-meatloaf-369036,Ricotta Meatloaf,5,6300.0,[Main Dishes],,"[milk, cubed bread, ground beef, large eggs, salt, ricotta, scallions, grated parmesan cheese, flat leaf parsley, grated nutmeg, kosher salt, ground black pepper, fresh mozzarella, extra-virgin olive oil, tomato sauce]"
BBQ-Bacon-Wrapped-Meatloaf-1061637,BBQ Bacon Wrapped Meatloaf,4,5100.0,[Main Dishes],[Barbecue],"[ground beef, eggs, ketchup, bacon, brown sugar, onion powder, bread crumbs, butter, salt, black pepper, bbq sauce]"
Cracker-Barrel-Copycat-Meatloaf-1286578,Cracker Barrel Copycat Meatloaf,4,5100.0,[Main Dishes],,"[eggs, milk, Ritz Crackers, chopped onion, sharp cheddar cheese, salt, pepper, ground beef, ketchup, brown sugar, mustard]"
Chicken-Vegetable-Meatloaf-1159560,Chicken-Vegetable Meatloaf,3,4500.0,[Main Dishes],,"[white bread, ground chicken, mixed vegetables, fresh dill, large eggs, salt, pepper]"
Meatloaf-_Mini-Muffins_-1274315,"Meatloaf ""Mini Muffins""",4,2220.0,[Main Dishes],,"[olive oil, onions, garlic cloves, ground beef, italian seasoning, bread crumbs, worcestershire sauce, large eggs, salt, pepper, ketchup, mashed potatoes, frozen corn]"
Stuffed-Meatloaf-with-Spinach-and-Red-Bell-Pepper-Simply-Recipes-43060,Stuffed Meatloaf with Spinach and Red Bell Pepper,5,6300.0,[Main Dishes],,"[red bell pepper, olive oil, baby spinach, onions, minced garlic, bread crumb fresh, large eggs, fresh basil, ketchup, chopped fresh thyme, dijon mustard, steak sauce, salt, ground black pepper, ground veal]"
Cheeseburger-Meatloaf-1121552,Cheeseburger Meatloaf,3,4500.0,[Main Dishes],,"[beef, cheese, eggs, ground beef, bread crumb fresh, minced onion, salt, ground black pepper, shredded cheddar cheese]"
Spicy-Southwestern-Meatloaf-599962,Spicy Southwestern Meatloaf,3,6300.0,[Main Dishes],[Southwestern],"[canola oil, yellow onion, red bell pepper, garlic, white bread, whole milk, ground pork, ground bison, large eggs, chopped cilantro fresh, jalapeno chilies, chile powder, lime zest, ground cumin, worcestershire sauce, kosher salt, ground black pepper, ketchup, chipotles in adobo]"
Old-Fashioned-Ozarks-Meatloaf-Allrecipes,Old Fashioned Ozarks Meatloaf,4,6300.0,[Main Dishes],"[Southern & Soul Food, American]","[ground beef, pork sausages, eggs, ketchup, bread crumb fresh, salt and ground black pepper]"
Stuffed-Meatloaf-1036596,Stuffed Meatloaf,4,3600.0,[Main Dishes],,"[ground beef, Italian seasoned breadcrumbs, eggs, garlic, onions, pinenuts, parmesan cheese, parsley, spinach, cooked bacon, provolone cheese]"
Meatloaf-Muffins-Allrecipes,Meatloaf Muffins,4,4500.0,"[Lunch and Snacks, Main Dishes]",[Kid-Friendly],"[lean ground beef, vegetable soup, chopped onion, dry bread crumbs, eggs, salt, ground black pepper, ketchup]"
BBQ-Stuffing-Meatloaf-1248920,BBQ Stuffing Meatloaf,4,4200.0,[Main Dishes],,"[lean ground beef, stuffing mix, water, eggs, barbecue sauce]"
Banana-Meatloaf-Allrecipes,Banana Meatloaf,4,4200.0,[Main Dishes],,"[lean ground beef, bread crumb fresh, minced onion, mashed banana, salt, ground black pepper, paprika, ground mustard]"
My-Meatloaf-969855,My Meatloaf,4,6300.0,[Main Dishes],,"[beef sirloin, ground veal, onions, fat, sour cream, gluten-free breadcrumbs, flat leaf parsley, dried thyme, marjoram, kosher salt, eggs, worcestershire sauce, bacon, tomatoes, barbecue sauce]"
Pizza-Meatloaf-With-Pepperoni-and-Peppers-1186837,Pizza Meatloaf With Pepperoni and Peppers,4,3900.0,[Main Dishes],,"[ground beef, pizza sauce, bread crumbs, eggs, pepperoni, red pepper, mozzarella cheese]"
Easy-Meatloaf-758381,Easy Meatloaf,5,4200.0,[Main Dishes],,"[ground beef, eggs, onions, milk, dry bread crumbs, salt, pepper, brown sugar, prepared mustard, ketchup]"
Vegetarian-Meatloaf-Allrecipes,Vegetarian Meatloaf,4,4800.0,[Main Dishes],,"[barbecue sauce, crumbles, green bell pepper, minced onion, garlic, bread crumbs, parmesan cheese, eggs, dried thyme, dried basil, parsley flakes, salt, pepper]"
Glazed-Meatloaf-I-Allrecipes,Glazed Meatloaf I,5,4800.0,[Main Dishes],,"[ketchup, brown sugar, lemon juice, mustard powder, ground beef, bread, chopped onion, eggs, beef bouillon granules]"
BAs-Best-Beef-and-Bacon-Meatloaf-1025700,BA’s Best Beef-and-Bacon Meatloaf,3,4500.0,[Main Dishes],,"[olive oil, onions, garlic cloves, ketchup, apple cider vinegar, dark brown sugar, cayenne pepper, low sodium chicken broth, fresh parsley, large eggs, bread crumbs, grated parmesan cheese, kosher salt, ground black pepper, ground chuck, bacon]"
Ellen_s-Buffalo-Meatloaf-Allrecipes,Ellen's Buffalo Meatloaf,5,6600.0,[Main Dishes],,"[bread, buffalo meat, onions, eggs, mustard powder, diced tomatoes, salt, ground black pepper, ketchup]"
Slow-Cooker-Meatloaf-1195058,Slow Cooker Meatloaf,4,15300.0,[Main Dishes],,"[olive oil, diced onions, kosher salt, freshly ground pepper, tomato paste, low sodium chicken broth, soy sauce, lean ground beef, fresh parsley, eggs, plain dry bread crumb, ketchup]"
Kids-Favorite-Meatloaf-Allrecipes,Kids Favorite Meatloaf,4,6000.0,[Main Dishes],,"[ketchup, brown sugar, prepared mustard, worcestershire sauce, salt, onion powder, garlic powder, eggs, milk, ground black pepper, wheat cereal, ground beef]"
Tasty-Turkey-Meatloaf-1304616,Tasty Turkey Meatloaf,4,3300.0,[Main Dishes],,"[ground turkey, salsa, eggs, garlic powder, pepper]"
Homestyle-Meatloaf-Allrecipes,Homestyle Meatloaf,5,5400.0,[Main Dishes],[American],"[ketchup, brown sugar, dry mustard, rolls, lean ground beef, chopped onion, eggs, salt, quick oats, black pepper]"
Dawn_s-Meatloaf-1191918,Dawn's Meatloaf,4,3900.0,[Main Dishes],,"[hamburger, honey, sauce, eggs, bread slices, shredded cheese, garlic, mustard]"
BBQ-Bacon-Meatloaf-1276785,BBQ Bacon Meatloaf,4,3300.0,[Main Dishes],,"[milk, bread slices, ground beef, grated parmesan cheese, salt, seasoning salt, ground black pepper, dried parsley, eggs, bacon slices, bbq sauce]"
Old-Fashioned-Meatloaf-1010538,Old Fashioned Meatloaf,4,4200.0,[Main Dishes],,"[ground beef, onions, white bread, milk, eggs, salt, ground black pepper, worcestershire sauce, catsup, brown sugar, nutmeg, ground mustard]"
Tuscan-Meatloaf-1297389,Tuscan Meatloaf,3,6300.0,[Main Dishes],,"[eggs, olive oil, onions, red bell pepper, green bell pepper, garlic, milk, parmesan cheese, seasoned bread crumbs, Italian herbs, salt, ground black pepper, ground beef, ground pork, bulk italian sausag, marinara sauce]"
The-Best-Meatloaf-1057464,The Best Meatloaf,4,4500.0,[Main Dishes],,"[ground beef, white bread, milk, onions, garlic, parmesan cheese, eggs, fresh parsley, house seasoning, salt, ground black pepper, ketchup, brown sugar, dry mustard]"
Honey-Barbecue-Turkey-Meatloaf-470695,Honey Barbecue Turkey Meatloaf,5,4500.0,[Main Dishes],,"[panko breadcrumbs, worcestershire sauce, dijon mustard, barbecue sauce, honey, salt, black pepper, ground turkey]"
Slow-cooked-mexican-meatloaf-369002,Slow Cooked Mexican Meatloaf,5,900.0,[Main Dishes],,"[ground beef, corn chips, taco sauce, beaten eggs, shredded cheddar cheese, taco seasoning, scallions, sour cream]"
Italian-Style-Meatloaf-MyRecipes-246813,Italian-Style Meatloaf,3,,"[Lunch and Snacks, Main Dishes]",[American],"[ground chuck, onions, garlic, tomato sauce, finely chopped fresh parsley, large eggs, salt, fennel seeds, cooked white rice]"
