id,recipeName,rating,totalTimeInSeconds,course,cuisine,ingredients,dish
Oyster-Soup-1340646,Oyster Soup,4,600.0,[Soups],,"[fish, yellow onion, water, bay leaf, ground black pepper, salt, oysters, fish stock, unsalted butter, paprika, celery salt, cracked black pepper, cream, dill]",oysters
Grilled-Oysters-Simply-Recipes-42608,Grilled Oysters,5,1500.0,,[Barbecue],"[oysters, garlic, extra-virgin olive oil, unsalted butter, lemon juice, chili pepper flakes, salt, cracked black pepper, parsley]",oysters
Grilled-Oysters-677448,Grilled Oysters,3,1800.0,[Appetizers],[Barbecue],"[oysters, butter, lemon wedge, hot sauce]",oysters
How-to-Shuck-Oysters-1361652,How to Shuck Oysters,4,240.0,,,"[oysters, baking soda, condiments]",oysters
Broiled-Oysters-Martha-Stewart-196556,Broiled Oysters,4,900.0,[Appetizers],,"[flat leaf parsley, fresh thyme leaves, fresh oregano, red pepper flakes, extra-virgin olive oil, champagne vinegar, oysters, grated parmesan cheese, freshly ground pepper]",oysters
Oyster-Jeon-680642,Oyster Jeon,4,1800.0,,,"[oysters, all-purpose flour, large eggs, green onions, hot pepper, salt]",oysters
Baked-oysters-331414,Baked Oysters,3,1800.0,[Appetizers],,"[shells, oysters, chopped fresh thyme, minced garlic, shallots, butter, stuffing mix, chopped parsley]",oysters
Grilled-Oysters-901365,Grilled Oysters,4,1500.0,,,"[oysters, lemon, salted butter, brown sugar, bourbon whiskey, chipotles in adobo, salt, garlic cloves]",oysters
Scalloped-Oysters-Allrecipes,Scalloped Oysters,4,3000.0,,,"[shucked oysters, bread crumbs, crackers, melted butter, milk, salt, ground black pepper]",oysters
Oyster-Bruschetta-637785,Oyster Bruschetta,3,1500.0,,,"[extra-virgin olive oil, minced garlic, chopped parsley, cracked black pepper, french bread, prosciutto, oysters, chees fresh mozzarella]",oysters
Oysters-Kilpatrick-1199390,Oysters Kilpatrick,4,1800.0,[Appetizers],,"[oysters, rock salt, ketchup, worcestershire sauce, thick-cut bacon, hot sauce, lemon, horseradish, lime wedges]",oysters
Broiled-Stuffed-Oysters-440889,Broiled Stuffed Oysters,5,1800.0,[Appetizers],,"[garlic, butter, parsley, oysters, coarse salt, dry bread crumbs]",oysters
Oyster-Stew-1005798,Oyster Stew,4,1800.0,,,"[butter, onions, garlic cloves, red pepper, paprika, salt, ground black pepper, half & half, dried parsley, oysters]",oysters
Grilled-Oysters-My-Recipes,Grilled Oysters,4,1200.0,[Appetizers],[American],"[oysters, hot sauce, champagne, sauce]",oysters
Escalloped-Oysters-1323898,Escalloped Oysters,4,3300.0,,,"[butter crackers, butter, pepper, salt, shucked oysters, heavy whipping cream, worcestershire sauce, lemon zest]",oysters
Fried-Oysters-My-Recipes,Fried Oysters,4,,"[Appetizers, Main Dishes]","[Southern & Soul Food, American]","[oysters, large eggs, saltine crumbs, ketchup, prepared horseradish, hot sauce, canola oil]",oysters
Fried-Oysters-with-Panko-_Kaki-Furai_Kaki-Fry_-497205,Fried Oysters with Panko (Kaki Furai/Kaki Fry),0,1800.0,[Appetizers],,"[shucked oysters, corn starch, panko, eggs, lemon wedge, oil, tonkatsu sauce]",oysters
Oysters-florentine-302690,Oysters Florentine,3,2700.0,[Main Dishes],,"[butter, shallots, white wine, baby spinach leaves, cream, grated parmesan cheese, kosher salt, cracked black pepper, oysters, bread crumbs]",oysters
Deep-Fried-Oysters-Allrecipes,Deep Fried Oysters,5,1200.0,[Appetizers],,"[vegetable oil, all-purpose flour, salt, ground black pepper, shucked oysters, eggs, bread crumbs]",oysters
Oysters-Bordelaise-442090,Oysters Bordelaise,4,2700.0,[Appetizers],,"[vegetable oil, extra-virgin olive oil, garlic, scallions, dry sherry, ground black pepper, salt, flour, paprika, oysters, parsley]",oysters
Scalloped-Oysters-1324130,Scalloped Oysters,3,,,,"[butter, saltines, oysters, cream]",oysters
Oyster-Casserole-1342564,Oyster Casserole,3,4200.0,,,"[bread crumb fresh, large eggs, heavy cream, whole milk, fresh lemon juice, worcestershire sauce, flat leaf parsley, shucked oysters]",oysters
Oysters-Gilhooley-441888,Oysters Gilhooley,5,1200.0,[Appetizers],,"[unsalted butter, worcestershire sauce, chopped garlic, Tabasco Pepper Sauce, oysters, shrimp, grated parmesan cheese, lemon slices]",oysters
Roasted-Oysters-459743,Roasted Oysters,0,,[Appetizers],[American],"[coarse salt, green onions, radicchio, bunch watercress, stem remov, flat leaf parsley, fresh basil leaves, lemon, extra-virgin olive oil, balsamic vinegar, mayonnaise, freshly ground pepper, oysters, bread crumbs]",oysters
Grilled-Oysters-Serious-Eats-42377,Grilled Oysters,4,1500.0,[Appetizers],[American],"[oysters, lemon]",oysters
Butter-Fried-Oysters-1126208,Butter-Fried Oysters,3,3600.0,[Appetizers],,"[unsalted butter, French bread loaves, all-purpose flour, salt, pepper, shucked oysters, eggs, mayonnaise with pepper, lemon wedge, watercress]",oysters
Oysters-With-Two-Sauces-My-Recipes,Oysters with Two Sauces,3,1200.0,[Appetizers],[American],"[rock salt, shucked oysters, lemon wedge, sauce, horseradish relish]",oysters
Homemade-Buffalo-Oyster-Crackers-1345139,Homemade Buffalo Oyster Crackers,4,2100.0,[Appetizers],,"[oyster crackers, ranch-style seasoning, sauce, butter]",oysters
Scalloped-Oysters-I-Allrecipes,Scalloped Oysters I,5,3300.0,,,"[shucked oysters, bread crumbs, crackers, melted butter, liquid, milk, salt, ground black pepper]",oysters
Baked-Oysters-Martha-Stewart,Baked Oysters,3,1800.0,[Appetizers],[American],"[coarse salt, oysters, bread crumbs, dijon mustard, flat leaf parsley, unsalted butter, freshly ground pepper, bacon, lemon wedge]",oysters
Barbecued-Oysters-Martha-Stewart-195746,Barbecued Oysters,3,1500.0,"[Appetizers, Main Dishes]","[Barbecue, American]","[rock salt, oysters, barbecue sauce, pinot gris, lemon wedge]",oysters
How-to-grill-oysters-at-home-308061,How to Grill Oysters at Home,5,1500.0,,,"[oysters, herbs, butter, crusty bread]",oysters
Oyster-Casserole-Allrecipes,Oyster Casserole,4,3600.0,[Main Dishes],,"[butter, saltines, oysters, heavy whipping cream, worcestershire sauce, cream style corn]",oysters
Oysters-Casino-Martha-Stewart-192687,Oysters Casino,4,2100.0,"[Appetizers, Main Dishes]",[American],"[bacon, unsalted butter, shallots, red bell pepper, chopped celery, fresh lemon juice, worcestershire sauce, cayenne pepper, rock salt, shells, oysters, flat leaf parsley]",oysters
Oyster-Shooter-Allrecipes,Oyster Shooter,4,300.0,[Beverages],,"[shucked oysters, hot pepper sauce, prepared horseradish, vodka]",oysters
Oysters-harry-324593,Oysters Harry,3,1800.0,[Appetizers],,"[oysters, pepperoncini, bacon, butter, jack cheese, kosher salt]",oysters
Spanish-fried-oysters-348819,Spanish Fried Oysters,3,2100.0,[Appetizers],[Spanish],"[vegetable oil, extra-virgin olive oil, white bread, sliced almonds, garlic, sherry vinegar, pimentos, salt, pepper, flour, oysters]",oysters
Chargrilled-Oyster-Pasta-1003882,Chargrilled Oyster Pasta,4,1800.0,[Main Dishes],,"[linguine, butter, garlic, seafood stock, lemon juice, worcestershire sauce, oysters, pecorino romano cheese, cayenne, pepper, salt, parsley]",oysters
Grilled-Clams-and-Oysters-751836,Grilled Clams and Oysters,3,1800.0,[Appetizers],[Barbecue],"[oysters, clams, lemon, hot sauce, kosher salt]",oysters
Casamento_s-Charbroiled-Oysters-1249497,Casamento's Charbroiled Oysters,3,,,,"[rock salt, oysters, unsalted butter, chopped parsley, worcestershire sauce, fresh lemon juice, garlic, kosher salt, ground black pepper, grated parmesan cheese, Tabasco Pepper Sauce, hot sauce]",oysters
Oysters-Chesapeake-My-Recipes,Oysters Chesapeake,4,1500.0,"[Appetizers, Main Dishes]",[American],"[chives, reduced fat mayonnaise, reduced-fat sour cream, salt, ground black pepper, bacon slices, lump crab meat, white bread, butter, shucked oysters, lemon wedge]",oysters
Oyster-Stew-Allrecipes_1,Oyster Stew,5,2100.0,,,"[butter, celery, shallots, cream, shucked oysters, salt and ground black pepper, cayenne pepper]",oysters
Chinese-BBQ-Pork-1375516,Chinese BBQ Pork,4,23400.0,[Main Dishes],"[Chinese, Asian]","[boneless pork tenderloin, hoisin sauce, honey, sake, oyster sauce, reduced sodium soy sauce, sesame oil, red food coloring]",oysters
Cantonese-Broccoli-with-Oyster-Sauce-1355597,Cantonese Broccoli with Oyster Sauce,4,900.0,[Side Dishes],,"[vegetable oil, salt, broccoli, oyster sauce, soy sauce, sugar]",oysters
Oysters-Rockefeller-1264509,Oysters Rockefeller,4,2700.0,[Appetizers],,"[butter, garlic cloves, bread crumbs, shallots, fresh spinach, pernod, salt, pepper, olive oil, grated Gruyère cheese, chopped parsley, shells, oysters, rock salt, hot sauce, lemon wedge]",oysters
Oyster-Shooters-Allrecipes,Oyster Shooters,5,300.0,"[Appetizers, Beverages, Cocktails]",,"[oysters, tomato juice, prepared horseradish, pepper, vodka, lemon]",oysters
Baby-Bok-Choy-With-Oyster-Sauce-1310667,Baby Bok Choy With Oyster Sauce,3,600.0,,[Asian],"[soy sauce, oyster sauce, sugar, rice vinegar, neutral oil, minced garlic, baby bok choy]",oysters
Daddy-Mack_s-Oysters-Allrecipes,Daddy Mack's Oysters,4,3000.0,,,"[butter, chopped cilantro fresh, minced garlic, shallots, lime juice, chilegarlic sauce, oysters]",oysters
Oyster-Slider-511436,Oyster Slider,5,,[Appetizers],,"[oysters, flour, oil, dill pickles, lettuce leaves, old bay seasoning, slider buns, mayonnaise]",oysters
Oyster-Dressing-1323941,Oyster Dressing,4,2100.0,,,"[white bread, oysters, celery, onions, dried sage, butter, olive oil]",oysters
Quick-Oyster-Mushoom-Soup-1302899,Quick Oyster Mushoom Soup,4,1200.0,[Soups],,"[hand, oyster mushrooms, eggs, water, ginger, green onions, salt, sesame oil, white pepper]",oysters
Easy-Oyster-Mushroom-Stir-Fry-1361625,Easy Oyster Mushroom Stir-Fry,4,900.0,,,"[oyster mushrooms, vegetable oil, garlic, sugar, salt, light soy sauce, chopped cilantro]",oysters
Champagne-Oysters-527687,Champagne Oysters,3,2400.0,[Appetizers],[French],"[oysters, unsalted butter, champagne, chives, sea salt, rock salt]",oysters
Oyster-Casserole-Epicurious-54815,Oyster Casserole,4,3600.0,[Main Dishes],,"[bread crumb fresh, large eggs, heavy cream, whole milk, fresh lemon juice, worcestershire sauce, flat leaf parsley, shucked oysters]",oysters
Barbequed-Oysters-Allrecipes,Barbequed Oysters,4,2700.0,,,"[oysters, lime, ground black pepper]",oysters
Oyster-Cracker-Snack-1224639,Oyster Cracker Snack,3,1500.0,[Lunch and Snacks],,"[oyster crackers, vegetable oil, ranch dressing, garlic salt, dill weed]",oysters
Grilled-Chili-Portobello-Mushrooms-with-Oyster-Sauce-1319122,Grilled Chili Portobello Mushrooms with Oyster Sauce,4,1800.0,,,"[portabello mushroom, chili oil, olive oil, ground black pepper, garlic powder, oyster sauce]",oysters
Oyster-Omelette-1233176,Oyster Omelette,4,2100.0,,,"[eggs, oysters, garlic, oil, coriander, fish, rice wine, tapioca flour, rice flour, water, white vinegar, sugar, salt, bird chile]",oysters
Oyster-Pie-Martha-Stewart-195149,Oyster Pie,4,3600.0,[Main Dishes],[American],"[unsalted butter, shucked oysters, scallions, worcestershire sauce, Tabasco Pepper Sauce, flat leaf parsley, salt, ground black pepper, cracker crumbs, milk]",oysters
Oyster-Po_boy-569635,Oyster Po'boy,3,1800.0,,,"[vegetable oil, corn flour, all-purpose flour, garlic powder, ground black pepper, cayenne, salt, oysters, mayonnaise, Italian bread, dill pickles, tomatoes, iceberg lettuce]",oysters
Oyster-Stew-1089480,Oyster Stew,4,900.0,,,"[oysters, milk, half & half, kosher salt, ground black pepper]",oysters
Souffleed-Horseradish-Oysters-1167498,Souffléed Horseradish Oysters,3,1200.0,[Appetizers],,"[crème fraîche, prepared horseradish, ketchup, chives, ground white pepper, large egg whites, oysters, shells]",oysters
Baked-Oysters-496944,Baked Oysters,0,2100.0,[Appetizers],,"[shells, garlic, parsley leaves, melted butter, salt, paprika, lemon wedge]",oysters
Oysters-Rockefeller-532809,Oysters Rockefeller,5,1800.0,,,"[oysters, butter, garlic, baby spinach, white wine, panko breadcrumbs, grated parmesan cheese, cracked black pepper, kosher salt, pernod]",oysters
Cream-of-Oyster-Soup-895098,Cream of Oyster Soup,4,2700.0,[Soups],,"[oysters, unsalted butter, flour, onions, celery, half & half, chopped parsley, salt, pepper, french bread, cream]",oysters
Topless-Oysters-My-Recipes,Topless Oysters,3,1500.0,[Appetizers],[American],"[water, kumquats, fresh lime juice, fresh ginger, rice vinegar, light soy sauce, shallots, oysters, fresh tomato salsa, lemon wedge]",oysters
Oysters-With-Calvados-512494,Oysters With Calvados,5,,,,"[oysters, shallots, apples, calvados, hard cider, heavy cream, brioche, ground white pepper]",oysters
Roasted-Oysters-Martha-Stewart-241229,Roasted Oysters,4,,[Appetizers],[American],"[horseradish, rice vinegar, bacon, panko, ground black pepper, coarse salt, lemon, fresh thyme, unsalted butter, oysters, flat leaf parsley]",oysters
Bloody-Mary-Oysters-1277820,Bloody Mary Oysters,4,300.0,[Appetizers],,"[oysters, fresh tomatoes, horseradish, fresh dill]",oysters
Smoked-Oyster-Spread-Allrecipes,Smoked Oyster Spread,4,480.0,[Appetizers],,"[oysters, cream cheese, worcestershire sauce, lemon pepper]",oysters
Oysters-with-Festive-Mignonette-Martha-Stewart,Oysters with Festive Mignonette,4,900.0,[Appetizers],,"[pink peppercorns, green peppercorns, fennel seeds, red wine vinegar, champagne vinegar, salt, oysters]",oysters
Oyster-Stuffing-442167,Oyster Stuffing,4,4200.0,[Side Dishes],,"[shucked oysters, butter, bread crumbs, celery, ground black pepper, salt]",oysters
Oysters-Bienville-Epicurious-53515,Oysters Bienville,5,3900.0,"[Appetizers, Main Dishes]",[Cajun & Creole],"[shallots, butter, flour, mushrooms, chicken broth, egg yolks, ice cream salt, dry white wine, cayenne pepper, salt, shells, oysters, seasoned bread crumbs, grated parmesan cheese]",oysters
Spicy-Oyster-Puffs-1184400,Spicy Oyster Puffs,3,1800.0,[Appetizers],,"[shucked oysters, frozen pastry puff sheets, scallions, pimentos, hot sauce, butter, sweet paprika, cherry tomatoes]",oysters
Oyster-Stew-1008054,Oyster Stew,4,1800.0,[Soups],,"[unsalted butter, oysters, flour, celery ribs, white onion, milk, cream, Tabasco Pepper Sauce, hot sauce, salt, ground black pepper, parsley]",oysters
Broiled-Oysters-with-Scallion-Ash-Butter-1323051,Broiled Oysters with Scallion Ash Butter,3,1200.0,[Appetizers],,"[canola oil, scallions, unsalted butter, aleppo pepper, kosher salt, oysters, pickle juice]",oysters
Steamed-Sew-Mai-Dumplings-1373335,Steamed Sew Mai Dumplings,4,3600.0,[Appetizers],[Asian],"[fresh mushrooms, ground pork, shrimp, salt, sugar, sesame oil, peanut oil, soy sauce, oyster sauce, pepper, won ton wrappers, eggs, flour, fish sauce, rice vinegar, Sriracha, green onions]",oysters
Oysters-on-the-half-shell-349571,Oysters on the Half Shell,4,900.0,,,"[red wine vinegar, shallots, sugar, pepper, salt, shucked oysters, sea salt]",oysters
Smoked-Oyster-Bruschetta-1248946,Smoked Oyster Bruschetta,3,1200.0,[Appetizers],,"[oysters, tomatoes, purple onion, cucumber, sea salt, black pepper, lemon, biscuits, chives]",oysters
Seasoned-Oyster-Crackers-1336965,Seasoned Oyster Crackers,4,2400.0,[Appetizers],,"[canola oil, ranch dressing, dill weed, lemon pepper, garlic salt, onion powder, seasoning salt, white pepper, oyster crackers]",oysters
Bacon-Wrapped-Oysters-1180801,Bacon Wrapped Oysters,4,1800.0,[Appetizers],,"[bacon, oysters, sugar, garlic, soy sauce]",oysters
Grilled-Oysters-With-Fennel-Butter-Allrecipes,Grilled Oysters with Fennel Butter,5,2100.0,[Appetizers],,"[fennel seeds, butter, shallots, fennel greens, ground black pepper, salt, oysters]",oysters
Oysters-in-Gelee-900829,Oysters in Gelée,5,3600.0,,,"[canola oil, green apples, wasabi paste, fresh lemon juice, kosher salt, cold water, powdered gelatin, shiso leaves, ponzu, oysters]",oysters
Scalloped-Oysters-526340,Scalloped Oysters,3,2100.0,,,"[unsalted butter, bread crumb fresh, freshly ground pepper, coarse salt, flat leaf parsley, celery ribs, scallions, fresh thyme leaves, dry sherry, heavy cream, liquor, oysters, grated nutmeg]",oysters
Oyster-Roast-Epicurious,Oyster Roast,5,5400.0,,,"[sausages, mexican chorizo, oysters, clams, well scrub, beer]",oysters
Oysters-with-Pink-Peppercorn-Mignonette-459631,Oysters with Pink Peppercorn Mignonette,0,,[Appetizers],,"[shallots, champagne vinegar, pink peppercorns, salt, prosecco, oysters]",oysters
Salted-Toffee-Oyster-Crackers-1258258,Salted Toffee Oyster Crackers,4,600.0,[Appetizers],,"[oyster crackers, dark brown sugar, butter, kosher salt, cayenne pepper]",oysters
Southern-Oyster-Casserole-Epicurious,Southern Oyster Casserole,4,4200.0,[Main Dishes],[Southern & Soul Food],"[oysters, butter, scallions, red bell pepper, mushrooms, flour, heavy cream, parmesan cheese, grated nutmeg, paprika, salt, ground black pepper, bread crumbs]",oysters
Brigtsen_s-Oysters-LeRuth-1324129,Brigtsen's Oysters LeRuth,3,,,,"[unsalted butter, garlic, scallions, celery, small yellow onion, chopped parsley, thyme, cayenne pepper, celery seed, bay leaf, kosher salt, ground white pepper, medium shrimp, flour, heavy cream, crabmeat, bread crumb fresh, grated parmesan cheese, rock salt, oysters, paprika]",oysters
Golden-Oyster-Stew-1379403,Golden Oyster Stew,3,2400.0,[Main Dishes],,"[butter, chopped onion, celery, fresh mushrooms, all-purpose flour, milk, shredded sharp cheddar cheese, cream of potato soup, pimentos, salt, pepper, hot sauce, oysters, saltines]",oysters
Barbecued-Oysters-3-Ways-My-Recipes,Barbecued Oysters 3 Ways,3,1800.0,[Appetizers],,"[oysters, butter, rock salt, lemon wedge]",oysters
Oysters-with-Champagne-Tarragon-Mignonette-Martha-Stewart-192207,Oysters with Champagne-Tarragon Mignonette,3,1200.0,[Appetizers],[American],"[champagne vinegar, shallots, coarse salt, fresh tarragon, oysters]",oysters
Chicken-Chow-Mein-1364869,Chicken Chow Mein,3,2400.0,[Main Dishes],[Asian],"[chow mein noodles, low sodium soy sauce, oyster sauce, granulated sugar, sesame oil, vegetable oil, chicken, celery, cabbage, matchstick carrots, green onions, minced ginger, garlic]",oysters
Oysters-with-Thyme-Mignonette-981545,Oysters with Thyme Mignonette,3,1800.0,[Appetizers],,"[shallots, pink peppercorns, white wine vinegar, rice vinegar, sugar, kosher salt, fresh thyme leaves, oysters, shells, rock salt]",oysters
New-Orleans-Oyster-Po-Boy-1008565,New Orleans Oyster Po Boy,4,1800.0,,,"[vegetable oil, corn flour, all-purpose flour, garlic powder, ground black pepper, cayenne, salt, oysters, mayonnaise, Italian bread, dill pickles, tomatoes, iceberg lettuce]",oysters
Oysters-with-a-Garlic-Tarragon-Crust-459796,Oysters with a Garlic-Tarragon Crust,5,,[Appetizers],,"[garlic cloves, fresh tarragon, country bread, unsalted butter, celery, salt, freshly ground pepper, coarse salt, oysters]",oysters
Fried-Oysters-with-Lemon-Wedge_-hana_Datacraft_Getty-Images-1012079,Fried Oysters with Lemon Wedge.  hana/Datacraft/Getty Images,3,2100.0,[Appetizers],,"[oysters, eggs, salt, pepper, ground cayenne pepper, cold water, dry bread crumbs]",oysters
Oyster-And-Spinach-Chowder-Allrecipes,Oyster and Spinach Chowder,5,2400.0,[Soups],,"[olive oil, onions, green onions, fresh mushrooms, baby spinach leaves, milk, all-purpose flour, chicken broth, oysters, shredded cheddar cheese]",oysters
Oyster-Stew-Serious-Eats-200845,Oyster Stew,4,3000.0,[Soups],,"[olive oil, onions, carrots, celery, garlic, bay leaf, thyme, parsley, fish stock, diced tomatoes, oysters, cracked black pepper, kosher salt, lemon slices]",oysters
Shiitake-Mushroom-and-Broccoli-in-Oyster-Sauce-1358670,Shiitake Mushroom and Broccoli in Oyster Sauce,4,1800.0,[Side Dishes],,"[dried shiitake mushrooms, broccoli florets, vegetable oil, garlic, oyster sauce, soy sauce, sugar, water, sesame oil]",oysters
Elegant-Oyster-Soup-Allrecipes,Elegant Oyster Soup,5,3600.0,[Soups],,"[butter, carrots, onions, celery, button mushrooms, all-purpose flour, chicken broth, artichoke hearts, bay leaf, salt, cayenne pepper, dried thyme, dried oregano, dried sage, heavy cream, shucked oysters]",oysters
Ranch-Oyster-Crackers-676941,Ranch Oyster Crackers,4,1800.0,[Appetizers],,"[ranch dressing, canola oil, dried dillweed, garlic powder, salt, oyster crackers]",oysters
Smoked-Oyster-Spread-1010856,Smoked Oyster Spread,4,2100.0,[Appetizers],,"[oysters, cream cheese, garlic, worcestershire sauce, chili sauce, parsley, hot sauce, old bay seasoning, mayonnaise]",oysters
Oysters-Rockefeller-Allrecipes,Oysters Rockefeller,5,3600.0,[Appetizers],"[Southern & Soul Food, American]","[bacon, oysters, spinach, bread crumbs, green onions, fresh parsley, salt, hot pepper sauce, extra-virgin olive oil, liqueur, kosher salt]",oysters
Andouille_-Crab-_-Oyster-Gumbo-931470,"Andouille, Crab & Oyster Gumbo",3,5400.0,[Main Dishes],[Cajun & Creole],"[all-purpose flour, vegetable oil, andouille sausage, celery ribs, onions, red bell pepper, habanero chile, garlic cloves, okra, dried thyme, bay leaf, file powder, chicken stock, bottled clam juice, worcestershire sauce, tomatoes, lump crab meat, shucked oysters, salt, freshly ground pepper, steamed rice]",oysters
Oyster-Bisque-1085199,Oyster Bisque,3,2700.0,[Soups],,"[oysters, seafood stock, red potato, parsnips, leeks, salt, ground black pepper, half & half, chopped fresh chives]",oysters
Dorsey_s-Fried-Oysters-Allrecipes,Dorsey's Fried Oysters,4,1500.0,[Appetizers],[American],"[vegetable oil, shucked oysters, eggs, salt, ground black pepper, old bay seasoning, pancake mix]",oysters
Oyster-Stew-458919,Oyster Stew,5,3000.0,[Soups],,"[oysters, unsalted butter, green onions, dry vermouth, milk, heavy cream, coarse salt, freshly ground pepper, hungarian paprika, flat leaf parsley]",oysters
Broiled-Oysters-with-Buttery-_Dressing_-Topping-1335589,"Broiled Oysters with Buttery ""Dressing"" Topping",3,2700.0,[Appetizers],,"[bread, unsalted butter, herbs, lemon zest, kosher salt, ground black pepper, shucked oysters, lemon wedge]",oysters
Seasoned-Oyster-Crackers-1123102,Seasoned Oyster Crackers,4,1800.0,[Appetizers],,"[unsalted butter, extra-virgin olive oil, garlic powder, dried oregano, cracked black pepper, fresh parsley, oyster crackers, pecorino romano cheese]",oysters
Oysters-_n_-Bacon-Allrecipes,Oysters 'n' Bacon,4,1800.0,[Appetizers],,"[bacon, white sugar, dark soy sauce, garlic, oysters]",oysters
Quick-And-Easy-Smoked-Oysters-Party-1266684,Quick And Easy Smoked Oysters Party,3,600.0,[Appetizers],,"[oysters, cucumber, carrots, fresh dill, lemon]",oysters
Golden-Oyster-Bisque-My-Recipes,Golden Oyster Bisque,4,2400.0,[Soups],[American],"[oysters, clam juice, hot water, saffron threads, butter, purple onion, chopped celery, all-purpose flour, coriander seeds, reduced fat milk, flat leaf parsley, salt, ground red pepper]",oysters
Oysters-tomales-317417,OYSTERS TOMALES,3,2700.0,[Appetizers],,"[oysters, baby spinach, butter, mayonnaise, garlic, grated Gruyère cheese, fresh lemon juice, brandy, green onions, pepper]",oysters
Easy-Shrimp-and-Broccoli-Stir-Fry-1362690,Easy Shrimp and Broccoli Stir Fry,4,1200.0,[Main Dishes],[Asian],"[olive oil, medium shrimp, broccoli florets, sesame seeds, green onions, reduced sodium soy sauce, oyster sauce, rice vinegar, brown sugar, ginger, garlic, sesame oil, corn starch, Sriracha]",oysters
Oysters-with-Pink-Peppercorn-Mignonette-MyRecipes-211891,Oysters with Pink Peppercorn Mignonette,4,1800.0,[Appetizers],[American],"[champagne vinegar, shallots, pink peppercorns, fresh tarragon, oysters]",oysters
Raw-Oysters-with-Champagne-Vinegar-Mignonette-960614,Raw Oysters with Champagne Vinegar Mignonette,4,300.0,,,"[shallots, champagne vinegar, pepper, oysters, lemon]",oysters
Oyster-Sauce-Chicken-Allrecipes,Oyster Sauce Chicken,4,3300.0,[Main Dishes],,"[chicken thighs, pepper, salt, oyster sauce, minced garlic, white sugar, water]",oysters
Spicy-Kung-Pao-Ramen-1375331,Spicy Kung Pao Ramen,4,2100.0,[Soups],[Asian],"[olive oil, red bell pepper, green onions, garlic, water, low sodium chicken broth, Sriracha, rice vinegar, oyster sauce, soy sauce, cooked chicken breasts, unsalted dry roast peanuts, sesame seeds]",oysters
Smoke-Screen-Oysters-1046364,Smoke Screen Oysters,4,600.0,[Appetizers],,"[oysters, salami, pineapple, chili, coriander, lime, pepper, salt]",oysters
Pesto-oyster-rockefeller-331942,Pesto Oyster Rockefeller,3,900.0,[Appetizers],,"[oysters, basil, toasted slivered almonds, parmesan cheese, olive oil, cherry tomatoes, bread crumbs, salt, pepper]",oysters
Sexy-oysters-with-pear-mignonette-317326,Sexy Oysters with Pear Mignonette,3,900.0,,,"[vinegar, ground black pepper, ground white pepper, shallots, prepared horseradish, crushed ice, oysters]",oysters
Taiwanese-oyster-omelet-331587,Taiwanese Oyster Omelet,5,1500.0,[Breakfast and Brunch],,"[ketchup, soy paste, sugar, tapioca starch, cold water, greens, eggs, ground white pepper, salt, shucked oysters, canola oil]",oysters
Oysters-With-Apple-Mignonnette-Epicurious,Oysters with Apple Mignonnette,5,2400.0,[Appetizers],,"[oysters, apple cider, tart apples, red bell pepper, shallots, flat leaf parsley, cider vinegar, cracked black pepper]",oysters
Thyme-Basted-Pork-Tenderloin-with-Oyster-Mushrooms-1347060,Thyme-Basted Pork Tenderloin with Oyster Mushrooms,4,2700.0,[Main Dishes],,"[grapeseed oil, pork tenderloin, kosher salt, pepper, unsalted butter, extra-virgin olive oil, oyster mushrooms, garlic cloves, chopped parsley, thyme sprigs, toasted walnuts, shallots, chives, sea salt flakes]",oysters
Thyme-Basted-Pork-Tenderloin-with-Oyster-Mushrooms-1343674,Thyme-Basted Pork Tenderloin with Oyster Mushrooms,3,2700.0,[Main Dishes],,"[grapeseed oil, pork tenderloin, kosher salt, pepper, unsalted butter, extra-virgin olive oil, oyster mushrooms, garlic cloves, chopped parsley, thyme sprigs, toasted walnuts, shallots, chives, sea salt flakes]",oysters
Tempura-Oysters-with-sweet-chilli-sauce-1096492,Tempura Oysters with sweet chilli sauce,4,1200.0,[Appetizers],,"[oysters, vegetable oil, tempura batter, salt]",oysters
Oysters-Over-Angel-Hair-My-Recipes,Oysters over Angel Hair,4,1500.0,[Main Dishes],[American],"[olive oil, sliced green onions, fresh parsley, garlic cloves, oysters, fresh lemon juice, salt, ground red pepper, black pepper, angel hair, fresh parmesan cheese]",oysters
Thyme-Basted-Pork-Tenderloin-with-Oyster-Mushrooms-1343651,Thyme-Basted Pork Tenderloin with Oyster Mushrooms,3,2700.0,[Main Dishes],,"[grapeseed oil, pork tenderloin, kosher salt, pepper, unsalted butter, extra-virgin olive oil, oyster mushrooms, garlic cloves, chopped parsley, thyme sprigs, toasted walnuts, shallots, chives, sea salt flakes]",oysters
Mignonette-Sauce-for-Oysters-Simply-Recipes-200511,Mignonette Sauce for Oysters,5,900.0,[Condiments and Sauces],,"[shallots, white vinegar, rice vinegar, sugar, salt, white peppercorns]",oysters
Spicy-Oyster-Crackers-1202762,Spicy Oyster Crackers,3,3900.0,[Appetizers],,"[canola oil, Hidden Valley® Original Ranch® Dressing, red pepper, oyster crackers]",oysters
Oysters-Rockefeller-472133,Oysters Rockefeller,5,,"[Appetizers, Main Dishes]",,"[unsalted butter, garlic cloves, bread crumbs, shallots, fresh spinach, pernod, salt, red pepper hot sauce, olive oil, grated parmesan cheese, chopped parsley, oysters, shells, rock salt, Tabasco Pepper Sauce, lemon]",oysters
Fried-Oysters-with-Spicy-Remoulade-900855,Fried Oysters with Spicy Rémoulade,5,2100.0,[Appetizers],,"[mayonnaise, cornichons, flat leaf parsley, capers, whole grain mustard, fresh tarragon, shallots, sherry vinegar, anchovies, paprika, Tabasco Pepper Sauce, lemon, kosher salt, ground black pepper, canola oil, cornmeal, flour, buttermilk, oysters]",oysters
Chilled-Oysters-with-Apple-Ginger-Mignonette-Martha-Stewart-193117,Chilled Oysters with Apple-Ginger Mignonette,4,1500.0,[Appetizers],[American],"[cider vinegar, shallots, peeled fresh ginger, apples, shucked oysters]",oysters
Grilled-Oyster-Shooters-Allrecipes,Grilled Oyster Shooters,5,900.0,,[Barbecue],"[oysters, fresh lemon juice, worcestershire sauce, hot pepper sauce, salt]",oysters
Smoked-Oyster-Dip-Holiday-Party-1190239,Smoked Oyster Dip – Holiday Party,4,1200.0,[Appetizers],,"[oysters, heavy cream, cream cheese, Tabasco Pepper Sauce, salt, pepper, chives]",oysters
Baked-Oysters-with-Bacon-and-Spinach-442717,Baked Oysters with Bacon and Spinach,5,2700.0,[Appetizers],,"[oysters, spinach, bacon, extra-virgin olive oil, leeks, garlic, unsalted butter, white bread, flat leaf parsley, nutmeg, ground black pepper, lemon wedge]",oysters
Cornmeal-Fried-Oysters-_-Polenta-993486,Cornmeal Fried Oysters & Polenta,3,4200.0,"[Appetizers, Main Dishes]",,"[oysters, lemon zest, large eggs, cornmeal, flour, salt, pepper, cayenne, cajun seasoning, old bay seasoning, vegetable oil, buttermilk, lemon, parsley, goat cheese, hot sauce, polenta, shallots, stock, smoked gouda, butter]",oysters
Pork-with-Zuchini-in-Oyster-Sauce-1180010,Pork with Zuchini in Oyster Sauce,4,2100.0,[Main Dishes],,"[pork, oyster sauce, soy sauce, zucchini, all-purpose flour, beef broth, salt, pepper, cooking oil]",oysters
Oysters-with-a-zippy-mignonette-317691,Oysters with a Zippy Mignonette,3,1500.0,[Appetizers],,"[rice vinegar, shallots, ginger, english cucumber, sugar, cilantro, ground black pepper, oysters]",oysters
Oysters-Rockefeller-1009680,Oysters Rockefeller,3,4500.0,[Appetizers],,"[butter, celery, green onions, parsley, worcestershire sauce, Tabasco Pepper Sauce, pernod, seasoned bread crumbs, oysters, rock salt]",oysters
Scalloped-Oysters-Ii-Allrecipes,Scalloped Oysters II,4,5100.0,[Side Dishes],,"[shucked oysters, saltines, eggs, milk, butter, pepper, salt]",oysters
Oysters-With-Thyme-Mignonette-972935,Oysters With Thyme Mignonette,4,1200.0,[Appetizers],,"[shallots, pink peppercorns, white wine vinegar, rice vinegar, sugar, kosher salt, fresh thyme leaves, oysters]",oysters
Vegetarian-Chow-Mein-1350496,Vegetarian Chow Mein,4,1800.0,[Main Dishes],,"[vegetable oil, fresh ginger, garlic cloves, bok choy, carrots, red bell pepper, shiitake, egg noodles, beansprouts, snow peas, vegetable broth, hoisin sauce, low sodium soy sauce, honey, ground black pepper, kosher salt, green onions]",oysters
Pan-Fried-Udon-Noodles-with-Garlic-and-Rapini-1359826,Pan-Fried Udon Noodles with Garlic and Rapini,4,1200.0,,[Asian],"[water, oyster sauce, brown sugar, sesame oil, rapini, garlic cloves, ground black pepper, udon, toasted sesame seeds]",oysters
Oysters-Rockefeller-440915,Oysters Rockefeller,5,5100.0,,,"[rock salt, oysters, unsalted butter, flour, cayenne, scallions, celery, tarragon, parsley, kosher salt, ground white pepper, bread crumb fresh]",oysters
Kangkong-and-Tofu-with-Oyster-Sauce-1037728,Kangkong and Tofu with Oyster Sauce,4,1200.0,[Main Dishes],[Asian],"[kangkong, firm tofu, oil, oyster sauce, garlic chili sauce, sesame oil, water, onions]",oysters
Classic-Oyster-Stew-1009673,Classic Oyster Stew,3,1080.0,[Soups],,"[green onions, butter, oysters, half & half, ground black pepper, salt, cayenne pepper, saltines]",oysters
Crumbed-Oyster-Mushrooms-w_-Kewpie-Mayo-1345451,Crumbed Oyster Mushrooms w/ Kewpie Mayo,4,1500.0,[Appetizers],,"[oyster mushrooms, coconut flour, large eggs, milk, parmesan cheese, pork rind, dried chives, peanut oil, Kewpie Mayonnaise, wasabi paste, lemon wedge]",oysters
Fried-wellfleet-oysters-with-tartar-sauce-306199,Fried Wellfleet Oysters with Tartar Sauce,5,,[Appetizers],,"[oysters, buttermilk, wondra flour, chives, celery salt, mayonnaise, capers, cornichons, fresh tarragon, parsley, hard-boiled egg, dijon mustard]",oysters
Oysters-With-Mignonette-Ice-My-Recipes,Oysters with Mignonette Ice,4,,[Appetizers],[American],"[red wine vinegar, dry red wine, shallots, sugar, salt, freshly ground pepper, oysters, rock salt]",oysters
Smoked-Oysters-with-Creme-Fraiche-and-Saltines-630789,Smoked Oysters with Crème Fraîche and Saltines,3,2400.0,[Appetizers],,"[saltines, butter, crème fraîche, lemon zest, chips, shells, oysters, lemon juice, celery heart, shallots, chives, hot sauce]",oysters
Roasted-Oysters-with-Pancetta-and-Breadcrumbs-1086702,Roasted Oysters with Pancetta and Breadcrumbs,3,1440.0,,,"[pinenuts, white bread, cooking spray, pancetta, flat leaf parsley, black pepper, shucked oysters, lemon wedge]",oysters
Herb-Oyster-Crackers-Allrecipes,Herb Oyster Crackers,5,300.0,,,"[oyster crackers, ranch dressing, dried dillweed, garlic powder, lemon pepper, vegetable oil]",oysters
Crumbed-Oysters-With-Tartare-Sauce-1320841,Crumbed Oysters With Tartare Sauce,3,1200.0,[Appetizers],,"[vegetable oil, oysters, eggs, milk, plain flour, japanese breadcrumbs, rock salt, lemon wedge, mayonnaise, capers, spanish onion, cornichons, chives, flat leaf parsley, lemon]",oysters
Flo-rae_s-favorite-oyster-chowder-317130,Flo Rae's Favorite Oyster Chowder,3,3000.0,[Soups],,"[thick-cut bacon, sweet onion, celery, garlic, butter, red potato, oyster liquor, chicken broth, heavy cream, shucked oysters, fresh dill, fresh marjoram, ground pepper]",oysters
Oysters-on-the-Half-Shell-with-Chile_-Cilantro_-and-Meyer-Lemon-Salsa-1193678,"Oysters on the Half Shell with Chile, Cilantro, and Meyer Lemon Salsa",3,420.0,[Appetizers],,"[jalapeno chilies, cilantro leaves, red wine vinegar, Meyer lemon juice, fine sea salt, oysters, shells]",oysters
Beef-In-Oyster-Sauce-977494,Beef In Oyster Sauce,3,2400.0,[Main Dishes],[Asian],"[fillet of beef, light soy sauce, sesame oil, Shaoxing wine, corn flour, groundnut, oyster sauce, spring onions, dijon mustard, Madras curry powder, salt, ground black pepper, extra-virgin olive oil, broccoli florets, haricots verts, cauliflower florets, peas, fresh tomatoes, water chestnuts, shallots, chopped fresh chives]",oysters
Oysters-Rockefeller-442136,Oysters Rockefeller,5,2100.0,[Appetizers],,"[bread crumb fresh, unsalted butter, spinach, scallions, celery, garlic, yellow onion, pernod, red wine vinegar, thyme leaves, anise powder, salt and ground black pepper, rock salt, oysters]",oysters
Cod-and-Smoked-Oyster-Chowder-1219547,Cod and Smoked Oyster Chowder,4,3300.0,[Soups],,"[fresh cod, oysters, water, milk, russet potatoes, avocado oil, fresh sage, leeks, hungarian paprika, miso paste, salt, black pepper]",oysters
Grilled-Oysters-with-Barbecue-Sauce-458061,Grilled Oysters with Barbecue Sauce,5,2400.0,,[Barbecue],"[oysters, water, barbecue sauce, worcestershire sauce, hot pepper sauce, lemon wedge]",oysters
Oysters-Rockefeller-Serious-Eats-203225,Oysters Rockefeller,4,2400.0,,,"[rock salt, shells, oysters, shallots, celery, fresh parsley, unsalted butter, fresh spinach, bread crumbs, worcestershire sauce, table salt, ground black pepper, cayenne pepper, pernod]",oysters
Herbed-Oyster-Stuffing-779462,Herbed Oyster Stuffing,3,9000.0,[Side Dishes],,"[country bread, celery, shallots, garlic, fresh thyme leaves, Italian parsley leaves, thick-cut bacon, shucked oysters, margarine, pepper]",oysters
Chinese-Chicken-and-Broccoli-1349490,Chinese Chicken and Broccoli,4,1800.0,[Main Dishes],"[Chinese, Asian]","[boneless skinless chicken breasts, sesame oil, garlic, red pepper flakes, broccoli florets, chicken broth, salt, pepper, green onions, hoisin sauce, oyster sauce, sesame seeds]",oysters
Asian-Chicken-Lettuce-Wraps-1374517,Asian Chicken Lettuce Wraps,4,2400.0,[Main Dishes],"[Chinese, Asian]","[corn starch, sherry wine, water, low sodium soy sauce, boneless skinless chicken breasts, canola oil, fresh ginger, garlic, scallions, shiitake, bamboo shoots, water chestnuts, hoisin sauce, oyster sauce, sesame oil, sugar, lettuce leaves]",oysters
1891-Oyster-Stew-498290,1891 Oyster Stew,0,1500.0,[Soups],,"[unsalted butter, shallots, thyme, fish stock, light cream, whole milk, oysters, sherry, white pepper, smoked paprika]",oysters
Shrimp-with-Oyster-Sauce-1111098,Shrimp with Oyster Sauce,4,1500.0,[Main Dishes],,"[shrimp, oil, onions, garlic, fish sauce, tomato sauce, oyster sauce, salt]",oysters
Fresh-oysters-with-green-onion-granita-330027,Fresh Oysters with Green Onion Granita,3,3300.0,,,"[green onions, red wine vinegar, water, salt, ground pepper, parsley leaves, oysters]",oysters
Smoked-oyster-pate-328592,SMOKED OYSTER PATE,3,1500.0,[Appetizers],,"[cream cheese, milk, green onions, worcestershire sauce, Tabasco Pepper Sauce, garlic, flat leaf parsley, oysters, ground black pepper, sea salt, baguette, butter]",oysters
Broiled-Oysters-with-Garlic-Breadcrumbs-Epicurious-203345,Broiled Oysters with Garlic Breadcrumbs,4,1200.0,,,"[bread crumb fresh, unsalted butter, garlic cloves, pernod, oysters, lemon wedge]",oysters
Uncle-Nick_s-Oyster-Dressing-My-Recipes,Uncle Nick's Oyster Dressing,4,3900.0,[Side Dishes],,"[lean ground beef, onions, chopped celery, minced garlic, seasoning, oysters, fresh parsley, stuffing mix, kosher salt, cracked black pepper]",oysters
Hidden-Valley-Oyster-Crackers-1286544,Hidden Valley Oyster Crackers,3,,,,"[Hidden Valley® Original Ranch Salad® Dressing & Seasoning Mix, vegetable oil, dill, lemon pepper, oyster crackers]",oysters
Clams-in-Oyster-Sauce-AllRecipes,Clams in Oyster Sauce,5,1500.0,,[Asian],"[olive oil, onions, garlic, fresh ginger, oyster sauce, water, clams]",oysters
Warm-Oysters-with-Champagne-Sabayon-1084546,Warm Oysters with Champagne Sabayon,3,1500.0,,,"[champagne, sugar, large egg yolks, shallots, chopped fresh thyme, kosher salt, ground black pepper, oysters, thyme sprigs]",oysters
Ginisang-Togue-1375701,Ginisang Togue,4,2100.0,[Main Dishes],,"[beansprouts, boneless skinless chicken breasts, onions, garlic, oyster sauce, cooking oil, ground black pepper, soy sauce, sesame oil, sugar]",oysters
Oyster-Sauce-Fish-Allrecipes,Oyster Sauce Fish,4,1200.0,[Main Dishes],,"[fish fillets, butter cooking spray, canola oil, oyster sauce, lemon pepper, garlic powder]",oysters
Sauteed-Oyster-Mushrooms-533270,Sautéed Oyster Mushrooms,5,3600.0,,[American],"[vegetable oil, oyster mushrooms, cider vinegar]",oysters
Hidden-Valley-Oyster-Crackers-600973,Hidden Valley Oyster Crackers,4,1800.0,"[Lunch and Snacks, Appetizers]",,"[dill weed, vegetable oil, oyster crackers, Hidden Valley® Original Ranch Salad® Dressing & Seasoning Mix, lemon pepper]",oysters
Oyster-Dressing-or-Stuffing-471547,Oyster Dressing or Stuffing,4,3600.0,[Side Dishes],,"[vegetable oil, chopped celery, chopped onion, dry bread crumbs, fresh parsley, oysters, eggs, salt, ground black pepper, poultry seasoning, dried thyme]",oysters
Mushroom-_-Broccoli-with-Oyster-Sauce-565051,Mushroom & Broccoli with Oyster Sauce,4,1800.0,[Side Dishes],,"[shiitake, broccoli, oyster sauce, sesame oil, flour, garlic, vegetable oil]",oysters
Rice-Noodles-with-Chicken-and-Prawns-1377385,Rice Noodles with Chicken and Prawns,4,2700.0,[Main Dishes],[Asian],"[vegetable oil, onions, garlic, bell pepper, carrots, beans, shredded cabbage, chicken stock, rice noodles, ginger, cayenne pepper, soy sauce, oyster sauce, sesame oil, chicken breasts, prawns]",oysters
Oyster-dressing-347146,Oyster Dressing,0,,"[Breads, Side Dishes]",[American],"[corn mix muffin, large eggs, milk, unsalted butter, onions, celery, half & half, fresh parsley, sage, dried thyme, dried basil, oysters, salt]",oysters
Oysters-with-Mignonette-Gelee-Martha-Stewart-193273,Oysters with Mignonette Gelee,4,,[Appetizers],,"[shallots, ground pepper, red wine vinegar, champagne vinegar, unflavored gelatin, water, oysters, prepared horseradish, lemon wedge]",oysters
Mongolian-Chicken-1353609,Mongolian Chicken,4,3900.0,[Main Dishes],,"[boneless skinless chicken breasts, hoisin sauce, red pepper, ketchup, chicken stock, vegetable oil, clove, garlic, scallions, beansprouts, sesame oil, salt, sugar, soy sauce, oyster sauce, white wine, corn starch, pepper]",oysters
Asian-Noodles-With-Turkey-1367326,Asian Noodles With Turkey,4,1200.0,[Main Dishes],,"[turkey, noodles, sauce, oil, scallions, pepper, chips]",oysters
Oyster-Sauce-Beef-1276494,Oyster Sauce Beef,4,1920.0,[Main Dishes],,"[strip steaks, dark soy sauce, dark sesame oil, cooking sherry, arrowroot, avocado oil, red pepper, oyster sauce, green onions]",oysters
Quick-but-Yummy-Oyster-Stew-AllRecipes-202128,Quick-but-Yummy Oyster Stew,3,1500.0,"[Soups, Main Dishes]",,"[evaporated milk, water, butter, salt and ground black pepper, oysters]",oysters
Oyster-Dressing-Martha-Stewart-195588,Oyster Dressing,3,2400.0,[Side Dishes],[American],"[unsalted butter, olive oil, minced garlic, finely chopped onion, chopped celery, carrots, thyme, sage, baguette, shucked oysters, flat leaf parsley, turkey stock, ground black pepper, coarse salt]",oysters
Oven-Baked-Char-Siu-Flavoured-Chicken-Drumsticks-1358946,Oven-Baked Char Siu Flavoured Chicken Drumsticks,4,2700.0,[Main Dishes],,"[chicken drumsticks, onions, garlic, soy sauce, oyster sauce, sugar, curry powder, sesame oil]",oysters
Salmon-with-Oyster-Sauce-and-Basil-1315666,Salmon with Oyster Sauce and Basil,4,1500.0,[Main Dishes],,"[skinless salmon fillets, oyster sauce, freshly ground pepper, sea salt, vegetable oil, green onions, dry white wine, water, fresh basil]",oysters
Oysters-Rockefeller-Epicurious_1,Oysters Rockefeller,5,5400.0,[Appetizers],[American],"[watercress, baby spinach, scallion greens, flat leaf parsley, celery, bread crumb fresh, unsalted butter, pernod, cayenne, bacon slices, kosher salt, oysters]",oysters
Rockin_-Oysters-Rockefeller-Allrecipes,Rockin' Oysters Rockefeller,5,3600.0,[Appetizers],,"[oysters, beer, garlic, seasoning salt, black peppercorns, butter, onions, frozen chopped spinach, monterey jack, fontina cheese, mozzarella cheese, milk, salt, ground black pepper, bread crumbs]",oysters
Teriyaki-King-Oyster-Mushroom-1064093,Teriyaki King Oyster Mushroom,4,2100.0,,"[Japanese, Asian]","[oyster mushrooms, light soy sauce, sake, sugar, peanut oil, green onions, toasted sesame seeds, steamed white rice]",oysters
Broccoli-with-Oyster-Sauce-Martha-Stewart-194268,Broccoli with Oyster Sauce,3,900.0,[Side Dishes],,"[oyster sauce, soy sauce, corn starch, sugar, vegetable oil, garlic cloves, florets, broccoli]",oysters
Poached-Oysters-With-Beet-Mignonnette-Epicurious,Poached Oysters with Beet Mignonnette,5,2700.0,[Appetizers],,"[shells, oysters, cider vinegar, apple juice, shallots, beets, black peppercorns, salt, sugar, english cucumber]",oysters
Southwest-Fried-Oysters-My-Recipes,Southwest Fried Oysters,4,,"[Appetizers, Main Dishes]",[American],"[oysters, buttermilk, all-purpose flour, yellow corn meal, paprika, garlic powder, dried oregano, chili powder, ground red pepper, mustard, salt, ground black pepper, vegetable oil]",oysters
Salad-of-Winter-Greens-and-Fried-Oysters-931228,Salad of Winter Greens and Fried Oysters,4,3000.0,[Salads],,"[all-purpose flour, eggs, yellow corn meal, cayenne pepper, ground black pepper, salt, shucked oysters, sour cream, buttermilk, fresh chives, fresh lemon juice, dijon mustard, sugar, grapeseed oil, romaine lettuce, radicchio]",oysters
Barbecued-Oysters-with-Bacon-and-Garlic-Butter-Martha-Stewart-197508,Barbecued Oysters with Bacon and Garlic Butter,3,1800.0,"[Appetizers, Main Dishes]",,"[unsalted butter, lemon juice, minced garlic, shells, oysters, barbecue sauce, bacon]",oysters
Oysters-Rockefeller-518120,Oysters Rockefeller,4,2400.0,[Appetizers],,"[oysters, butter, garlic, panko breadcrumbs, baby spinach, green onions, celery, anise liqueur, pepper, salt, cayenne, parsley, parmigiano reggiano cheese, bacon]",oysters
Hidden-Valley-Oyster-Crackers-1268123,Hidden Valley Oyster Crackers,3,,,,"[Hidden Valley® Original Ranch Salad® Dressing & Seasoning Mix, vegetable oil, dill, lemon pepper, oyster crackers]",oysters
Kangkong-in-Oyster-Sauce-1179209,Kangkong in Oyster Sauce,4,1500.0,,,"[kangkong, oyster sauce, garlic, beef broth, corn starch, salt and ground black pepper, red pepper flakes, toasted sesame seeds, cooking oil]",oysters
Oyster-Stew-for-One-or-Two-AllRecipes-37681,Oyster Stew for One or Two,5,1500.0,[Main Dishes],,"[butter, celery ribs, garlic, all-purpose flour, milk, cream, onion powder, dried parsley, salt, shucked oysters, ground black pepper]",oysters
Wild-Mushroom-_-Rib-Eye-Stroganoff-1374267,Wild Mushroom & Rib Eye Stroganoff,3,3000.0,[Main Dishes],,"[rib eye steaks, extra-virgin olive oil, purple onion, garlic, pepper, salt, paprika, mixed mushrooms, flat leaf parsley, butter, syrah, crème fraîche]",oysters
Oyster-Sauce-Vegetables-with-Fried-Shallots-1244613,Oyster Sauce Vegetables with Fried Shallots,4,360.0,,,"[baby bok choy, bawang goreng, oyster sauce, hot water, sugar]",oysters
Garlicky-Kangkong-1343046,Garlicky Kangkong,4,1500.0,,,"[leaves, chopped garlic, oyster sauce, ground black pepper]",oysters
Poached-Oysters-In-Fennel_saffron-Soup-Epicurious,Poached Oysters in Fennel-Saffron Soup,4,3900.0,[Soups],"[American, French]","[unsalted butter, fennel bulb, water, olive oil, garlic cloves, saffron threads, clam juice, whipping cream, pernod, shucked oysters]",oysters
Barbecued-Oysters-with-Ginger-Chili-Salsa-456392,Barbecued Oysters with Ginger-Chili Salsa,4,,[Appetizers],[American],"[fresh ginger, jalapeno chilies, green onions, tomatoes, lime, soy sauce, sesame oil, salt, oysters]",oysters
Ranch-and-Dill-Oyster-Crackers-1032926,Ranch and Dill Oyster Crackers,4,2400.0,[Appetizers],,"[oyster crackers, vegetable oil, ranch salad dressing mix, dried dill, garlic powder]",oysters
Grilled-Oyster-Mushrooms-Epicurious,Grilled Oyster Mushrooms,4,3300.0,[Appetizers],[American],"[fresh orange juice, fresh lemon juice, red wine vinegar, olive oil, oyster mushrooms, sea salt]",oysters
Spicy-Caramelized-Bacon-Wrapped-Smoked-Oysters-for-Father_s-Day-_SundaySupper-1128976,Spicy Caramelized Bacon Wrapped Smoked Oysters for Father's Day #SundaySupper,4,3000.0,[Appetizers],,"[thick-cut bacon, brown sugar, maple syrup, crushed red pepper flakes, chili powder, oysters]",oysters
Oyster-Stuffing-Cakes-1184133,Oyster Stuffing Cakes,3,4200.0,,,"[shucked oysters, bread, freshly grated parmesan, unsalted butter, bacon, celery, onions, chicken stock, fresh oregano, fresh thyme, sage leaves, ground coriander, coarse salt, black pepper, neutral oil]",oysters
Salmon-Chowder-1361672,Salmon Chowder,4,3600.0,[Soups],,"[red potato, thick-cut bacon, olive oil, scallions, frozen corn, garlic, chopped fresh thyme, bay leaf, milk, heavy cream, salmon fillets, salt, black pepper, fresh lemon juice, chopped fresh chives, oyster crackers]",oysters
Beef-and-Broccoli-Stir-Fry-1336764,Beef and Broccoli Stir-Fry,3,2100.0,[Main Dishes],,"[steak, soy sauce, oyster sauce, sugar, peanut oil, broccoli florets]",oysters
Another-Simple-Hawker-Dish-Oyster-Omelette-_-1315494,Another Simple Hawker Dish– Oyster Omelette (耗蛋，耗煎）,4,1800.0,,[Asian],"[oysters, spring onions, clove, tapioca starch, rice flour, fish sauce, white pepper, cooking oil, water, eggs, cilantro leaves]",oysters
Cocktail-Oysters-With-Oysterville_s-Finest-Cocktail-Sauce-My-Recipes,Cocktail Oysters with Oysterville's Finest Cocktail Sauce,4,1800.0,[Appetizers],,"[oysters, rock salt, cocktail sauce, fresh cilantro]",oysters
Oysters-on-the-Half-Shell-with-Mignonette-Sauce-458627,Oysters on the Half Shell with Mignonette Sauce,5,,"[Appetizers, Main Dishes]",,"[dry red wine, red wine vinegar, shallots, red pepper flakes, cracked black pepper, ice, oysters, lemon, parsley sprigs]",oysters
Creamed-Oysters-In-Acorn-Squash-My-Recipes,Creamed Oysters in Acorn Squash,3,6300.0,[Main Dishes],[American],"[acorn squash, butter, oysters, cream of celery soup, bacon slices, fresh parsley]",oysters
Oysters-with-Serrano-Chile_-Avocado_-and-Cherry-Tomatoes-Martha-Stewart-193140,"Oysters with Serrano Chile, Avocado, and Cherry Tomatoes",5,1200.0,[Appetizers],,"[oysters, serrano chile, avocado, cherry tomatoes]",oysters
Bok-Choy-with-Shiitakes-and-Oyster-Sauce-1195406,Bok Choy with Shiitakes and Oyster Sauce,3,2400.0,[Side Dishes],[Asian],"[dried shiitake mushrooms, bok choy, peanut oil, minced garlic, fresh shiitake mushrooms, oyster sauce]",oysters
Fried-Oysters-With-Chipotle-lime-Dipping-Sauce-477910,Fried Oysters With Chipotle-lime Dipping Sauce,5,2400.0,[Appetizers],,"[shucked oysters, eggs, buttermilk, crushed saltines, cornmeal, black pepper, salt, cayenne, oil, lime, chipotles in adobo, adobo sauce, mayonnaise, chopped cilantro, lime juice, ground cumin]",oysters
Oyster-Rice-_Kaki-Meshi_-544451,Oyster Rice (Kaki Meshi),4,3300.0,,"[Japanese, Asian]","[short-grain rice, water, dashi kombu, oysters, vegetable oil, ginger, bamboo shoots, abura age, sugar, sake, soy sauce, salt]",oysters
Broiled-Oysters-with-Garlic-Breadcrumbs-1122952,Broiled Oysters with Garlic Breadcrumbs,3,1800.0,,,"[bread crumb fresh, unsalted butter, garlic cloves, pernod, oysters, lemon wedge]",oysters
Yakisoba-Sauce-1176973,Yakisoba Sauce,4,300.0,[Condiments and Sauces],,"[worcestershire sauce, oyster sauce, ketchup, soy sauce, sugar]",oysters
The-Perfect-Sauce-for-Raw-Oysters-1044125,The Perfect Sauce for Raw Oysters,3,1800.0,[Condiments and Sauces],,"[champagne vinegar, shallots, ground pepper, kosher salt]",oysters
Broiled-oysters-with-siracha-lime-butter-310097,Broiled Oysters with Siracha-Lime Butter,5,1200.0,,,"[lime, Sriracha, shallots, chopped cilantro, kosher salt, butter, shells]",oysters
Roasted-Oysters-Decadence-My-Recipes,Roasted Oysters Decadence,4,,"[Appetizers, Main Dishes]",,"[bacon, red bell pepper, finely chopped onion, dri leav thyme, spinach leaves, pepper, salt, liquid, shucked oysters, sauce, oysters, lemon juice, dry white wine, gruyere cheese]",oysters
The-Best-Oyster-Cracker-Snack-Mix-973958,The Best Oyster Cracker Snack Mix,4,1500.0,"[Lunch and Snacks, Appetizers]",,"[ranch salad dressing mix, canola oil, dried dillweed, garlic powder, oyster crackers]",oysters
Oysters-in-Champagne-Sauce-441779,Oysters in Champagne Sauce,4,4200.0,,,"[fresh spinach, oysters, rock salt, champagne, fish stock, heavy cream, egg yolks, ground white pepper, salt]",oysters
Fried-oysters-with-saffron-aioli-317659,Fried Oysters with Saffron Aioli,5,1800.0,,,"[saffron, boiling water, egg yolks, olive oil, canola oil, pepper, salt, lemon, oysters, wondra flour, cayenne, kosher salt, ground pepper, oil]",oysters
Sausage-Oyster-Dressing-AllRecipes-202688,Sausage Oyster Dressing,4,3300.0,[Side Dishes],[Southern & Soul Food],"[pork sausages, croutons, shucked oysters, diced celery, eggs, chopped onion, chicken broth, butter]",oysters
Oysters-Recipezaar,Oysters,4,2100.0,"[Lunch and Snacks, Appetizers]",[American],"[oysters, olive oil, worcestershire sauce, lemon juice, Tabasco Pepper Sauce, Triscuit Crackers]",oysters
Bloody-Mary-Oyster-Shooters-MyRecipes-246110,Bloody Mary Oyster Shooters,4,1800.0,"[Appetizers, Beverages, Cocktails]",[American],"[oysters, vegetable juice, vodka, prepared horseradish, worcestershire sauce, fresh lemon juice, salt, hot sauce]",oysters
Roasted-king-oyster-mushrooms-357002,Roasted King Oyster Mushrooms,0,3600.0,,,"[oyster mushrooms, unsalted butter, chicken stock, extra-virgin olive oil, salt, ground black pepper, flat leaf parsley]",oysters
Kinilaw-na-TalabaOyster-in-Vinegar-Chili-Dip_-My-Style-638899,"Kinilaw na Talaba…Oyster in Vinegar Chili Dip, My Style",4,3300.0,[Appetizers],,"[oysters, vinegar, shallots, hot chili]",oysters
Highlands-Oyster-Mignonette-442380,Highlands Oyster Mignonette,5,1800.0,,,"[prosecco, champagne vinegar, pink peppercorns, raspberry vinegar, shallots, kosher salt]",oysters
Healthy-Chicken-with-Brocolli-1302954,Healthy Chicken with Brocolli,4,1500.0,[Main Dishes],,"[garlic, broccoli, chicken breasts, extra-virgin olive oil, salt, soy sauce, oyster sauce]",oysters
Matagorda-Bay-Oyster-Stew-1127458,Matagorda Bay Oyster Stew,3,3600.0,[Soups],,"[bacon, onions, celery, garlic, green bell pepper, flour, pernod, oyster liquor, bay leaves, potatoes, heavy cream, oysters, green onions, butter]",oysters
O-Ah-Jian-_Taiwanese-Oyster-Omelet_-1057258,O Ah Jian (Taiwanese Oyster Omelet),3,1800.0,[Breakfast and Brunch],,"[ketchup, sugar, corn starch, cold water, kosher salt, large eggs, ground white pepper, canola oil, oysters, celery leaves, scallions]",oysters
Ah-shucks_-bacon-bbq-oysters-like-they-do-it-in-new-orleans_-372045,Ah Shucks! Bacon BBQ Oysters Like They Do It In New Orleans.,5,5400.0,[Appetizers],[Barbecue],"[fresh thyme, extra-virgin olive oil, onions, garlic cloves, chile pepper, ketchup, brown sugar, molasses, white vinegar, dry mustard, ground cumin, pimenton, ground black pepper, shells, oysters, cooked bacon, celery leaves, lemon wedge, fresh chile]",oysters
Oyster-stuffing-310601,Oyster Stuffing,5,6300.0,[Side Dishes],[American],"[celery, chopped onion, crumbled cornbread, giblet, shucked oysters, fresh parsley, dried basil, salt, paprika, dried sage, ground nutmeg, eggs, chicken stock]",oysters
Garlic-Noodles-497160,Garlic Noodles,0,1800.0,,,"[noodles, grated parmesan cheese, water, unsalted butter, minced garlic, Maggi, oyster sauce, fish sauce, sugar]",oysters
Pickled-Oyster-Mushrooms-Serious-Eats-200928,Pickled Oyster Mushrooms,5,3600.0,[Appetizers],,"[oyster mushrooms, rice vinegar, onions, pickling salt, sugar, black peppercorns, bay leaves, garlic cloves]",oysters
Oysters-in-White-Wine-Sauce-1127907,Oysters in White Wine Sauce,4,4200.0,[Appetizers],,"[white wine, lemon juice, olive oil, onions, celery, garlic, peppercorns, fresh thyme, parsley, oysters, salt, chopped parsley, tomatoes]",oysters
Old-Bay-Oyster-Crackers-1030770,Old Bay Oyster Crackers,4,1500.0,,,"[oyster crackers, old bay seasoning, vegetable oil]",oysters
Oyster-and-Spinach-Chowder-760599,Oyster and Spinach Chowder,5,2700.0,[Soups],,"[shucked oysters, clam juice, water, butter, extra-virgin olive oil, diced onions, garlic, diced potatoes, heavy cream, baby spinach leaves, salt, pepper]",oysters
Frisee-with-Fried-Oysters-1159099,Frisée with Fried Oysters,3,2700.0,,,"[buttermilk, greek yogurt, chives, mayonnaise, lemon, fresh lemon juice, fine sea salt, ground black pepper, cornmeal, dried thyme, cayenne pepper, frisee, fennel bulb, shucked oysters, extra-virgin olive oil]",oysters
Oysters-with-Meyer-Lemons-and-Cracked-Peppercorns-Martha-Stewart-194305,Oysters with Meyer Lemons and Cracked Peppercorns,3,1200.0,,[American],"[oysters, meyer lemon, green peppercorns, pink peppercorns]",oysters
Chinese-Broccoli-with-Oyster-Sauce-1266583,Chinese Broccoli with Oyster Sauce,3,1500.0,[Side Dishes],[Chinese],"[gai lan, vegetables, oyster sauce]",oysters
Warm-Oysters-with-Leek-and-Bacon-Sauce-460881,Warm Oysters with Leek and Bacon Sauce,4,,[Appetizers],,"[bacon slices, unsalted butter, leeks, dry white wine, heavy cream, coarse salt, ground white pepper, oysters, shells, fresh dill, fresh chives]",oysters
Tofu-in-Garlic-Sauce-1058881,Tofu in Garlic Sauce,4,2100.0,,,"[firm tofu, oyster sauce, garlic, corn starch, canola oil, sugar, green onions]",oysters
Pork-Tenderloin_-Broccoli-and-Carrots-in-a-Sweet-and-Spicy-Oyster-Ginger-Sauce-1363074,"Pork Tenderloin, Broccoli and Carrots in a Sweet and Spicy Oyster Ginger Sauce",4,2100.0,[Main Dishes],[Asian],"[garlic chili sauce, oyster sauce, honey, low sodium soy sauce, ground ginger, broccoli, carrots, pork tenderloin, coconut oil, sunflower seeds]",oysters
Paprika-White-Wine-Bucatini-1377708,Paprika White Wine Bucatini,4,2400.0,[Main Dishes],,"[olive oil, onions, italian sausage, sweet paprika, salt, white wine, chicken stock, bucatini, grated parmesan cheese, chives, black pepper]",oysters
Baked-Oysters-with-Warm-Mignonette-524850,Baked Oysters with Warm Mignonette,3,1800.0,[Appetizers],,"[oysters, shallots, garlic cloves, chili flakes, extra-virgin olive oil, lemon, parsley]",oysters
Fried-Oyster-Poboys-764750,Fried Oyster Po’boys,5,3600.0,[Lunch and Snacks],,"[mayonnaise, cornichons, capers, flat leaf parsley, fresh tarragon, spicy brown mustard, anchovy paste, garlic, shucked oysters, yellow corn meal, all-purpose flour, kosher salt, sweet paprika, dried basil, dried thyme, ground black pepper, granulated garlic, cayenne pepper, eggs, canola oil, italian rolls, iceberg lettuce, sliced tomatoes]",oysters
Steamed-oysters-with-tangerine-peel-sauce-_-318121,Steamed Oysters with Tangerine Peel Sauce (陳皮蒸鮮蠔),3,2700.0,[Appetizers],,"[oysters, chenpi, plums, fresh ginger, soy sauce, Shaoxing wine, sugar, water, vegetable oil, kumquats, cilantro]",oysters
Long-Island-Oysters-Rockefeller-512808,Long Island Oysters Rockefeller,5,,[Appetizers],,"[oysters, garlic, heavy cream, parsley, panko breadcrumbs, butter]",oysters
Oyster-omelette-_Hoy-Tod_-575407,Oyster omelette (Hoy Tod),3,1800.0,,,"[oysters, cilantro leaves, red chili peppers, beansprouts, spring onions, fish sauce, ground white pepper, oil, eggs, rice flour]",oysters
Wild-Mushroom-Chicken-Marsala-1312100,Wild Mushroom Chicken Marsala,5,2700.0,[Main Dishes],,"[PERDUE® PERFECT PORTIONS® Boneless, Skinless Chicken Breast, All Natural, all-purpose flour, salt, black pepper, olive oil, unsalted butter, sliced mushrooms, sliced shallots, marsala wine, chicken stock, mascarpone, balsamic vinegar, chives, pasta ribbons]",oysters
Chicken-Recipes---Chicken-in-Oyster-Sauce-1344526,Chicken Recipes - Chicken in Oyster Sauce,3,1620.0,[Main Dishes],[Asian],"[chicken meat, soy sauce, rice wine, sesame oil, corn starch, dried mushrooms, bamboo shoots, green onions, ginger, garlic cloves, dark soy sauce, oyster sauce, dry sherry, granulated sugar, water, oil]",oysters
Golden-Oyster-Stew-My-Recipes,Golden Oyster Stew,4,4200.0,"[Soups, Main Dishes]",,"[butter, chopped onion, celery, fresh mushrooms, all-purpose flour, milk, shredded sharp cheddar cheese, cream of potato soup, pimentos, salt, pepper, hot sauce, oysters, saltines]",oysters
Chesapeake-Bay_style-Oyster-Shooters-My-Recipes,Chesapeake Bay-style Oyster Shooters,4,1500.0,"[Beverages, Cocktails]",[American],"[bloody mary mix, old bay seasoning, worcestershire sauce, vodka, hot sauce, oysters]",oysters
Beef-With-Broccoli-1374443,Beef With Broccoli,3,900.0,[Main Dishes],,"[low sodium soy sauce, corn starch, sherry, brown sugar, fresh ginger, garlic, flank steak, peanut oil, broccoli florets, beef broth, oyster sauce, salt, chow mein noodles]",oysters
Wild-Mushroom-Couscous-Lamb-Stuffed-Kabocha-Squash-1347798,Wild Mushroom Couscous Lamb Stuffed Kabocha Squash,4,4200.0,[Main Dishes],,"[kabocha squash, olive oil, shallots, garlic, wild mushrooms, rosemary, ground lamb, salt, pepper, fresh cranberries, couscous, crumbled blue cheese]",oysters
Wild-Mushroom-And-Leek-Crostini-1368310,Wild Mushroom And Leek Crostini,4,2700.0,[Appetizers],,"[french baguette, olive oil, mushrooms, leeks, kosher salt, fresh thyme leaves, fresh rosemary, garlic, goat cheese, cream, black pepper, chives]",oysters
Oyster-Dressing-The-Pioneer-Woman-200148,Oyster Dressing,5,,"[Side Dishes, Breads]",,"[cornbread, ciabatta, bacon fat, oysters, carrots, celery, onions, turkey, ground sage, rosemary, salt, pepper, eggs, fresh parsley, yellow corn meal, all-purpose flour, baking powder, buttermilk, milk, baking soda, shortening]",oysters
Taiwanese-Oyster-Omelet-443167,Taiwanese Oyster Omelet,5,1500.0,[Breakfast and Brunch],,"[ketchup, rice vinegar, sugar, soy sauce, miso paste, corn starch, cold water, eggs, salt, ground white pepper, sweet potato starch, vegetables, oysters, scallions, celery leaves]",oysters
Seared-Mushrooms-with-Garlic-and-Thyme-1316753,Seared Mushrooms with Garlic and Thyme,3,1800.0,,,"[olive oil, mushrooms, freshly ground pepper, kosher salt, unsalted butter, thyme, garlic cloves]",oysters
Easy-Chicken-Lo-Mein-1364161,Easy Chicken Lo Mein,4,1620.0,[Main Dishes],,"[boneless chicken breast, lo mein noodles, olive oil, garlic, fresh ginger, red bell pepper, carrots, snow peas, baby spinach, salt, pepper, low sodium soy sauce, oyster-flavor sauc, brown sugar, dark soy sauce, sesame oil, mirin, chili garlic paste, corn starch, cold water]",oysters
15-Minutes-Honey-Pepper-Beef-Stir-Fry-1375167,15-Minutes Honey Pepper Beef Stir Fry,4,,,,"[soy sauce, honey, oyster sauce, cubed beef, Sriracha, ground black pepper, corn flour]",oysters
Oysters-on-the-Half-Shell-with-Tarragon-Mignonette-483586,Oysters on the Half Shell with Tarragon Mignonette,5,1200.0,[Appetizers],,"[shallots, red wine vinegar, fresh tarragon, kosher salt, freshly ground pepper, dry red wine, crushed ice, oysters, lemon slices]",oysters
Oysters-on-the-Half-Shell-with-Apple-Horseradish-Slaw-458997,Oysters on the Half Shell with Apple-Horseradish Slaw,4,2400.0,[Appetizers],,"[oysters, granny smith apples, celery ribs, prepared horseradish, crème fraîche, coarse salt]",oysters
The-Darby_s-Oysters-Rockefeller-Martha-Stewart-196439,The Darby's Oysters Rockefeller,4,2700.0,[Appetizers],,"[oysters, unsalted butter, shallots, coarse salt, all-purpose flour, herbsaint, garlic, oil, heavy cream, baby spinach, watercress, fresh basil, fresh tarragon, grated parmesan cheese, panko, dry bread crumbs, scallions, lemon]",oysters
Chinese-Broccoli-with-Oyster-Sauce-676441,Chinese Broccoli with Oyster Sauce,4,900.0,[Side Dishes],"[Chinese, Asian]","[oyster sauce, sugar, peanut oil, gai lan, minced garlic, minced ginger]",oysters
Restaurant-style-Chinese-Greens-with-Oyster-Sauce-1261925,Restaurant-style Chinese Greens with Oyster Sauce,4,1500.0,,"[Chinese, Asian]","[greens, oyster sauce, water, cooking oil, sugar, white pepper, garlic, oil]",oysters
Potatoes-Stuffed-With-Mushrooms-1373969,Potatoes Stuffed With Mushrooms,4,3300.0,,,"[onions, mushrooms, margarine, white wine, potatoes, grating cheese, cream, seasoning, salt]",oysters
Oyster_-bacon-and-swiss-chard-gratin-348504,"Oyster, Bacon and Swiss Chard Gratin",0,3300.0,[Main Dishes],,"[thick-cut bacon, onions, garlic, butter, swiss chard, heavy cream, nutmeg, oysters, grated parmesan cheese, salt, bread crumbs]",oysters
Fried-oyster-po_-boy-331524,Fried Oyster Po' boy,3,1800.0,[Lunch and Snacks],,"[oysters, heirloom tomatoes, bibb lettuce, hoagie buns, tartar sauce, Tabasco Pepper Sauce, all-purpose flour, eggs, bread crumbs, salt, pepper, canola oil]",oysters
Garlic-lover_s-vegetable-stir-fry-with-eggplant_-zucchini_-and-yellow-squash-309526,"Garlic-Lover's Vegetable Stir Fry with Eggplant, Zucchini, and Yellow Squash",5,2400.0,[Side Dishes],,"[zucchini, peanut oil, minced garlic, onions, salt, oyster sauce]",oysters
Oyster-Stew-MyRecipes-262871,Oyster Stew,3,,"[Lunch and Snacks, Soups]",[Southern & Soul Food],"[shucked oysters, milk, cream, butter, salt, pepper, saltines, chopped celery, mace]",oysters
Black-pepper-steak-314998,Black Pepper Steak,5,3000.0,[Main Dishes],[Asian],"[beef tenderloin, cooking oil, garlic, fresh ginger, green bell pepper, red bell pepper, onions, ground black pepper, salt, soy sauce, oyster sauce, worcestershire sauce, chinese rice wine, corn starch, sesame oil, sugar]",oysters
Baked-King-Oyster-Mushroom-Calamari-577982,Baked King Oyster Mushroom Calamari,4,2400.0,,,"[oyster mushrooms, extra-virgin olive oil, lemon, sea salt, water, flax seed meal, panko breadcrumbs, nutritional yeast, sweet paprika, onion powder]",oysters
Oyster-Po_-Boy-960362,Oyster Po' Boy,4,2400.0,[Lunch and Snacks],,"[all-purpose flour, large eggs, cracker meal, dry bread crumbs, cornmeal, old bay seasoning, oysters, canola oil, loaves, tartar sauce, iceberg lettuce]",oysters
Corn-Bread-Oyster-Dressing-441149,Corn Bread Oyster Dressing,5,4800.0,[Side Dishes],,"[butter, yellow onion, celery ribs, fresh parsley, dried sage, dried tarragon leaves, crumbled corn bread, chicken stock, eggs, cayenne, ground black pepper, salt, shucked oysters]",oysters
Smoked-Oyster-Stuffed-Eggs-895228,Smoked Oyster-Stuffed Eggs,3,2100.0,[Appetizers],,"[oysters, eggs, mayonnaise, chives, dijon style mustard, freshly ground pepper]",oysters
Thai-Style-Coconut-Chicken-Soup-1368179,Thai-Style Coconut Chicken Soup,4,3600.0,[Soups],"[Thai, Asian]","[chicken stock, chicken breasts, scallions, lemongrass, ginger, soy sauce, cayenne pepper, shiitake, oysters, light coconut milk, sugar, lime zest, fresh lime juice, chopped cilantro, soup]",oysters
Mushroom-Rice-Pilaf-1255730,Mushroom Rice Pilaf,4,3000.0,[Side Dishes],,"[mushrooms, vegetable stock, long grain brown rice, thyme]",oysters
Oysters-Rockefeller-Epicurious,Oysters Rockefeller,5,,"[Appetizers, Main Dishes]",[American],"[garlic cloves, fresh spinach, watercress, green onions, unsalted butter, dry bread crumbs, pernod, fennel seeds, hot pepper sauce, rock salt, oysters, grated parmesan cheese]",oysters
Thai-Chicken-and-Cashew-Nut-Stir-Fry-1358898,Thai Chicken and Cashew Nut Stir Fry,4,,,,"[chicken breasts, onions, cashew nuts, dried chile, spring onions, garlic cloves, oil, oyster sauce, soy sauce, ketchup, sugar, dark soy sauce, water]",oysters
Ginger-and-Scallion-Beef-__-497024,Ginger and Scallion Beef (姜葱牛肉),0,1800.0,,,"[beef, oil, ginger, scallions, Shaoxing wine, oyster sauce, Maggi, corn starch, sesame oil, sugar, salt, white pepper]",oysters
Garlic-and-Oyster-Sauce-Broccoli-and-Pork-Chops-1328191,Garlic and Oyster Sauce Broccoli and Pork Chops,4,2100.0,[Main Dishes],,"[boneless chop pork, broccoli, garlic, oyster sauce, low sodium chicken broth, sesame oil, coconut oil]",oysters
Oyster-Po_boys-with-Creamy-Slaw-MyRecipes-265095,Oyster Po'boys with Creamy Slaw,4,2100.0,,[American],"[cabbage, carrots, green onions, reduced fat mayonnaise, apple cider vinegar, salt, ground black pepper, ground red pepper, low-fat buttermilk, yellow corn meal, all-purpose flour, paprika, shucked oysters, canola oil, wheat rolls]",oysters
Mushroom-and-bacon-breakfast-skillet-309085,Mushroom and Bacon Breakfast Skillet,5,2400.0,[Breakfast and Brunch],,"[bacon, cremini mushrooms, oyster mushrooms, arugula, pepper, salt, olive oil, large eggs]",oysters
Homemade-Potstickers-with-Three-Mushroom-Filling-1362312,Homemade Potstickers with Three-Mushroom Filling,3,3900.0,[Appetizers],[Asian],"[all-purpose flour, salt, dried shiitake mushrooms, button mushrooms, oyster mushrooms, scallions, garlic, dark soy sauce, light soy sauce, brown sugar, chili sauce, corn starch, vegetable oil]",oysters
Mushroom-Risotto-Simply-Recipes-42690,Mushroom Risotto,5,3300.0,,,"[butter, mushrooms, brandy, chicken stock, shallots, arborio rice, grated parmesan cheese, ground black pepper, salt, fresh parsley]",oysters
Kumamoto-Oysters-with-Ponzu-Granita-and-Tobiko-Epicurious-52475,Kumamoto Oysters with Ponzu Granita and Tobiko,5,9000.0,[Appetizers],[Asian],"[konbu, water, mirin, soy sauce, rice vinegar, yuzu juice, sugar, oysters, tobiko, seaweed]",oysters
Chinese-American-Beef-and-Broccoli-With-Oyster-Sauce-Serious-Eats-293166,Chinese-American Beef and Broccoli With Oyster Sauce,4,3000.0,[Main Dishes],[Chinese],"[flank steak, soy sauce, Shaoxing wine, corn starch, chicken stock, oyster sauce, sugar, oil, garlic, fresh ginger, scallions, vegetables, broccoli florets]",oysters
Home-Style-Meat-Sauce-Noodle-1352713,Home Style Meat Sauce Noodle,4,3600.0,[Main Dishes],,"[ground pork, shallots, oyster sauce, sweet soy sauce, light soy sauce, pepper, oil, noodles, green onions]",oysters
Chinese-Brown-Sauce-985619,Chinese Brown Sauce,3,300.0,[Condiments and Sauces],[Chinese],"[beef broth, oyster sauce, dark soy sauce, sugar, corn starch]",oysters
Loco-Moco-1365721,Loco Moco,4,1200.0,[Main Dishes],,"[ground beef, panko, onions, oyster sauce, worcestershire sauce, black pepper, vegetable oil, button mushrooms, butter, flour, beef stock, soy sauce, bourbon whiskey, large eggs]",oysters
Ranch-Oyster-Crackers-Allrecipes_1,Ranch Oyster Crackers,5,2700.0,[Appetizers],[American],"[dressing, dried dillweed, vegetable oil, lemon pepper, garlic powder, crackers]",oysters
Thai-Drunken-Zucchini-Noodles-with-Spicy-Honey-Chicken-1368870,Thai Drunken Zucchini Noodles with Spicy Honey Chicken,4,1800.0,[Main Dishes],"[Thai, Asian]","[hoisin sauce, low sodium soy sauce, oysters, sweet chili sauce, coconut oil, boneless chicken skinless thigh, salt, pepper, garlic chili sauce, honey, shallots, garlic cloves, red bell pepper, scallions, medium zucchini, sesame chili oil, roasted peanuts, thai basil]",oysters
Oyster-Biscuits-Martha-Stewart,Oyster Biscuits,4,2700.0,[Breads],,"[all-purpose flour, coarse salt, baking powder, ground cumin, cayenne pepper, unsalted butter, milk]",oysters
Creamy-Clam-Chowder-with-Pancetta-1373131,Creamy Clam Chowder with Pancetta,4,2400.0,[Soups],,"[pancetta, onions, thyme, garlic, red potato, celery, clams, clam juice, whole milk, bay leaf, flour, pepper, oyster crackers, parsley]",oysters
Original-Ranch-Oyster-Crackers-1010850,Original Ranch Oyster Crackers,4,1800.0,[Appetizers],,"[oysters, vegetable oil, ranch salad dressing mix]",oysters
Chicken_-Andouille_-and-Oyster-Gumbo-Epicurious-53509,"Chicken, Andouille, and Oyster Gumbo",5,6300.0,"[Soups, Main Dishes]",[Cajun & Creole],"[roasting hen, cayenne pepper, salt, vegetable oil, all-purpose flour, onions, green bell pepper, chopped celery, chicken broth, bay leaves, dri leav thyme, andouille sausage, shucked oysters]",oysters
Oysters-On-The-Half_shell-With-Tangerine_chili-Mignonette-My-Recipes,Oysters on the Half-Shell with Tangerine-Chili Mignonette,4,1200.0,[Appetizers],[American],"[tangerine, tangerine juice, rice vinegar, chili, shallots, pepper, shucked oysters, shells]",oysters
Deep-Fried-Oysters-with-BBQ-Sauce-and-Blue-Cheese-1179431,Deep-Fried Oysters with BBQ Sauce and Blue Cheese,4,1500.0,[Appetizers],,"[buttermilk, mayonnaise, crumbled blue cheese, ground black pepper, vegetable oil, all-purpose flour, salt, shucked oysters, eggs, bread crumbs, bbq sauce, scallions, lemon wedge]",oysters
Quick-_-Easy-Chinese-Noodle-Soup-1026706,Quick & Easy Chinese Noodle Soup,4,600.0,[Soups],[Asian],"[chicken stock, spring onions, oyster sauce, light soy sauce, dark soy sauce, chinese noodles, bok choy]",oysters
Thai-stir-fried-greens-308273,Thai Stir-Fried Greens,5,1200.0,[Side Dishes],,"[gai lan, oyster sauce, water, fish sauce, sugar, oil, garlic]",oysters
Roasted-Oysters-With-Lemon_anise-Stuffing-My-Recipes,Roasted Oysters with Lemon-Anise Stuffing,4,3000.0,[Appetizers],[American],"[white bread, butter, fennel, garlic cloves, fat free less sodium chicken broth, kosher salt, anise liqueur, parmigiano-reggiano cheese, fronds, grated lemon zest, fresh lemon juice, ground red pepper, shucked oysters]",oysters
Absinthe-Oysters-Recipe-from-Commander_s-Palace-980303,Absinthe Oysters Recipe from Commander's Palace,4,2400.0,,,"[oysters, bacon, shallots, garlic, absinthe, heavy cream, salt, white pepper, artichoke hearts, tarragon, bread crumbs]",oysters
_Souped_-Up-Crackers-1339687,"""Souped"" Up Crackers",4,2100.0,,,"[oyster crackers, butter, italian seasoning, mixed spice, grated parmesan cheese]",oysters
Oyster-Brioche-Stuffing-Martha-Stewart-194546,Oyster Brioche Stuffing,4,4200.0,[Appetizers],,"[brioche, butter, onions, celery ribs, garlic, salt, ground black pepper, grated nutmeg, cayenne pepper, cognac, shucked oysters, liquor, heavy cream, Italian parsley leaves]",oysters
Oyster-stuffing-with-fresh-herbs-346929,Oyster Stuffing with Fresh Herbs,0,4500.0,"[Appetizers, Side Dishes]",,"[baguette, butter, celery, scallions, chicken broth, oysters, liquid, fresh parsley, fresh tarragon, paprika, salt]",oysters
Panda-Express-Chow-Mein-_Perfect-Copycat_-1255107,Panda Express Chow Mein (Perfect Copycat),3,2100.0,,,"[Yakisoba noodles, oil, yellow onion, cabbage, celery, soy sauce, oyster sauce]",oysters
Oyster-Stew-with-Crispy-Prosciutto-961753,Oyster Stew with Crispy Prosciutto,4,1500.0,,,"[light cream, oysters, yellow onion, celery, prosciutto, unsalted butter, chopped parsley, corn starch, Tabasco Pepper Sauce]",oysters
Mignonette-for-oysters-317176,MIGNONETTE FOR OYSTERS,3,900.0,,,"[rice vinegar, fresh cilantro, jalapeno chilies, shallots, lime]",oysters
Lighter-Sweet-and-Sour-Chicken-1367745,Lighter Sweet and Sour Chicken,4,2700.0,[Main Dishes],,"[extra light olive oil, minced garlic, minced ginger, chicken broth, rice vinegar, honey, brown sugar, tomato paste, soy sauce, oyster sauce, corn starch, boneless skinless chicken breasts, large egg whites, black pepper, salt, bell pepper, small yellow onion, pineapple chunks]",oysters
Smoked-Oysters-on-the-Half-_Shell_-1084524,"Smoked Oysters on the Half ""Shell""",3,600.0,[Appetizers],,"[potato chips, oysters, sour cream, chives]",oysters
CHINESE-BROCCOLI-WITH-OYSTER-SAUCE-600122,CHINESE BROCCOLI WITH OYSTER SAUCE,3,1500.0,[Side Dishes],[Chinese],"[gai lan, vegetables, oyster sauce]",oysters
Mushroom-Ragout-557655,Mushroom Ragoût,3,5400.0,,[French],"[dried mushrooms, extra-virgin olive oil, shallots, garlic cloves, cremini mushrooms, wild mushrooms, salt, all-purpose flour, dry white wine, fresh rosemary, chopped fresh thyme, freshly ground pepper, flat leaf parsley]",oysters
Oyster-Sauce-Chicken-Thighs-AllRecipes,Oyster Sauce Chicken Thighs,4,3300.0,[Main Dishes],[Kid-Friendly],"[chicken thighs, salt, pepper, oyster sauce, minced garlic, splenda no calorie sweetener, water]",oysters
Simple-Vegetable-Stir-Fry-with-Oyster-Sauce-1173799,Simple Vegetable Stir Fry with Oyster Sauce,3,1500.0,,,"[broccoli, carrots, shiitake, garlic cloves, oyster sauce, sugar, water, oil]",oysters
Oyster_crab-Bisque-My-Recipes,Oyster-Crab Bisque,4,2100.0,[Soups],"[Southern & Soul Food, American]","[oysters, cooking spray, chopped onion, chopped celery, chopped green bell pepper, garlic cloves, all-purpose flour, fat free less sodium chicken broth, dried thyme, bay leaf, sliced green onions, nonfat evaporated milk, lump crab meat, salt, black pepper, ground black pepper]",oysters
Edamame-in-Ponzu-Sauce-1377399,Edamame in Ponzu Sauce,4,1500.0,,,"[frozen edamame beans, lower sodium soy sauce, fresh orange juice, fresh lemon juice, sesame oil, wine, green onions, crushed red pepper, teriyaki sauce, wasabi powder, sesame seeds, olive oil, sauce, Sriracha, light soy sauce, oyster sauce]",oysters
Baked-Oysters-With-Bacon-And-Leeks-Epicurious,Baked Oysters with Bacon and Leeks,5,,[Appetizers],"[Cajun & Creole, American]","[butter, all-purpose flour, whipping cream, bacon, leeks, chopped celery, bay leaf, cayenne pepper, dry white wine, pecorino romano cheese, oysters, bread crumb fresh]",oysters
Oyster-Mushroom-Bisque-from-My-New-Roots-1220033,Oyster Mushroom Bisque from My New Roots,4,2700.0,[Soups],,"[oyster mushrooms, coconut oil, onions, leeks, fine sea salt, dri leav thyme, garlic cloves, lemon, vegetable broth, white beans, ground black pepper, olive oil]",oysters
Grilled-Oysters-with-Tabasco-Leek-Butter-380130,Grilled Oysters with Tabasco-Leek Butter,3,2100.0,[Appetizers],,"[unsalted butter, leeks, sherry vinegar, large garlic cloves, fresh lemon juice, Tabasco Pepper Sauce, salt, oysters]",oysters
Oyster-Mushroom-Po-Boy-577980,Oyster Mushroom Po’ Boy,4,2700.0,,,"[oyster mushrooms, extra-virgin olive oil, lemon, sea salt, water, flax seed meal, panko breadcrumbs, nutritional yeast, sweet paprika, onion powder, garlic cloves, vegan mayonnaise, crust, bread, romaine lettuce]",oysters
Slow-Cooker-Beef-and-Broccoli-1319261,Slow Cooker Beef and Broccoli,4,7800.0,[Main Dishes],,"[beef broth, soy sauce, oyster sauce, Imperial Sugar Light Brown Sugar, sesame oil, garlic, boneless beef chuck roast, corn starch, broccoli]",oysters
Simple-and-Healthy-Steamed-Broccoli-1229870,Simple and Healthy Steamed Broccoli,4,900.0,[Side Dishes],,"[broccoli, oyster sauce, minced garlic, water]",oysters
Broccolini-with-oyster-sauce-324420,Broccolini with Oyster Sauce,0,1800.0,[Side Dishes],,"[brown rice, broccolini, mushrooms, ginger, garlic cloves, spring onions, oyster sauce, oil, salt]",oysters
Broiled-oysters-on-the-half-shell-344140,Broiled Oysters on the Half Shell,3,2100.0,,,"[oysters, shells, butter, olive oil, bread crumbs, green onions, parmigiano reggiano cheese, garlic cloves, flat leaf parsley, fresh thyme, fresh oregano, kosher salt, ground black pepper, ground red pepper, rock salt]",oysters
ASIAN-MUSTARD-GREENS-RICE-_-KUA-CHAI-PUI-1376465,ASIAN MUSTARD GREENS RICE / KUA CHAI PUI,4,3000.0,[Main Dishes],[Asian],"[jasmine rice, glutinous rice, hot water, gai choy, pork loin, garlic, shiitake, dried shrimp, oyster sauce, soy sauce, white pepper, oil]",oysters
Seasoned-Oyster-Crackers-969747,Seasoned Oyster Crackers,4,2400.0,[Appetizers],,"[canola oil, ranch dressing, dill weed, lemon pepper, garlic salt, onion powder, seasoning salt, white pepper, oyster crackers]",oysters
Duck-And-Oyster-Gumbo-My-Recipes,Duck and Oyster Gumbo,4,,"[Soups, Main Dishes]","[Cajun & Creole, American, French]","[vegetable oil, all-purpose flour, celery ribs, onions, green bell pepper, garlic cloves, duck stock, tomato paste, chopped fresh thyme, fresh oregano, molasses, hot sauce, salt, freshly ground pepper, ground red pepper, meat, oysters, fresh basil, cooked rice, green onions]",oysters
Black-Pepper-Beef-1217132,Black Pepper Beef,4,2100.0,[Main Dishes],,"[canola oil, beef, corn starch, garlic cloves, onions, sugar pea, brown sugar, soy sauce, oyster sauce, cracked black pepper]",oysters
College-Crackers-1347118,College Crackers,4,2700.0,,,"[ranch dressing, cayenne pepper, red pepper flakes, canola oil, oyster crackers]",oysters
Anne-Burrells-Braised-Chicken-Thighs-with-Mushrooms-and-Almond-Puree-1372075,Anne Burrell’s Braised Chicken Thighs with Mushrooms and Almond Purée,3,5100.0,[Main Dishes],,"[extra-virgin olive oil, chicken thighs, kosher salt, onions, crushed red pepper, garlic, mushrooms, dry white wine, chicken stock, thyme, bay leaves, blanched almonds, chopped fresh chives]",oysters
Warm-Mushroom-Arugula-Salad-1332171,Warm Mushroom Arugula Salad,3,1200.0,[Salads],,"[oyster mushrooms, olive oil, bread crumbs, grated parmesan cheese, balsamic vinegar, honey, salt, baby arugula, shaved parmesan cheese]",oysters
Asian-Beef-with-Vegetables-1372942,Asian Beef with Vegetables,4,1500.0,[Main Dishes],[Asian],"[oyster sauce, soy sauce, dry sherry, brown sugar, sweet chili sauce, vegetable oil, rump steak, black pepper, corn starch, mushrooms, red bell pepper, snow peas, garlic, ginger, mung bean sprouts, scallions]",oysters
Roasted-Garlic-Mushroom-Bruschetta-1316344,Roasted Garlic Mushroom Bruschetta,4,3000.0,[Appetizers],,"[baguette, olive oil, roasted garlic, garlic cloves, mushrooms, fresh thyme, balsamic vinegar, sea salt, ground pepper, lemon juice, fresh parsley]",oysters
Boiled-Oysters-with-Spicy-Mayo-Panko-Sauce-1169325,Boiled Oysters with Spicy Mayo Panko Sauce,4,900.0,[Appetizers],,"[oysters, mayonnaise, Sriracha, gluten free panko breadcrumbs, lemon juice]",oysters
OYSTERS-ROCKEFELLER-1052730,OYSTERS ROCKEFELLER,4,1500.0,,,"[frozen spinach, heavy cream, parmesan cheese, bread crumbs, crab seasoning]",oysters
Oysters-on-the-Half-Shell-with-Tarragon-Mignonette-767968,Oysters on the Half Shell with Tarragon Mignonette,3,1200.0,,,"[shallots, red wine vinegar, fresh tarragon, kosher salt, freshly ground pepper, dry red wine, crushed ice, oysters, lemon slices]",oysters
How-To-Make-Oyster-Cookies-1314087,How To Make Oyster Cookies,4,2400.0,[Desserts],,"[self rising flour, corn flour, butter, caster sugar, vanilla essence, eggs]",oysters
Oysters-Rockefeller-From-Usa-Weekend-Allrecipes,Oysters Rockefeller from USA Weekend,4,2100.0,[Appetizers],,"[extra-virgin olive oil, garlic cloves, frozen chopped spinach, fat free cream cheese, and fat free half half, freshly ground pepper, salt, ground nutmeg, oysters, grated parmesan cheese, hot pepper sauce]",oysters
Corn-Oysters-Martha-Stewart-194064,Corn Oysters,4,2700.0,"[Lunch and Snacks, Appetizers, Side Dishes]",,"[fresh corn, eggs, heavy cream, jalapeno chilies, all-purpose flour, baking powder, salt, cayenne pepper, sugar, vegetable oil, emerils original essence, creole seasoning]",oysters
Oyster-Pan-Roast-My-Recipes,Oyster Pan Roast,3,3000.0,[Main Dishes],[American],"[dry bread crumbs, grated parmesan cheese, butter, french bread, salt, ground black pepper, heavy whipping cream, shallots, fresh rosemary, ground white pepper, oysters, rosemary sprigs, fresh parsley]",oysters
Mom_s-New-England-Clam-Chowder-485344,Mom's New England Clam Chowder,4,4800.0,[Soups],,"[clams, minced onion, diced celery, red potato, carrots, butter, all-purpose flour, cream, red wine vinegar, salt, ground black pepper]",oysters
Oysters-with-a-champagne-cucumber-mignonette-317159,Oysters with a Champagne Cucumber Mignonette,3,1500.0,,,"[shells, champagne vinegar, shallots, cucumber, kosher salt, pepper, champagne]",oysters
Baked-Oyster-Dressing-Martha-Stewart-193799,Baked Oyster Dressing,5,4200.0,[Side Dishes],[American],"[unsalted butter, shucked oysters, vegetable oil, onions, chopped green bell pepper, chopped celery, coarse salt, emerils original essence, cayenne, bay leaves, chopped garlic, flat leaf parsley, scallions, french bread, grated parmesan cheese]",oysters
Chinese-Broccoli-With-Oyster-Sauce-and-Fried-Garlic-568562,Chinese Broccoli With Oyster Sauce and Fried Garlic,3,1800.0,[Side Dishes],"[Chinese, Asian]","[garlic, kosher salt, vegetables, sesame oil, oyster sauce, gai lan]",oysters
Beef-And-Broccoli-1320780,Beef And Broccoli,3,2400.0,[Main Dishes],[Chinese],"[rump steak, broccoli florets, peanut oil, onions, ginger, garlic, oyster sauce, soy sauce, sugar, stock, corn flour, Shaoxing wine, sesame oil, white pepper]",oysters
Oyster-stew-with-chorizo-and-spinach-317901,Oyster Stew with Chorizo and Spinach,5,1800.0,[Main Dishes],,"[olive oil, chorizo sausage, onions, whole milk, heavy cream, shucked oysters, spinach leaves, salt, ground black pepper]",oysters
Corn-Oysters-966274,Corn Oysters,3,1800.0,,,"[fresh corn, eggs, heavy cream, jalapeno chilies, all-purpose flour, baking powder, salt, cayenne pepper, sugar, vegetable oil, emerils original essence, creole seasoning]",oysters
Oyster-and-Cracker-Dressing-528617,Oyster and Cracker Dressing,3,3600.0,,,"[saltines, unsalted butter, liquor, oysters, heavy cream, fresh thyme leaves, Italian parsley leaves, lemon wedge]",oysters
Wild-Mushroom-Soup-1342557,Wild Mushroom Soup,4,600.0,[Soups],,"[mushrooms, shiitake, shallots, garlic cloves, thyme sprigs, butter, dry sherry, mushroom stock, lemon juice, salt, pepper, Tabasco Pepper Sauce]",oysters
Chinese-Stir-fry-Beef-Recipe---Stir-fry-Beef-With-Oyster-Sauce-985624,Chinese Stir-fry Beef Recipe - Stir-fry Beef With Oyster Sauce,3,1320.0,[Main Dishes],"[Chinese, Asian]","[beef steak, dark soy sauce, chinese rice wine, corn starch, water, vegetable oil, ginger, sliced mushrooms, carrots, oyster sauce, brown sugar, oil, salt, pepper]",oysters
Smokey-Shrimp-Burgers-with-Fried-Oysters-1119889,Smokey Shrimp Burgers with Fried Oysters,4,2400.0,[Main Dishes],,"[shrimp, egg whites, onions, apples, kosher salt, black pepper, Tabasco Pepper Sauce, chopped cilantro, bread crumbs, canola oil, mayonnaise, oysters, all-purpose flour, cayenne pepper, smoked paprika, vegetable oil, avocado, mixed greens, hamburger buns]",oysters
Jeff_s-Recipe-for-Oysters-in-a-Pan-AllRecipes-38639,Jeff's Recipe for Oysters in a Pan,5,3600.0,,,"[butter, onions, chopped green bell pepper, chopped garlic, green onions, chopped celery, shucked oysters, creole seasoning, worcestershire sauce, hot pepper sauce, all-purpose flour, chicken stock]",oysters
Oyster-po_-boy-pops-317168,Oyster Po' Boy Pops,3,1800.0,[Appetizers],,"[oysters, jalapeno chilies, tangerine, horseradish, eggs, cornmeal, flour, dried mixed herbs, canola oil, lemon, parsley]",oysters
Asian-Five-Spice-Chicken-1258578,Asian Five-Spice Chicken,4,1800.0,[Main Dishes],[Asian],"[chicken thighs, garlic, chinese five-spice powder, sesame oil, chinese rice wine, oyster sauce, soy sauce, sugar, salt, oil]",oysters
Smoked-Oysters-with-Olive-Relish-1085519,Smoked Oysters with Olive Relish,3,6300.0,[Appetizers],[Barbecue],"[chips, pitted kalamata olives, plum tomatoes, fresh basil, extra-virgin olive oil, capers, fresh lemon juice, ground black pepper, shucked oysters, lemon wedge]",oysters
Home-1358516,Home,3,2700.0,[Main Dishes],,"[grapeseed oil, pork tenderloin, kosher salt, pepper, unsalted butter, extra-virgin olive oil, oyster mushrooms, garlic cloves, chopped parsley, thyme sprigs, toasted walnuts, shallots, chives, sea salt flakes]",oysters
Diy-oyster-crackers-304752,DIY Oyster Crackers,5,4800.0,,,"[all-purpose flour, kosher salt, sugar, baking powder, unsalted butter, cold water]",oysters
Seasoned-Oyster-Crackers-Allrecipes,Seasoned Oyster Crackers,5,900.0,"[Lunch and Snacks, Appetizers]","[American, Kid-Friendly]","[crackers, vegetable oil, dressing, lemon pepper, dried dillweed, garlic salt]",oysters
Oven-Steamed-Mushrooms-in-Black-Pepper-Oyster-Sauce-1087993,Oven-Steamed Mushrooms in Black Pepper Oyster Sauce,4,3300.0,,[Barbecue],"[mushrooms, oyster sauce, ground black pepper, sugar, unsalted butter]",oysters
Quick-and-Versatile-Japanese-Spicy-Onion-Sauce-1318163,Quick and Versatile Japanese Spicy Onion Sauce,4,600.0,[Condiments and Sauces],"[Japanese, Asian]","[sweet onion, sesame oil, chili garlic paste, oyster sauce, sake, soy sauce, granulated white sugar]",oysters
Steamed-buns-with-tempura-king-oyster-mushrooms-and-agave-miso-mayonnaise-_vegan_-336138,Steamed Buns with Tempura King Oyster Mushrooms and Agave-Miso Mayonnaise (Vegan),5,3000.0,,"[Japanese, Asian]","[soy sauce, sake, sugar, mirin, oyster mushrooms, vegetables, corn starch, all-purpose flour, ice, kosher salt, sandwiches, mayonnaise, iceberg lettuce, scallions, cilantro leaves]",oysters
Sesame-Seitan-with-Oyster-Mushrooms-783154,Sesame Seitan with Oyster Mushrooms,4,1200.0,[Main Dishes],,"[lemon, soy sauce, corn starch, vegetable oil, sesame oil, seitan, ginger, garlic cloves, oyster mushrooms, green bell pepper, slice, sesame seeds, scallions]",oysters
Millet-and-Oyster-Mushroom-Bowls-1120536,Millet and Oyster Mushroom Bowls,3,2700.0,,,"[millet, oyster mushrooms, purple onion, olive oil, fresh thyme, lentils, roasted pumpkin seeds, apple cider vinegar, pure maple syrup, low sodium soy sauce, dried thyme, garlic, dijon mustard]",oysters
Easy-One-Pan-Pad-Thai-1369144,Easy One Pan Pad Thai,4,2400.0,[Main Dishes],[Asian],"[canola oil, sesame oil, onions, extra firm tofu, garlic, chili flakes, shrimp, eggs, sugar, fish sauce, oyster sauce, rice noodles, carrots, beansprouts, lime, peanuts, green onions]",oysters
Oysters-rockefeller-hash-327846,Oysters Rockefeller Hash,3,2700.0,"[Breakfast and Brunch, Main Dishes]",,"[oysters, extra-virgin olive oil, white sandwich bread, kosher salt, ground black pepper, anise seed, onions, fennel bulb, yukon gold potatoes, garlic cloves, frozen chopped spinach, cayenne pepper, eggs]",oysters
Oyster-Sauce-Chicken-1026208,Oyster Sauce Chicken,4,1800.0,[Main Dishes],,"[boneless chicken breast, red bell pepper, yellow bell pepper, snow peas, onions, olive oil, oyster sauce, garlic paste, soy sauce, rice vinegar, salt, pepper, water, basil]",oysters
Our-shuck-_-slurp-method-for-eating-oysters-317578,Our Shuck & Slurp method for eating Oysters,3,1500.0,,,"[oysters, horseradish, cocktail sauce]",oysters
Honey-Sesame-Chicken-Skewers-497032,Honey Sesame Chicken Skewers,0,4500.0,[Main Dishes],"[Asian, Chinese]","[chicken thighs, oil, white sesame seeds, scallions, soy sauce, oyster sauce, sesame oil, chinese rice wine, chinese five-spice powder, white pepper, honey]",oysters
Dim-Sum-Barbecue-Pork-Buns-1362070,Dim Sum Barbecue Pork Buns,4,1200.0,,,"[warm water, sugar, active dry yeast, heavy cream, bread flour, black sesame seeds, oil, shallots, oyster sauce, toasted sesame oil, soy sauce, dark soy sauce, chicken stock, flour, chinese barbecue pork]",oysters
Chili-Cranberry-Fusion-Meatballs-1367078,Chili Cranberry Fusion Meatballs,4,3900.0,"[Appetizers, Main Dishes]",,"[ground chicken, eggs, fresh cilantro, bread, garlic, sesame oil, chinese five-spice powder, black pepper, cranberry sauce, soy sauce, oyster sauce, rice vinegar, hot red pepper flakes]",oysters
Bubba_s-Crab-Stew-Recipe-by-Uncle-Bubba_s-Oyster-House-1036493,Bubba's Crab Stew Recipe by Uncle Bubba's Oyster House,4,3300.0,,,"[fennel bulb, celery, yellow onion, butter, self rising flour, base, heavy cream, cooking sherry, half & half, milk, crabmeat, salt, pepper]",oysters
Cornmeal-Pancakes-with-Mushroom-Confit-and-Eggs-1366224,Cornmeal Pancakes with Mushroom Confit and Eggs,3,6600.0,[Breakfast and Brunch],,"[mushrooms, unsalted butter, large garlic cloves, thyme sprig, fresh lemon juice, kosher salt, freshly ground black pepper, cornmeal, all-purpose flour, baking powder, baking soda, buttermilk, large eggs, cheddar cheese, vegetable oil, fried eggs, flat leaf parsley, thyme]",oysters
Hungarian-Mushroom-Soup-1316769,Hungarian Mushroom Soup,4,2700.0,[Soups],[Hungarian],"[onions, chicken stock, mixed mushrooms, paprika, dill weed, cayenne, soy sauce, butter, flour, milk, rice vinegar, parsley, sour cream, kosher salt, black pepper]",oysters
Thai-green-curry-_-Vegan-and-gluten-free-1372578,Thai green curry | Vegan and gluten free,4,1200.0,[Main Dishes],"[Thai, Asian]","[coconut oil, eggplant, green curry paste, oyster mushrooms, vegetable stock, coconut milk, lime leaves, baby corn, fish sauce, lime juice, caster sugar, red chili peppers, rice]",oysters
Low-Carb-Sesame-Chicken-1348385,Low Carb Sesame Chicken,4,2700.0,[Main Dishes],[Asian],"[boneless skinless chicken breasts, tapioca flour, broccoli florets, cauliflower, sesame seeds, tamari soy sauce, sesame oil, Sriracha, red pepper flakes, oyster sauce, sugar substitute, chicken broth, oil, salt, pepper, garlic, ginger, green onions]",oysters
Chicken-Velvet-Soup-1040990,Chicken Velvet Soup,3,1800.0,[Soups],,"[butter, milk, chicken broth, salt, flour, light cream, chicken]",oysters
Chicken-Chow-Mein-1318681,Chicken Chow Mein,3,1800.0,[Main Dishes],[Asian],"[PERDUE® FIT & EASY® Boneless, Skinless Chicken Breasts, sesame oil, salt, black pepper, chicken broth, soy sauce, oyster sauce, corn starch, granulated sugar, peanut oil, garlic, ginger, celery, napa cabbage, shredded carrots, scallions, crispy chow mein noodles]",oysters
Sourdough-Toasts-with-Mushrooms-and-Oysters-Epicurious-203534,Sourdough Toasts with Mushrooms and Oysters,5,5400.0,,,"[unsalted butter, country loaf, sourdough baguette, extra-virgin olive oil, mushrooms, kosher salt, heavy cream, oysters, shallots, flat leaf parsley, lardo]",oysters
Crispy-Bottomed-Oyster-Mushroom-Steaks-With-Chimichurri-Sauce-1059826,Crispy-Bottomed Oyster Mushroom Steaks With Chimichurri Sauce,4,1800.0,[Main Dishes],,"[canola oil, ground black pepper, salt, red wine vinegar, hand, chopped fresh mint, fine sea salt, chili flakes, oyster mushrooms, olive oil]",oysters
World_s-Easiest-Garlicky-Green-Beans-Stir-Fry-685309,World's Easiest Garlicky Green Beans Stir Fry,4,1800.0,[Side Dishes],,"[fresh green bean, peanut oil, chopped garlic, yellow onion, salt, water, oyster sauce]",oysters
Grandma-flaxel_s-crispy-fried-oysters-305718,Grandma Flaxel's Crispy Fried Oysters,5,,,[American],"[oysters, large eggs, saltines, corn oil, kosher salt]",oysters
Sweetbreads-with-Black-Mushrooms-and-Oyster-Sauce-442648,Sweetbreads with Black Mushrooms and Oyster Sauce,3,4200.0,,,"[dried black mushrooms, veal sweetbreads, lemon, chicken stock, oyster sauce, dry sherry, soy sauce, sugar, extra-virgin olive oil, yellow onion, garlic, scallions]",oysters
Pork-Pot-Stickers-1362343,Pork Pot Stickers,3,,,,"[ground pork, scallions, jicama, napa cabbage, garlic, cilantro, egg whites, oyster sauce, soy sauce, toasted sesame oil, vegetable oil, corn starch, salt, freshly ground black pepper, wonton wrappers, water, chili sauce]",oysters
Chanterelle-and-Parmesan-Oysters-Martha-Stewart-223597,Chanterelle and Parmesan Oysters,4,1500.0,[Appetizers],[American],"[unsalted butter, shallots, mushrooms, fresh lemon juice, flat leaf parsley, crème fraîche, black pepper, shells, parmigiano reggiano cheese]",oysters
Oysters-on-the-Half-Shell-with-Watermelon-Granita-Martha-Stewart-196995,Oysters on the Half Shell with Watermelon Granita,4,,,[American],"[watermelon, fresh lemon juice, freshly ground pepper, coarse salt, oysters, ice cubes, lemon zest]",oysters
Clean-Eating-Dinner-Recipe-Garlic-Spinach-Chicken-Stir-Fry-1256949,Clean Eating Dinner Recipe – Garlic Spinach Chicken Stir Fry,4,1200.0,[Main Dishes],,"[minced garlic, spinach leaves, chicken breasts, teas, cooking wine, extra-virgin olive oil]",oysters
YAKI-SOBA-_-FRIED-NOODLES-WITH-PORK-AND-CABBAGE-1377789,YAKI SOBA / FRIED NOODLES WITH PORK AND CABBAGE,4,3000.0,[Main Dishes],[Asian],"[pork shoulder, green cabbage, beansprouts, Chinese egg noodles, chicken stock cubes, oyster sauce, tonkatsu sauce, vegetable oil, salt, pepper, nori, beni shoga]",oysters
Oyster_-Eggplant_-and-Tasso-Gratin-Martha-Stewart-192166,"Oyster, Eggplant, and Tasso Gratin",4,3600.0,,[American],"[unsalted butter, oysters, all-purpose flour, chicken broth, heavy cream, coarse salt, freshly ground pepper, hot sauce, grated nutmeg, olive oil, eggplant, onions, tasso, garlic, sage, fresh rosemary]",oysters
Miso-Umami-Broth-with-Buckwheat-Noodles_-Pak-Choy-_-Oyster-Mushroooms-623383,"Miso Umami Broth with Buckwheat Noodles, Pak Choy & Oyster Mushroooms",3,3300.0,[Soups],[Asian],"[water, dried shiitake mushrooms, sun-dried tomatoes, garlic, miso paste, soy sauce, black peppercorns, pink peppercorns, chili flakes, coriander seeds, oil, buckwheat noodles, pak choi, oyster mushrooms]",oysters
Thai-Chili-Prawns-Spicy-Good_-1344116,Thai Chili Prawns Spicy-Good!,3,1200.0,[Main Dishes],[Thai],"[shrimp, oyster sauce, soy sauce, fish sauce, brown sugar, fresh red chili, minced garlic, lime juice, oil, fresh basil, green onions]",oysters
Chicken-Paillard-With-Curried-Oyster-Mushrooms-983548,Chicken Paillard With Curried Oyster Mushrooms,3,1500.0,[Main Dishes],,"[extra-virgin olive oil, boneless skinless chicken breast halves, kosher salt, ground black pepper, curry powder, oyster mushrooms, basil, garlic cloves, scallions]",oysters
Sauteed-Kale-with-Bacon-and-Garlic-1251111,Sautéed Kale with Bacon and Garlic,4,900.0,[Side Dishes],,"[bacon slices, garlic cloves, baby kale, salt, pepper]",oysters
Easy-Sesame-Chicken-608317,Easy Sesame Chicken,3,2400.0,[Main Dishes],,"[boneless skinless chicken breasts, corn starch, water, sugar, soy sauce, oyster sauce, garlic powder, broccoli, sesame seeds]",oysters
