id,recipeName,rating,totalTimeInSeconds,course,cuisine,ingredients
Dutch-Pancakes-1359189,Dutch Pancakes,3,2100.0,[Breakfast and Brunch],,"[butter, eggs, pancake, milk, all-purpose flour, salt, syrup, sugar, buttermilk, corn syrup, baking soda, vanilla extract, confectioners sugar]"
The-Best-_and-Easiest__-Pancake-1373129,The Best (and Easiest!) Pancake,4,2100.0,[Breakfast and Brunch],,"[all-purpose flour, sugar, baking powder, salt, milk, butter, large eggs, vegetable oil]"
Perfect-Pancakes-The-Pioneer-Woman-Cooks-_-Ree-Drummond-41350,Perfect Pancakes,5,1800.0,[Breakfast and Brunch],,"[cake flour, baking powder, sugar, salt, milk, large eggs, vanilla, butter, pancake syrup]"
Coconut-Chia-Protein-Pancakes-1374955,Coconut Chia Protein Pancakes,3,1200.0,[Breakfast and Brunch],,"[pancake flour, coconut flour, vanilla whey protein powder, baking powder, sea salt, chia seeds, coconut flakes, eggs, almond milk]"
Holiday-Pumpkin-Pancakes-1380334,Holiday Pumpkin Pancakes,4,1500.0,[Breakfast and Brunch],,"[pancake mix, milk, eggs, vanilla, pumpkin pie spice, pumpkin purée]"
Gingerbread-Pancakes-1363877,Gingerbread Pancakes,4,1200.0,[Breakfast and Brunch],,"[flour, baking powder, baking soda, salt, ground ginger, allspice, ground cloves, cinnamon, eggs, vanilla extract, molasses, buttermilk]"
Fluffy-Pancakes-1344383,Fluffy Pancakes,4,1800.0,[Breakfast and Brunch],,"[milk, white vinegar, all-purpose flour, white sugar, baking powder, baking soda, salt, eggs, butter, cooking spray]"
Banana-Walnut-Pancakes-1366904,Banana Walnut Pancakes,4,600.0,[Breakfast and Brunch],,"[flour, sugar, baking powder, salt, whole milk, vegetable oil, vanilla extract, large eggs, bananas, walnuts]"
Snickers-Pancakes-1367053,Snickers Pancakes,4,1800.0,[Breakfast and Brunch],,"[butter, large eggs, buttermilk, vanilla, all-purpose flour, granulated sugar, baking powder, baking soda, salt, snickers bars]"
Perfect-Pancakes-1313574,Perfect Pancakes,3,600.0,[Breakfast and Brunch],,"[all-purpose flour, granulated sugar, baking powder, salt, ground allspice, eggs, milk, vegetable oil, confectioners sugar, pancake syrup, butter]"
Perfect-Pancakes-1365314,Perfect Pancakes,4,1500.0,[Breakfast and Brunch],,"[whole wheat flour, all-purpose flour, toasted wheat germ, old-fashioned oats, baking powder, cinnamon, honey, sugar, low-fat milk, large eggs, oil]"
3-Ingredient-Banana-Pancakes-1360648,3 Ingredient Banana Pancakes,4,600.0,[Breakfast and Brunch],,"[eggs, cinnamon, bananas]"
Crispy-Cranberry-Buttermilk-Pancakes-1372379,Crispy Cranberry Buttermilk Pancakes,4,1500.0,[Breakfast and Brunch],,"[buttermilk, all-purpose flour, eggs, ground cinnamon, pure vanilla extract, baking soda, fresh cranberries, butter, maple syrup]"
Pancake-1286748,Pancake,4,1800.0,[Breakfast and Brunch],,"[flour, baking powder, baking soda, sugar, eggs, milk, butter]"
Gluten-Free-Buckwheat-Pancakes-1375010,Gluten Free Buckwheat Pancakes,4,780.0,[Breakfast and Brunch],,"[buckwheat flour, brown rice flour, flax seed meal, baking powder, cinnamon, salt, non dairy milk, pure maple syrup, pure vanilla extract]"
Lemon-Blueberry-Pancakes-1315604,Lemon Blueberry Pancakes,4,1500.0,[Breakfast and Brunch],,"[cake flour, salt, baking powder, sugar, evaporated milk, lemon, large eggs, vanilla, butter, blueberries, pancake syrup]"
Raspberry-Skillet-Pancake-1018232,Raspberry Skillet Pancake,4,3600.0,[Breakfast and Brunch],,"[buttermilk pancake mix, cold water, large eggs, unsalted butter, raspberries, confectioners sugar]"
Banana-Chia-Seed-Pancakes-1358241,Banana Chia Seed Pancakes,4,1500.0,[Breakfast and Brunch],,"[chia seeds, large eggs, bananas, baking powder, flour, milk, butter]"
Pumpkin-Pancakes-1367238,Pumpkin Pancakes,4,1500.0,[Breakfast and Brunch],,"[pumpkin purée, sugar, eggs, oil, milk, baking powder, baking soda, pumpkin pie spice, salt]"
Cinnamon-Roll-Pancakes-1373379,Cinnamon Roll Pancakes,4,1500.0,[Breakfast and Brunch],,"[cinnamon, unsalted butter, light brown sugar, ground cinnamon, glaze, cream cheese, powdered sugar, vanilla extract, pancake, all-purpose flour, baking powder, salt, milk, large eggs, canola oil]"
Pancake-1057627,Pancake,4,1200.0,[Breakfast and Brunch],,"[flour, sugar, salt, baking powder, eggs, milk, butter, vanilla]"
Classic-Pancakes-1119582,Classic Pancakes,4,1800.0,[Breakfast and Brunch],,"[all-purpose flour, unsalted butter, white sugar, baking powder, salt, eggs, milk, vanilla, pancake syrup, whipped cream]"
Fluffy-Pumpkin-Pancakes-1324470,Fluffy Pumpkin Pancakes,4,1200.0,[Breakfast and Brunch],,"[large eggs, pumpkin purée, whole milk, dark brown sugar, salt, vanilla extract, baking powder, all-purpose flour, ground cinnamon, ground ginger, ground nutmeg, ground cloves, butter, maple syrup]"
Pancakes-From-Scratch-1361947,Pancakes From Scratch,4,1500.0,[Breakfast and Brunch],,"[all-purpose flour, baking powder, salt, milk, eggs, melted butter, vanilla]"
Mashed-Potato-Pancakes-1370517,Mashed Potato Pancakes,4,1200.0,[Breakfast and Brunch],,"[mashed potatoes, large eggs, green onions, flour, salt, pepper]"
Banana-Oat-Pancakes-1360657,Banana Oat Pancakes,4,1800.0,[Breakfast and Brunch],,"[unsweetened almond milk, large eggs, bananas, pure vanilla extract, gluten, baking powder, ground cinnamon, sea salt, rolled oats, organic coconut oil, forest fruit]"
Perfectly-Fluffy-Pancakes-1343658,Perfectly Fluffy Pancakes,4,600.0,[Breakfast and Brunch],,"[self raising flour, sugar, baking powder, salt, eggs, milk, vanilla extract, maple syrup]"
Cinnamon-Apple-Pancakes-975888,Cinnamon Apple Pancakes,4,1200.0,[Breakfast and Brunch],,"[pancake, water, apples, sugar, cinnamon]"
Gingerbread-Pancakes-1362567,Gingerbread Pancakes,4,1500.0,[Breakfast and Brunch],,"[all-purpose flour, baking powder, ground cinnamon, ground ginger, ground cloves, dark brown sugar, molasses, large eggs, vegetable oil, milk, syrup, whipped cream, sprinkles]"
Cinnamon-Roll-Pancakes-1330153,Cinnamon Roll Pancakes,4,1500.0,[Breakfast and Brunch],,"[pancake, butter, light brown sugar, cinnamon, cream cheese, powdered sugar, vanilla]"
Easy-Whole-Wheat-Pancakes-1372129,Easy Whole Wheat Pancakes,4,900.0,[Breakfast and Brunch],,"[whole wheat flour, cultured buttermilk, eggs, melted butter, baking powder, sea salt]"
Pancake-Bacon-Dippers-1370435,Pancake Bacon Dippers,4,1800.0,[Breakfast and Brunch],,"[milk, white vinegar, vanilla extract, flour, sugar, baking powder, baking soda, salt, eggs, butter, Wright Brand Bacon]"
Egg-Free-Buttermilk-Pancakes-1374639,Egg Free Buttermilk Pancakes,4,600.0,[Breakfast and Brunch],,"[all-purpose flour, sugar, baking powder, baking soda, salt, buttermilk, applesauce, vegetable oil]"
Oatmeal-almond-pancakes-334089,Oatmeal Almond Pancakes,5,1200.0,[Breakfast and Brunch],,"[pancake mix, eggs, buttermilk, almond extract, quick-cooking oats]"
Basic-Pancakes-1316302,Basic Pancakes,4,1800.0,[Breakfast and Brunch],,"[all-purpose flour, sugar, baking powder, salt, large eggs, milk, unsalted butter, vanilla extract]"
Apple-Pancakes-with-Streusel-Topping-1356607,Apple Pancakes with Streusel Topping,4,1500.0,[Breakfast and Brunch],,"[flour, brown sugar, oats, salt, cinnamon, butter, pancake mix, apples]"
Blueberry-Buttermilk-Pancakes-1349172,Blueberry Buttermilk Pancakes,4,600.0,[Breakfast and Brunch],,"[all-purpose flour, baking powder, baking soda, kosher salt, sugar, ground cinnamon, fresh blueberries, buttermilk, large eggs, lemon]"
Simple-Pumpkin-Pancakes-1371276,Simple Pumpkin Pancakes,4,1200.0,[Breakfast and Brunch],,"[whole wheat flour, baking powder, sea salt, ground cinnamon, eggs, pumpkin purée, milk, melted butter]"
Pancake-Bites-1221193,Pancake Bites,4,2100.0,[Breakfast and Brunch],,"[pancake batter, fresh blueberries, pancake, bacon, cooking spray, melted butter, maple syrup]"
Gingerbread-Pancakes-1364390,Gingerbread Pancakes,4,1800.0,[Breakfast and Brunch],,"[all-purpose flour, baking powder, salt, ground cinnamon, ground ginger, ground cloves, dark brown sugar, eggs, light molasses, buttermilk, water]"
Strawberry-Pancakes-With-Strawberry-Syrup_homemade_-1363777,Strawberry Pancakes With Strawberry Syrup(homemade),4,1800.0,[Breakfast and Brunch],,"[all-purpose flour, granulated sugar, baking powder, salt, eggs, buttermilk, vanilla extract, ground cinnamon, yoghurt, strawberries, honey, whipping cream]"
Pumpkin-Pancakes-1377671,Pumpkin Pancakes,3,1800.0,[Breakfast and Brunch],,"[milk, pumpkin purée, eggs, vegetable oil, vinegar, all-purpose flour, brown sugar, baking powder, baking soda, ground allspice, ground cinnamon, ground ginger, salt, maple syrup]"
Pumpkin-Banana-Pancakes-with-Pumpkin-Spice-Syrup-1311207,Pumpkin Banana Pancakes with Pumpkin Spice Syrup,4,1800.0,[Breakfast and Brunch],,"[pancake, Gold Medal Whole Wheat Flour, dark brown sugar, baking powder, cinnamon, milk, vanilla, melted butter, large eggs, pumpkin, mashed banana, syrup, pure maple syrup, pumpkin pie spice]"
Jelly-Pancakes-with-chocolate-Avocado-Syrup-1373177,Jelly Pancakes with chocolate Avocado Syrup,4,1500.0,[Breakfast and Brunch],,"[yoghurt, lemon juice, bananas, jello, baking powder, salt, eggs, all-purpose flour, cocoa powder, avocado, jelly]"
Fluffy-Coconut-Flour-Pancakes-1321535,Fluffy Coconut Flour Pancakes,4,900.0,[Breakfast and Brunch],,"[eggs, milk, coconut oil, coconut flour, granulated sugar, baking powder, sea salt]"
Apple-Vanilla-Greek-Yogurt-Pancakes-1366334,Apple Vanilla Greek Yogurt Pancakes,4,780.0,[Breakfast and Brunch],,"[rolled oats, baking powder, cinnamon, unsweetened applesauce, large egg whites, nonfat greek yogurt, pure vanilla extract]"
_Double-Stuf-OREO-Pancakes_-1091311,~’Double Stuf’ OREO Pancakes!,4,1200.0,[Breakfast and Brunch],,"[OREO® Cookies, pancake mix, milk, cream cheese, powdered sugar]"
Banana-Pancakes-1339001,Banana Pancakes,4,2100.0,[Breakfast and Brunch],,"[bananas, sugar, vanilla essence, all-purpose flour, baking powder, eggs, milk, oil]"
Bacon-Strip-Pancakes-760498,Bacon Strip Pancakes,4,1500.0,[Breakfast and Brunch],,"[bacon, pancake batter, self rising flour, milk, large eggs, sugar, olive oil]"
Applesauce-Pancakes-1294903,Applesauce Pancakes,4,600.0,[Breakfast and Brunch],,"[eggs, milk, sugar, applesauce, baking soda, flour, cinnamon, salt, butter, pancake]"
Cinnamon-Pancakes-779543,Cinnamon Pancakes,4,1500.0,[Breakfast and Brunch],,"[whole milk, all-purpose flour, baking powder, salt, ground cinnamon, sugar, eggs, butter]"
Zucchini-Carrot-Pancakes-1345047,Zucchini Carrot Pancakes,4,1500.0,[Breakfast and Brunch],,"[vanilla, egg substitute, baking powder, zucchini, grated carrot]"
Rainbow-Pancakes-1176866,Rainbow Pancakes,4,1500.0,[Breakfast and Brunch],,"[pancake mix, milk, eggs, vanilla extract, food colouring]"
Perfect-Pancakes-986263,Perfect Pancakes,4,1800.0,[Breakfast and Brunch],,"[all-purpose flour, baking powder, salt, sugar, milk, eggs, melted butter]"
Pumpkin-Pancakes-1364289,Pumpkin Pancakes,3,1800.0,[Breakfast and Brunch],,"[milk, pumpkin purée, eggs, vegetable oil, vinegar, all-purpose flour, brown sugar, baking powder, baking soda, ground allspice, ground cinnamon, ground ginger, salt, maple syrup]"
Ultimate-Strawberry-Banana-Pancakes-1367443,Ultimate Strawberry Banana Pancakes,4,1260.0,[Breakfast and Brunch],,"[pancake, buttermilk, water, strawberries, bananas, sugar, lemon juice, corn starch, maple syrup, whipped cream]"
The-Perfect-Pancake-1371822,The Perfect Pancake,4,1800.0,[Breakfast and Brunch],,"[flour, milk, sugar, baking powder, eggs, salt]"
Pancake-1361951,Pancake,4,1500.0,[Breakfast and Brunch],,"[all-purpose flour, sugar, baking powder, baking soda, salt, eggs, buttermilk, oil, vanilla extract]"
Lemon-Pancakes-1013097,Lemon Pancakes,4,2400.0,[Breakfast and Brunch],,"[flour, baking powder, sugar, salt, milk, eggs, lemon, vanilla, butter]"
Easy-Blender-Pancakes-1379974,Easy Blender Pancakes,4,900.0,[Breakfast and Brunch],,"[cream cheese, eggs, protein powder, cinnamon, salt]"
Pumpkin-Pancakes-for-One-1358569,Pumpkin Pancakes for One,3,1800.0,[Breakfast and Brunch],,"[pumpkin purée, vanilla, large eggs, whole wheat flour, cinnamon, ground ginger, pumpkin pie spice, almond butter, baking powder]"
Blueberry-Pancakes-1359225,Blueberry Pancakes,4,1500.0,[Breakfast and Brunch],,"[whole wheat flour, baking powder, salt, sugar, skim milk, eggs, vegetable oil, frozen blueberries]"
Pumpkin-Chocolate-Chip-Pancakes-1358674,Pumpkin Chocolate Chip Pancakes,4,900.0,[Breakfast and Brunch],,"[flour, baking powder, baking soda, cinnamon, allspice, semi-sweet chocolate morsels, brown sugar, eggs, vanilla, pumpkin, canola oil, buttermilk]"
Paleo-Pumpkin-Pancakes-1337008,Paleo Pumpkin Pancakes,4,300.0,[Breakfast and Brunch],,"[eggs, pumpkin purée, maple syrup, baking powder, almond meal, coconut flour, cinnamon]"
Banana-Yogurt-Pancakes-1378906,Banana Yogurt Pancakes,4,2400.0,[Breakfast and Brunch],,"[large eggs, honey, bananas, yoghurt, baking powder, unsalted butter, all-purpose flour, ground cinnamon, salt]"
Sprouted-Wheat-Blueberry-Pancakes-1372751,Sprouted Wheat Blueberry Pancakes,4,660.0,[Breakfast and Brunch],,"[wheat flour, baking powder, sea salt, eggs, whole milk, blueberries]"
How-to-make-perfect-pancakes-306652,How to Make Perfect Pancakes,5,2100.0,[Breakfast and Brunch],,"[large eggs, whole milk, melted butter, salt, flour, baking powder, sugar]"
Spiced-Pumpkin-Pancakes-1368740,Spiced Pumpkin Pancakes,3,1800.0,[Breakfast and Brunch],,"[flour, sugar, baking powder, baking soda, milk, solid pack pumpkin, eggs, cinnamon, nutmeg, salt, oil]"
Easy-Potato-Pancakes-1343701,Easy Potato Pancakes,4,1500.0,[Breakfast and Brunch],,"[brown hash potato, grated parmesan cheese, all-purpose flour, garlic, large eggs, green onions, cayenne pepper, kosher salt, ground black pepper, olive oil]"
Light-_-Fluffy-Banana-Pancakes-1283741,Light & Fluffy Banana Pancakes,4,1500.0,[Breakfast and Brunch],,"[bananas, melted butter, large eggs, buttermilk, vanilla, all-purpose flour, cinnamon, baking powder, salt, brown sugar, butter cooking spray]"
German-Pancakes-1273823,German Pancakes,4,2400.0,[Breakfast and Brunch],,"[butter, eggs, milk, flour, salt]"
Buttermilk-Pancakes-1281407,Buttermilk Pancakes,4,4200.0,[Breakfast and Brunch],,"[flour, sugar, baking soda, baking powder, salt, buttermilk, whipping cream, large eggs]"
Almond-Flour-Pancakes-1372156,Almond Flour Pancakes,4,2100.0,[Breakfast and Brunch],,"[almond flour, baking powder, salt, eggs, pure vanilla extract, almond milk, pomegranate juice]"
Copycat-Pancake-House-Pancakes-1099272,Copycat Pancake House Pancakes,4,1800.0,[Breakfast and Brunch],,"[cake flour, all-purpose flour, sugar, baking powder, salt, vegetable oil, eggs, buttermilk]"
Everyday-Pancakes-1298381,Everyday Pancakes,3,1200.0,[Breakfast and Brunch],,"[all-purpose flour, baking powder, salt, sugar, eggs, milk, butter]"
Low-Carb-Blueberry-Protein-Pancakes-1353733,Low Carb Blueberry Protein Pancakes,4,1200.0,[Breakfast and Brunch],,"[bananas, eggs, baking powder, pure vanilla extract, cinnamon, salt, blueberries]"
Pancakes-345630,Pancakes,5,1800.0,[Breakfast and Brunch],,"[blanched almond flour, heavy cream, large eggs, salted butter, agave nectar, vanilla extract, baking soda, sea salt, butter]"
Gingerbread-Pancakes-1366166,Gingerbread Pancakes,4,900.0,[Breakfast and Brunch],,"[all-purpose flour, cinnamon, ground ginger, ground cloves, salt, baking powder, molasses, brown sugar, milk, eggs, canola oil]"
Vanilla-Buttermilk-Pancakes-1359921,Vanilla Buttermilk Pancakes,4,2400.0,[Breakfast and Brunch],,"[large eggs, brown sugar, vanilla essence, buttermilk, unsalted butter, baking powder, salt, all-purpose flour]"
Quick-_-Easy-Pancake-1378227,Quick & Easy Pancake,4,600.0,[Breakfast and Brunch],,"[self rising flour, lemonade, caster sugar, eggs]"
Hannah_s-Pancakes-1348969,Hannah's Pancakes,3,1500.0,[Breakfast and Brunch],,"[all-purpose flour, baking powder, salt, whole milk, large eggs, unsalted butter, sugar, melted butter, pure maple syrup]"
Fluffy-American-pancakes-569747,Fluffy American pancakes,3,2400.0,[Breakfast and Brunch],,"[plain flour, baking powder, salt, caster sugar, milk, large eggs, melted butter, maple syrup, butter]"
Ten-Minute-Mango-Pancakes-1366528,Ten Minute Mango Pancakes,4,900.0,[Breakfast and Brunch],,"[bananas, mango, blueberries, oats, nut butter, coconut oil, water, salt]"
Buttermilk-Pancakes-1264915,Buttermilk Pancakes,4,900.0,[Breakfast and Brunch],,"[all-purpose flour, white sugar, baking powder, baking soda, salt, buttermilk, milk, eggs, butter]"
Cinnamon-Roll-Pancakes-1322373,Cinnamon Roll Pancakes,4,1500.0,[Breakfast and Brunch],,"[all-purpose flour, baking powder, salt, cinnamon, milk, large eggs, vanilla extract, vegetable oil, unsalted butter, brown sugar, ground cinnamon]"
Paleo-Apple-Cinnamon-Pancakes-1355997,Paleo Apple Cinnamon Pancakes,4,1200.0,[Breakfast and Brunch],,"[eggs, bananas, apples, almond butter, cinnamon, nutmeg, pure vanilla extract, coconut oil]"
Applesauce-Pancakes-1019052,Applesauce Pancakes,4,1500.0,[Breakfast and Brunch],,"[pancake mix, quick oats, cinnamon, eggs, applesauce, vanilla, milk]"
Blueberry-Pancake-in-a-Jar-1067036,Blueberry Pancake in a Jar,4,1500.0,[Breakfast and Brunch],,"[flour, baking powder, organic sugar, vegan margarine, nut milk, blueberries]"
Gingerbread-Pancakes-1363979,Gingerbread Pancakes,4,1800.0,[Breakfast and Brunch],,"[fresh ginger, flour, baking powder, cinnamon, ground cloves, salt, milk, eggs, molasses, butter]"
Whole-Wheat-Apple-Pie-Pancakes-1360257,Whole Wheat Apple Pie Pancakes,4,900.0,[Breakfast and Brunch],,"[all-purpose flour, whole wheat flour, baking powder, apple pie spice, salt, eggs, applesauce, buttermilk, coconut oil, coconut, butter, diced apples, mixed spice]"
Chocolate-Chip-Pancakes-511341,Chocolate Chip Pancakes,5,2100.0,[Breakfast and Brunch],,"[large eggs, whole milk, melted butter, salt, flour, baking powder, sugar, chocolate chips]"
Strawberry-Shortcake-Pancakes-1377344,Strawberry Shortcake Pancakes,4,900.0,[Breakfast and Brunch],,"[flour, oats, baking powder, splenda, salt, eggs, milk, jelli strawberri, strawberries, cool whip]"
Easy-Blueberry-Pancakes-511199,Easy Blueberry Pancakes,5,1800.0,[Breakfast and Brunch],,"[all-purpose flour, baking powder, salt, sugar, large eggs, whole milk, unsalted butter, fresh blueberries, vegetable oil]"
Apple-pancakes-307171,Apple Pancakes,5,2100.0,[Breakfast and Brunch],,"[eggs, milk, all-purpose flour, baking powder, salt, sugar, apples, flavoring, vegetable oil, confectioners sugar]"
Lemon-Ricotta-Pancakes-1317956,Lemon Ricotta Pancakes,4,600.0,[Breakfast and Brunch],,"[pancake mix, cold water, ricotta cheese, lemon, powdered sugar, butter, Hungry Jack Syrup]"
Banana-Chia-Seed-Pancakes-1355979,Banana Chia Seed Pancakes,4,1500.0,[Breakfast and Brunch],,"[chia seeds, large eggs, bananas, baking powder, flour, milk, butter]"
Churro-Pancakes-589768,Churro Pancakes,4,900.0,[Breakfast and Brunch],,"[whole wheat pancake mix, water, sugar, cinnamon, butter]"
Strawberry-Pancakes-643969,Strawberry Pancakes,4,1800.0,[Breakfast and Brunch],,"[all-purpose flour, baking powder, salt, eggs, milk, honey, butter, strawberries]"
Snickers-Pancakes-1050204,Snickers Pancakes,4,900.0,[Breakfast and Brunch],,"[pancake batter, snickers bars, chocolate syrup, caramel sauce, peanuts]"
Banana-Walnut-Pancakes-1373356,Banana Walnut Pancakes,4,600.0,[Breakfast and Brunch],,"[flour, sugar, baking powder, salt, whole milk, vegetable oil, vanilla extract, large eggs, bananas, walnuts]"
Whole-Grain-Buttermilk-Pancakes-1376321,Whole-Grain Buttermilk Pancakes,3,3600.0,[Breakfast and Brunch],,"[whole wheat white flour, baking powder, baking soda, salt, large eggs, buttermilk, canola oil, sugar, vanilla]"
Making-Pancakes-Martha-Stewart,Making Pancakes,5,1800.0,[Breakfast and Brunch],,"[sugar, all-purpose flour, baking powder, salt, milk, large eggs, vegetable oil]"
Potato-and-Apple-Pancakes-1362424,Potato and Apple Pancakes,3,1800.0,[Breakfast and Brunch],,"[yukon gold potatoes, apples, dehydrated onion flakes, large eggs, table salt, black pepper, ground cinnamon, cooking spray, non-fat sour cream]"
Pumpkin-Chocolate-Chip-Pancakes-1351300,Pumpkin Chocolate Chip Pancakes,4,900.0,[Breakfast and Brunch],,"[flour, baking powder, baking soda, cinnamon, allspice, semi-sweet chocolate morsels, brown sugar, eggs, vanilla, pumpkin, canola oil, buttermilk]"
Pancakes-1052744,Pancakes,4,1500.0,[Breakfast and Brunch],,"[large eggs, milk, vanilla, melted butter, flour, white sugar, salt, baking powder]"
Red-Velvet-Pancakes-with-Dark-Chocolate-1348907,Red Velvet Pancakes with Dark Chocolate,4,1800.0,[Breakfast and Brunch],,"[all-purpose flour, eggs, salt, cocoa, bananas, milk, baking powder, sugar, food colouring, dragon fruit, honey, apple cider vinegar]"
Best-Breakfast-Pancakes-990185,Best Breakfast Pancakes,5,900.0,[Breakfast and Brunch],,"[all-purpose flour, baking powder, sugar, salt, large eggs, milk, unsalted butter, vegetable oil]"
Copycat-IHOP-Pumpkin-Pancakes-1333491,Copycat IHOP Pumpkin Pancakes,3,1500.0,[Breakfast and Brunch],,"[eggs, buttermilk, melted butter, pumpkin purée, sugar, salt, flour, baking powder, baking soda, cinnamon, allspice]"
Blueberry-Pancakes-1204219,Blueberry Pancakes,4,1800.0,[Breakfast and Brunch],,"[milk, large eggs, white sugar, vanilla extract, baking powder, salt, all-purpose flour, melted butter, blueberries, chocolate chips, maple syrup]"
Pumpkin-Pancakes-1280069,Pumpkin Pancakes,4,1500.0,[Breakfast and Brunch],,"[flour, wheat flour, brown sugar, baking powder, baking soda, allspice, cinnamon, ground ginger, salt, milk, vinegar, pumpkin, eggs, oil]"
Blueberry-Pancakes-with-Sprinkles-1210538,Blueberry Pancakes with Sprinkles,4,1200.0,[Breakfast and Brunch],,"[pancake mix, blueberries, sprinkles]"
Old-Fashioned-Homemade-Pancakes-1251465,Old Fashioned Homemade Pancakes,4,780.0,[Breakfast and Brunch],,"[flour, sugar, baking powder, salt, eggs, milk, cooking oil]"
IHOP-pancake-629692,IHOP pancake,3,1500.0,[Breakfast and Brunch],,"[flour, baking powder, baking soda, salt, eggs, buttermilk, melted butter, sugar]"
Oven-Baked-Chocolate-Chip-Pancakes-1363937,Oven Baked Chocolate Chip Pancakes,4,2100.0,[Breakfast and Brunch],,"[butter, eggs, all-purpose flour, milk, chocolate chips]"
Chocolate-Chip-Pancakes-1308752,Chocolate Chip Pancakes,4,1800.0,[Breakfast and Brunch],,"[all-purpose flour, sugar, baking powder, salt, large eggs, milk, vegetable oil, vanilla extract, semi-sweet chocolate morsels]"
Yogurt-Pancakes-978526,Yogurt Pancakes,4,1500.0,[Breakfast and Brunch],,"[all-purpose flour, baking powder, salt, honey, milk, plain greek yogurt, eggs, butter]"
A-Healthier-Pancake-1339707,A Healthier Pancake,4,600.0,[Breakfast and Brunch],,"[pancake mix, oats, flax seed meal, chopped walnuts, water, coconut oil, butter, maple syrup]"
Fluffy-Lemon-Ricotta-Pancakes-1370032,Fluffy Lemon Ricotta Pancakes,4,2100.0,[Breakfast and Brunch],,"[all-purpose flour, cornmeal, sugar, baking soda, baking powder, salt, grated nutmeg, milk, large eggs, whole milk ricotta cheese, lemon, oil]"
Spinach-Pancakes-1295580,Spinach Pancakes,4,1500.0,[Breakfast and Brunch],,"[pancake, baby spinach, milk, large eggs, all-purpose flour, olive oil, sugar, salt, baking powder, baking soda, oil, sauce, greek yogurt, feta cheese, black pepper]"
Healthy-Whole-Wheat-Chocolate-Chip-Pancakes-1373128,Healthy Whole Wheat Chocolate Chip Pancakes,4,1200.0,[Breakfast and Brunch],,"[whole wheat flour, flax seeds, brown sugar, salt, cinnamon, baking powder, large eggs, plain greek yogurt, milk, vanilla extract, butter]"
Paleo-Banana-Pancakes-1375776,Paleo Banana Pancakes,3,900.0,[Breakfast and Brunch],,"[bananas, large eggs, cinnamon, vanilla extract, butter]"
Cinnamon-apple-pancakes--299156,Cinnamon-apple Pancakes ,4,540.0,[Breakfast and Brunch],,"[pancake syrup, buttermilk complete mix waffle pancake, apple cider, golden delicious apples, eggs, Country Crock® Spread, ground cinnamon]"
Protein-Pancake-1286272,Protein Pancake,4,1200.0,[Breakfast and Brunch],,"[bananas, eggs, nut butter, cinnamon, vanilla extract]"
Fluffy-Old-Fashioned-Pancakes-1340871,Fluffy Old Fashioned Pancakes,4,2280.0,[Breakfast and Brunch],,"[milk, white vinegar, all-purpose flour, sugar, baking powder, baking soda, salt, large eggs, vanilla extract, butter, vegetable oil, maple syrup]"
Red-Velvet-Pancakes-1378851,Red Velvet Pancakes,4,900.0,[Breakfast and Brunch],,"[red velvet cake mix, milk, eggs, cooking oil, cooking spray]"
Oatmeal-Packet-Pancakes-1023974,Oatmeal Packet Pancakes,4,1500.0,[Breakfast and Brunch],,"[instant oatmeal, flour, eggs, milk, sugar, baking powder]"
Copycat-Cinnamon-Pancakes-1308272,Copycat Cinnamon Pancakes,4,600.0,[Breakfast and Brunch],,"[all purpose unbleached flour, sugar, baking powder, salt, eggs, milk, oil, chips, frosting, vanilla, butter, powdered sugar]"
Spiced-Pumpkin-Pancakes-1367419,Spiced Pumpkin Pancakes,3,1800.0,[Breakfast and Brunch],,"[flour, sugar, baking powder, baking soda, milk, solid pack pumpkin, eggs, cinnamon, nutmeg, salt, oil]"
Blueberry-Granola-Pancakes-1379354,Blueberry Granola Pancakes,4,960.0,[Breakfast and Brunch],,"[whole wheat flour, salt, baking powder, baking soda, sugar, applesauce, eggs, vanilla, lemon juice, granola, fresh blueberries, skim milk]"
Gingerbread-Pancakes-964312,Gingerbread Pancakes,3,1200.0,[Breakfast and Brunch],,"[all-purpose flour, ground cinnamon, baking powder, ground ginger, baking soda, salt, eggs, milk, molasses, vegetable oil]"
Whole-Wheat-Banana-Crunch-Pancakes-1358127,Whole Wheat Banana Crunch Pancakes,4,1200.0,[Breakfast and Brunch],,"[mashed banana, skim milk, nonfat greek yogurt, eggs, agave nectar, whole wheat white flour, oats, baking powder, baking soda, cinnamon, ground flaxseed, chopped nuts, granola]"
Simple-Banana-Ricotta-Pancakes-1374967,Simple Banana Ricotta Pancakes,4,1800.0,[Breakfast and Brunch],,"[all-purpose flour, baking powder, salt, eggs, bananas, ricotta cheese, vanilla, oil]"
Fluffy-Vegan-Whole-Wheat-Pancakes-1290258,Fluffy Vegan Whole Wheat Pancakes,4,900.0,[Breakfast and Brunch],,"[whole wheat flour, baking powder, sea salt, cinnamon, unsweetened almond milk, maple syrup]"
Lemon-Ricotta-Pancakes-965013,Lemon Ricotta Pancakes,4,1800.0,[Breakfast and Brunch],,"[all-purpose flour, granulated sugar, baking powder, baking soda, salt, milk, ricotta, large eggs, vanilla extract, lemon zest, fresh lemon juice, butter]"
CINNAMON-APPLESAUCE-PANCAKES-_2-WW-POINTS_-1363568,CINNAMON APPLESAUCE PANCAKES (2 WW POINTS),3,1500.0,[Breakfast and Brunch],,"[flour, baking powder, water, sugar, salt, cinnamon apple sauce, vanilla extract]"
Banana-Pancakes-1227884,Banana Pancakes,4,2100.0,[Breakfast and Brunch],,"[bananas, sugar, vanilla essence, all-purpose flour, baking powder, eggs, milk]"
Paleo-Pancakes-1215112,Paleo Pancakes,4,1200.0,[Breakfast and Brunch],,"[bananas, eggs, coconut flour, coconut oil]"
Japanese-Style-Pancakes-1058782,Japanese Style Pancakes,4,2100.0,[Breakfast and Brunch],,"[large eggs, milk, vanilla, sugar, baking powder, flour]"
Vegetable-Pancakes-1040263,Vegetable Pancakes,4,2100.0,[Breakfast and Brunch],,"[zucchini, potatoes, onions, eggs, pancake and waffle mix, salt, olive oil]"
Whole-Wheat-Peanut-Butter-Pancakes-_and-My-Peanut-Butter-Addiction-Confession_-1371397,Whole Wheat Peanut Butter Pancakes (and My Peanut Butter Addiction Confession),4,1200.0,[Breakfast and Brunch],,"[whole wheat flour, baking powder, sea salt, butter, natural peanut butter, milk, eggs]"
Roasted-Pear-_-Cardamom-Pancakes-1376851,Roasted Pear & Cardamom Pancakes,4,2400.0,[Breakfast and Brunch],,"[pears, unsalted butter, brown sugar, all-purpose flour, baking powder, baking soda, cinnamon, cardamom, salt, sour cream, large eggs]"
The-Ultimate-Pancakes-589481,The Ultimate Pancakes,3,1200.0,[Breakfast and Brunch],,"[Bisquick Baking Mix, sugar, baking powder, milk, vegetable oil, eggs, vanilla]"
Apple-Fritter-Pancakes-1324814,Apple Fritter Pancakes,4,900.0,[Breakfast and Brunch],,"[gluten free all purpose flour, baking powder, cinnamon, salt, almond milk, maple syrup, coconut oil, apples]"
Everyday-Pancakes-1008474,Everyday Pancakes,3,1200.0,[Breakfast and Brunch],,"[all-purpose flour, baking powder, salt, sugar, eggs, milk, butter]"
Basic-Pancakes-781653,Basic Pancakes,3,1800.0,[Breakfast and Brunch],,"[all-purpose flour, baking powder, granulated sugar, salt, large eggs, milk, melted butter]"
Gma_s-Featherlight-Pancakes-1016140,Gma's Featherlight Pancakes,4,1800.0,[Breakfast and Brunch],,"[all-purpose flour, baking powder, sugar, salt, eggs, milk, oil]"
Double-Chocolate-Pancakes-1042545,Double Chocolate Pancakes,4,1200.0,[Breakfast and Brunch],,"[eggs, milk, butter, flour, cocoa, salt, baking powder, sugar, chocolate chips]"
3-Ingredients-Banana-Pancakes-1356958,3 Ingredients Banana Pancakes,4,1500.0,[Breakfast and Brunch],,"[bananas, eggs, flour, powdered sugar, butter]"
Skinny-Pumpkin-Pancakes-1348075,Skinny Pumpkin Pancakes,4,1500.0,[Breakfast and Brunch],,"[whole wheat white flour, all-purpose flour, baking powder, ground ginger, ground nutmeg, salt, ground cinnamon, brown sugar, egg whites, skim milk, canola oil, pumpkin purée]"
Oatmeal-pancakes-305688,Oatmeal Pancakes,5,2400.0,[Breakfast and Brunch],,"[oat flour, all-purpose flour, sugar, baking powder, coarse salt, unsalted butter, whole milk, oatmeal, blackstrap molasses, large eggs]"
Fluffy-Whole-Wheat-Pancakes-1235723,Fluffy Whole Wheat Pancakes,4,1200.0,[Breakfast and Brunch],,"[whole wheat flour, baking powder, baking soda, salt, honey, vanilla, eggs, milk]"
Fluffy-Whole-Wheat-Pancakes-1321809,Fluffy Whole Wheat Pancakes,4,2100.0,[Breakfast and Brunch],,"[whole wheat flour, baking powder, baking soda, salt, honey, vanilla, eggs, milk, butter]"
Pumpkin-Pancakes-1302328,Pumpkin Pancakes,4,2400.0,[Breakfast and Brunch],,"[flour, salt, baking soda, cinnamon, nutmeg, ginger, brown sugar, pumpkin, buttermilk, eggs]"
Simple-Perfect-Pancakes-1316185,Simple Perfect Pancakes,4,900.0,[Breakfast and Brunch],,"[eggs, milk, melted butter, flour, baking powder, sugar, salt, vanilla]"
Blueberry-Pancakes-471868,Blueberry Pancakes,5,1500.0,[Breakfast and Brunch],,"[all-purpose flour, granulated white sugar, baking powder, salt, milk, large eggs, vegetable oil, frozen blueberries, maple syrup]"
Strawberry-Pancakes-1206112,Strawberry Pancakes,4,1500.0,[Breakfast and Brunch],,"[whole wheat flour, baking powder, salt, milk, large eggs, melted butter, vanilla, honey, frozen strawberries]"
Snickerdoodle-Pancakes-1069034,Snickerdoodle Pancakes,4,900.0,[Breakfast and Brunch],,"[all-purpose flour, baking powder, brown sugar, butter, eggs, milk, cinnamon, vanilla extract, salt]"
Buttermilk-Pancakes-1019732,Buttermilk Pancakes,4,2400.0,[Breakfast and Brunch],,"[all-purpose flour, baking powder, baking soda, salt, brown sugar, buttermilk, eggs, vegetable oil, vanilla]"
Cornmeal-Pancakes-_with-Blackberry-Syrup_-The-Pioneer-Woman-287108,Cornmeal Pancakes (with Blackberry Syrup),5,1800.0,[Breakfast and Brunch],,"[pancake, all-purpose flour, yellow corn meal, salt, baking powder, sugar, whole milk, large eggs, vanilla, butter, syrup, blackberries, water, corn starch, pancake syrup]"
5-Minute-Protein-Pancakes-1267630,5-Minute Protein Pancakes,4,600.0,[Breakfast and Brunch],,"[unsweetened vanilla almond milk, protein powder, bananas, cinnamon, egg whites]"
Gluten-Free-Pumpkin-Pancakes-1380099,Gluten Free Pumpkin Pancakes,4,2100.0,[Breakfast and Brunch],,"[brown rice flour, potato starch, tapioca starch, brown sugar, baking powder, baking soda, ground cinnamon, ground allspice, ground ginger, salt, xanthan gum, milk, pumpkin purée, unsalted butter, large eggs, white vinegar, milk chocolate chips]"
Chocolate-Chip-Pancakes-1051927,Chocolate Chip Pancakes,4,1200.0,[Breakfast and Brunch],,"[large eggs, milk, melted butter, salt, all-purpose flour, baking powder, sugar, chocolate chips]"
Peanut-Butter-and-Honey-Protein-Pancakes-1252465,Peanut Butter and Honey Protein Pancakes,4,900.0,[Breakfast and Brunch],,"[Adams 100% Natural Peanut Butter, eggs, baking powder, honey, milk]"
Aebleskivers_-aka-Danish-Pancakes-1349877,"Aebleskivers, aka Danish Pancakes",4,2100.0,[Breakfast and Brunch],,"[eggs, canola oil, sugar, flour, baking powder, buttermilk, salt]"
No-Milk-Pancakes-1031569,No Milk Pancakes,4,1200.0,[Breakfast and Brunch],,"[all-purpose flour, oil, salt, baking powder, sugar, water, eggs]"
Banana-Spiced-Pancakes-1225733,Banana Spiced Pancakes,4,1200.0,[Breakfast and Brunch],,"[oats, baking powder, cinnamon, bananas, milk, vanilla extract, eggs, coconut oil]"
Paleo-Pancakes-1284667,Paleo Pancakes,4,600.0,[Breakfast and Brunch],,"[eggs, honey, virgin coconut oil, almond milk, blanched almond flour, coconut flour, baking soda, baking powder, kosher salt]"
Cinnamon-Roll-Pancakes-1244301,Cinnamon Roll Pancakes,4,2700.0,[Breakfast and Brunch],,"[all-purpose flour, baking powder, salt, milk, canola oil, large eggs, pancake batter, butter, brown sugar, ground cinnamon, cream cheese, powdered sugar, vanilla extract]"
Quinoa-Pancakes-1010501,Quinoa Pancakes,4,3000.0,[Breakfast and Brunch],,"[eggs, liquid, soy milk, salad, quinoa, kosher salt, flour, baking powder, pancake, min, extra light olive oil]"
Peanut-Butter-and-Banana-Pancakes-1076820,Peanut Butter and Banana Pancakes,3,2100.0,[Breakfast and Brunch],,"[gluten, warm water, creamy peanut butter, salt, large eggs, bananas]"
Coconut-Flour-Pancakes-1223017,Coconut Flour Pancakes,4,900.0,[Breakfast and Brunch],,"[large eggs, water, vanilla extract, baking soda, coconut flour, sweetener, salt]"
Fluffy-Pancakes-1272469,Fluffy Pancakes,4,1800.0,[Breakfast and Brunch],,"[flour, sugar, baking powder, milk, water, butter]"
Oatmeal-raisin-pancakes-346504,Oatmeal-Raisin Pancakes,5,1500.0,[Breakfast and Brunch],,"[pancake, rolled oats, brown sugar, raisins, maple syrup]"
Honey-and-figs-Pancakes-1307708,Honey and figs Pancakes,4,2700.0,[Breakfast and Brunch],,"[all-purpose flour, milk, bananas, ground cinnamon, baking powder, salt, vanilla extract]"
Flourless-Banana-Pancakes-568149,Flourless Banana Pancakes,4,1200.0,[Breakfast and Brunch],,"[syrup, butter, spaghetti squash, pancake, blueberries, semi-sweet chocolate morsels, chopped walnuts, bananas, eggs, pumpkin purée, min]"
Fluffy_-Fluffy-Pancakes-1015206,"Fluffy, Fluffy Pancakes",4,1800.0,[Breakfast and Brunch],,"[all-purpose flour, baking powder, salt, white sugar, milk, large eggs, unsalted butter, pure vanilla extract, canola oil]"
Fluffy-Pancakes-1211622,Fluffy Pancakes,4,600.0,[Breakfast and Brunch],,"[buttermilk, all-purpose flour, sugar, baking powder, baking soda, salt, eggs, butter]"
Beet-Red-Velvet-Pancakes-1376634,Beet Red Velvet Pancakes,4,3000.0,[Breakfast and Brunch],,"[whole wheat white flour, baking powder, baking soda, salt, cocoa powder, large eggs, granulated sugar, buttermilk, pure vanilla extract, beets, cream cheese, powdered sugar, milk]"
Buckwheat-Pancake-1275940,Buckwheat Pancake,4,1500.0,[Breakfast and Brunch],,"[flour, buckwheat, sugar, baking powder, sea salt, large eggs, milk, coconut oil]"
Vegan-Banana-Protein-Pancakes-1369310,Vegan Banana Protein Pancakes,3,900.0,[Breakfast and Brunch],,"[bananas, vanilla extract, non dairy milk, gluten free all purpose flour, vanilla, baking powder, baking soda, cinnamon, coconut oil, agave nectar, chopped nuts]"
Matcha-Pancakes-1202059,Matcha Pancakes,4,1500.0,[Breakfast and Brunch],,"[eggs, milk, vegetable oil, sugar, vanilla extract, flour, matcha green tea powder, baking powder, salt]"
Flourless-Banana-Pancakes-980867,Flourless Banana Pancakes,3,1200.0,[Breakfast and Brunch],,"[bananas, eggs, vanilla extract, ground cinnamon, baking powder, maple syrup, fruit]"
Fruity-Pebbles-Confetti-Pancakes-1054268,Fruity Pebbles Confetti Pancakes,3,1800.0,[Breakfast and Brunch],,"[Fruity Pebbles Cereal, flour, baking powder, eggs, milk, low-fat vanilla yogurt, strawberries]"
Bacon-Pancakes-1066401,Bacon Pancakes,4,2100.0,[Breakfast and Brunch],,"[bacon, all-purpose flour, sugar, baking powder, milk, butter, eggs]"
Pumpkin-Oat-Pancakes-1372616,Pumpkin Oat Pancakes,4,1500.0,[Breakfast and Brunch],,"[whole wheat pastry flour, oats, baking powder, baking soda, honey, large egg whites, pumpkin purée, canola oil, low-fat milk, cinnamon]"
Best-Ever-Extra-Fluffy-Vegan-Pancakes-1315948,Best-Ever Extra Fluffy Vegan Pancakes,4,900.0,[Breakfast and Brunch],,"[all-purpose flour, baking powder, salt, water, sugar, maple syrup]"
Light-and-Fluffy-Buttermilk-Pancakes-1231889,Light and Fluffy Buttermilk Pancakes,4,900.0,[Breakfast and Brunch],,"[all-purpose flour, baking powder, baking soda, sugar, salt, buttermilk, large eggs, unsalted butter]"
Crazy-Easy-Banana-Pancakes-1004455,Crazy-Easy Banana Pancakes,4,1500.0,[Breakfast and Brunch],,"[bananas, large eggs, coconut flour, almond flour, baking powder, oil]"
Pumpkin-Spice-Pancakes-1335971,Pumpkin Spice Pancakes,4,1800.0,[Breakfast and Brunch],,"[all-purpose flour, sugar, baking powder, cinnamon, nutmeg, clove, salt, milk, solid pack pumpkin, large eggs, butter, vanilla extract]"
The-Secret-to-Fabulously-Fluffy-Buttermilk-Pancakes-751775,The Secret to Fabulously Fluffy Buttermilk Pancakes,4,1200.0,[Breakfast and Brunch],,"[buttermilk, milk, medium eggs, melted butter, flour, baking soda, baking powder, sugar, salt]"
Easy-Pancakes-1013209,Easy Pancakes,4,2400.0,[Breakfast and Brunch],,"[strawberries, blueberries, honey, pancake mix, rice milk, almond milk, eggs]"
Skinny-Banana-Pancakes-1324517,Skinny Banana Pancakes,4,900.0,[Breakfast and Brunch],,"[rolled oats, bananas, eggs, honey, baking powder, salt, vanilla, cinnamon, unsweetened almond milk, coconut oil]"
Scotch-Pancakes-1329436,Scotch Pancakes,4,2100.0,[Breakfast and Brunch],,"[all-purpose flour, baking powder, salt, caster sugar, eggs, oil, honey, butter]"
2-Ingredient-Sweet-Potato-Pancakes-1343873,2-Ingredient Sweet Potato Pancakes,3,1500.0,[Breakfast and Brunch],,"[sweet potatoes, eggs, cinnamon, allspice]"
Whole-Wheat-Banana-Pancakes-1204472,Whole Wheat Banana Pancakes,4,1200.0,[Breakfast and Brunch],,"[whole wheat flour, light brown sugar, baking powder, large eggs, skim milk, vanilla, bananas]"
Easy-Pancakes-Allrecipes,Easy Pancakes,4,900.0,[Breakfast and Brunch],,"[all-purpose flour, white sugar, baking powder, salt, eggs, milk, vegetable oil]"
Cheesecake-Pancakes-1081568,Cheesecake Pancakes,4,1200.0,[Breakfast and Brunch],,"[flour, pudding powder, sugar, baking powder, baking soda, salt, buttermilk, eggs, vegetable oil, butter, cream cheese, powdered sugar, milk, graham crackers]"
Chocolate-Chocolate-Chip-Pancakes-1026204,Chocolate Chocolate Chip Pancakes,4,900.0,[Breakfast and Brunch],,"[pancake, milk, baking mix, cocoa, water, chocolate chips]"
Tofu-Pancakes-779452,Tofu Pancakes,3,1800.0,[Breakfast and Brunch],,"[tofu, egg whites, strong flour, baking powder, vanilla essence, sugar]"
Perfect-Paleo-Pancakes-1243769,Perfect Paleo Pancakes,4,1200.0,[Breakfast and Brunch],,"[bananas, eggs, butter, cinnamon, baking soda, coconut oil]"
Blueberry-Pancakes-1347335,Blueberry Pancakes,3,1500.0,[Breakfast and Brunch],,"[self rising flour, eggs, carnation light evaporated milk, fresh blueberries, butter, vegetable oil]"
2-Ingredient-Pancakes-1264118,2-Ingredient Pancakes,4,1200.0,[Breakfast and Brunch],,"[bananas, eggs, baking powder, ground cinnamon]"
Ricotta-Pancakes-1367557,Ricotta Pancakes,3,900.0,[Breakfast and Brunch],,"[all-purpose flour, ricotta cheese, whole milk, eggs, sugar, lemon, vanilla extract, salt, baking powder, fresh blueberries, granulated sugar, mint]"
Almond-Pancakes-989950,Almond Pancakes,3,2100.0,[Breakfast and Brunch],,"[almond meal, almond milk, baking powder, sea salt, flax seed meal, cinnamon]"
Oven-Baked-Potato-Pancakes-_Latkes_-1376642,Oven Baked Potato Pancakes (Latkes),4,4500.0,[Side Dishes],,"[baking potatoes, onions, eggs, all-purpose flour, parmesan cheese, scallions, olive oil, salt, pepper]"
Sourdough-Pancakes-1346985,Sourdough Pancakes,3,1800.0,[Breakfast and Brunch],,"[sourdough starter, eggs, baking soda, milk]"
Pumpkin-Pancakes-679219,Pumpkin Pancakes,4,2100.0,[Breakfast and Brunch],,"[pancake, flour, cornmeal, sugar, baking powder, salt, cinnamon, allspice, beaten eggs, milk, solid pack pumpkin, vanilla]"
Egg-and-Cheese-Pancakes-1212790,Egg and Cheese Pancakes,4,900.0,[Breakfast and Brunch],,"[large eggs, salt, onion powder, pepper, fresh chives, baking powder, flour, shredded cheese, butter, sour cream]"
Fluffy-Lemon-Ricotta-Pancakes-1362434,Fluffy Lemon-Ricotta Pancakes,3,1680.0,[Breakfast and Brunch],,"[all-purpose flour, baking soda, table salt, low-fat buttermilk, large eggs, sugar, lemon zest, part-skim ricotta cheese, cooking spray]"
Three-Ingredient-Banana-Pancakes-1022026,Three-Ingredient Banana Pancakes,4,1500.0,[Breakfast and Brunch],,"[bananas, eggs, cinnamon]"
Healthy-_Skinny_-Oatmeal-Pancakes-1321863,Healthy {Skinny} Oatmeal Pancakes,4,1800.0,[Breakfast and Brunch],,"[quick oats, milk, wheat flour, white flour, sugar, baking powder, salt, applesauce, eggs]"
Apple-Spice-Pancakes-1346720,Apple Spice Pancakes,4,1200.0,[Breakfast and Brunch],,"[apples, butter, cinnamon, brown sugar, whole wheat pastry flour, oats, baking powder, nutmeg, ginger, eggs, vanilla extract, unsweetened applesauce, almond milk]"
Buttery-Cinnamon-Apple-Pancake-_for-Steve_-I-Adore-Food_-58000,Buttery Cinnamon Apple Pancake (for Steve),5,2400.0,[Breakfast and Brunch],,"[apples, butter, brown sugar, cinnamon, baking powder, all-purpose flour, salt, sugar, eggs, milk]"
Chocolate-Pancakes-1087581,Chocolate Pancakes,4,900.0,[Breakfast and Brunch],,"[flour, brown sugar, honey, baking powder, vanilla, salt, eggs, milk, vegetable oil, cocoa powder, mini chocolate chips]"
Buttermilk-Pancakes-472358,Buttermilk Pancakes,4,1500.0,[Breakfast and Brunch],,"[all-purpose flour, granulated white sugar, baking powder, baking soda, salt, low-fat buttermilk, vegetable oil, large eggs]"
Protein-Pancakes-753047,Protein Pancakes,4,1800.0,[Breakfast and Brunch],,"[whey, eggs, unsweetened vanilla almond milk, stevia, pure maple syrup, honey]"
3-Ingredient-Paleo-Pumpkin-Pancakes-with-Caramel-Sauce-1333367,3-Ingredient Paleo Pumpkin Pancakes with Caramel Sauce,4,1200.0,[Breakfast and Brunch],,"[pumpkin purée, eggs, almond flour, ground cinnamon, honey, coconut oil, coconut milk, chopped walnuts]"
Mom_s-Applesauce-Pancakes-Allrecipes,Mom's Applesauce Pancakes,5,1800.0,[Breakfast and Brunch],,"[pancake mix, ground cinnamon, eggs, applesauce, lemon juice, milk]"
Whole-Wheat-Pumpkin-Pancakes-1328475,Whole Wheat Pumpkin Pancakes,4,1200.0,[Breakfast and Brunch],,"[large eggs, whole wheat pastry flour, flax seed meal, pumpkin, low-fat yogurt, fat free milk, vanilla, baking powder, baking soda, salt, cinnamon, nutmeg, ground ginger, ground cloves, stevia]"
Protein-Pancakes-1255401,Protein Pancakes,4,1200.0,[Breakfast and Brunch],,"[oats, cottage cheese, protein powder, egg whites]"
Chocolate-Chip-Pancakes-1056165,Chocolate Chip Pancakes,4,1500.0,[Breakfast and Brunch],,"[all-purpose flour, sugar, baking powder, salt, milk, butter, eggs, vanilla extract, mini chocolate chips]"
Overnight-Einkorn-Blueberry-Pancakes-1344204,Overnight Einkorn Blueberry Pancakes,3,37800.0,[Breakfast and Brunch],,"[flour, sugar, baking powder, baking soda, salt, eggs, buttermilk, milk, butter, pure vanilla extract, blueberries]"
Funfetti-Pancakes_-1124426,Funfetti Pancakes.,4,2100.0,[Breakfast and Brunch],,"[all-purpose flour, granulated sugar, baking powder, salt, whole milk, large eggs, vegetable oil, vanilla extract, rainbow sprinkles, butter, powdered sugar]"
Pumpkin-Buttermilk-Pancakes-1366593,Pumpkin Buttermilk Pancakes,4,1500.0,[Breakfast and Brunch],,"[all-purpose flour, brown sugar, pumpkin pie spice, baking powder, baking soda, salt, buttermilk, pumpkin purée, large eggs, butter]"
Oatmeal_-Apple_-Cinnamon-Pancakes-1372604,"Oatmeal, Apple, Cinnamon Pancakes",4,1080.0,[Breakfast and Brunch],,"[oats, whole wheat pastry flour, baking powder, cinnamon, stevia, apples, canola oil, low-fat milk, large egg whites]"
Easy-Banana-Pancakes-1228915,Easy Banana Pancakes,4,2100.0,[Breakfast and Brunch],,"[all-purpose flour, baking powder, salt, sugar, large eggs, whole milk, unsalted butter, bananas]"
Paleo-Pancakes-503735,Paleo Pancakes,4,900.0,[Breakfast and Brunch],,"[bananas, eggs, strawberries, blackberries, fruit]"
Cinnamon-Roll-Pancakes-994953,Cinnamon Roll Pancakes,4,2100.0,[Breakfast and Brunch],,"[cinnamon, unsalted butter, light brown sugar, ground cinnamon, glaze, cream cheese, powdered sugar, vanilla extract, pancake, all-purpose flour, baking powder, salt, milk, large eggs, canola oil]"
Apple-Butter-Pancakes-1279469,Apple Butter Pancakes,4,1500.0,[Breakfast and Brunch],,"[pancake, apple butter, water, apple pie spice]"
Good-Old-Fashioned-Pancakes-604249,Good Old Fashioned Pancakes,3,1800.0,[Breakfast and Brunch],,"[all-purpose flour, baking powder, salt, white sugar, milk, eggs, butter]"
Battered-Banana-Pancakes-1009327,Battered Banana Pancakes,4,1800.0,[Breakfast and Brunch],,"[all-purpose flour, whole wheat flour, baking powder, salt, white sugar, milk, egg substitute, butter, bananas, canola oil]"
Homemade-Freezable-Pancakes-1245563,Homemade Freezable Pancakes,4,1200.0,[Breakfast and Brunch],,"[large eggs, milk, pure vanilla extract, flour, baking powder, salt, sugar]"
Norwegian-Pancakes-472933,Norwegian Pancakes,5,1500.0,[Breakfast and Brunch],,"[large eggs, all-purpose flour, salt, milk, melted butter, butter]"
Apple-Walnut-Pancakes-1366889,Apple Walnut Pancakes,4,2400.0,[Breakfast and Brunch],,"[all-purpose flour, sugar, baking powder, ground cinnamon, baking soda, salt, buttermilk, large eggs, melted butter, apples, chopped walnuts]"
Chocolate-Pancakes-Serious-Eats-200547,Chocolate Pancakes,5,2700.0,[Breakfast and Brunch],,"[all-purpose flour, cocoa powder, granulated sugar, baking powder, salt, baking soda, large eggs, unsalted butter, whole milk, semisweet chocolate, pure vanilla extract]"
Sweet-Potato-Pancakes-997045,Sweet Potato Pancakes,4,1200.0,[Breakfast and Brunch],,"[sweet potatoes, milk, cinnamon, vanilla, eggs, whole wheat flour, baking powder, salt]"
Vanilla-Pancakes-1035781,Vanilla Pancakes,4,1080.0,[Breakfast and Brunch],,"[baking soda, coconut flour, eggs, salt, pure vanilla extract, water]"
Cinnamon-Swirl-Pancakes-1057554,Cinnamon Swirl Pancakes,4,1200.0,[Breakfast and Brunch],,"[pancake, butter, brown sugar, cinnamon, powdered sugar, cream cheese, vanilla, milk]"
Easiest-Banana-Pancakes-896059,Easiest Banana Pancakes,3,1200.0,[Breakfast and Brunch],,"[bananas, almond butter, eggs, vanilla extract, cinnamon, baking powder]"
Perfect-Potato-Pancakes-1355007,Perfect Potato Pancakes,4,1260.0,[Breakfast and Brunch],,"[yukon gold potatoes, unsweetened almond milk, salt, pepper]"
3-Ingredient-Pancakes-1264650,3-Ingredient Pancakes,3,600.0,[Breakfast and Brunch],,"[large eggs, bananas, flour]"
Skippy_s-banana-chocolate-chip-pancakes-299587,Skippy's Banana-chocolate Chip Pancakes,4,900.0,[Breakfast and Brunch],,"[and bake mix origin pancak, Skippy Creamy Peanut Butter, milk, bananas, chocolate, chopped walnuts, ground cinnamon, large eggs]"
Pancakes-1117984,Pancakes,4,1200.0,[Breakfast and Brunch],,"[biscuit mix, almonds, large eggs, honey, vanilla extract, nutmeg]"
Blueberry-pancakes-_-Blueberry-pancake-607594,Blueberry pancakes | Blueberry pancake,3,1500.0,[Breakfast and Brunch],,"[all-purpose flour, fresh blueberries, milk, sugar, salt, oil, baking powder, honey, butter]"
Pancakes-1333828,Pancakes,3,2400.0,[Breakfast and Brunch],,"[flour, sugar, baking powder, salt, baking soda, milk, cream cheese, eggs, canola oil, semisweet chocolate, heavy cream, butter]"
Banana-Pancakes-for-Two-1336431,Banana Pancakes for Two,4,1500.0,[Breakfast and Brunch],,"[all-purpose flour, oats, granulated sugar, baking powder, baking soda, salt, unsalted butter, buttermilk, vanilla extract, bananas]"
The-Easiest-Scallion-Pancakes-1326245,The Easiest Scallion Pancakes,3,1200.0,[Breakfast and Brunch],,"[all-purpose flour, water, scallions, salt, chinese five-spice powder, vegetable oil]"
Bacon-Pancakes-Martha-Stewart-193215,Bacon Pancakes,5,1800.0,[Breakfast and Brunch],,"[all-purpose flour, sugar, baking powder, baking soda, coarse salt, buttermilk, unsalted butter, large eggs, bacon, pure maple syrup]"
Skinny-Pancakes-571962,Skinny Pancakes,4,900.0,[Breakfast and Brunch],,"[egg whites, gluten-free oat, bananas, vanilla extract, cinnamon]"
Banana-_-Vanilla-Protein-Pancakes-1359881,Banana & Vanilla Protein Pancakes,4,900.0,[Breakfast and Brunch],,"[oats, coconut flour, stevia, baking powder, psyllium husks, vanilla protein, bananas, eggs, milk, greek yogurt, cinnamon, cardamom, salt]"
3-ingredient-Banana-Pancakes-1040595,3-ingredient Banana Pancakes,4,1200.0,[Breakfast and Brunch],,"[bananas, eggs, almond meal, baking powder]"
Blueberry-Pancakes-611509,Blueberry Pancakes,3,3000.0,[Breakfast and Brunch],,"[all-purpose flour, salt, baking powder, white sugar, eggs, buttermilk, butter, fresh blueberries, cinnamon, vanilla]"
The-Simplest-Silver-Dollar-Pancakes-964419,The Simplest Silver Dollar Pancakes,3,1500.0,[Breakfast and Brunch],,"[pancake mix, cooking spray, ground cinnamon, maple syrup]"
Old-Fashioned-Pancakes-1359056,Old Fashioned Pancakes,4,1500.0,[Breakfast and Brunch],,"[all-purpose flour, baking powder, salt, sugar, milk, buttermilk, eggs, butter]"
African-Pancakes-1287477,African Pancakes,4,5100.0,[Breakfast and Brunch],,"[flour, milk, sugar, eggs, melted butter, vanilla flavoring, nutmeg, oil]"
Quinoa-Pancakes-552085,Quinoa Pancakes,3,2100.0,[Breakfast and Brunch],,"[cooked quinoa, all-purpose flour, baking powder, salt, large eggs, unsalted butter, low-fat milk, pure maple syrup, fruit]"
Damn-Amazing-Paleo-Pancakes-1211993,Damn Amazing Paleo Pancakes,3,1800.0,[Breakfast and Brunch],,"[bananas, eggs, coconut flour, cinnamon]"
Creme-Fraiche-Pancakes-1360940,Creme Fraiche Pancakes,4,1500.0,[Breakfast and Brunch],,"[all-purpose flour, sugar, baking soda, table salt, crème fraîche, milk, large eggs, butter]"
Pumpkin-Oatmeal-Pancakes-1349095,Pumpkin Oatmeal Pancakes,4,1500.0,[Breakfast and Brunch],,"[eggs, pumpkin purée, milk, brown sugar, vanilla extract, quick oats, whole wheat flour, baking powder, salt, ground cinnamon, ground ginger, ground cloves, nutmeg]"
Fluffy-Whole-Wheat-Pancakes-1237360,Fluffy Whole-Wheat Pancakes,4,1200.0,[Breakfast and Brunch],,"[whole wheat white flour, salt, baking powder, large eggs, whole milk, pure maple syrup, unsalted butter, pure vanilla extract]"
Chocolate-Peppermint-Pancakes-1361019,Chocolate Peppermint Pancakes,4,1200.0,[Breakfast and Brunch],,"[bisquick, baking powder, sugar, unsweetened cocoa powder, milk, eggs, peppermint extract, melted butter, chocolate syrup, whipped cream]"
Paleo_Gluten-Free-Pancakes-1013365,Paleo/Gluten Free Pancakes,4,1500.0,[Breakfast and Brunch],,"[eggs, coconut flour, salt, baking powder, baking soda, milk, honey]"
Pancake-and-Sausage-Muffins-1371505,Pancake and Sausage Muffins,4,2100.0,[Breakfast and Brunch],,"[whole wheat flour, baking powder, sea salt, milk, eggs, melted butter, turkey sausage, maple syrup]"
Fluffiest-Pancakes-Ever-1003379,Fluffiest Pancakes Ever,4,1200.0,[Breakfast and Brunch],,"[plain flour, baking powder, sugar, salt, large eggs, milk, butter]"
Homemade-Pancake-Mix_-675320,Homemade Pancake Mix!,4,1200.0,[Breakfast and Brunch],,"[all-purpose flour, baking powder, baking soda, salt, sugar, pancake mix, eggs, milk, melted butter]"
Blueberry-Buttermilk-Pancakes-1340799,Blueberry Buttermilk Pancakes,4,1800.0,[Breakfast and Brunch],,"[all-purpose flour, granulated sugar, baking powder, baking soda, salt, buttermilk, butter, large eggs, pure vanilla extract, fresh blueberries, vegetable oil]"
Homemade-Pancakes-1244060,Homemade Pancakes,4,1200.0,[Breakfast and Brunch],,"[flour, sugar, baking powder, salt, eggs, milk, oil]"
Sourdough-Pancakes-1097589,Sourdough Pancakes,4,1500.0,[Breakfast and Brunch],,"[pancake, sourdough, sourdough starter, sugar, eggs, oil, salt, baking soda, warm water]"
Malpua--Sweet-Indian-Pancakes-1368144,Malpua -Sweet Indian Pancakes,3,1800.0,[Breakfast and Brunch],[Indian],"[whole wheat flour, sugar, milk, curds, fennel seeds, poppy seeds, salt, ground cardamom, almonds, ghee]"
Dads-3-Ingredient-Pancakes-1010280,Dad’s 3 Ingredient Pancakes,4,1500.0,[Breakfast and Brunch],,"[flour, eggs, milk, salt]"
Buttermilk-Pancakes-1219654,Buttermilk Pancakes,3,1500.0,[Breakfast and Brunch],,"[all-purpose flour, granulated sugar, baking powder, baking soda, salt, eggs, buttermilk, cooking oil, fruit, syrup]"
Ombre-Pancakes-1025222,Ombre Pancakes,3,900.0,[Breakfast and Brunch],,"[pancake mix, food colouring]"
Fluffy-Buttermilk-Pancakes-1067091,Fluffy Buttermilk Pancakes,4,900.0,[Breakfast and Brunch],,"[all-purpose flour, sugar, baking powder, baking soda, salt, buttermilk, large eggs, vegetable oil]"
Blueberry-Pancake-Bake-994693,Blueberry Pancake Bake,4,12600.0,[Breakfast and Brunch],,"[all-purpose flour, sugar, baking powder, baking soda, salt, buttermilk, unsalted butter, vanilla extract, large eggs, blueberries, whole milk, heavy cream, granulated sugar, pancake, brown sugar, ground cinnamon, butter]"
Quinoa-Pancakes-1098022,Quinoa Pancakes,4,1800.0,[Breakfast and Brunch],,"[cooked quinoa, all-purpose flour, baking powder, large eggs, salt, unsalted butter, low-fat milk, pure maple syrup, ground flaxseed]"
IHOP-Pancakes-631582,IHOP Pancakes,3,1200.0,[Breakfast and Brunch],,"[nonstick spray, all-purpose flour, eggs, buttermilk, granulated sugar, baking powder, baking soda, cooking oil, salt]"
Perfect-Rainbow-Pancakes-995848,Perfect Rainbow Pancakes,4,1500.0,[Breakfast and Brunch],,"[all-purpose flour, white sugar, baking powder, salt, eggs, milk, vegetable oil]"
Matcha-pancakes-316385,Matcha Pancakes,3,2700.0,[Breakfast and Brunch],,"[unsalted butter, lemon juice, whole milk, all purpose unbleached flour, matcha, sugar, baking powder, baking soda, salt, large eggs, vegetable oil]"
Yummy-Power-Pancakes-1367558,Yummy Power Pancakes,4,2100.0,[Breakfast and Brunch],,"[whole wheat flour, rolled oats, salt, baking powder, milk, brown sugar, greek yogurt, vanilla extract, extra-virgin olive oil, large eggs, butter, maple syrup, blueberries]"
Healthy-Pancakes-562963,Healthy Pancakes,3,,,,"[oats, eggs, bananas, coconut oil, natural peanut butter, honey, milk]"
Perfect-Potato-Pancakes-1371531,Perfect Potato Pancakes,4,1260.0,[Breakfast and Brunch],,"[yukon gold potatoes, unsweetened almond milk, salt, pepper]"
Cinnamon-Bun-Pancakes-1285579,Cinnamon Bun Pancakes,3,900.0,[Breakfast and Brunch],,"[pancake batter, all-purpose flour, baking powder, salt, white sugar, buttermilk, eggs, butter, cinnamon, brown sugar, glaze, cream cheese, powdered sugar, vanilla extract, milk]"
Leftover-Oatmeal-Pancakes-1237367,Leftover Oatmeal Pancakes,4,900.0,[Breakfast and Brunch],,"[oatmeal, large eggs, vanilla, cinnamon, kosher salt, baking soda, unsalted butter, maple syrup]"
Vegan-Pancakes-1214928,Vegan Pancakes,3,600.0,[Breakfast and Brunch],,"[whole wheat flour, baking powder, salt, unsweetened soymilk, maple syrup, vanilla, cooking spray, fruit, jam, soy yogurt]"
Puffy-Pancakes-1356868,Puffy Pancakes,4,2700.0,[Breakfast and Brunch],,"[eggs, milk, flour, sugar, salt, butter, powdered sugar, fruit]"
Eggnog-Pancakes-1052992,Eggnog Pancakes,4,1500.0,[Breakfast and Brunch],,"[all-purpose flour, baking powder, salt, ground nutmeg, eggnog, large eggs, butter, rum extract, maple syrup]"
Hannah_s-Pancakes-Epicurious,Hannah's Pancakes,5,900.0,[Breakfast and Brunch],,"[all-purpose flour, baking powder, salt, whole milk, large eggs, unsalted butter, sugar, melted butter, pure maple syrup]"
Banana-Pancakes-Martha-Stewart,Banana Pancakes,5,1500.0,[Breakfast and Brunch],,"[all-purpose flour, sugar, baking powder, salt, large eggs, milk, unsalted butter, bananas]"
Flourless-Sweet-Potato-Pancakes-1366664,Flourless Sweet Potato Pancakes,4,1500.0,[Breakfast and Brunch],,"[potato puree, eggs, milk, vanilla extract, honey, coconut flour, baking soda, sea salt, butter oil]"
Quinoa-Pancakes-592421,Quinoa Pancakes,4,900.0,[Breakfast and Brunch],,"[cooked quinoa, baking powder, cinnamon, sea salt, stevia, vanilla, eggs]"
Crumpet-Pancakes-601700,Crumpet Pancakes,3,2700.0,[Breakfast and Brunch],,"[active dry yeast, honey, eggs, milk, flour, baking powder, salt]"
Best-Ever-Pancakes-1074373,Best Ever Pancakes,4,1500.0,[Breakfast and Brunch],,"[large eggs, milk, white vinegar, vegetable oil, sugar, all-purpose flour, baking powder, baking soda, salt, butter, powdered sugar, berries]"
Pumpkin-Pancakes-964083,Pumpkin Pancakes,4,1800.0,[Breakfast and Brunch],,"[all-purpose flour, brown sugar, baking powder, salt, cinnamon, ground ginger, nutmeg, large eggs, canola oil, nonfat milk, pumpkin]"
Apple-Cinnamon-Pancakes-with-Cardamom-Spiced-Honey-Apple-Compote-1298831,Apple Cinnamon Pancakes with Cardamom Spiced Honey Apple Compote,4,2400.0,[Breakfast and Brunch],,"[pancake and waffle mix, eggs, whole milk, applesauce, cinnamon, melted butter, salt, butter, Fuji Apple, brown sugar, honey, ground cardamom, water]"
Pinterest-Pancakes-1334461,Pinterest Pancakes,4,900.0,[Breakfast and Brunch],,"[egg whites, rolled oats, cottage cheese, sugar, cinnamon, vanilla]"
Kartoffelpuffer-_Potato-Pancakes_-441379,Kartoffelpuffer (Potato Pancakes),5,3000.0,[Breakfast and Brunch],,"[russet potatoes, flour, yellow onion, eggs, kosher salt, ground white pepper, canola oil, applesauce]"
Yogurt-Pancakes-1042762,Yogurt Pancakes,3,600.0,[Breakfast and Brunch],,"[flour, sugar, baking powder, baking soda, salt, plain yogurt, eggs, melted butter, oil]"
Blueberry-Pancakes-1341181,Blueberry Pancakes,4,1500.0,[Breakfast and Brunch],,"[whole wheat flour, baking powder, salt, sugar, skim milk, eggs, vegetable oil, frozen blueberries]"
Spinach-Pancakes-1027312,Spinach Pancakes,4,1800.0,[Breakfast and Brunch],,"[fresh spinach, flax seeds, warm water, rice flour, baking powder, minced garlic, maple syrup]"
Pumpkin-Spice-Pancakes-484794,Pumpkin Spice Pancakes,5,2400.0,[Breakfast and Brunch],,"[all-purpose flour, brown sugar, baking powder, salt, ground cinnamon, ground nutmeg, ground ginger, ground cloves, milk, pumpkin purée, large eggs, vegetable oil]"
Coconut-Pancakes-1254106,Coconut Pancakes,4,2400.0,[Breakfast and Brunch],,"[sweetened coconut flakes, all-purpose flour, sugar, baking powder, salt, large eggs, coconut milk, unsalted butter, vanilla extract]"
Light-and-Fluffy-Pancakes-_with-cottage-cheese_-1260221,Light and Fluffy Pancakes (with cottage cheese),4,1800.0,[Breakfast and Brunch],,"[cottage cheese, flour, canola oil, large eggs, cooking spray]"
Essential-Buttermilk-Pancake-939698,Essential Buttermilk Pancake,4,660.0,[Breakfast and Brunch],,"[all-purpose flour, granulated sugar, baking powder, baking soda, salt, buttermilk, eggs, melted butter, butter]"
Spinach-Pancakes-601688,Spinach Pancakes,3,900.0,,,"[fresh spinach, buttermilk, large eggs, oil, whole wheat flour, sugar, baking powder, baking soda, salt]"
Whole-Wheat-Pancakes-with-Balsamic-Caramel-Apples-1369008,Whole Wheat Pancakes with Balsamic Caramel Apples,4,2100.0,[Breakfast and Brunch],,"[whole wheat flour, baking powder, eggs, kosher salt, whole milk, granulated sugar, unsalted butter, whole milk ricotta cheese, confectioners sugar, maple syrup, granny smith apples, balsamic vinegar]"
Fluffy-Clinton-Street-Pancakes-1325167,Fluffy Clinton Street Pancakes,3,2100.0,[Breakfast and Brunch],,"[plain flour, baking powder, sugar, salt, eggs, whole milk, butter, vanilla extract]"
Easy-Breezy-Pancakes-1280960,Easy Breezy Pancakes,4,1500.0,[Breakfast and Brunch],,"[eggs, coconut flour, baking soda, baking powder, vanilla extract, butter, syrup]"
Sourdough-Pancakes-604081,Sourdough Pancakes,3,1500.0,[Breakfast and Brunch],,"[sourdough starter, maple syrup, vegetable oil, eggs, salt, baking soda, baking powder]"
Nutella-Filled-Pancake-Pops-1371895,Nutella-Filled Pancake Pops,4,1200.0,"[Desserts, Breakfast and Brunch]",,"[self rising flour, caster sugar, baking powder, eggs, melted butter, Nutella]"
Funfetti-Pancakes-1041244,Funfetti Pancakes,4,1500.0,[Breakfast and Brunch],,"[all-purpose flour, granulated sugar, baking powder, baking soda, buttermilk, large eggs, oil, sprinkles]"
Bacon-pancakes-368698,Bacon Pancakes,4,1800.0,[Breakfast and Brunch],,"[pancake batter, bisquick, butter, bacon, maple syrup]"
Vegan-Pancakes-Allrecipes,Vegan Pancakes,5,900.0,[Breakfast and Brunch],,"[all-purpose flour, white sugar, baking powder, salt, water, oil]"
Duck-Fat-Pancakes-1350256,Duck Fat Pancakes,3,3300.0,[Breakfast and Brunch],,"[whole milk, large eggs, all-purpose flour, corn starch, baking powder, sugar, kosher salt, duck fat, unsalted butter, pure maple syrup]"
The-Ultimate-Pancake-1057340,The Ultimate Pancake,4,1500.0,[Breakfast and Brunch],,"[self rising flour, salt, caster sugar, eggs, milk, melted butter]"
Banana-nut-pancakes-352517,Banana Nut Pancakes,5,1200.0,[Breakfast and Brunch],,"[whole wheat flour, baking powder, salt, cinnamon, bananas, 1% low-fat milk, large egg whites, oil, vanilla, chopped walnuts, olive oil cooking spray]"
Banana-Nut-Pancakes-1370506,Banana Nut Pancakes,4,1200.0,[Breakfast and Brunch],,"[bananas, large eggs, baking powder, vanilla extract, walnuts, butter, maple syrup, coconut chips, powdered sugar]"
2-Ingredient-Sweet-Potato-Pancakes-1221168,2-Ingredient Sweet Potato Pancakes,4,1500.0,[Breakfast and Brunch],,"[sweet potatoes, eggs, vanilla extract, cinnamon]"
Perfect-Pancakes-1008259,Perfect Pancakes,3,2700.0,[Breakfast and Brunch],,"[plain flour, medium eggs, low-fat milk, vegetable oil]"
Sweet-Potato-Pancakes-1331759,Sweet Potato Pancakes,4,2100.0,[Breakfast and Brunch],,"[unsalted butter, all-purpose flour, ground cinnamon, ground nutmeg, baking powder, baking soda, salt, large eggs, buttermilk, milk, brown sugar, sweet potatoes, maple syrup, chopped pecans]"
Basic-Pancakes-747249,Basic Pancakes,4,2400.0,[Breakfast and Brunch],,"[milk, eggs, oil, flour, sugar, baking powder, baking soda, salt, melted butter]"
Pumpkin-Pancakes-494676,Pumpkin Pancakes,4,900.0,[Breakfast and Brunch],,"[all-purpose flour, sugar, baking powder, baking soda, salt, pumpkin pie spice, eggs, buttermilk, melted butter, solid pack pumpkin]"
Paleo-Pancakes-1037389,Paleo Pancakes,4,1500.0,[Breakfast and Brunch],,"[mashed banana, eggs, coconut flour, vanilla essence, cinnamon]"
IHOP-pancake-1084474,IHOP pancake,4,1500.0,[Breakfast and Brunch],,"[flour, baking powder, baking soda, salt, eggs, buttermilk, melted butter, sugar]"
Light-and-Fluffy-Buckwheat-Pancakes-472080,Light and Fluffy Buckwheat Pancakes,4,1800.0,[Breakfast and Brunch],,"[milk, large eggs, buckwheat flour, salt, granulated white sugar, baking powder, butter oil]"
Homemade-Buttermilk-Pancakes-1369747,Homemade Buttermilk Pancakes,4,2400.0,[Breakfast and Brunch],,"[all purpose unbleached flour, baking powder, baking soda, salt, granulated sugar, buttermilk, unsalted butter, large eggs, lemon zest, vanilla extract, fresh blueberries, orange juice, pure maple syrup, fresh lemon juice, orange zest, kosher salt]"
Zucchini-and-potato-pancakes-348631,Zucchini-and-Potato Pancakes,0,2100.0,"[Breakfast and Brunch, Main Dishes]",,"[zucchini, pancake]"
Moms-Best-Pancakes-From-Scratch-1272888,Mom’s Best Pancakes From Scratch,4,1500.0,[Breakfast and Brunch],,"[all-purpose flour, baking powder, sugar, salt, eggs, milk, unsalted butter, vanilla extract]"
Pumpkin-Protein-Pancakes-1369309,Pumpkin Protein Pancakes,3,1200.0,[Breakfast and Brunch],,"[buckwheat flour, non dairy milk, pumpkin purée, ground flaxseed, dates, baking powder, baking soda, ground cinnamon, coconut oil]"
EGGNOG-PANCAKES-1373210,EGGNOG PANCAKES,4,1500.0,[Breakfast and Brunch],,"[all-purpose flour, salt, nutmeg, sugar, baking powder, eggs, eggnog, melted butter]"
Whole-Wheat-Pecan-Waffles-or-Pancakes-1361800,Whole Wheat Pecan Waffles or Pancakes,3,1800.0,[Breakfast and Brunch],,"[old-fashioned oats, skim milk, whole wheat white flour, baking powder, baking soda, pecans, salt, butter, eggs, vanilla extract]"
Potato-Pancakes-1044903,Potato Pancakes,3,1800.0,[Side Dishes],,"[yukon gold potatoes, milk, margarine, salt, pepper, carrots, finely chopped onion, green onions, chopped parsley, all-purpose flour, canola oil]"
Easy-Oreo-Pancakes-1095656,Easy Oreo Pancakes,4,600.0,[Breakfast and Brunch],,"[all-purpose flour, baking powder, baking soda, salt, OREO® Cookies, large eggs, whole milk, unsalted butter]"
Cinnamon-Roll-Pancakes-472773,Cinnamon Roll Pancakes,5,2100.0,[Breakfast and Brunch],,"[unsalted butter, light brown sugar, ground cinnamon, cream cheese, powdered sugar, vanilla extract, all-purpose flour, baking powder, salt, milk, large eggs, canola oil]"
Pumpkin-Maple-Pancakes-1348072,Pumpkin Maple Pancakes,3,1500.0,[Breakfast and Brunch],,"[all-purpose flour, whole wheat flour, ground flaxseed, baking powder, ground cinnamon, salt, large eggs, 1% low-fat milk, pure pumpkin, pure maple syrup, vanilla extract]"
The-Best-Pancake-1253600,The Best Pancake,4,1500.0,[Breakfast and Brunch],,"[flour, baking powder, sugar, salt, milk, butter, eggs]"
Cinnamon-Apple-Pancakes-1251075,Cinnamon Apple Pancakes,4,2100.0,[Breakfast and Brunch],,"[all-purpose flour, baking powder, granulated sugar, ground cinnamon, nutmeg, salt, eggs, butter, milk, vanilla, apples, water]"
Shortcut-Potato-Pancakes-964252,Shortcut Potato Pancakes,3,1800.0,[Breakfast and Brunch],,"[potatoes, onions, milk, salt, eggs, flour, oil, sugar]"
Cinnamon-Apple-Dutch-Baby-Pancake-1341987,Cinnamon Apple Dutch Baby Pancake,4,2400.0,[Breakfast and Brunch],,"[butter, gala apples, flour, milk, salt, baking powder, sugar, eggs, cinnamon]"
Persian-Pumpkin-Pancakes---KAKA-1323264,Persian Pumpkin Pancakes - KAKA,4,5100.0,[Breakfast and Brunch],,"[eggs, white sugar, rosewater, pumpkin purée, all-purpose flour, baking powder, ground cinnamon, cooking oil, pistachios, chopped walnuts, powdered sugar]"
Buttermilk-Pancakes-1282360,Buttermilk Pancakes,3,1500.0,[Breakfast and Brunch],,"[all-purpose flour, sugar, Fleischmann's RapidRise Yeast, salt, baking soda, buttermilk, Mazola Corn Oil, eggs]"
Mini-german-pancakes-370017,Mini German Pancakes,5,1800.0,[Breakfast and Brunch],,"[milk, eggs, flour, salt, vanilla, orange zest, butter]"
_Mocha-Nut-Dream-Pancakes_-1294003,~Mocha-Nut Dream Pancakes!,4,1200.0,[Breakfast and Brunch],,"[pancake mix, coconut, plain yogurt, sweetened coconut flakes, semi-sweet chocolate morsels]"
Easy-Protein-Pancakes-546333,Easy Protein Pancakes,4,1500.0,[Breakfast and Brunch],,"[vanilla, eggs, bananas, cinnamon]"
Elvis-Peanut-Butter-Pancakes-1301345,Elvis Peanut Butter Pancakes,4,600.0,[Breakfast and Brunch],,"[mashed banana, peanut butter, pure vanilla extract, water, liquid sweetener, spelt flour, baking powder, salt]"
Healthy-Everyday-Pancakes-1228925,Healthy Everyday Pancakes,4,900.0,[Breakfast and Brunch],,"[whole wheat flour, white flour, baking powder, sugar, salt, milk, greek yogurt, eggs, vanilla extract, oil]"
Cinnamon-Roll-Pancakes-1070990,Cinnamon Roll Pancakes,3,2100.0,[Breakfast and Brunch],,"[all-purpose flour, baking powder, salt, milk, large eggs, vegetable oil, unsalted butter, brown sugar, ground cinnamon]"
Pumpkin-Chocolate-Chip-Pancakes-1338062,Pumpkin Chocolate Chip Pancakes,4,1500.0,[Breakfast and Brunch],,"[pancake mix, water, pumpkin purée, pumpkin pie spice, vanilla, chocolate chips]"
Lemon-Pancakes-1289681,Lemon Pancakes,4,1800.0,[Breakfast and Brunch],,"[crème fraîche, unsalted butter, eggs, flour, baking powder, sugar, lemon juice, lemon zest, vegetable oil]"
Whole-Grain-Pumpkin-Pancake-1335981,Whole Grain Pumpkin Pancake,4,1200.0,[Breakfast and Brunch],,"[flour, baking powder, pumpkin pie spice, salt, pancake, bananas, pumpkin, maple syrup, large eggs, coconut oil, almond milk]"
Mashed-Potato-and-Cabbage-Pancakes-1348285,Mashed Potato and Cabbage Pancakes,3,3900.0,[Side Dishes],,"[cabbage, mashed potatoes, chives, fresh marjoram, baking powder, salt, freshly ground pepper, all-purpose flour, eggs, sunflower oil]"
Applesauce-Pancakes-with-Cinnamon-Syrup-1361776,Applesauce Pancakes with Cinnamon Syrup,4,2100.0,[Breakfast and Brunch],,"[flour, baking powder, ground ginger, nutmeg, salt, Truvía® Brown Sugar Blend, ground cinnamon, eggs, milk, oil, cinnamon apple sauce, Truvía® Baking Blend, all-purpose flour, vanilla, water]"
Classic-Dinner-Pancakes-499516,Classic Dinner Pancakes,4,1500.0,[Breakfast and Brunch],,"[eggs, flour, baking soda, salt, sugar, buttermilk, butter]"
Blueberry-Pancakes-932024,Blueberry Pancakes,4,1200.0,[Breakfast and Brunch],,"[nonfat blueberry greek yogurt, large eggs, honey, whole wheat flour, baking soda, fresh blueberries]"
Perfect-Pancakes-1321953,Perfect Pancakes,4,2100.0,[Breakfast and Brunch],,"[flour, milk, white sugar, baking powder, distilled vinegar, salt, baking soda, cinnamon, large eggs, vanilla, butter]"
Two-_Actually_-Three_-Ingredient-Pancakes-With-Lime-and-Honey-496665,"Two (Actually, Three) Ingredient Pancakes With Lime and Honey",4,1200.0,[Breakfast and Brunch],,"[large eggs, bananas, baking powder, butter, lime wedges, honey]"
Puffy-Apple-Oven-Pancake-1313849,Puffy Apple Oven Pancake,4,3000.0,[Breakfast and Brunch],,"[butter, brown sugar, ground cinnamon, apples, eggs, flour, milk, salt]"
Ricotta-Pancakes-1315683,Ricotta Pancakes,3,1500.0,[Breakfast and Brunch],,"[whole milk ricotta cheese, eggs, granulated sugar, all-purpose flour, baking powder, vanilla extract, oil]"
Oatmeal-Protein-Pancakes-1050621,Oatmeal Protein Pancakes,3,900.0,[Breakfast and Brunch],,"[olive oil cooking spray, egg whites, oatmeal, whey protein powder, bananas]"
Chai-Zucchini-Pancakes-1355569,Chai Zucchini Pancakes,4,1200.0,[Breakfast and Brunch],,"[all-purpose flour, sugar, baking powder, ground cinnamon, ground cardamom, ground cloves, ground ginger, sea salt, cracked black pepper, milk, unsalted butter, large eggs, vanilla extract, zucchini, butter, syrup, berries]"
Gluten-Free-Pancakes-541642,Gluten Free Pancakes,3,1500.0,[Breakfast and Brunch],,"[gluten-free flour, eggs, low-fat milk, butter]"
Green-Pancakes-1099269,Green Pancakes,4,900.0,[Breakfast and Brunch],,"[baby spinach leaves, water, bananas, vanilla, sugar, oil, eggs, plain greek yogurt, milk, all-purpose flour, baking powder, salt, butter, yoghurt, honey, fruit, syrup]"
Gluten-free-Pancakes-with-Blueberry_-Banana-and-Honey-1363668,"Gluten-free Pancakes with Blueberry, Banana and Honey",4,1500.0,[Breakfast and Brunch],,"[oat flour, gluten-free baking powder, chia seeds, fine sea salt, milk, large free range egg, blueberries, coconut oil, bananas]"
Paleo-Pancakes-1273186,Paleo Pancakes,4,900.0,[Breakfast and Brunch],,"[bananas, eggs, strawberries, blackberries, fruit]"
Blueberry-Pancake-Bites-1026254,Blueberry Pancake Bites,3,1800.0,[Breakfast and Brunch],,"[pancake batter, fresh blueberries, pancake, bacon, cooking spray, melted butter, maple syrup]"
Amazing-Buttermilk-Pancakes-1053222,Amazing Buttermilk Pancakes,4,2100.0,[Breakfast and Brunch],,"[all-purpose flour, granulated sugar, baking powder, baking soda, salt, large eggs, canola oil, pure vanilla extract, low-fat buttermilk]"
Aebleskiver-Danish-Pancakes-1251147,Aebleskiver Danish Pancakes,4,1500.0,[Breakfast and Brunch],,"[flour, nutmeg, baking powder, sugar, large eggs, whole milk, vanilla extract, melted butter, Nutella, grated orange]"
2-Ingredient-Toddler-Pancakes-1052041,2-Ingredient Toddler Pancakes,4,900.0,[Breakfast and Brunch],,"[bananas, eggs, butter oil, ground cinnamon]"
Peaches-and-Cream-Pancakes-1229393,Peaches and Cream Pancakes,4,2700.0,[Breakfast and Brunch],,"[peaches, water, honey, pure vanilla extract, cinnamon, ground ginger, kosher salt, unsalted butter, pancake mix, fat, greek yogurt]"
Whole-Wheat-Pecan-Waffles-or-Pancakes-1361742,Whole Wheat Pecan Waffles or Pancakes,3,1800.0,[Breakfast and Brunch],,"[old-fashioned oats, skim milk, whole wheat white flour, baking powder, baking soda, pecans, salt, butter, eggs, vanilla extract]"
Pecan-and-Pumpkin-Pie-Pancakes-1346464,Pecan and Pumpkin Pie Pancakes,3,1800.0,[Breakfast and Brunch],,"[pecans, bisquick, baking powder, cinnamon, brown sugar, pumpkin purée, milk, large eggs, butter, maple syrup]"
Buttermilk-Pancakes-939882,Buttermilk Pancakes,3,1500.0,[Breakfast and Brunch],,"[all-purpose flour, granulated sugar, baking powder, baking soda, salt, eggs, buttermilk, salted butter, clarified butter, vegetable oil]"
Easy-Pancakes-1003962,Easy Pancakes,4,1800.0,[Breakfast and Brunch],,"[buttermilk, eggs, flour, sugar, butter, baking powder, baking soda, salt]"
Coconut-Pancakes-1253867,Coconut Pancakes,4,1800.0,[Breakfast and Brunch],,"[all-purpose flour, sugar, baking powder, baking soda, salt, sweetened coconut flakes, eggs, buttermilk, coconut milk, melted butter, butter]"
Sweet-Potato-Pancake-1351714,Sweet Potato Pancake,4,1200.0,[Breakfast and Brunch],,"[sweet potatoes, milk, eggs, pears, whole wheat flour, ground cinnamon, vanilla essence]"
Maple-Pancakes-1269923,Maple Pancakes,4,1500.0,[Breakfast and Brunch],,"[flour, brown sugar, salt, baking powder, eggs, milk, butter, vanilla extract, maple extract]"
Sweet-Potato-Buttermilk-Pancakes-1355924,Sweet Potato Buttermilk Pancakes,4,2100.0,[Breakfast and Brunch],,"[sweet potatoes, cinnamon, nutmeg, all-purpose flour, baking powder, baking soda, sugar, sea salt, buttermilk, butter, eggs, vanilla extract]"
Peach-pancakes-320960,Peach Pancakes,3,1800.0,[Breakfast and Brunch],,"[flour, milk, eggs, sugar, baking powder, peaches, butter, maple syrup, powdered sugar]"
Healthy-Tiramisu-Protein-Pancakes-1369421,Healthy Tiramisu Protein Pancakes,3,2100.0,[Breakfast and Brunch],,"[psyllium husks, almond milk, rum extract, gluten-free flour, cacao powder, instant espresso powder, baking powder, soy yogurt, stevia extract, non stick spray, sugar free chocolate syrup, strawberries]"
Pancake-Bites-1232241,Pancake Bites,4,1800.0,[Breakfast and Brunch],,"[pancake mix, fruit]"
Lazy-Gals-Protein-Pancakes-1327450,Lazy Gal’s Protein Pancakes,4,1200.0,[Breakfast and Brunch],,"[egg whites, milk, rolled oats, protein powder, baking powder, baking soda, cinnamon, nutmeg, nonstick spray]"
Best-Pre-contest-Protein-Pancakes-1264295,Best Pre-contest Protein Pancakes,4,900.0,[Breakfast and Brunch],,"[psyllium husks, vanilla protein, eggs, water]"
Christmas-Tree-Pancake-Stacks-with-Almond-Flavored-Pancakes-1375358,Christmas Tree Pancake Stacks with Almond Flavored Pancakes,4,1500.0,[Breakfast and Brunch],,"[pancake and waffle mix, color food green, almond extract, syrup, mango, red raspberries, grapes, whipped cream, sprinkles]"
Buttermilk-Pancakes-1250775,Buttermilk Pancakes,4,540.0,[Breakfast and Brunch],,"[eggs, buttermilk, vanilla, all-purpose flour, sugar, baking powder, baking soda, kosher salt, butter]"
Thyme-Stuffed-Pancakes-1349831,Thyme Stuffed Pancakes,4,1800.0,[Breakfast and Brunch],,"[thyme, whole wheat flour, all-purpose flour, white cheese, milk, eggs, vegetable oil, baking powder, vanilla extract, salt, black pepper]"
Coffee-Pancakes-487619,Coffee Pancakes,4,1500.0,[Breakfast and Brunch],,"[all-purpose flour, sugar, baking powder, baking soda, salt, buttermilk, large eggs, coffee granules, unsalted butter]"
Apple-Pancakes-1103486,Apple Pancakes,4,780.0,[Breakfast and Brunch],,"[flour, eggs, milk, canola oil, salt, baking powder, sugar, cinnamon, apples]"
Apple-Cider-Buttermilk-Pancakes-with-Apple-Caramel-Syrup-1368044,Apple Cider Buttermilk Pancakes with Apple Caramel Syrup,4,3300.0,[Breakfast and Brunch],,"[apple cider, sugar, flour, vanilla sugar, baking powder, kosher salt, powdered buttermilk, eggs, butter]"
Thyme-Stuffed-Pancakes-1349781,Thyme Stuffed Pancakes,4,1800.0,[Breakfast and Brunch],,"[thyme, whole wheat flour, all-purpose flour, white cheese, milk, eggs, vegetable oil, baking powder, vanilla extract, salt, black pepper]"
Chunky-Monkey-Pancakes-1257628,Chunky Monkey Pancakes,4,1200.0,[Breakfast and Brunch],,"[all-purpose flour, baking powder, baking soda, salt, sugar, milk, butter, eggs, vanilla extract, bananas, mini chocolate chips]"
Cottage-Cheese-Oatmeal-Pancakes-1246194,Cottage Cheese Oatmeal Pancakes,3,600.0,[Breakfast and Brunch],,"[oatmeal, fat-free cottage cheese, egg whites, baking powder, vanilla, stevia]"
Greek-Yogurt-Pancakes-544511,Greek Yogurt Pancakes,4,1500.0,[Breakfast and Brunch],,"[greek yogurt, eggs, flour, baking soda]"
Easy-Banana-Pancakes-1247266,Easy Banana Pancakes,4,900.0,[Breakfast and Brunch],,"[bananas, eggs, baking powder, vanilla, cinnamon]"
Vegan-Chocolate-Chip-Pancakes-with-Pistachios-1315838,Vegan Chocolate Chip Pancakes with Pistachios,4,1800.0,[Breakfast and Brunch],,"[almond milk, lime, all-purpose flour, flour, water, vanilla extract, salt, baking powder, pistachios, chocolate chips]"
Semi-Instant-Pancakes-1316564,Semi-Instant Pancakes,3,1800.0,[Breakfast and Brunch],,"[all-purpose flour, baking powder, baking soda, kosher salt, sugar, pancake mix, large eggs, low-fat buttermilk, unsalted butter, fruit]"
3-Ingredient-Pancakes-1321156,3 Ingredient Pancakes,4,1500.0,[Breakfast and Brunch],,"[bananas, eggs, cinnamon, coconut oil]"
Buttermilk-Pancakes-1051326,Buttermilk Pancakes,4,1500.0,[Breakfast and Brunch],,"[flour, baking powder, sugar, baking soda, salt, buttermilk, eggs, water, vegetable oil]"
Blackberry-Pancakes-1079540,Blackberry Pancakes,4,1800.0,[Breakfast and Brunch],,"[flour, sugar, baking powder, salt, milk, eggs, vegetable oil, blackberries]"
Skinny-Buttermilk-Pancakes-1360933,Skinny Buttermilk Pancakes,4,1500.0,[Breakfast and Brunch],,"[all-purpose flour, whole wheat white flour, ground flaxseed, granulated sugar, baking powder, baking soda, salt, low-fat buttermilk, large eggs, unsalted butter, blueberries, bananas, chocolate chips]"
Cheesy-Cauliflower-Pancakes-753705,Cheesy Cauliflower Pancakes,3,1800.0,[Breakfast and Brunch],,"[cauliflower, large eggs, cheddar cheese, panko, cayenne pepper, salt, olive oil]"
Apple-Pancake-Rings-931231,Apple Pancake Rings,4,1200.0,[Breakfast and Brunch],,"[pancake mix, ground cinnamon, ground nutmeg, apples, maple syrup]"
Pancake-Mini-Muffins-1281893,Pancake Mini-Muffins,4,1500.0,[Breakfast and Brunch],,"[all-purpose flour, baking powder, sugar, salt, milk, white vinegar, eggs, vanilla extract, butter, blueberries, syrup]"
Whole-Wheat-Oatmeal-Pancakes-1293235,Whole Wheat Oatmeal Pancakes,4,1500.0,[Breakfast and Brunch],,"[whole wheat flour, rolled oats, baking powder, salt, buttermilk, honey, eggs]"
5-Minute-Extra-Fluffy-Pancakes-1208351,5 Minute Extra Fluffy Pancakes,4,300.0,[Breakfast and Brunch],,"[canola oil, eggs, vanilla, milk, all-purpose flour, sugar, baking powder, salt, cooking spray]"
Blueberry-Ricotta-Pancakes-1276040,Blueberry Ricotta Pancakes,3,1500.0,[Breakfast and Brunch],,"[all-purpose flour, granulated sugar, baking powder, baking soda, salt, eggs, buttermilk, frozen blueberries, ricotta, salted butter, clarified butter, vegetable oil, powdered sugar]"
Pancakes-with-blueberry-butter-309027,Pancakes With Blueberry Butter,5,900.0,[Breakfast and Brunch],,"[sugar, eggs, vanilla extract, butter, all-purpose flour, salt, baking powder, milk, confectioners sugar, fresh blueberries]"
The-Ultimate-Healthy-Buttermilk-Pancakes-987385,The Ultimate Healthy Buttermilk Pancakes,4,1800.0,[Breakfast and Brunch],,"[all-purpose flour, baking soda, baking powder, salt, unsalted butter, large eggs, vanilla extract, low-fat buttermilk, pure maple syrup, nonfat plain greek yogurt]"
Boston-Creme-Pie-Pancakes-1264505,Boston Creme Pie Pancakes,4,10800.0,[Desserts],,"[yellow cake mix, pancake mix, milk, vanilla, eggs, sugar, egg yolks, corn starch, half & half, vanilla beans, butter, chocolate, heavy cream]"
Chai-Flavoured-Barley-Pancakes-1341566,Chai Flavoured Barley Pancakes,4,750.0,[Breakfast and Brunch],,"[barley flour, eggs, milk, baking powder, ground cardamom, ground cinnamon, butter, oil]"
Orange-Dream-Pancakes-1099797,Orange Dream Pancakes,4,1500.0,[Breakfast and Brunch],,"[eggs, butter, fresh orange juice, flour, baking powder, orange, sugar, vanilla, salt]"
Lemon-raspberry-pancakes-335798,Lemon Raspberry Pancakes,5,900.0,[Breakfast and Brunch],,"[flour, sugar, baking powder, baking soda, salt, sour cream, milk, lemon, lemon juice, melted butter, eggs, vanilla, raspberries, lemon curd]"
Whole-Wheat-Quick-Mix-Pancakes-_Sneak-peek-into-our-new-Oh_-For-Real_-book_-1371369,"Whole Wheat Quick Mix Pancakes {Sneak peek into our new Oh, For Real! book}",4,900.0,[Breakfast and Brunch],,"[wheat, milk, eggs]"
Sourdough-Pancakes-601705,Sourdough Pancakes,3,30300.0,[Breakfast and Brunch],,"[sourdough starter, flour, eggs, sea salt, baking soda, coconut oil, butter]"
Banana-Pancakes-1344512,Banana Pancakes,4,1140.0,[Breakfast and Brunch],,"[flour, sugar, baking soda, salt, eggs, milk, oil, bananas]"
Crepes-au-sucre-_Sugar-pancakes_-933160,Crêpes au sucre (Sugar pancakes),4,1800.0,[Breakfast and Brunch],[French],"[all-purpose flour, salt, sugar, large eggs, whole milk, vanilla extract, unsalted butter]"
Fluffiest-Pancakes-568262,Fluffiest Pancakes,4,2400.0,[Breakfast and Brunch],,"[flour, white vinegar, whole milk, vanilla extract, baking powder, unsalted butter, salt, sugar, cinnamon, large egg yolks, large egg whites]"
Blueberry-Granola-Pancakes-1345231,Blueberry Granola Pancakes,4,1500.0,[Breakfast and Brunch],,"[pancake, blueberries, oats, brown sugar, flour, butter, syrup]"
Cinnamon-bun-pancakes-335892,Cinnamon Bun Pancakes,5,1500.0,[Breakfast and Brunch],,"[flour, sugar, salt, baking powder, cinnamon, eggs, milk, maple syrup, melted butter, vanilla, confectioners sugar]"
Maple-Pancakes-TasteOfHome,Maple Pancakes,5,900.0,[Breakfast and Brunch],,"[all-purpose flour, baking powder, salt, eggs, milk, vegetable oil, maple syrup]"
Summertime-Blueberry-Pancakes-1321824,Summertime Blueberry Pancakes,4,2400.0,[Breakfast and Brunch],,"[pancake, fresh blueberries, compote, frozen blueberries, honey, water, lemon]"
Best-Blueberry-Pancakes-1243323,Best Blueberry Pancakes,4,1200.0,[Breakfast and Brunch],,"[all-purpose flour, baking powder, salt, sugar, eggs, milk, melted butter, vanilla, fresh blueberries]"
Squeeze-Bottle-Pancakes-510520,Squeeze Bottle Pancakes,5,2100.0,[Breakfast and Brunch],,"[all-purpose flour, baking powder, sugar, salt, large eggs, whole milk, melted butter, food colouring]"
Oatmeal-Pancakes-1257608,Oatmeal Pancakes,4,720.0,[Breakfast and Brunch],,"[rolled oats, whole wheat pastry flour, sugar, baking powder, baking soda, salt, reduced fat buttermilk, eggs, oil]"
Perfect-Pancakes-1110529,Perfect Pancakes,3,1200.0,[Breakfast and Brunch],,"[flour, unsweetened almond milk, egg whites, baking powder, almond butter, butter]"
Funfetti-Pancakes-1225312,Funfetti Pancakes,4,1200.0,[Breakfast and Brunch],,"[flour, sugar, salt, baking powder, baking soda, buttermilk, eggs, coconut oil, sprinkles]"
The-Best-Quick-Pancakes-1111532,The Best Quick Pancakes,4,1200.0,[Breakfast and Brunch],,"[all-purpose flour, baking powder, salt, sugar, large eggs, milk, butter]"
_Brownie-Batter-Pancakes-with-Caramel-Nut-Butter_-1200798,~Brownie Batter Pancakes …with Caramel Nut Butter!,4,900.0,[Breakfast and Brunch],,"[pancake mix, brownie mix, milk, butter, caramel sauce, nuts]"
Light-and-Fluffy-Whole-Wheat-Pancakes-985602,Light and Fluffy Whole Wheat Pancakes,4,1800.0,[Breakfast and Brunch],,"[eggs, light brown sugar, canola oil, buttermilk, whole wheat flour, baking powder, salt]"
Creamy-dreamy-pancakes-303897,Creamy Dreamy Pancakes,4,600.0,[Breakfast and Brunch],,"[pancake, brummel & brown simpli strawberri creami fruit spread]"
Sweet-Potato-Pancakes-1370031,Sweet Potato Pancakes,4,1200.0,[Breakfast and Brunch],,"[buttermilk, sweet potatoes, brown sugar, cinnamon, vanilla, nutmeg]"
Chocolate-Pancakes-1235121,Chocolate Pancakes,3,1500.0,[Breakfast and Brunch],,"[all-purpose flour, cocoa powder, baking powder, salt, sugar, coconut oil, vanilla, milk, eggs, mini chocolate chips]"
Funfetti-Pancakes-1071981,Funfetti Pancakes,4,900.0,[Breakfast and Brunch],,"[pancake mix, colored sprinkles, whipped cream]"
Gingerbread-Pancakes-1276032,Gingerbread Pancakes,4,1500.0,[Breakfast and Brunch],,"[flour, baking powder, baking soda, salt, cinnamon, ground ginger, clove, nutmeg, brown sugar, molasses, eggs, butter, milk, maple syrup, powdered sugar]"
Roasted-banana-chocolate-pancakes-310634,Roasted Banana Chocolate Pancakes,5,2400.0,[Breakfast and Brunch],,"[bananas, butter, sugar, pancake, all-purpose flour, baking powder, salt, unsweetened cocoa powder, eggs, milk]"
Vanilla-Protein-Pancakes-1248081,Vanilla Protein Pancakes,3,600.0,[Breakfast and Brunch],,"[whey, oats, baking powder, egg whites, nonfat plain greek yogurt, unsweetened coconut milk]"
Deep-Dish-Blueberry-Pancake-1089035,Deep Dish Blueberry Pancake,3,2400.0,[Breakfast and Brunch],,"[butter, eggs, all-purpose flour, milk, vanilla extract, sugar, salt, baking powder, fresh blueberries]"
Sugar-Free-Pancake-Muffins-1375464,Sugar Free Pancake Muffins,4,1680.0,[Breakfast and Brunch],,"[baking mix, greek yogurt, melted butter, beaten eggs, splenda, sugar free syrup]"
Blueberry-Oatmeal-Pancakes-1360368,Blueberry Oatmeal Pancakes,4,1500.0,[Breakfast and Brunch],,"[flour, rolled oats, sugar, baking powder, salt, half & half, vegetable oil, eggs, fresh blueberries, powdered sugar, syrup]"
No-Dye-Green-Pancakes-1009826,No-Dye Green Pancakes,4,1200.0,[Breakfast and Brunch],,"[spinach leaves, large eggs, coconut oil, vanilla extract, honey, greek yogurt, milk, flour, baking powder, salt]"
Pancakes-for-Shrove-Tuesday-1360934,Pancakes for Shrove Tuesday,4,720.0,[Breakfast and Brunch],,"[all-purpose flour, salt, eggs, milk, water, unsalted butter, lemon wedge, golden syrup]"
Blueberry-Buttermilk-Pancakes-902455,Blueberry Buttermilk Pancakes,4,1500.0,[Breakfast and Brunch],,"[all-purpose flour, salt, baking powder, baking soda, sugar, large eggs, buttermilk, milk, melted butter, blueberries, butter oil]"
Lemon-Blueberry-Pancakes-1060679,Lemon Blueberry Pancakes,3,1500.0,[Breakfast and Brunch],,"[all-purpose flour, sugar, baking powder, baking soda, salt, buttermilk, eggs, butter, grated lemon zest, fresh blueberries, vegetable oil]"
Low-Carb-Fluffy-Pancakes-1263416,Low Carb Fluffy Pancakes,4,1800.0,[Breakfast and Brunch],,"[eggs, egg whites, milk, coconut flour, vanilla whey protein powder, baking powder, salt, clarified butter]"
Pancakes-Allrecipes,Pancakes,4,1500.0,"[Lunch and Snacks, Breakfast and Brunch]",[American],"[self rising flour, milk, eggs, vegetable oil]"
Peach-pancakes-357248,Peach Pancakes,5,1200.0,[Breakfast and Brunch],,"[peaches, butter, dark brown sugar, lemonade concentrate, pancake mix, eggs, sour cream]"
Hearty-Banana-Granola-Pancakes-1372263,Hearty Banana Granola Pancakes,4,900.0,[Breakfast and Brunch],,"[bananas, eggs, coconut flour, vanilla extract, baking soda, cinnamon, salt, cereal, syrup]"
Mashed-potato-pancakes-333910,Mashed Potato Pancakes,5,1500.0,"[Breakfast and Brunch, Side Dishes]",,"[mashed potatoes, flour, bacon grease]"
Scottish-Pancakes-992036,Scottish Pancakes,4,2400.0,[Breakfast and Brunch],,"[all-purpose flour, baking powder, salt, sugar, ground cinnamon, large eggs, milk, butter, honey, berries]"
Kaiserschmarrn-Austrian-Imperial-Pancakes-1374109,Kaiserschmarrn – Austrian Imperial Pancakes,4,3000.0,[Breakfast and Brunch],,"[raisins, rum, egg yolks, vanilla extract, sugar, salt, flour, milk, melted butter, egg whites, powdered sugar]"
Best-buttermilk-pancakes-307085,Best Buttermilk Pancakes,5,2100.0,[Breakfast and Brunch],,"[all-purpose flour, baking powder, baking soda, kosher salt, sugar, large eggs, buttermilk, unsalted butter, fresh blueberries]"
Four-Ingredient-Protein-Pancakes-988118,Four-Ingredient Protein Pancakes,4,900.0,[Breakfast and Brunch],,"[bananas, eggs, baking powder, vanilla whey protein powder]"
Mini-Chocolate-Peanut-butter-banana-pancakes-1340124,Mini Chocolate Peanut butter banana pancakes,4,1800.0,[Breakfast and Brunch],,"[bananas, chocolate syrup, peanut butter, ground cinnamon, baking powder, flour]"
The-Best-Pumpkin-Pancakes-1339479,The Best Pumpkin Pancakes,4,2100.0,[Breakfast and Brunch],,"[all-purpose flour, baking powder, baking soda, salt, ground cinnamon, ground ginger, ground nutmeg, ground cloves, light brown sugar, pumpkin purée, buttermilk, butter, large eggs, vanilla extract]"
Chocolate-Protein-Pancakes-1222532,Chocolate Protein Pancakes,4,1200.0,[Breakfast and Brunch],,"[almond flour, protein powder, baking powder, salt, unsweetened almond milk, eggs, vanilla extract]"
Scotch-Pancakes-1310706,Scotch Pancakes,4,1800.0,[Breakfast and Brunch],,"[all-purpose flour, baking powder, baking soda, salt, eggs, sugar, milk, sour cream]"
Whole-Wheat-Cherry-Pancakes-633832,Whole Wheat Cherry Pancakes,3,1500.0,[Breakfast and Brunch],,"[cherries, pancake, water, large eggs, canola oil]"
Whole-wheat-pancakes-_new-and-improved_-352121,Whole Wheat Pancakes {New and Improved},5,1200.0,[Breakfast and Brunch],,"[whole wheat flour, baking powder, salt, cinnamon, sugar, large eggs, fat free milk, vanilla, cooking spray]"
Breakfast-Pancakes-496996,Breakfast Pancakes,0,1500.0,[Breakfast and Brunch],,"[all-purpose flour, water, sugar, eggs, butter]"
Silver-Dollar-Pancakes-685463,Silver Dollar Pancakes,4,2100.0,[Breakfast and Brunch],,"[large eggs, water, vanilla extract, agave nectar, blanched almond flour, sea salt, baking soda, grapeseed oil]"
High-Protein-Pancakes-1232742,High Protein Pancakes,4,1800.0,[Breakfast and Brunch],,"[cream style cottage cheese, large eggs, all-purpose flour, oil, milk, vanilla]"
Red-Velvet-Pancakes-1123942,Red Velvet Pancakes,4,1200.0,[Breakfast and Brunch],,"[flour, cocoa powder, baking powder, baking soda, salt, milk, sugar, large eggs, red food coloring, vanilla extract, butter]"
Banana-Oat-Pancakes-1260752,Banana Oat Pancakes,4,900.0,[Breakfast and Brunch],,"[old-fashioned oats, bananas, milk, whole wheat flour, all-purpose flour, brown sugar, baking powder, kosher salt, baking soda, eggs, vegetable oil, chopped pecans, butter, syrup]"
Potato-Pancakes-with-Scallions-1034798,Potato Pancakes with Scallions,5,2520.0,"[Breakfast and Brunch, Side Dishes]",,"[red potato, scallions, all-purpose flour, large eggs, salt, white pepper, canola oil]"
