id,recipeName,rating,totalTimeInSeconds,course,cuisine,ingredients
Lemon-Garlic-Pasta-1374235,Lemon Garlic Pasta,4,3300.0,[Main Dishes],,"[pasta shells, cashew nuts, lemon juice, garlic, almond milk, nutritional yeast, salt, pepper]"
One-Skillet-BLT-Pasta-1375613,One Skillet BLT Pasta,4,1800.0,[Main Dishes],,"[Pure Wesson Canola Oil, yellow onion, diced tomatoes, water, tomato sauce, rotini, garlic salt, cooked bacon, baby spinach leaves, grated parmesan cheese]"
Cheesy-Pasta-with-Bacon-and-Kale-1370389,Cheesy Pasta with Bacon and Kale,4,900.0,[Main Dishes],,"[pasta, vegetable oil, bacon, kale, cheese, cream]"
Garlic-Chicken-Pasta-1371534,Garlic Chicken Pasta,4,2100.0,[Main Dishes],,"[cooked chicken, garlic, olive oil, whole wheat pasta, whole milk, butter, sea salt, grated parmesan cheese]"
Jambalaya-Pasta-1374533,Jambalaya Pasta,4,2700.0,[Main Dishes],,"[olive oil, smoked sausage, boneless skinless chicken breasts, diced onions, bell pepper, creole seasoning, garlic, low sodium chicken broth, heavy cream, penne pasta, monterey jack, scallions]"
Pasta-Chips-1365268,Pasta Chips,3,2400.0,[Lunch and Snacks],,"[pasta, chili powder, black pepper, chaat masala, garlic powder, dried oregano, salt, oil]"
Mozzarella-Chicken-Pasta-1369040,Mozzarella Chicken Pasta,3,4500.0,[Main Dishes],,"[rigatoni, chicken breast tenders, olive oil, seasoning salt, pepper, garlic, baby spinach, unsalted butter, all-purpose flour, half & half, dried basil, crushed red pepper flakes, smoked mozzarella, part-skim mozzarella cheese, diced tomatoes, salt, parmesan cheese]"
Pizza-pasta-333870,Pizza Pasta,5,1200.0,[Main Dishes],,"[whole wheat pasta, tomato sauce, fresh mozzarella, italian seasoning, pepperoni, parmesan cheese, provolone cheese]"
Garlicky-Arugula-Pasta-1357509,Garlicky Arugula Pasta,3,1800.0,[Main Dishes],,"[salt, linguine, extra-virgin olive oil, garlic, red pepper flakes, fish sauce, baby arugula]"
Creamy-caprese-pasta-333554,Creamy Caprese Pasta,5,2400.0,,,"[whole wheat pasta, pasta sauce, heavy cream, grated parmesan cheese, fresh mozzarella, grape tomatoes, fresh basil leaves]"
Pasta-w_Poached-Egg_-Asparagus_-_-Lemon-_Wanna-Be-A-Country-Cleaver_-1377853,"Pasta w/Poached Egg, Asparagus, & Lemon {Wanna Be A Country Cleaver}",4,2400.0,[Main Dishes],,"[angel hair, asparagus, olive oil, grated parmesan cheese, low-fat ricotta, eggs, white vinegar, shrimp, lemon, salt, pepper]"
Fettuccine-Pasta-with-Peppers-1373295,Fettuccine Pasta with Peppers,4,1500.0,[Main Dishes],,"[fettuccine pasta, green bell pepper, red bell pepper, yellow bell pepper, extra-virgin olive oil, garlic, bertolli]"
One-Skillet-BLT-Pasta-1378825,One Skillet BLT Pasta,4,1800.0,[Main Dishes],,"[Pure Wesson Canola Oil, yellow onion, diced tomatoes, water, tomato sauce, rotini, garlic salt, cooked bacon, baby spinach leaves, grated parmesan cheese]"
Turkey-_or-Chicken_-Cordon-Bleu-Pasta-1373542,Turkey (or Chicken) Cordon Bleu Pasta,4,,,,"[pasta, flour, skim milk, dijon mustard, shredded cheddar cheese, turkey, frozen peas, diced ham, kosher salt, black pepper]"
Uncle-Vinny_s-Light-Lemon-Pasta-1364432,Uncle Vinny's Light Lemon Pasta,3,1800.0,[Main Dishes],,"[bow-tie pasta, butter, heavy cream, juice, lemon, chicken broth]"
Organic-School-Lunch-Pasta-1362718,Organic School Lunch Pasta,4,2100.0,"[Lunch and Snacks, Main Dishes]",,"[organic turkey, cheese, ham, broccoli, rigatoni, carrots, italian salad dressing, salt]"
Chilli-Prawn-Pasta-1360842,Chilli Prawn Pasta,3,1500.0,[Main Dishes],,"[chillies, garlic, pasta, spring onions, worcestershire sauce, fresh chives, prawns, passata]"
Balsamic-Mushroom-Pasta-1367233,Balsamic Mushroom Pasta,4,1500.0,[Main Dishes],,"[fettuccine pasta, butter, olive oil, shallots, garlic cloves, portabello mushroom, balsamic vinegar, cream, fresh parsley, grated parmesan cheese, pepper, salt]"
One-Pot-Shrimp-Parmesan-Pasta-1372140,One Pot Shrimp Parmesan Pasta,3,2100.0,[Main Dishes],,"[white onion, garlic, Barilla Pasta Sauce, chicken broth, pasta, spinach, cooked shrimp, parmesan cheese]"
Chicken-Fajita-Pasta-1057903,Chicken Fajita Pasta,4,1800.0,[Main Dishes],,"[olive oil, boneless skinless chicken breasts, fajita seasoning mix, diced onions, bell pepper, garlic, low sodium chicken broth, heavy cream, diced tomatoes, penne pasta, salt]"
Aromatic-Pasta-With-Chicken-1364435,Aromatic Pasta With Chicken,3,900.0,[Main Dishes],,"[pasta shells, marinara sauce, boneless skinless chicken breasts, butter, oil, salt, pepper]"
Roasted-Butternut-Squash-and-Spinach-Pasta-1373940,Roasted Butternut Squash and Spinach Pasta,4,2400.0,[Main Dishes],,"[butternut squash, fresh spinach, pinenuts, currant, chopped garlic, sesame oil, fresh thyme, Himalayan salt, pasta]"
Pasta-Halloween-1373481,Pasta Halloween,4,2400.0,[Main Dishes],,"[tagliatelle, salt, black pepper, olive oil, butter, mozzarella balls, pitted black olives]"
Pasta-Pomodoro-with-Lentils-1361934,Pasta Pomodoro with Lentils,4,2700.0,[Main Dishes],,"[water, dried lentils, Bertolli Tomato & Basil Sauce, penn pasta, cook and drain, part-skim mozzarella cheese]"
Not-So-Homemade-Chicken-Alfredo-_-Mushroom-Pasta-1378400,Not So Homemade Chicken Alfredo & Mushroom Pasta,4,2100.0,[Main Dishes],,"[olive oil, boneless chicken, salt, freshly ground black pepper, butter, mushrooms, Alfredo sauce, angel hair, parsley]"
Jambalaya-Pasta-1090751,Jambalaya Pasta,4,2400.0,[Main Dishes],,"[sauce, olive oil, boneless skinless chicken breasts, kielbasa, bow-tie pasta, parsley]"
Creamy-Cajun-Chicken-Pasta-Recipes-1376830,Creamy Cajun Chicken Pasta Recipes,4,1800.0,[Main Dishes],[Cajun & Creole],"[boneless skinless chicken breast halves, linguine, cajun seasoning, butter, green onions, heavy whipping cream, sun-dried tomatoes, salt, dried basil, ground black pepper, garlic powder, grated parmesan cheese]"
Pasta-with-Butternut-Squash-and-Kale-Pesto-1378102,Pasta with Butternut Squash and Kale Pesto,4,1800.0,[Main Dishes],,"[butternut squash, extra-virgin olive oil, salt, freshly ground black pepper, whole wheat pasta, pesto, toasted pine nuts, grated parmesan cheese]"
Perfect-Pasta-Salad-Toss-1379492,Perfect Pasta Salad Toss,4,2400.0,[Salads],,"[penn pasta, cook and drain, sliced salami, roast red peppers, drain, artichoke hearts, pitted kalamata olives, fresh basil leaves, caesar salad dressing, Sargento® Artisan Blends® Shredded Parmesan Cheese, romaine lettuce leaves]"
Chicken-Fajita-Pasta-1369131,Chicken Fajita Pasta,4,1800.0,[Main Dishes],,"[pasta, oil, skinless chicken breasts, taco seasoning, onions, green bell pepper, slice, red bell pepper, yellow bell pepper, garlic, chicken broth, diced tomatoes, sour cream, cilantro]"
Creamy-Pumpkin-Pasta-1357733,Creamy Pumpkin Pasta,4,2100.0,[Main Dishes],,"[linguine, butter, flour, garlic cloves, milk, shredded parmesan cheese, pumpkin purée, nutmeg, salt, ground black pepper, parsley]"
Lemony-Pasta-with-Garlic-and-Capers-1352797,Lemony Pasta with Garlic and Capers,4,1500.0,[Main Dishes],,"[pasta, olive oil, garlic, lemon zest, lemon juice, grated parmesan cheese, capers, kosher salt, black pepper]"
Avocado-Pasta-Salad-1357126,Avocado Pasta Salad,4,3000.0,[Salads],,"[rotini, cherry tomatoes, bacon, green onions, chopped cilantro, avocado, lime juice, fresh lime, cumin, garlic powder, buttermilk, pepper, salt]"
Spinach-and-Artichoke-Pasta-1350224,Spinach and Artichoke Pasta,4,1800.0,[Main Dishes],,"[unsalted butter, fresh spinach, cream cheese, sour cream, shredded parmesan cheese, artichoke hearts, jalapeno chilies, garlic cloves, cooking liquid, penne pasta]"
Baked-Chicken-_-Spinach-Pasta-1351717,Baked Chicken & Spinach Pasta,4,3900.0,[Main Dishes],,"[pasta, boneless skinless chicken breasts, olive oil, garlic, salt, fresh spinach, white wine, mozzarella cheese]"
Angel-Hair-Pasta-With-Light-Garlic-Sauce-1363617,Angel Hair Pasta With Light Garlic Sauce,3,1200.0,[Main Dishes],,"[angel hair, olive oil, fresh parsley, garlic, grated parmesan cheese, ground pepper]"
Easy-Italian-Pasta-Bake-1358675,Easy Italian Pasta Bake,4,3000.0,[Main Dishes],[Italian],"[ground beef, chopped onion, tomato sauce, water, basil, oregano, garlic powder, sea salt, whole wheat pasta, shredded cheese]"
Fresh-Vegetarian-Greek-Pasta-1062342,Fresh Vegetarian Greek Pasta,4,1800.0,[Main Dishes],[Greek],"[tomatoes, kalamata, feta cheese, chopped parsley, basil, salt, black pepper, penne pasta, olive oil, garlic]"
Fresh-Tomato-and-Ricotta-Whole-Wheat-Pasta-1376535,Fresh Tomato and Ricotta Whole Wheat Pasta,4,1500.0,[Main Dishes],[Italian],"[bow-tie pasta, extra-virgin olive oil, garlic, tomatoes, freshly ground black pepper, kosher salt, fresh spinach leaves, fresh basil, grated parmesan cheese, ricotta cheese]"
Chicken-Bow-tie-Pasta-1362585,Chicken Bow-tie Pasta,4,2400.0,[Main Dishes],,"[chicken breasts, cream of chicken soup, cream of mushroom soup, oregano, basil, salt, pepper, bow-tie pasta, baby spinach, olive oil]"
One-Pot-Cheesy-Italian-Chicken-and-Pasta-1362917,One Pot Cheesy Italian Chicken and Pasta,4,1800.0,[Main Dishes],[Italian],"[olive oil, chicken, crushed red pepper flakes, onions, garlic, crushed tomatoes, diced tomatoes, italian seasoning, kosher salt, cracked black pepper, chicken stock, bow-tie pasta, shredded mozzarella cheese, leaf parsley, grated parmesan cheese]"
Penne-Pasta-With-Sausage-1354023,Penne Pasta With Sausage,4,2400.0,[Main Dishes],,"[penne pasta, cherry tomatoes, baby spinach, extra-virgin olive oil, garlic, parmesan cheese]"
Asparagus-and-Chicken-Pasta-1072825,Asparagus and Chicken Pasta,3,1800.0,[Main Dishes],,"[pasta, asparagus, chicken breasts, olive oil, basil, parmesan cheese, white wine]"
Mushroom-Pasta-Martha-Stewart-197322,Mushroom Pasta,5,2400.0,[Main Dishes],,"[mushrooms, pasta, white wine, heavy cream, parmesan cheese]"
Crab-pasta-334599,Crab Pasta,5,1500.0,[Main Dishes],,"[angel hair, olive oil, garlic, basil leaves, cherry tomatoes, lemon, Dungeness crabs, salt]"
Bacon-Wrapped-Shrimp-Pasta-1357646,Bacon-Wrapped Shrimp Pasta,4,1200.0,[Main Dishes],,"[jumbo shrimp, bacon slices, olive oil, ragu, tomato sauce, pasta, parmesan cheese]"
Crispy-Shrimp-Pasta-1296198,Crispy Shrimp Pasta,4,1800.0,[Main Dishes],,"[fettuccine pasta, shrimp, salt, ground black pepper, flour, olive oil, butter, low sodium chicken broth, whipping cream, cajun seasoning]"
Sausage-Pasta-1313939,Sausage Pasta,4,2100.0,[Main Dishes],,"[pasta, olive oil, grape tomatoes, purple onion, parmesan cheese, red bell pepper, oregano, salt, pepper, sausage links]"
Spicy-Orange-Pasta-1356501,Spicy Orange Pasta,4,1500.0,[Main Dishes],,"[purple onion, minced garlic, crushed red pepper flakes, paprika, olive oil, chicken broth, crushed tomatoes, basil, oregano, heavy cream, noodles, meatballs]"
Skillet-Baked-Pasta-1378624,Skillet Baked Pasta,3,2100.0,[Main Dishes],,"[bows, hot Italian sausages, marinara sauce, shredded mozzarella cheese, Italian seasoned breadcrumbs, grated parmesan cheese]"
One-Pan-Brown-Butter-and-Sage-Pasta-1359955,One-Pan Brown Butter and Sage Pasta,4,1500.0,[Main Dishes],,"[pasta, butter, olive oil, fresh sage, salt, red pepper flakes, fresh lemon, white button mushrooms, fresh spinach, garlic, grating cheese]"
Pasta-caprese-299294,Pasta Caprese,4,1200.0,[Main Dishes],[Italian],"[penn pasta, cook and drain, cherry tomatoes, Wish-Bone® Robusto Italian Dressing, chees fresh mozzarella, arugula]"
Garden-Pasta-1379192,Garden Pasta,3,3000.0,[Main Dishes],,"[sliced carrots, broccoli florets, dried fettuccine, onions, garlic, butter, reduced fat milk, all-purpose flour, salt, ground black pepper, prosciutto, fresh basil]"
Penne-Pasta-1015033,Penne Pasta,4,1800.0,[Main Dishes],,"[water, salt, penne pasta, pasta sauce, sausage links, pecorino romano cheese]"
One-Pot-Tomato-and-Basil-Tortellini-Soup-1373784,One-Pot Tomato and Basil Tortellini Soup,4,2400.0,[Soups],,"[white onion, carrots, olive oil, fresh basil, non fat chicken stock, skim milk, half & half, ragu, diced tomatoes, salt, pepper, garlic powder, cheese tortellini, parmesan cheese, basil]"
Aglio-Olio-Parmesan-Pasta-1185693,Aglio Olio Parmesan Pasta,4,1500.0,,,"[angel hair, butter, olive oil, pepperoncino, grated parmesan cheese, salt]"
Italian-Sausage-Pasta-1369702,Italian Sausage Pasta,4,2700.0,[Main Dishes],[Italian],"[olive oil, sweet Italian turkey sausage, onions, garlic cloves, white wine, tomatoes, rigatoni, arugula, grated parmesan cheese]"
Garlic-Pasta-with-Asparagus-1357503,Garlic Pasta with Asparagus,4,900.0,[Main Dishes],,"[angel hair, olive oil, minced garlic, red pepper flakes, salt, black pepper, fresh parsley, fresh parmesan cheese]"
Turkey-Sausage-and-Pasta-1377015,Turkey Sausage and Pasta,4,2100.0,[Main Dishes],,"[sausage casings, vegetable oil, onions, butter, roasted red peppers, mushrooms, pasta, bbq sauce]"
Tomato_-Pepper-and-Rocket-Penne-Pasta-1360883,"Tomato, Pepper and Rocket Penne Pasta",4,1500.0,[Main Dishes],,"[whole wheat penne pasta, cherry tomatoes, pepper, rocket leaves, parmesan cheese]"
Bacon-Alfredo-Pasta-Bake-1363884,Bacon Alfredo Pasta Bake,4,3000.0,[Main Dishes],,"[pasta, Ragu Alfredo Sauce, sour cream, bacon, ricotta cheese, garlic, eggs, parmesan cheese, parsley, salt, pepper, mozzarella cheese, panko breadcrumbs]"
Creamy-Dreamy-Zucchini-Pasta-1353613,Creamy Dreamy Zucchini Pasta,4,1200.0,,,"[zucchini, roma tomatoes, avocado, fresh parsley, garlic, lime juice, extra-virgin olive oil, dried basil, chopped walnuts, water]"
Cheesy-Broccoli-Pasta-Bake-1368983,Cheesy Broccoli Pasta Bake,4,3000.0,[Main Dishes],,"[short pasta, broccoli florets, tomato purée, water, basil, oregano, salt, garlic, fontina cheese, parmesan cheese]"
Pesto-Ricotta-Stuffed-Pasta-Shells-1380228,Pesto Ricotta Stuffed Pasta Shells,4,4800.0,[Main Dishes],[Italian],"[jumbo shells, mild Italian sausage, Ragu Sauce, ricotta cheese, large eggs, pesto, mozzarella cheese, pinenuts, panko breadcrumbs, avocado]"
Quick-_-Easy-Chicken-Pasta-1370755,Quick & Easy Chicken Pasta,4,1800.0,[Main Dishes],,"[pasta, pesto, garlic, garlic cloves, turkey bacon, spinach, sun-dried tomatoes, low fat alfredo sauce, salt, ground pepper, basil]"
Pasta-with-Peas-and-Sausage-1369462,Pasta with Peas and Sausage,4,900.0,[Main Dishes],,"[rotini, breakfast sausages, frozen peas, grating cheese]"
Tuna-Penne-Pasta-1354632,Tuna Penne Pasta,4,1200.0,[Main Dishes],,"[pasta, tuna, white onion, green peas, cooking oil, cheese, salt]"
30-Minute-Baked-Bacon-Macaroni-and-Cheese-Cups-1375437,30 Minute Baked Bacon Macaroni and Cheese Cups,4,2700.0,,,"[elbow macaroni, seasoned bread crumbs, bacon bits, butter, salt, pepper, large eggs, Mexican cheese blend, milk]"
Grilled-Chicken-Buffalo-Pasta-929729,Grilled Chicken Buffalo Pasta,4,1500.0,[Main Dishes],,"[boneless chicken breast, penne pasta, buffalo sauce, blue cheese dressing, parsley]"
Taco-Pasta-1027604,Taco Pasta,4,2400.0,[Main Dishes],,"[ground beef, pasta shapes, onions, garlic, salsa, taco seasoning, cream cheese, sour cream, salt, pepper, shredded cheese]"
Caramelized-Garlic-Pasta-1003203,Caramelized Garlic Pasta,3,1800.0,[Main Dishes],,"[olive oil, garlic, pasta, parmesan cheese, salt, pepper]"
Leftover-Turkey-Soup-1375163,Leftover Turkey Soup,4,2850.0,[Soups],,"[chicken broth, water, sliced carrots, chopped celery, chopped onion, noodles, cooked turkey, fresh thyme, kosher salt, pepper, garlic powder]"
Rasta-Pasta-1022612,Rasta Pasta,4,3600.0,[Main Dishes],,"[chicken breasts, penne pasta, olive oil, green onions, garlic cloves, jerk seasoning, knorr parma rosa sauc mix, grating cheese, bell pepper, milk]"
One-Pot-Cajun-Chicken-and-Sausage-Alfredo-Pasta-1362762,One Pot Cajun Chicken and Sausage Alfredo Pasta,4,1200.0,[Main Dishes],,"[extra-virgin olive oil, chicken, kosher salt, freshly ground black pepper, smoked sausage, garlic, low sodium chicken broth, heavy cream, penne pasta, cajun seasoning, shredded parmesan cheese, flat leaf parsley]"
Buttery-Tomato-Pasta-Simply-Recipes-287090,Buttery Tomato Pasta,5,1500.0,,,"[fusilli, tomatoes, butter, sugar, salt, pepper, dried basil]"
Crispy-Shrimp-Pasta-633652,Crispy Shrimp Pasta,3,2100.0,[Main Dishes],,"[fettuccine pasta, shrimp, kosher salt, freshly ground pepper, flour, olive oil, butter, low sodium chicken broth, whipping cream, cajun seasoning]"
One-Pot-Chicken-and-Pasta-1353537,One Pot Chicken and Pasta,3,1800.0,[Main Dishes],,"[olive oil, boneless skinless chicken breasts, salt, pepper, purple onion, green bell pepper, garlic, dried basil, dried oregano, red pepper flakes, fire roasted diced tomatoes, reduced sodium chicken broth, fusilli, grated parmesan cheese]"
Vietnamese-Chicken-Noodle-Soup-Pho-Ga-1354531,Vietnamese Chicken Noodle Soup – Phở Gà,4,5400.0,[Soups],,"[chicken, cinnamon sticks, star anise, brown cardamom, onions, shallots, ginger, noodles, cilantro, spring onions, salt, sugar, fish sauce]"
Simple-Tomato-and-Mushroom-Pasta-1366463,Simple Tomato and Mushroom Pasta,4,780.0,[Main Dishes],,"[pasta, cherry tomatoes, chestnut mushrooms, spinach, garlic, tomato purée, miso paste, chili flakes, paprika, salt, pepper, lemon]"
Creamy-Gruyere-and-Shrimp-Pasta-1372342,Creamy Gruyère and Shrimp Pasta,4,3000.0,[Main Dishes],,"[cavatelli, all-purpose flour, salt, 2% reduced-fat milk, gruyere cheese, butter, large shrimp, garlic cloves, dry white wine, ground red pepper, frozen peas, cooking spray, parsley sprigs]"
Breakfast-Pasta-Bake-1372035,Breakfast Pasta Bake,4,3300.0,[Breakfast and Brunch],,"[dry pasta, veggies, chicken sausage, paprika, black pepper, colby jack cheese, eggs, milk]"
Pasta-with-asparagus-351945,Pasta with Asparagus,5,1800.0,[Main Dishes],,"[asparagus, pasta, extra-virgin olive oil, garlic, salt, cracked black pepper, large egg yolks, parmigiano reggiano cheese]"
Pinky-Pasta-Martha-Stewart-196572,Pinky Pasta,4,1800.0,[Main Dishes],,"[pasta, garlic cloves, tomato paste, chicken stock, ground black pepper, butter]"
Pork-Chops-Florentine-1371220,Pork Chops Florentine,3,1800.0,[Main Dishes],,"[olive oil, boneless chop pork, onions, marinara sauce, spinach, mozzarella cheese, whole grain pasta]"
Under-30-MINUTES-One-Pot-Pasta-1377016,Under 30 MINUTES One-Pot Pasta,3,1200.0,[Main Dishes],,"[fettuccine pasta, cherry tomatoes, chives, garlic, red pepper flakes, bell pepper, basil, rosemary, olive oil, salt, freshly ground pepper, water, grated parmesan cheese]"
Creamy-Pasta-with-Ham-and-Peas-1379348,Creamy Pasta with Ham and Peas,3,600.0,[Main Dishes],,"[pasta, peas, cream, ham, parmesan cheese, olive oil, pepper, salt]"
Lemon-Basil-Pasta-575728,Lemon-Basil Pasta,3,1500.0,[Main Dishes],,"[linguine, kidney, lemon, olive oil, fresh basil leaves]"
Bang-Bang-Chicken-Pasta-1047594,Bang Bang Chicken Pasta,4,3000.0,[Main Dishes],,"[pasta, boneless chicken breast, garlic, chopped parsley, mayonnaise, sweet chili sauce, honey, Sriracha, lime juice]"
Cold-Pasta-Salad-1350815,Cold Pasta Salad,4,2100.0,[Salads],,"[diced tomatoes, large garlic cloves, red pepper flakes, fresh basil, red wine vinegar, salt, rotini, cucumber, red pepper, yellow peppers, grape tomatoes, green onions, fresh parsley, pitted black olives, extra-virgin olive oil, feta cheese crumbles]"
Light-and-healthy-pasta-salad-335500,Light and Healthy Pasta Salad,5,1200.0,[Salads],,"[pasta, red bell pepper, zucchini, yellow squash, broccoli, poppy seed dressing]"
Stuffed-Pasta-Shells-with-Spinach-and-Broccoli-1361203,Stuffed Pasta Shells with Spinach and Broccoli,4,3000.0,[Main Dishes],,"[jumbo pasta shells, broccoli florets, spinach leaves, large eggs, part-skim ricotta cheese, cottage cheese, grated parmesan cheese, Italian cheese blend, garlic powder, onion powder, dried oregano, ground pepper, ragu]"
Spicy-Shrimp-Parmesan-Pasta-1369085,Spicy Shrimp Parmesan Pasta,4,1800.0,[Main Dishes],,"[olive oil, garlic cloves, light brown sugar, soy sauce, red pepper flakes, shrimp, pasta, parmesan cheese]"
Cilantro-pasta-297986,Cilantro Pasta,4,2400.0,[Main Dishes],[Mexican],"[tomatoes, jalapeno chilies, vegetable oil, white onion, water, angel hair, knorr cilantro minicub]"
Easy-Tuna-Pasta-1125241,Easy Tuna Pasta,3,1800.0,[Main Dishes],,"[spring onions, pasta shapes, tuna, sweet corn, mayonnaise]"
Pasta-With-Garlic-and-Oil-_Aglio-et-Olio_-1354631,Pasta With Garlic and Oil (Aglio et Olio),4,1200.0,[Main Dishes],,"[spaghetti, extra-virgin olive oil, large garlic cloves, parmesan cheese, salt, pepper]"
Pumpkin-Cream-Pasta-1370372,Pumpkin Cream Pasta,4,3900.0,[Main Dishes],,"[pasta, heavy cream, pie pumpkin, cinnamon]"
Lemon-Caper-Pesto-Salmon-Pasta-1363251,Lemon Caper Pesto Salmon Pasta,4,1500.0,[Main Dishes],,"[salmon, pasta, fresh spinach, butter, olive oil, garlic, lemon, lemon juice, capers, fresh basil]"
Garlic-Parmesan-Chicken-Lasagna-Bake-1360435,Garlic Parmesan Chicken Lasagna Bake,4,6300.0,[Main Dishes],,"[oven-ready lasagna noodles, chicken meat, peas, grated parmesan cheese, gruyere cheese, water, panko breadcrumbs, fresh thyme, butter, garlic, all-purpose flour, herbes de provence, coarse salt, milk]"
Simple-Seafood-Pasta-1081293,Simple Seafood Pasta,4,1500.0,[Main Dishes],,"[angel hair, shrimp, tomatoes, oregano, extra-virgin olive oil, water]"
White-Chicken-Enchilada-Pasta-1379810,White Chicken Enchilada Pasta,4,3600.0,[Main Dishes],,"[angel hair, olive oil, butter, onions, green chilies, creole seasoning, all-purpose flour, chicken broth, chicken breasts, sour cream, shredded Monterey Jack cheese, chopped cilantro, sliced black olives]"
Homemade-Pasta-1311809,Homemade Pasta,4,1500.0,,,"[all-purpose flour, pasta, eggs, water]"
20-Minute-Tuscan-Chicken-with-Penne-Pasta-1379939,20-Minute Tuscan Chicken with Penne Pasta,4,1500.0,[Main Dishes],[Italian],"[olive oil, garlic cloves, frozen spinach, onions, dried oregano, dried thyme, pepper, salt, dried basil, diced tomatoes, chicken stock, rotisserie chicken, half & half, all-purpose flour, penne pasta, fresh basil, parmesan cheese]"
Creamy-Parmesan-Chicken-And-Broccoli-Pasta-Bake-1360430,Creamy Parmesan Chicken And Broccoli Pasta Bake,3,1500.0,[Main Dishes],,"[boneless chicken breast, frozen broccoli florets, pasta, cream of chicken soup, parmesan cheese, salt, pepper]"
Chicken-Garlic-Pasta-Skillet-_Freezer-Meal_-1379251,Chicken Garlic Pasta Skillet {Freezer Meal},4,3300.0,[Main Dishes],,"[boneless chicken breast, olive oil, butter, italian seasoning, salt, pepper, onions, garlic, chicken broth, diced tomatoes, penne pasta, crushed red pepper flakes, half & half, mozzarella cheese]"
Garlic-Pasta-1003056,Garlic Pasta,4,3000.0,[Main Dishes],,"[garlic, olive oil, dried pasta, butter, pasta sauce, baby portobello mushrooms]"
Sausage-and-Broccoli-Pasta-759224,Sausage and Broccoli Pasta,4,1620.0,[Main Dishes],,"[sweet italian sausage, broccoli, chicken broth, pasta, grated parmesan cheese, salt, pepper]"
Lasagna-Pasta-676284,Lasagna Pasta,4,2100.0,[Main Dishes],,"[bow-tie pasta, olive oil, ground chuck, pasta sauce, salt, garlic powder, italian seasoning, shredded mozzarella cheese, sour cream]"
Tri-Color-Pasta-with-Chickpeas-and-Salami-1360306,Tri Color Pasta with Chickpeas and Salami,4,2400.0,[Main Dishes],,"[dried chickpeas, Mrs. Dash, water, tri-color pasta, olive oil, garlic, shallots, crushed red pepper flakes, hard salami, sea salt]"
Brown-Butter-Pasta-with-Sweet-Potatoes-and-Brussels-Sprouts-1380723,Brown Butter Pasta with Sweet Potatoes and Brussels Sprouts,4,3600.0,[Side Dishes],,"[sweet potatoes, brussels sprouts, purple onion, olive oil, black pepper, salt, unsalted butter, whole wheat pasta, pecans, dried cranberries, feta cheese crumbles]"
Penne-Pasta-with-Dandelions-1376208,Penne Pasta with Dandelions,4,1200.0,[Main Dishes],,"[leaves, garlic, penne pasta, ricotta cheese, salt, ground pepper, olive oil, parmesan cheese]"
Pasta-with-Mushrooms-and-Pumpkin-1354906,Pasta with Mushrooms and Pumpkin,4,3000.0,[Main Dishes],,"[pasta, extra-virgin olive oil, pumpkin, mushrooms, salad, onions, grated parmesan cheese, salt, pepper]"
Cordon-Blue-Skillet-Pasta-1102340,Cordon Blue Skillet Pasta,4,1200.0,[Main Dishes],,"[chicken breasts, country ham, and fat free half half, cheese spread, garlic powder, dried thyme, poultry seasoning, reduced fat swiss cheese, pasta]"
Smooth-And-Savory-Pasta-With-Fresh-Squash-1372868,Smooth And Savory Pasta With Fresh Squash,3,1800.0,[Main Dishes],,"[olive oil, garlic, chicken stock, whole milk, bow-tie pasta, butter, cream cheese, grated parmesan cheese, scallions, salt, pepper]"
Favorite-Slow-Cooker-Pot-Roast-1375421,Favorite Slow Cooker Pot Roast,4,22500.0,,,"[olive oil, mixed spice, boneless beef chuck roast, onions, tomato sauce, water]"
Bacon-Ranch-Pasta-Salad-1365755,Bacon Ranch Pasta Salad,3,2100.0,[Salads],,"[shell pasta, carrots, frozen peas, mayonnaise, Hidden Valley® Original Ranch® Dressing, bacon bits, onion powder]"
Albino-Pasta-Allrecipes,Albino Pasta,4,1500.0,[Main Dishes],,"[penne pasta, olive oil, minced garlic, grated parmesan cheese]"
Michael-Symons-Pasta-with-Brussels-Sprouts-and-Bacon-1376176,Michael Symon’s Pasta with Brussels Sprouts and Bacon,4,2100.0,[Main Dishes],,"[pasta shells, olive oil, bacon, brussels sprouts, minced garlic, parmesan cheese]"
Salmon-Pasta-1037909,Salmon Pasta,4,2400.0,[Main Dishes],,"[whole wheat pasta, extra-virgin olive oil, garlic, salmon, frozen peas, shallots, butter, all-purpose flour, milk, cream, shredded parmesan cheese, salt, pepper, parmesan cheese]"
Creamy-Parmesan-Pumpkin-Pasta-1379522,Creamy Parmesan Pumpkin Pasta,4,2400.0,[Main Dishes],,"[olive oil, butter, garlic, pumpkin purée, unsalted chicken stock, onion powder, chili powder, cayenne pepper, pepper, salt, plain greek yogurt, grated parmesan cheese, rotini]"
Creamy-Chicken-and-Green-Veggie-Pasta-_DF_-1360239,Creamy Chicken and Green Veggie Pasta {DF},4,1800.0,[Main Dishes],,"[penne pasta, extra-virgin olive oil, onions, garlic, zucchini, broccoli, arugula, coconut cream, rotisserie chicken, basil pesto sauce, nutritional yeast]"
Basil-Shrimp-Creamy-Pasta-1373554,Basil Shrimp Creamy Pasta,4,900.0,[Main Dishes],,"[olive oil, garlic cloves, shrimp, spaghetti, cream, fresh basil, salt]"
Turkey-Pasta-Skillet-1372883,Turkey Pasta Skillet,3,2400.0,[Main Dishes],,"[fettucine, chopped onion, chopped celery, garlic, canola oil, mushrooms, fat free milk, salt free seasoning, salt, corn starch, half & half, grated parmesan cheese, cooked turkey, shredded mozzarella cheese]"
Pasta-with-Potatoes_-Peas-and-Pancetta-1369030,"Pasta with Potatoes, Peas and Pancetta",4,3900.0,[Main Dishes],,"[rigatoni, extra-virgin olive oil, onions, potatoes, smoked bacon, peas, chopped parsley, grated parmesan cheese, salt, pepper]"
Vegan-Butternut-Squash-Pasta-1362632,Vegan Butternut Squash Pasta,4,4500.0,[Main Dishes],,"[raw cashews, butternut squash, whole grain pasta, vegetable broth, pure maple syrup, salt, freshly ground black pepper, sage, peas]"
Asiago-Pasta-601508,Asiago Pasta,3,900.0,[Main Dishes],,"[whole wheat pasta, garlic salt, cheese, parsley, butter, milk]"
Rainbow-pasta-298778,Rainbow Pasta,4,1500.0,[Main Dishes],[Italian],"[water, salt, greens, pasta, ragu cheesi classic alfredo sauc]"
Pepperoni-Pizza-Pasta-1033013,Pepperoni Pizza Pasta,4,1500.0,[Main Dishes],,"[sausages, pepperoni slices, basil, tomato sauce, penne pasta, water, shredded mozzarella cheese, pepperoni]"
Cajun-Pasta-1310955,Cajun Pasta,4,660.0,[Main Dishes],[Cajun & Creole],"[pasta, Barilla Pasta Sauce, chicken strips, andouille sausage, onions, cayenne pepper, creole seasoning]"
Pasta-Mama-1258160,Pasta Mama,4,1200.0,[Main Dishes],,"[linguine, olive oil, garlic, eggs, grated parmesan cheese, basil]"
Miracle-Pasta-1057729,Miracle Pasta,4,1800.0,[Main Dishes],,"[linguine, diced tomatoes, onions, garlic, chicken, oregano, crushed red pepper flakes, salt, olive oil, fresh basil, grated parmesan cheese]"
Spicy-Sausage-Pasta-1339616,Spicy Sausage Pasta,4,1800.0,[Main Dishes],,"[olive oil, smoked sausage, onions, garlic, low sodium chicken broth, diced tomatoes and green chilies, heavy cream, pasta wagon wheel, salt, black pepper, monterey jack, scallions]"
Pasta-Curry-with-Cauliflower-and-Chickpeas-1375075,Pasta Curry with Cauliflower and Chickpeas,4,2100.0,[Main Dishes],,"[pasta, virgin olive oil, onions, garlic, red bell pepper, cauliflower florets, tomatoes, diced tomatoes, curry powder, dried basil, chickpeas, raisins, baby spinach, chopped cilantro fresh, salt, hot red pepper flakes]"
Chicken-florentine-bowtie-pasta-334939,Chicken Florentine Bowtie Pasta,5,3600.0,[Main Dishes],[Kid-Friendly],"[extra-virgin olive oil, white onion, minced garlic, baby spinach leaves, chicken breasts, kosher salt, ground black pepper, Philadelphia Cooking Creme, bow-tie pasta, shredded mozzarella cheese]"
Carbonara-Mac-_n-Cheese-Souffle-1375106,Carbonara Mac 'n Cheese Souffle,4,3900.0,[Main Dishes],,"[pasta shells, pancetta, eggs, butter, garlic, all-purpose flour, milk, salt, pepper, ground nutmeg, gruyere cheese, white cheddar cheese, fresh parsley]"
Pasta-with-garlicky-broccoli-rabe-305651,Pasta with Garlicky Broccoli Rabe,5,1500.0,,,"[pasta, broccoli rabe, olive oil, garlic cloves, red pepper flakes, kosher salt, romano cheese]"
Homemade-Pasta-1028134,Homemade Pasta,4,3000.0,,,"[white flour, eggs, olive oil, water]"
Mock-Pot-Roast-Meal-Recipe--Because-I-forgot-to-start-to-make-dinner-in-the-slow-cooker-1372010,Mock Pot Roast Meal Recipe- Because I forgot to start to make dinner in the slow cooker,4,2700.0,[Main Dishes],,"[pot roast, hamburger, canned tomatoes, veggies, onions, carrots, pepper, noodles]"
Bacon-Avocado-Pasta-768150,Bacon Avocado Pasta,4,1200.0,,,"[pasta, bacon, avocado, roma tomatoes, diced red onions, basil leaves, grated parmesan cheese, olive oil, lemon juice, lemon zest, kosher salt, ground black pepper]"
Chicken-Sausage-Pasta-1344007,Chicken Sausage Pasta,4,2100.0,[Main Dishes],,"[shell pasta, broccolini, olive oil, sausage links, onions, garlic, reduced sodium chicken broth, kosher salt, ground black pepper, arugula, snip fresh dill, grated parmesan cheese, crushed red pepper]"
Sausage-Tortellini-Skillet-1365473,Sausage Tortellini Skillet,4,1500.0,[Main Dishes],,"[bulk italian sausag, onions, Gourmet Garden garlic paste, italian seasoning, marinara sauce, tortellini, half & half, mozzarella cheese, dried basil]"
Classic-One-Pot-Pasta-1372874,Classic One-Pot Pasta,3,900.0,[Main Dishes],,"[pasta, roma tomatoes, onions, garlic, red pepper flakes, basil, olive oil, kosher salt, ground pepper, water]"
Zucchini-Pasta-1251677,Zucchini “Pasta”,3,1200.0,,,"[zucchini, extra-virgin olive oil, freshly ground pepper, kosher salt, tomato sauce, freshly grated parmesan]"
Lemon-Pepper-Fettuccine-1379495,Lemon Pepper Fettuccine,4,1200.0,[Main Dishes],,"[salt, fettucine, unsalted butter, shallots, heavy cream, large egg yolks, grated lemon zest, grated pecorino, freshly ground pepper]"
No-Boil-Single-Serving-Pasta-1062755,No Boil Single Serving Pasta,4,2700.0,[Main Dishes],,"[pasta, pasta sauce, milk, cheese]"
Creamy-Cajun-Pasta-with-Smoked-Sausage-1362056,Creamy Cajun Pasta with Smoked Sausage,4,2400.0,[Main Dishes],,"[bow-tie pasta, heavy cream, olive oil, minced garlic, chopped onion, cajun seasoning, smoked paprika, salt, pepper, white wine, tomato paste, chopped parsley, parmesan cheese, smoked sausage]"
Pantry-Pasta-1331032,Pantry Pasta,4,1500.0,[Main Dishes],,"[penne pasta, diced tomatoes, garlic cloves, fresh basil, olive oil, parmesan cheese]"
Grilled-Chicken-with-Lemon-Basil-Pasta-1324986,Grilled Chicken with Lemon Basil Pasta,4,1800.0,[Main Dishes],,"[grilled chicken breasts, penne pasta, butter, lemon, heavy cream, half & half, grated parmesan cheese, salt, ground black pepper, basil leaves]"
Pasta-Frittata-511527,Pasta Frittata,5,1800.0,"[Breakfast and Brunch, Lunch and Snacks, Main Dishes]",[Italian],"[pasta, eggs, butter, cheese]"
Buttery-Chicken-_Scampi_-Pasta-912891,"Buttery Chicken ""Scampi"" Pasta",4,1800.0,[Main Dishes],,"[unsalted butter, olive oil, garlic cloves, dry white wine, salt, ground black pepper, crushed red pepper flakes, boneless skinless chicken breasts, fresh parsley, lemon juice, pasta]"
Skinny-Pasta-Salad-1374084,Skinny Pasta Salad,4,1500.0,[Salads],,"[whole wheat short pasta, greek yogurt, parmesan cheese, extra-virgin olive oil, salt, pepper flakes, ground pepper, cherry tomatoes, baby spinach, onions]"
Garlic-Avocado-Pasta-1350132,Garlic Avocado Pasta,4,900.0,,,"[gluten-free noodles, avocado, olive oil, parsley, minced garlic, sea salt]"
Broccoli-pesto-pasta-305608,Broccoli Pesto Pasta,5,1500.0,[Main Dishes],,"[spaghetti, broccoli, pesto, extra-virgin olive oil, grated parmesan cheese, salt]"
Finger-Lickin-Good-Pasta-Salad-1355111,Finger Lickin Good Pasta Salad,4,3600.0,[Salads],,"[bow-tie pasta, prepar pesto, cherry tomatoes, feta cheese crumbles, freshly ground black pepper, kosher salt, olive oil]"
Pasta-Carbonara-The-Pioneer-Woman-289007,Pasta Carbonara,5,2100.0,"[Lunch and Snacks, Main Dishes]",[Italian],"[pasta, bacon, onions, garlic, eggs, parmesan cheese, heavy cream, salt, peas]"
Penne-Pasta-With-Vegetables-989433,Penne Pasta With Vegetables,3,1800.0,[Main Dishes],,"[Hidden Valley® Original Ranch Salad® Dressing & Seasoning Mix, penne pasta, cream cheese, frozen mixed thawed vegetables,, sliced almonds]"
Mushroom-Gruyere-Pasta-1246598,Mushroom Gruyere Pasta,4,2400.0,[Main Dishes],,"[bow-tie pasta, butter, olive oil, chopped onion, cremini mushrooms, fresh thyme leaves, garlic, salt, ground black pepper, chicken broth, whipping cream, gruyere cheese, grated nutmeg, fresh parsley]"
Pasta-Caprese-1185817,Pasta Caprese,4,1200.0,,,"[angel hair, cherry tomatoes, basil, mozzarella balls, roasted garlic]"
Baked-Pasta-with-Broccoli-Rabe-and-Sausage-379645,Baked Pasta with Broccoli Rabe and Sausage,5,4500.0,[Main Dishes],,"[pasta, broccoli rabe, italian sausage, grated parmesan cheese, mozzarella cheese, milk, unsalted butter, all-purpose flour, table salt, ground black pepper, garlic, nutmeg]"
Super-Healthy-Tomato-Pasta-Sauce-1366367,Super Healthy Tomato Pasta Sauce,4,3300.0,[Condiments and Sauces],,"[olive oil, onions, carrots, celery, red bell pepper, mushrooms, garlic cloves, whole peeled tomatoes, salt, pepper]"
Pasta-with-Pancetta-and-Leeks-1304797,Pasta with Pancetta and Leeks,4,1500.0,[Main Dishes],,"[pasta, pasta water, pancetta, leeks, butter, dry white wine, heavy cream, freshly ground pepper, salt, parmesan cheese]"
Bonnie_s-Left-Over-Pasta-753634,Bonnie's Left Over Pasta,4,1500.0,[Main Dishes],,"[butter, eggs, pepper, salt, pasta, parmesan cheese, chopped parsley]"
Pasta-Isabarte-Allrecipes,Pasta Isabarte,4,5400.0,[Main Dishes],[Kid-Friendly],"[pasta, eggs, tomatoes, sliced black olives, green bell pepper, slice, yellow bell pepper, red bell pepper, onions, dried oregano, garlic salt, pasta sauce, shredded mozzarella cheese]"
Lemon-Parmesan-Pasta-with-Chicken-1323718,Lemon Parmesan Pasta with Chicken,4,1500.0,[Main Dishes],,"[angel hair, boneless skinless chicken breasts, garlic, butter, lemon, juice, shredded parmesan cheese, pasta water, whole milk]"
Chicken-Cordon-Bleu-Pasta-1373299,Chicken Cordon Bleu Pasta,3,1800.0,[Main Dishes],,"[pasta, olive oil, Italian bread, bread crumbs, italian seasoning, unsalted butter, boneless skinless chicken breasts, kosher salt, cracked black pepper, minced garlic, cubed ham, Holland House White Cooking Wine, heavy whipping cream, corn starch, gruyere cheese, parmesan cheese, fresh basil leaves, chiffonade]"
Bang-Bang-Shrimp-Pasta-1337914,Bang Bang Shrimp Pasta,4,1500.0,[Main Dishes],,"[spaghetti, medium shrimp, olive oil, garlic, paprika, salt, pepper, mayonnaise, sweet chili sauce, lime juice, Sriracha, crushed red pepper flakes]"
One-Pan-Shrimp-Pasta-with-Feta-and-Arugula-1374550,One Pan Shrimp Pasta with Feta and Arugula,4,1500.0,[Main Dishes],,"[ragu organic pasta sauc, water, white wine, cream, shrimp, gluten-free penne, feta cheese, arugula, basil]"
Pasta-with-Salmon-and-Arugula-Pesto-1367735,Pasta with Salmon and Arugula Pesto,4,1200.0,[Main Dishes],,"[pasta, arugula, parmesan cheese, extra-virgin olive oil, walnuts, smoked salmon, salt, pepper]"
Asparagus_-goat-cheese-and-lemon-pasta-305540,"Asparagus, Goat Cheese and Lemon Pasta",5,1800.0,[Main Dishes],,"[pasta, asparagus spears, olive oil, lemon peel, fresh tarragon, soft fresh goat cheese, fresh lemon juice]"
Broccoli-Pesto-Pasta-1194875,Broccoli Pesto Pasta,4,2400.0,[Main Dishes],,"[broccoli, penne pasta, garlic, nonfat half-and-half, reduced fat parmesan cheese, basil]"
Quick-Penne-Pasta-with-Meat-Sauce-1275166,Quick Penne Pasta with Meat Sauce,4,3000.0,[Main Dishes],,"[penne pasta, salt, olive oil, chopped onion, garlic, italian seasoning, red pepper flakes, ground black pepper, ground sirloin, chunky tomato sauce, shredded mozzarella cheese, fresh parsley]"
Butternut-Squash-Creamy-Pasta-1309177,Butternut Squash Creamy Pasta,4,1800.0,[Main Dishes],,"[dry pasta, coconut oil, whole wheat flour, coconut milk, fat, butternut squash, nutritional yeast, ground mustard, tumeric, oregano, nutmeg, garlic powder]"
Pasta-with-Chicken-530573,Pasta with Chicken,4,1800.0,[Main Dishes],,"[boneless chicken breast, pasta, butter, garlic cloves, parsley, water]"
Greek-Pasta-Salad-441626,Greek Pasta Salad,5,900.0,"[Salads, Side Dishes]","[Greek, Mediterranean]","[rotini, tomatoes, cucumber, onions, feta cheese, fresh oregano, fresh parsley, red wine vinegar, olive oil, cracked black pepper, salt]"
Baked-Caprese-Pasta-1171721,Baked Caprese Pasta,4,1800.0,[Main Dishes],,"[linguine, marinara sauce, basil leaves, olive oil, salt, black pepper, freshly grated parmesan, cherry tomatoes, fresh mozzarella]"
Lemon-chicken-pasta-368995,Lemon Chicken Pasta,5,1800.0,[Main Dishes],,"[linguine, butter, chicken, chopped parsley, lemon juice, grated parmesan cheese, lemon slices]"
Slow-Cooker-Lasagna-Soup-1375138,Slow Cooker Lasagna Soup,4,4200.0,"[Soups, Main Dishes]",,"[italian sausage, minced garlic, olive oil, pasta sauce, beef broth, onion powder, parsley, basil, grated parmesan cheese, lasagna noodles, mozzarella cheese, water, milk]"
Healthier-Carbonara-Pasta-1113483,Healthier Carbonara Pasta,4,1200.0,[Main Dishes],,"[pasta, bacon, Alfredo sauce, green onions, grated parmesan cheese]"
Baked-Brie-en-Croute-_with-honey_-cranberries-and-pecans_-1367684,"Baked Brie en Croute (with honey, cranberries and pecans)",4,1500.0,,,"[frozen pastry puff sheets, honey, dried cranberries, chopped pecans, wheels, egg yolks, water]"
Easy-Tuna-Casserole-1371400,Easy Tuna Casserole,4,1200.0,[Main Dishes],,"[whole wheat pasta, whole milk, sea salt, tuna, shredded cheese]"
Shrimp-and-Pancetta-Pasta-1365652,Shrimp and Pancetta Pasta,3,5400.0,[Main Dishes],,"[spaghetti, pancetta, shrimp, purple onion, garlic, asparagus, artichoke hearts, tomato basil sauce, polenta, almond flour, baking powder, salt, ground cloves, unsalted butter, extra-virgin olive oil, sugar, large eggs, orange, vanilla extract, truffles, chocolate bars]"
Chicken-Pepper-Pasta-1380053,Chicken-Pepper Pasta,3,2100.0,[Main Dishes],,"[butter, onions, red pepper, yellow peppers, orange bell pepper, garlic, boneless skinless chicken breasts, fresh tarragon, salt, pepper, half & half, shredded mozzarella cheese, grated parmesan cheese, vermicelli]"
Olive-Garden-Pasta-e-Fagioli-1358776,Olive Garden Pasta e Fagioli,3,5100.0,"[Soups, Main Dishes]",,"[ground beef, onions, carrots, celery, garlic, diced tomatoes, red kidney beans, great northern beans, tomato sauce, V-8 Juice, white vinegar, salt, oregano, basil, pepper, thyme, pasta]"
Seafood-Pasta-The-Pioneer-Woman-203092,Seafood Pasta,5,3600.0,[Main Dishes],,"[olive oil, butter, scallops, shrimp, garlic, dry white wine, diced tomatoes, salt, pepper, crushed red pepper, heavy cream, basil leaves, chicken broth, liquid, pasta]"
Shrimp-pasta-369450,Shrimp Pasta,5,2400.0,[Main Dishes],,"[vegetable oil, kosher salt, linguine, unsalted butter, olive oil, minced garlic, large shrimp, ground black pepper, fresh parsley leaves, lemon zest, dry white wine, lemon, peas, mushrooms, hot red pepper flakes]"
Spicy-One-Pot-Gluten-Free-Tomato-Mushroom-Basil-Pasta-1372402,Spicy One Pot Gluten-Free Tomato Mushroom Basil Pasta,4,1680.0,[Main Dishes],,"[pasta, fresh tomatoes, purple onion, large garlic cloves, cremini mushrooms, fresh basil leaves, red pepper flakes, kosher salt, black pepper, olive oil, low sodium chicken broth, wine]"
Shrimp-Pasta-1011133,Shrimp Pasta,4,1500.0,[Main Dishes],,"[deveined shrimp, pappardelle pasta, minced garlic, extra-virgin olive oil, butter, parmesan cheese, dry white wine, lemon, spring onions]"
Italian-Baked-Pasta-1006088,Italian Baked Pasta,3,4800.0,[Main Dishes],[Italian],"[pasta, marinara sauce, grated parmesan cheese, ricotta cheese, shredded mozzarella cheese]"
Vegetable-Garden-Pasta-1174799,Vegetable Garden Pasta,4,2400.0,[Main Dishes],,"[pasta, cherry tomatoes, garlic, olive oil, ear of corn, zucchini, yellow squash, basil, crushed red pepper, salt, mozzarella cheese]"
Vegan-Creamy-Red-Pepper-Sauce-_-Pasta-1361972,Vegan Creamy Red Pepper Sauce & Pasta,4,2100.0,[Main Dishes],,"[roasted red peppers, hemp seeds, lemon, garlic, nutritional yeast, cayenne pepper, salt, pasta]"
Avocado-Pasta-Sauce-1379214,Avocado Pasta Sauce,3,1200.0,,,"[avocado, garlic cloves, lemon juice, olive oil, grated parmesan cheese, salt, pepper, fresh parsley]"
Taco-pasta-350768,Taco Pasta,5,3300.0,[Main Dishes],,"[yellow onion, green bell pepper, olive oil, sea salt, black pepper, garlic, ground beef, taco seasoning, oregano, diced tomatoes, corn, pasta, sour cream, sharp cheddar cheese, tortilla chips, iceberg lettuce]"
Simple-Pasta-Salad-With-Garlic-Vinaigrette-1364423,Simple Pasta Salad With Garlic Vinaigrette,3,900.0,[Salads],,"[rotini pasta, cook and drain, garlic, Balsamico Bianco, dijon mustard, honey, worcestershire sauce, olive oil, salt, pepper, cherry tomatoes, green olives, purple onion, parmesan cheese]"
Easiest-pasta-and-broccoli-352038,Easiest Pasta and Broccoli,5,,[Main Dishes],,"[pasta, broccoli florets, garlic, grated parmesan cheese, olive oil, salt, pepper]"
Pasta-Pancetta-Allrecipes,Pasta Pancetta,4,900.0,[Main Dishes],,"[shallots, garlic, bacon, sliced mushrooms, ground black pepper, dried oregano, chicken broth, olive oil, pasta, grated parmesan cheese]"
Leek-And-Sausage-Pasta-571416,Leek And Sausage Pasta,5,1200.0,[Main Dishes],,"[extra-virgin olive oil, leeks, sea salt, sausage casings, fusilli, whole milk, grated parmesan cheese]"
Pumpkin-Pasta-1351067,Pumpkin Pasta,4,2100.0,[Main Dishes],,"[butternut squash, pumpkin, onions, garlic cloves, olive oil, pasta, parmesan cheese, cheese, rosemary]"
Pasta-With-Chickpeas-And-Pesto-1352885,Pasta With Chickpeas And Pesto,4,1020.0,[Main Dishes],,"[pasta, chickpeas, pesto, olive oil, salt, parmesan cheese]"
Creamy-Mushroom-and-Spinach-Pasta-1284406,Creamy Mushroom and Spinach Pasta,4,1200.0,[Main Dishes],,"[fettucine, butter, sliced mushrooms, spinach, onions, cream cheese]"
Creamy-Pasta-and-Zucchini-1366838,Creamy Pasta and Zucchini,4,1500.0,[Main Dishes],,"[pasta, cashew nuts, coconut milk, pasta water, nutritional yeast flakes, lemon juice, salt, extra-virgin olive oil, zucchini, onions, garlic, green peas, kale leaves, basil]"
Kale-Pasta-Salad-1321480,Kale Pasta Salad,4,1800.0,"[Salads, Side Dishes]",,"[bow-tie pasta, pinenuts, olive oil, garlic, salt, black pepper, kale, parmesan cheese, balsamic vinegar]"
Mushroom-Ricotta-Pasta-1041035,Mushroom Ricotta Pasta,4,1200.0,[Main Dishes],,"[crimini mushrooms, garlic cloves, olive oil, dried thyme, ricotta, whole milk, pasta, salt, grated parmesan cheese]"
Pasta-Pie-967481,Pasta Pie,4,4500.0,[Main Dishes],,"[rigatoni, olive oil, ground beef, garlic, freshly ground pepper, crushed tomatoes, butter, salt, parmesan cheese, mozzarella cheese]"
Stovetop-Ground-Turkey-with-Pasta-1331325,Stovetop Ground Turkey with Pasta,4,2100.0,[Main Dishes],,"[olive oil, ground turkey, garlic, fresh parsley, allspice, black pepper, sea salt, ketchup, lime juice, tomato sauce, diced tomatoes, hot sauce, pasta]"
BLT-Pasta-626004,BLT Pasta,3,2100.0,[Main Dishes],,"[pasta shapes, bacon, garlic, cherry tomatoes, dark leafy greens, grated parmesan cheese, pepper, salt]"
Catelli-Vermicelli-with-Chicken-in-Peanut-Sauce-1379019,Catelli® Vermicelli with Chicken in Peanut Sauce,3,900.0,[Main Dishes],,"[vermicelli, vegetable oil, boneless skinless chicken breasts, low sodium chicken stock, liquid honey, peanut butter, green onions, red pepper]"
Shrimp-and-Artichoke-Pasta-Simply-Recipes-42852,Shrimp and Artichoke Pasta,5,1800.0,[Main Dishes],,"[linguine, basil pesto sauce, olive oil, garlic, large shrimp, frozen peas, artichoke hearts, greens, fresh parsley, ground black pepper, salt]"
Shrimp-and-Grits-Style-Pasta-1370194,Shrimp and Grits Style Pasta,4,2100.0,[Main Dishes],,"[whole wheat pasta, turkey bacon, olive oil, finely chopped onion, green pepper, chopped celery, garlic cloves, cajun seasoning, cumin, chili powder, ragu, shrimp, chopped cilantro fresh]"
Pasta-Alla-Vodka-1340223,Pasta Alla Vodka,4,2100.0,[Main Dishes],,"[pasta, olive oil, butter, onions, clove, vodka, tomato purée, heavy cream, red pepper flakes, salt, ground black pepper, grated parmesan cheese]"
Cowboy-Pasta-1188936,Cowboy Pasta,4,1800.0,[Main Dishes],,"[meat, Ranch Style Beans, shells, cheese, diced tomatoes and green chilies, salt, pepper]"
Basic-Pasta-1088986,Basic Pasta,4,2100.0,,,"[eggs, pasta flour, salt, extra-virgin olive oil]"
One-Pot-Sausage-Pasta-1351698,One Pot Sausage Pasta,4,2100.0,[Main Dishes],,"[pasta, italian pork sausage, cherry tomatoes, fresh basil leaves, large garlic cloves, olive oil, oregano, black pepper, salt, water]"
Broccoli-and-Shrimp-Scampi-7-Points-_-1375561,Broccoli and Shrimp Scampi – 7 Points +,4,1800.0,[Main Dishes],,"[rotini, extra-virgin olive oil, butter, frozen broccoli, minced garlic, cooked shrimp]"
Zucchini-Pasta-1263743,Zucchini Pasta,3,1500.0,[Main Dishes],,"[linguine, shredded zucchini, olive oil, garlic, nonfat yogurt plain, reduced fat cheddar cheese, salt, pepper]"
Olive-lover_s-pasta-297729,Olive Lover's Pasta,4,1500.0,[Main Dishes],,"[pasta sauce, tri color pasta twists, cooked and drained, pitted olives, grated parmesan cheese]"
Baked-Ziti-1369041,Baked Ziti,3,4800.0,[Main Dishes],,"[dry pasta, olive oil, yellow onion, garlic, marinara sauce, small curd cottage cheese, provolone cheese, low moisture mozzarella, grated parmesan cheese]"
Buffalo-Ranch-Chicken-Pasta-1339589,Buffalo Ranch Chicken Pasta,4,1500.0,[Main Dishes],,"[penne pasta, boneless skinless chicken tenderloins, celery, carrots, hot sauce, ranch dressing, onion powder]"
Cheesy-Smoky-Butternut-Squash-Pasta-1366311,Cheesy Smoky Butternut Squash Pasta,3,4500.0,[Main Dishes],,"[butternut squash, dry pasta, broccoli florets, almonds, raw cashews, nutritional yeast, lemon juice, tamari soy sauce, ground chipotle chile pepper]"
Creamy-Bacon-and-Garlic-Pasta-1074201,Creamy Bacon and Garlic Pasta,4,1200.0,[Main Dishes],,"[bacon, cream cheese, herbs, whipping cream, sweet peas, penne pasta, garlic, black pepper]"
Pasta-Carbonara-1352836,Pasta Carbonara,4,2400.0,[Main Dishes],,"[pecorino romano cheese, eggs, ground black pepper, olive oil, guanciale, shallots, chives, pasta]"
Oven-Baked-Pasta-1259312,Oven Baked Pasta,3,3900.0,[Main Dishes],,"[rigatoni, extra-virgin olive oil, eggplant, sun-dried tomatoes, olives, dried chile peppers, garlic, tomato purée, salt, mozzarella cheese, cheese]"
Antipasto-pasta-347608,Antipasto Pasta,5,1200.0,"[Main Dishes, Side Dishes]","[Italian, Kid-Friendly]","[bow-tie pasta, marinated artichoke hearts, roasted red peppers, salami, bocconcini, pitted kalamata olives]"
Roasted-Acorn-Squash-and-Blue-Cheese-Pasta-1367480,Roasted Acorn Squash and Blue Cheese Pasta,3,3300.0,[Main Dishes],,"[acorn squash, olive oil, kosher salt, freshly ground black pepper, whole milk, blue cheese, pappardelle pasta, butter, shallots, sage leaves, baby spinach]"
Lasagna-1372008,Lasagna,4,6300.0,[Main Dishes],,"[hamburger, pork sausages, garlic, onions, diced tomatoes, tomato sauce, parsley, basil, oregano, cottage cheese, eggs, parmesan cheese, mozzarella cheese, lasagna noodles]"
Macaroni-and-Tomatoes-1367536,Macaroni and Tomatoes,4,3300.0,,,"[ice, vine ripened tomatoes, olive oil, garlic, kosher salt, black pepper, elbow macaroni, basil leaves]"
Shrimp-Florentine-Pasta-475197,Shrimp Florentine Pasta,4,1800.0,[Main Dishes],,"[extra-virgin olive oil, garlic, jumbo shrimp, salt, angel hair, white wine, chicken broth, baby spinach, grape tomatoes, fresh parmesan cheese]"
Shrimp-and-Pesto-Pasta-1215988,Shrimp and Pesto Pasta,4,900.0,[Main Dishes],,"[angel hair, butter, shrimp, salt, pepper, basil pesto sauce, shaved parmesan cheese]"
Creamy-Butternut-Squash-Pasta-1351612,Creamy Butternut Squash Pasta,4,3600.0,[Main Dishes],,"[butternut squash, onions, garlic, butter, ground sage, whole milk, shredded parmesan cheese, noodles]"
Smashed-Garlic-Cauliflower-1373370,Smashed Garlic Cauliflower,4,1200.0,[Side Dishes],,"[cauliflower, garlic, grass-fed butter, salt, pepper]"
Chicken-Pesto-Pasta-1329977,Chicken Pesto Pasta,4,1800.0,[Main Dishes],,"[spaghetti, chicken strips, broccoli, prepar pesto, chicken broth, shredded parmesan cheese]"
Vegan-Roasted-Vegetable-Pasta-_-Jason-Wrobel-1349841,Vegan Roasted Vegetable Pasta | Jason Wrobel,3,3000.0,[Main Dishes],,"[butternut squash, potatoes, purple onion, olive oil, cherry tomatoes, garlic, shredded basil, balsamic vinegar, gluten-free pasta]"
Potato-Gnocchi-Recipe-_Vegan_-1366645,Potato Gnocchi Recipe (Vegan),4,3600.0,[Main Dishes],,"[potatoes, self rising flour, almond milk, Ragu Sauce]"
Pasta-with-Zucchini-1349917,Pasta with Zucchini,4,1200.0,[Main Dishes],,"[pasta, olive oil, garlic, zucchini, basil leaves, salt, parmesan cheese, pecorino cheese]"
Colorful-Pasta-Salad-1372226,Colorful Pasta Salad,4,2100.0,[Salads],,"[pasta spiral, cherry tomatoes, carrots, orange, black olives, purple onion, olive oil, red wine vinegar, prepared mustard, dried oregano, garlic cloves, pepper, salt]"
Chicken-and-Mushroom-Pasta-1111655,Chicken and Mushroom Pasta,3,1740.0,[Main Dishes],,"[olive oil, boneless chicken breast, onions, garlic, sliced mushrooms, white wine, low sodium organic chicken broth, whole wheat angel hair pasta, chopped parsley]"
One-Pan-Pasta-1364208,One-Pan Pasta,4,2100.0,[Main Dishes],,"[extra-virgin olive oil, sweet onion, garlic cloves, dried basil, dried oregano, penne pasta, low sodium chicken stock, fire roasted diced tomatoes, freshly ground black pepper, kosher salt, shredded parmesan cheese, shredded mozzarella cheese, fresh mozzarella, fresh basil]"
Italian-Pasta-In-Red-And-White-Sauce-1372447,Italian Pasta In Red And White Sauce,4,2400.0,[Main Dishes],[Italian],"[milk, penne pasta, tomatoes, crushed red pepper flakes, garlic, onions, capsicum, zucchini, tomato sauce, basil leaves, cheese, oregano, celery, salt]"
Pasta-Carbonara-1023794,Pasta Carbonara,4,3000.0,[Main Dishes],,"[rigatoni, bacon, eggs, butter, grated parmesan cheese, whipping cream, garlic, parsley, pepper]"
Pasta-with-Tomatoes-and-Tuna-1354382,Pasta with Tomatoes and Tuna,4,2400.0,[Main Dishes],,"[pasta, plum tomatoes, water, onions, extra-virgin olive oil, tuna, basil leaves, salt, pepper]"
Butternut-Squash_-Parmesan_-and-Pasta-Naturally-Ella-46328,"Butternut Squash, Parmesan, and Pasta",5,2700.0,"[Side Dishes, Main Dishes]",,"[butternut squash, onions, rosemary, olive oil, walnut pieces, butter, pasta, parmesan cheese]"
Bowtie-Pasta-With-Prosciutto-_-Peas-1225848,Bowtie Pasta With Prosciutto & Peas,4,1500.0,[Main Dishes],,"[bow-tie pasta, prosciutto, frozen peas, half & half, grated parmesan cheese, pepper]"
Zucchini-Pasta-624645,Zucchini Pasta,3,900.0,,,"[zucchini, salt, pepper]"
Southwest-Shrimp-_-Chorizo-Pasta-1234279,Southwest Shrimp & Chorizo Pasta,3,1500.0,[Main Dishes],,"[deveined shrimp, linguine, chorizo sausage, unsalted butter, garlic, southwest seasoning, orange bell pepper, olive oil, chives]"
Zucchini-Noodles-With-Ragu-1364322,Zucchini Noodles With Ragu,4,900.0,,,"[medium zucchini, olive oil, mushrooms, Ragu Sauce, salt, black pepper, parmesan cheese, basil, fresh thyme]"
Mexican-Baked-Pasta-990297,Mexican Baked Pasta,4,3000.0,[Main Dishes],[Mexican],"[pasta shells, ground beef, salsa, corn kernels, canned black beans, shredded cheese]"
Spinach-and-Sun-Dried-Tomato-Pasta-1361670,Spinach and Sun-Dried Tomato Pasta,4,2100.0,[Main Dishes],,"[whole wheat rotini pasta, sun-dried tomatoes, baby spinach, walnuts, parmesan cheese, fresh lemon juice, lemon zest, salt]"
Pasta-with-Tomato-Cream-Sauce-1338086,Pasta with Tomato Cream Sauce,4,2400.0,[Main Dishes],,"[olive oil, butter, onions, garlic, tomato sauce, salt, pepper, sugar, heavy cream, grated parmesan cheese, fresh basil, fettucine]"
Mushroom-Florentine-Pasta-1058298,Mushroom Florentine Pasta,4,1500.0,[Main Dishes],,"[linguine, all-purpose flour, chicken broth, whole milk, salt, black pepper, olive oil, sliced mushrooms, garlic cloves, gruyere cheese, baby spinach leaves]"
Caprese-Pasta-1125037,Caprese Pasta,4,2400.0,[Main Dishes],,"[elbow pasta, extra-virgin olive oil, grape tomatoes, garlic, salt, pepper, grated parmesan cheese, chees fresh mozzarella, fresh basil]"
Chicken-Pot-Pie-Pasta-1333534,Chicken Pot Pie Pasta,4,2400.0,[Main Dishes],,"[pasta, butter, flour, yellow onion, carrots, celery, kosher salt, black pepper, low sodium chicken broth, skim milk, frozen peas, cooked chicken, parmesan cheese]"
HOMEMADE-PASTA-SAUCE-1363916,HOMEMADE PASTA SAUCE,4,3000.0,[Condiments and Sauces],,"[tomatoes, chopped onion, garlic, olive oil, fresh basil, lemon juice]"
Vegetable-Garden-Pasta-1239705,Vegetable Garden Pasta,4,2400.0,[Main Dishes],,"[pasta, cherry tomatoes, garlic, olive oil, ear of corn, zucchini, yellow squash, basil, crushed red pepper, salt, mozzarella cheese]"
Homemade-Pasta-Sauce-1065933,Homemade Pasta Sauce,4,3000.0,[Condiments and Sauces],,"[pasta sauce, tomato paste, crushed tomatoes, italian seasoning, Burgundy wine, garlic]"
Creamy-Shrimp-and-Mushroom-Pasta-894716,Creamy Shrimp and Mushroom Pasta,4,3600.0,[Main Dishes],,"[olive oil, shrimp, garlic cloves, dried basil, crushed red pepper flakes, paprika, mushrooms, half & half, parmesan cheese, mozzarella cheese, pasta water, fettuccine pasta]"
PASTA-_-BEANS-1050571,PASTA & BEANS,4,1500.0,[Main Dishes],,"[pasta, beans, pasta sauce, parmigiano reggiano cheese]"
Simple-Italian-Pasta-Bake-1208371,Simple Italian Pasta Bake,3,3600.0,[Main Dishes],[Italian],"[ground beef, penne pasta, garlic sauce, grated parmesan cheese, shredded mozzarella cheese]"
Lemon-and-arugula-pasta-371751,Lemon and Arugula Pasta,5,1500.0,[Main Dishes],,"[rigatoni, cannellini beans, baby arugula, lemon, extra-virgin olive oil, grated parmesan cheese, kosher salt, black pepper]"
Creamy-Gruyere-_-Shrimp-Pasta-472191,Creamy Gruyere & Shrimp Pasta,5,4500.0,[Main Dishes],,"[dry white wine, cayenne pepper, shrimp, garlic, nonfat milk, butter, all-purpose flour, salt, penne pasta, gruyere cheese]"
Brussels-Sprouts-and-Pancetta-Pasta-1313320,Brussels Sprouts and Pancetta Pasta,4,1200.0,[Main Dishes],,"[orecchiette, pancetta, olives, butter, brussels sprouts, black pepper, parmesan cheese]"
Brown-Butter-Walnut-Pasta-1014144,Brown Butter Walnut Pasta,4,1500.0,[Main Dishes],,"[linguine, butter, walnut halves, shredded parmesan cheese, ground black pepper]"
15-Minute-Weeknight-Pasta-1354491,15 Minute Weeknight Pasta,4,900.0,[Main Dishes],,"[dried pasta, unsalted butter, onions, sliced carrots, bell pepper, grape tomatoes, garlic, kosher salt, black pepper, grated lemon zest, provolone cheese, pasta water, fresh parsley, parmesan cheese]"
Shrimp-_-Chipotle-Alfredo-1375451,Shrimp & Chipotle Alfredo,3,3600.0,[Main Dishes],,"[fettucine, butter, large shrimp, Philadelphia Cream Cheese, milk, Kraft Grated Parmesan Cheese, chipotles in adobo]"
Lemony-Pesto-Pasta-with-Peas-1108644,Lemony Pesto Pasta with Peas,4,1020.0,[Main Dishes],,"[orecchiette, green peas, prepar pesto, fresh basil, grated parmesan cheese, lemon zest, chili flakes, salt, pepper]"
Spicy-Sausage-Pasta-635668,Spicy Sausage Pasta,3,1500.0,[Main Dishes],,"[olive oil, smoked sausage, diced onions, garlic, low sodium chicken broth, tomatoes, heavy cream, penne pasta, salt, monterey jack, scallions]"
Creamy-Ham-and-Penne-Pasta-1061134,Creamy Ham and Penne Pasta,4,1200.0,[Main Dishes],,"[penne pasta, frozen peas, diced tomatoes, low-fat cream cheese, shredded sharp cheddar cheese, ham]"
Pasta-with-Pesto-Cream-Sauce-1320259,Pasta with Pesto Cream Sauce,4,1500.0,[Main Dishes],,"[fresh basil leaves, grated parmesan cheese, pinenuts, garlic, salt, pepper, extra-virgin olive oil, heavy cream, butter, pasta, tomatoes]"
Chicken-Parmesan-Baked-Pasta-684396,Chicken Parmesan Baked Pasta,4,2400.0,[Main Dishes],,"[whole peeled tomatoes, olive oil, garlic cloves, dried oregano, crushed red pepper flakes, kosher salt, water, low sodium chicken broth, pasta, grated parmesan cheese, black pepper, shredded mozzarella cheese, boneless skinless chicken breasts, fresh basil]"
Creamy-Fettucine-Salmon-Pasta-1280253,Creamy Fettucine Salmon Pasta,3,2100.0,[Main Dishes],,"[salmon fillets, fresh spinach, heavy cream, parsley, butter, noodles, lemon, salt, pepper]"
Salmon-Pasta-Martha-Stewart,Salmon Pasta,4,1800.0,[Main Dishes],,"[fennel seeds, fresh parsley, light brown sugar, pepper, salt, salmon fillets, short pasta, spinach, sour cream, fresh lemon juice]"
Simple-Homemade-Pasta-Sauce-with-Meat-1345151,Simple Homemade Pasta Sauce with Meat,4,3300.0,[Main Dishes],,"[ground beef, onions, tomato sauce, oregano, thyme, rosemary, garlic salt, black pepper, olive oil, grated parmesan cheese]"
Creamy-Chicken-Pumpkin-Parmesan-Pasta-1378649,Creamy Chicken Pumpkin Parmesan Pasta,4,5400.0,[Main Dishes],,"[sugar pumpkin, olive oil, boneless skinless chicken breasts, bacon slices, garlic cloves, white wine, sweet onion, pure pumpkin, chicken broth, heavy cream, Saigon cinnamon, dried thyme, dried sage, red pepper flakes, sea salt, Marcona almonds, shredded parmesan cheese, fire roasted diced tomatoes, rigatoni, flat leaf parsley]"
Weeknight-Skillet-Chicken-Parmesan-Pasta-1309262,Weeknight Skillet Chicken Parmesan Pasta,4,2400.0,[Main Dishes],,"[chicken breasts, salt, pepper, olive oil, pasta sauce, dried oregano, crushed red pepper flakes, water, low sodium chicken broth, pasta, parmesan cheese, mozzarella cheese, fresh basil]"
Ham-and-Cheese-Pasta-Salad-1376158,Ham and Cheese Pasta Salad,4,2100.0,[Salads],,"[pasta, carrots, onions, diced celery, mayonnaise, milk, sugar, apple cider vinegar, dijon mustard, salt, pepper, diced ham, sharp cheddar cheese]"
Baked-buffalo-chicken-pasta-333566,Baked Buffalo Chicken Pasta,5,3300.0,[Main Dishes],,"[pasta, boneless skinless chicken breasts, butter, flour, milk, grated jack cheese, sharp cheddar cheese, buffalo sauce, panko breadcrumbs, salt, pepper, green onions, fresh cilantro, gorgonzola]"
Creamy-Sundried-Tomato-and-Chicken-Pasta-1346787,Creamy Sundried Tomato and Chicken Pasta,4,1500.0,[Main Dishes],,"[chicken breasts, olive oil, shallots, garlic, fire roasted diced tomatoes, salt, baby spinach, veggies, milk, sun-dried tomatoes in oil, penne pasta]"
Breakfast-Pasta-758872,Breakfast Pasta,3,1500.0,[Breakfast and Brunch],,"[salt, fettuccine pasta, thick-cut bacon, butter, eggs, lemon zest, black pepper, parmigiano reggiano cheese, grated nutmeg]"
Ricotta-And-Tomato-Pasta-939963,Ricotta And Tomato Pasta,4,1500.0,[Main Dishes],,"[olives, orecchiette, red chili peppers, garlic, fresh basil leaves, cherry tomatoes, tomatoes]"
Chicken-ranch-pasta-342386,Chicken Ranch Pasta,4,2100.0,[Main Dishes],[Kid-Friendly],"[penne pasta, butter, flour, seasoning mix, milk, cheese, bacon, chicken]"
Spaghetti-Squash-with-Lentils-and-Mushroom-Pasta-sauce-1378459,Spaghetti Squash with Lentils and Mushroom Pasta sauce,4,2100.0,[Main Dishes],,"[spaghetti squash, lentils, shallots, mushrooms, bell pepper, garlic, sauce, pasta sauce, avocado oil, liquid aminos, garlic powder, seasoning, freshly ground black pepper]"
Spaghetti-Carbonara-1366567,Spaghetti Carbonara,3,2100.0,[Main Dishes],,"[spaghetti, bacon, Philadelphia Light Cream Cheese, egg yolks, parsley leaves, vegetable stock, parmesan cheese]"
Easy-Pierogi-Casserole-1360122,Easy Pierogi Casserole,3,5100.0,[Main Dishes],,"[lasagna noodles, mashed potatoes, herbs, green onions, bacon pieces, crackers]"
Creamy-Miso-Chicken-Pasta-511731,Creamy Miso Chicken Pasta,5,1800.0,[Main Dishes],,"[pasta, broccoli florets, olive oil, boneless skinless chicken breasts, unsalted butter, miso, greek yogurt, parmigiano reggiano cheese, green onions, salt, pepper]"
Lemon_Lime-3_Herb-Pasta-AllRecipes,Lemon-Lime 3-Herb Pasta,4,1200.0,,,"[rotini, lemon juice, lime juice, dried parsley, cilantro, dried sage]"
Bacon-and-Blue-Cheese-Pasta-1364024,Bacon and Blue Cheese Pasta,4,1200.0,[Main Dishes],,"[crumbles, rigatoni, heavy whipping cream, bacon, garlic powder, onion powder, ground pepper, salt]"
Creamy-Mushroom-Pasta-1287774,Creamy Mushroom Pasta,4,1800.0,[Main Dishes],,"[bow-tie pasta, olive oil, sliced mushrooms, unsalted butter, heavy cream, shredded parmesan cheese, salt, black pepper, fresh parsley]"
Pesto-Pasta-1231002,Pesto Pasta,4,1500.0,,,"[basil, grated parmesan cheese, toasted pine nuts, olive oil, water]"
Pasta-with-Bell-Pepper-Sauce_-Tomatoes-and-Arugula-1364194,"Pasta with Bell Pepper Sauce, Tomatoes and Arugula",4,2400.0,[Main Dishes],,"[rigatoni, onions, white wine, bell pepper, cherry tomatoes, pumpkin seeds, arugula, extra-virgin olive oil, parmesan cheese, salt, pepper]"
Paleo-Pasta-683214,Paleo Pasta,4,1350.0,,,"[arrowroot flour, blanched almond flour, tapioca flour, sea salt, large eggs, egg yolks, olive oil]"
Sausage-Pasta-Allrecipes_1,Sausage Pasta,5,2700.0,[Main Dishes],,"[pasta, olive oil, italian sausage, onions, garlic, chicken broth, dried basil, diced tomatoes, frozen chopped spinach, grated parmesan cheese]"
Fettuccine-Alfredo-1372265,Fettuccine Alfredo,4,1500.0,[Main Dishes],,"[butter, garlic, heavy cream, parmesan cheese, fettucine]"
Zucchini-Pasta-604163,Zucchini Pasta,3,1800.0,,,"[zucchini, cherry tomatoes, pesto, ground black pepper, salt, extra-virgin olive oil, pinenuts]"
Creamy-Shrimp-and-Mushroom-Pasta-1027974,Creamy Shrimp and Mushroom Pasta,4,1800.0,[Main Dishes],,"[fettucine, butter, sliced mushrooms, garlic cloves, cream cheese, fresh parsley, fresh basil, boiling water, cooked shrimp]"
Asparagus-and-Pasta-in-Garlic-Butter-1373889,Asparagus and Pasta in Garlic Butter,4,1800.0,[Main Dishes],,"[asparagus, noodles, shaved parmesan cheese, minced garlic, olive oil, water, salt, pepper]"
Avocado-Pasta-548952,Avocado Pasta,4,1800.0,[Main Dishes],,"[short pasta, avocado, low-fat milk, mayonnaise, lemon]"
Pasta-With-Shrimp-1170526,Pasta With Shrimp,4,1500.0,[Main Dishes],,"[shrimp, garlic, olive oil, flat leaf parsley, salt, pepper flakes, long pasta]"
Perfect-Summer-Pasta-1113093,Perfect Summer Pasta,4,1500.0,[Main Dishes],,"[angel hair, extra-virgin olive oil, chopped parsley, garlic, crushed red pepper flakes, black pepper, grated romano cheese, asiago]"
Angel-Chicken-Pasta-Allrecipes,Angel Chicken Pasta,5,5400.0,[Main Dishes],,"[boneless skinless chicken breast halves, butter, salad dressing, white wine, condensed golden mushroom soup, cream cheese with chives, angel hair]"
Easy-garlic-pasta-371781,Easy Garlic Pasta,4,2100.0,[Main Dishes],,"[butter, olive oil, garlic, chicken broth, pasta, parmesan cheese, cream, chopped parsley]"
Parsley-Pasta-480683,Parsley Pasta,4,600.0,[Main Dishes],,"[spaghetti, flat leaf parsley, extra-virgin olive oil, olive oil, large eggs, parmigiano reggiano cheese]"
Bruschetta-Pasta-1225151,Bruschetta Pasta,4,1200.0,[Main Dishes],[Italian],"[linguine, vine ripened tomatoes, extra-virgin olive oil, basil leaves, garlic cloves, balsamic vinegar, pepper, salt, parmesan cheese, crushed red pepper]"
Slow-Cooked-Stuffed-Pepper-Pasta-1362367,Slow-Cooked Stuffed Pepper Pasta,3,18300.0,[Main Dishes],,"[ground beef, vegetable stock, wild rice, diced tomatoes, onions, garlic, carrots, shredded cheddar cheese, eggs, salt, pepper, pasta]"
Garlic-Shrimp-Pasta-Allrecipes,Garlic Shrimp Pasta,4,1800.0,[Main Dishes],,"[pasta, vegetable oil, medium shrimp, minced garlic, butter, grated parmesan cheese]"
Salmon-_-Shrimp-Pasta-1074031,Salmon & Shrimp Pasta,4,2400.0,[Main Dishes],,"[salmon, shrimp, whole wheat pasta, light sour cream, spices, chives]"
One-Pan-Cheesy-Smoked-Sausage-_-Pasta-1326141,One Pan Cheesy Smoked Sausage & Pasta,4,2100.0,[Main Dishes],,"[olive oil, sausages, diced onions, minced garlic, chicken broth, diced tomatoes, milk, dry pasta, salt, jack cheese, red pepper flakes, scallions]"
Rasta-Pasta-1178819,Rasta Pasta,4,2100.0,[Main Dishes],,"[penne pasta, cheddar cheese, coconut milk, mix parma rosa sauce, bell pepper, jamaican jerk season, garlic cloves, chopped onion, olive oil, ground pepper, salt]"
Spinach-Artichoke-Pasta-1353866,Spinach Artichoke Pasta,4,1800.0,[Main Dishes],,"[rigatoni, butter, onions, garlic, whole milk, cream cheese, artichokes, frozen chopped spinach, crushed red pepper, pasta water, parmesan cheese]"
Breakfast-pasta-334783,Breakfast Pasta,5,2400.0,"[Breakfast and Brunch, Main Dishes]",,"[linguine, extra-virgin olive oil, new potatoes, yellow onion, red bell pepper, green bell pepper, fresh thyme, unsalted butter, eggs, cheddar cheese, bacon, salt, pepper]"
Slow-Cooker-Bacon-Ranch-Chicken-and-Pasta-1372370,Slow-Cooker Bacon-Ranch Chicken and Pasta,3,22200.0,[Main Dishes],,"[chicken breasts, bacon, garlic, ranch-style seasoning, condensed cream of chicken soup, sour cream, pepper, water, spaghetti]"
Healthy-Shrimp-Pasta-1261909,Healthy Shrimp Pasta,4,1590.0,[Main Dishes],,"[shrimp tails, pasta, fresh spinach, light cream cheese, wine, shrimp, light cream, parmesan cheese, onions, garlic, yellow peppers, butter, salt, lemon zest]"
Creamy-Parmesan-Prosciutto-Pasta-1355017,Creamy Parmesan Prosciutto Pasta,4,2100.0,[Main Dishes],,"[linguine, garlic, heavy whipping cream, parmigiano reggiano cheese, mozzarella cheese]"
Crockpot-Pasta-With-Meatballs-1117323,Crockpot Pasta With Meatballs,3,10800.0,[Main Dishes],,"[tomato sauce, garlic, meatballs, pasta ribbons, parmesan cheese]"
Buffalo-Chicken-Pasta-993596,Buffalo Chicken Pasta,4,900.0,[Main Dishes],,"[chicken breasts, cream cheese, Frank's® RedHot® Original Cayenne Pepper Sauce, chicken stock, paprika, garlic powder, pepper, salt, pasta]"
Shrimp-and-Alfredo-Pasta-1271970,Shrimp and Alfredo Pasta,4,2400.0,[Main Dishes],,"[medium shrimp, olive oil, paprika, salt, pepper, penne pasta, diced tomatoes, mozzarella cheese, red pepper flakes, parmesan cheese, parsley, butter, garlic cloves, flour, evaporated milk, chicken broth, cream cheese]"
Riso-or-Orzo-Pasta-with-Feta-and-Tomatoes-1370063,Riso or Orzo Pasta with Feta and Tomatoes,4,1200.0,[Main Dishes],,"[riso, sheep, milk, butter, medium tomatoes, roma tomatoes, frozen chopped spinach]"
New-Orleans-Pasta-1361659,New Orleans Pasta,4,1800.0,[Main Dishes],,"[penne pasta, oil, onions, green pepper, smoked sausage, chicken breast strips, cayenne pepper, prepar salsa, heavy cream, grated parmesan cheese, butter]"
20-Minute-Garlic-Shrimp-Pasta-1367109,20 Minute Garlic Shrimp Pasta,4,1200.0,[Main Dishes],,"[olive oil, white onion, garlic, jumbo shrimp, fresh parsley, salt, pepper, dry white wine, unsalted butter, angel hair, pasta water]"
Crock-Pot-Meatballs-1363733,Crock Pot Meatballs,4,29700.0,[Main Dishes],,"[eggs, flat leaf parsley, minced garlic, yellow onion, salt, ground black pepper, seasoned bread crumbs, parmesan cheese, ground beef, pasta sauce]"
Pasta-with-Grape-Tomatoes-1357938,Pasta with Grape Tomatoes,3,1200.0,[Main Dishes],,"[extra-virgin olive oil, large garlic cloves, grape tomatoes, red pepper flakes, salt, pasta, basil leaves, hand, cheese]"
Browned-Butter-Alfredo-Pasta-1231888,Browned Butter Alfredo Pasta,4,1200.0,[Main Dishes],,"[pasta, salted butter, heavy cream, grated parmesan cheese, salt, ground black pepper]"
Garlic-and-Herb-Penne-Pasta-1256853,Garlic and Herb Penne Pasta,4,1200.0,[Main Dishes],,"[penne pasta, olive oil, onions, small tomatoes, garlic, salt and ground black pepper, milk, italian seasoning, flour, shredded mozzarella cheese]"
Olive-Garden-Alfredo-Pasta-1026569,Olive Garden Alfredo Pasta,3,1500.0,[Main Dishes],,"[butter, garlic, heavy cream, ground black pepper, salt, grated parmesan cheese, fettuccine pasta, pasta]"
Summertime-Pasta-1123349,Summertime Pasta,4,2400.0,[Main Dishes],,"[olive oil, fresh basil, garlic, cherry tomatoes, broccoli, kosher salt, black pepper, pasta, grated parmesan cheese]"
Kid-Friendly-Ham-_-Pea-Pasta-611371,Kid Friendly Ham & Pea Pasta,3,2100.0,[Main Dishes],,"[bow-tie pasta, frozen peas, unsalted butter, onions, ham steak, parmesan cheese, garlic powder, cayenne, lemon, heavy whipping cream]"
Spring-pasta-308732,Spring Pasta,5,1800.0,[Main Dishes],,"[pasta, eggs, fine sea salt, olive oil, unsalted butter, asparagus, avocado, herbs]"
3-Ingredient-Creamy-Tomato-Angel-Hair-Pasta-673789,3-Ingredient Creamy Tomato Angel Hair Pasta,4,1200.0,[Main Dishes],,"[angel hair, pasta sauce, light cream cheese, parmesan cheese, fresh basil, lemon wedge]"
Healthy-Pasta-Sauce-1379933,Healthy Pasta Sauce,3,2400.0,"[Condiments and Sauces, Main Dishes]",,"[garlic, shallots, cherry tomatoes, celery, sweet pepper, beef, canned tomatoes, tomato paste, pepper, fresh basil, fresh thyme, oregano, salt, red wine]"
Pasta-With-Sauteed-Cherry-Tomatoes-And-Spinach-1360873,Pasta With Sautéed Cherry Tomatoes And Spinach,4,1200.0,[Main Dishes],,"[pasta, bouillon cube, cherry tomatoes, baby spinach, garlic, olive oil, kalamata, parmesan cheese, black pepper, salt]"
Pasta-al-Burro-1281160,Pasta al Burro,4,1800.0,,,"[pasta, butter, grated parmesan cheese, nutmeg, parsley, salt, pepper]"
Pasta-Night-1021456,Pasta Night,5,2400.0,[Main Dishes],,"[olive oil, bacon, yellow onion, red pepper flakes, dry white wine, tomatoes, salt, fresh basil leaves, penne pasta]"
Chicken-And-Bow-Tie-Pasta-My-Recipes,Chicken and Bow Tie Pasta,4,,[Main Dishes],,"[water, chicken breasts, bow-tie pasta, chicken broth, celery ribs, onions, cream of mushroom soup, cheese, fresh parsley]"
Garlic-butter-pasta-with-spinach-and-parmesan-305618,Garlic Butter Pasta with Spinach and Parmesan,5,1500.0,[Main Dishes],,"[butter, garlic, thyme, baby spinach, pasta, shredded parmesan cheese]"
Angel-Hair-Pasta-Dinner-with-Light-Sauce-1364430,Angel Hair Pasta Dinner with Light Sauce,3,2400.0,[Main Dishes],,"[angel hair, ground beef, chopped onion, garlic cloves, italian seasoning, salt, ground pepper, lime, red pepper]"
Mushroom-and-Spinach-Pasta-_-A-_CiaoItalia-_PrimoPicks-Recipe_-1377061,Mushroom and Spinach Pasta { A #CiaoItalia #PrimoPicks Recipe},4,1020.0,[Main Dishes],,"[pasta, chopped onion, garlic, portabello mushroom, baby spinach, roma tomatoes, fresh thyme, olive oil, salt, freshly ground pepper, parmesan cheese, crushed red pepper]"
Spinach-Artichoke-Pasta-1060711,Spinach Artichoke Pasta,3,2100.0,[Main Dishes],,"[penne pasta, unsalted butter, minced garlic, baby spinach, artichoke hearts, flour, whole milk, salt, pepper, shredded parmesan cheese, shredded mozzarella cheese, Italian seasoned breadcrumbs, crushed red pepper]"
Classic-italian-pasta-salad-298859,Classic Italian Pasta Salad,4,1200.0,"[Salads, Side Dishes]",[Italian],"[rotel pasta, cook and drain, red potato, shredded cheddar cheese, pitted olives, Wish-Bone Italian Dressing]"
Beef-Stroganoff-1374993,Beef Stroganoff,4,11700.0,[Main Dishes],,"[butter, onions, sliced mushrooms, top round steak, beef broth, marsala wine, worcestershire sauce, prepared horseradish, salt, black pepper, garlic powder, all-purpose flour, cold water, sour cream, noodles, cooked rice, mashed potatoes]"
Chicken-Bruschetta-Pasta-1260342,Chicken Bruschetta Pasta,3,3000.0,[Main Dishes],,"[Philadelphia Cream Cheese Spread, milk, garlic powder, boneless skinless chicken breasts, fat-free reduced-sodium chicken broth, grape tomatoes, bow-tie pasta, fresh basil leaves]"
One-Pot-Veggie-Pasta-1351841,One Pot Veggie Pasta,4,3000.0,[Main Dishes],,"[extra-virgin olive oil, salt, pepper, ground nutmeg, onions, crimini mushrooms, red bell pepper, cannellini beans, garlic, baby spinach, broth, milk, short pasta, cavatappi, fontina cheese, parmesan cheese]"
Greek-Shrimp-and-Spinach-Pasta-1065162,Greek Shrimp and Spinach Pasta,4,1500.0,[Main Dishes],[Greek],"[shrimp, olive oil, pasta, feta cheese, frozen spinach, greek seasoning, heavy cream, fresh dill, salt, pepper]"
Cajun-Chicken-Pasta-565478,Cajun Chicken Pasta,4,2700.0,[Main Dishes],[Cajun & Creole],"[boneless skinless chicken breasts, cajun spice mix, fettucine, olive oil, butter, green bell pepper, red bell pepper, purple onion, garlic, roma tomatoes, low sodium chicken broth, white wine, heavy cream, cayenne pepper, ground black pepper, salt, fresh parsley]"
Mediterranean-Roasted-Cauliflower-and-Garbanzo-Pasta-Bake-1376140,Mediterranean Roasted Cauliflower and Garbanzo Pasta Bake,4,5400.0,[Main Dishes],[Mediterranean],"[cauliflower, garbanzo beans, red bell pepper, yellow onion, kalamata, olive oil, salt, pepper, marinara sauce, pasta, feta cheese crumbles]"
Vegan-Pasta-Alfredo-With-Broccoli-1328522,Vegan Pasta Alfredo With Broccoli,4,1500.0,[Main Dishes],,"[fettucine, broccoli florets, vegan butter, garlic, cauliflower, almond milk, nutritional yeast, cashew nuts, min, lemon juice, salt, fresh basil, black pepper]"
Mediterranean-orzo-pasta-303220,Mediterranean Orzo Pasta,4,1440.0,,,"[promise buttery spread, zucchini, red bell pepper, garlic, dri thyme leaves, crush, salt, ground black pepper, orzo pasta, grated parmesan cheese]"
Tomato-and-Roasted-Pepper-Angel-Hair-Pasta-1369321,Tomato and Roasted Pepper Angel Hair Pasta,4,4200.0,[Main Dishes],,"[red bell pepper, olive oil, onions, minced garlic, diced tomatoes, angel hair, salt, pepper, parsley, grated parmesan cheese]"
Eggplant-Pasta-1080484,Eggplant Pasta,3,2100.0,[Main Dishes],,"[rigatoni, Tantillo Extra Virgin Olive Oil, eggplant, sausage links, marinara sauce, flat leaf parsley, smoked mozzarella]"
Chicken-Fajita-Pasta-1351293,Chicken Fajita Pasta,4,2520.0,[Main Dishes],,"[olive oil, boneless skinless chicken breasts, fajita seasoning mix, onions, garlic, chicken broth, heavy cream, diced tomatoes and green chilies, penne pasta, salt, sour cream, guacamole, shredded cheese]"
Artichoke-Chicken-Pasta-1364954,Artichoke Chicken Pasta,4,1800.0,[Main Dishes],,"[noodles, boneless skinless chicken breasts, olive oil, artichoke hearts, broccoli, cherry tomatoes, fresh mushrooms, whole wheat flour, white wine, garlic cloves, dried oregano, dried basil, grated parmesan cheese, salt, pepper, fresh parsley]"
Fire-Breathing-Dragon-Pasta-1022718,Fire-Breathing Dragon Pasta,4,3300.0,[Main Dishes],,"[yellow onion, olive oil, salt, pepper, garlic, chipotles in adobo, boneless skinless chicken breasts, italian seasoning, tomato sauce, red pepper flakes, shrimp, heavy cream, sour cream, pasta, dried red chile peppers, parmesan cheese]"
One-Pan-Skillet-Sausage-Pasta-1233030,One Pan Skillet Sausage Pasta,4,1500.0,[Main Dishes],,"[olive oil, sausages, pasta, chicken broth, milk, sour cream, shredded cheddar cheese, garlic powder, onions, dried basil, pepper]"
Southwestern-Pasta-1238885,Southwestern Pasta,4,1500.0,[Main Dishes],[Southwestern],"[rotini, salsa, black beans, red bell pepper, zucchini, corn]"
Caprese-Pasta-1091312,Caprese Pasta,4,1080.0,[Main Dishes],,"[short pasta, chees fresh mozzarella, tomatoes, garlic, olive oil, fresh basil leaves, salt and ground black pepper]"
Parmesan-Pepper-Pasta-486312,Parmesan Pepper Pasta,4,1200.0,,,"[pasta, olive oil, cracked black pepper, grated parmesan cheese]"
Sausage-Pasta-Skillet-_recipe_-1344067,Sausage Pasta Skillet {recipe},4,2100.0,[Main Dishes],,"[olive oil, smoked sausage, onions, garlic, low sodium chicken broth, rotelle, heavy cream, penne, pepper, shredded Monterey Jack cheese, scallions]"
Sausage-and-Kale-Pasta-with-Feta-Sauce-1358701,Sausage and Kale Pasta with Feta Sauce,4,1800.0,[Main Dishes],,"[sausage links, kale leaves, pasta, feta cheese, heavy cream, pasta water]"
BLT-Ranch-Pasta-Salad-1122750,BLT Ranch Pasta Salad,4,1500.0,[Salads],,"[plain greek yogurt, mayonnaise, ranch dressing, pasta, cherry tomatoes, bacon, romaine lettuce, salt, pepper]"
Pasta-with-Salami-and-Ricotta-483651,Pasta with Salami and Ricotta,5,1800.0,[Main Dishes],,"[short pasta, butter, salami, peas, ricotta, ground pepper]"
Pasta-Puttanesca-1061059,Pasta Puttanesca,4,1200.0,[Main Dishes],,"[olive oil, garlic cloves, diced tomatoes, capers, pitted olives, anchovies, fresh parsley, whole wheat linguine]"
Ligurian-Pasta-Trenette-The-Shiksa-Blog-46276,Ligurian Pasta Trenette,5,,[Main Dishes],,"[red potato, green beans, linguini, pesto sauce, extra-virgin olive oil, vegan parmesan cheese]"
Pasta-fagioli-297028,Pasta Fagioli,4,1800.0,"[Lunch and Snacks, Main Dishes, Soups]",[Italian],"[chunky pasta sauce, white kidney beans, frozen chopped spinach, thawed and squeezed dry, ditalini pasta]"
College-Student_s-Gourmet-Pasta-Allrecipes,College Student's Gourmet Pasta,4,1800.0,,,"[pasta, butter, garlic salt, milk, parmesan cheese]"
Spicy-Marinara-Penne-Pasta-1221648,Spicy Marinara Penne Pasta,4,1500.0,[Main Dishes],[Italian],"[penne pasta, crushed tomatoes, shallots, garlic cloves, red pepper flakes, parmesan cheese, italian seasoning, olive oil, salt]"
Garlic-Cilantro-Shrimp-Pasta-1068788,Garlic Cilantro Shrimp Pasta,3,1800.0,[Main Dishes],,"[linguine, shrimp, garlic cloves, olive oil, lemon juice, chopped cilantro, salt, pepper]"
Pasta-Bolognese-1199396,Pasta Bolognese,4,4200.0,[Main Dishes],[Italian],"[olive oil, butter, onions, celery ribs, carrots, garlic cloves, pancetta, minced beef, tomato paste, white wine, milk, vegetable stock, dried oregano, whole peeled tomatoes, ground black pepper, salt, parmesan cheese, fresh pasta]"
5-Ingredient-Spinach-Parmesan-Pasta-1004699,5-Ingredient Spinach Parmesan Pasta,4,900.0,[Main Dishes],,"[pasta, butter, garlic, baby spinach, grated parmesan cheese, ground black pepper, salt]"
Spicy-Caribbean-Style-Shrimp-with-Pasta-1369016,Spicy Caribbean Style Shrimp with Pasta,4,2400.0,[Main Dishes],,"[noodles, green onions, garlic, pepper, chili pepper, white wine, chicken breasts, shrimp, cajun seasoning, cilantro, salt, vegetable oil, lemon wedge]"
Pasta-with-Butternut-Squash_-Sage_-and-Pine-Nuts-1344061,"Pasta with Butternut Squash, Sage, and Pine Nuts",4,4500.0,[Main Dishes],,"[butternut squash, onions, garlic, olive oil, salt, pepper, sage leaves, rigatoni, toasted pine nuts, freshly grated parmesan]"
Mom_s-Baked-Chicken-and-Spinach-Pasta-1330102,Mom's Baked Chicken and Spinach Pasta,4,1500.0,[Main Dishes],,"[bow-tie pasta, olive oil, boneless skinless chicken breasts, garlic, salt, white wine, baby spinach leaves, shredded mozzarella cheese]"
Parmesan-Chicken-Pasta-Bake-1217140,Parmesan Chicken Pasta Bake,3,1800.0,[Main Dishes],,"[chopped tomatoes, tomato paste, dried oregano, sugar, salt, pepper, chicken, mozzarella cheese, pasta]"
Vegetable-Garden-Pasta-1118902,Vegetable Garden Pasta,4,2400.0,[Main Dishes],,"[pasta, cherry tomatoes, garlic, olive oil, ear of corn, zucchini, yellow squash, basil, crushed red pepper, salt, mozzarella cheese]"
Ricotta-Green-Peas-Pasta-1175183,Ricotta Green Peas Pasta,4,900.0,[Main Dishes],,"[pasta, ricotta cheese, green peas, lemon, fresh mint, butter, cracked black pepper]"
Fresh-Pasta-_No-Machine-Required_-1011008,Fresh Pasta {No Machine Required},4,900.0,,,"[all-purpose flour, large eggs, olive oil, salt]"
Pasta-With-Garlic-Mussels-1367445,Pasta With Garlic Mussels,4,2100.0,[Main Dishes],,"[mussels, garlic, shallots, butter, scallions, chopped parsley, salt, ground pepper, water, dry white wine, lemon, pasta]"
Homemade-Whole-Wheat-Pasta-1371509,Homemade Whole Wheat Pasta,4,3300.0,[Main Dishes],,"[whole wheat flour, sea salt, beaten eggs, water, olive oil]"
Chicken-Pasta-Bake-644101,Chicken Pasta Bake,3,2400.0,[Main Dishes],,"[butter, plain flour, milk, pasta, chicken, frozen peas, sweet corn, basil, cheese]"
Grilled-Beef-_-Tomato-Pasta-1360076,Grilled Beef & Tomato Pasta,4,2100.0,[Main Dishes],,"[fillet steaks, olive oil, zucchini, red capsicum, onions, garlic, cherry tomatoes, baby spinach leaves, orecchiette, balsamic vinegar, herbs, peas, chillies]"
Orange-Pasta-1025141,Orange Pasta,4,1800.0,[Main Dishes],,"[pasta, penne, olive oil, pancetta, onions, garlic, orange juice, tomato paste, salt, pepper, heavy cream, grated parmesan cheese, orange, basil]"
Crispy-_Leftover_-Pasta-1050543,Crispy (Leftover) Pasta,4,900.0,[Main Dishes],,"[pasta, extra-virgin olive oil]"
Creamy-Garlic-Shrimp-and-Pasta-1090933,Creamy Garlic Shrimp and Pasta,3,600.0,[Main Dishes],,"[linguine, large shrimp, dry white wine, garlic, fat free milk, salt, dried leaves oregano, fresh oregano]"
Pasta-Primavera-1086734,Pasta Primavera,3,2100.0,[Main Dishes],,"[asparagus, sliced carrots, snow peas, olive oil, chopped onion, garlic cloves, fettucine, fresh parmesan cheese, fresh parsley, dry white wine, salt, pepper]"
Shrimp-Scampi-Pasta-1201913,Shrimp Scampi Pasta,4,2280.0,[Main Dishes],[Italian],"[shrimp, olive oil, garlic cloves, dry white wine, lemon, italian seasoning, dried parsley, salt, black pepper, butter, heavy cream, grated parmesan cheese, pasta]"
Chicken-Mozzarella-1376209,Chicken Mozzarella,4,1800.0,[Main Dishes],,"[boneless chicken breast, KRAFT Shredded Low-Moisture Part-Skim Mozzarella Cheese, pasta sauce, panko breadcrumbs, eggs, flour]"
Gemelli-Pasta-with-Walnut-Pesto-1346746,Gemelli Pasta with Walnut Pesto,4,1320.0,[Main Dishes],,"[gemelli, pesto, sea salt, grana]"
Tuna-Pasta-Salad-1242124,Tuna Pasta Salad,4,1200.0,[Salads],,"[pasta, light tuna, purple onion, fresh dill, nonfat plain greek yogurt, reduced fat mayonnaise, lemon, salt, pepper]"
Brussels-Sprout-Pasta-with-Lemon-Cream-Sauce-1370664,Brussels Sprout Pasta with Lemon Cream Sauce,4,1800.0,[Main Dishes],,"[brussels sprouts, olive oil, pasta, garlic, heavy cream, lemon zest, lemon juice, salt, pepper, walnuts]"
Baked-Pasta-with-Italian-Sausage-and-Roasted-Vegetables-1345924,Baked Pasta with Italian Sausage and Roasted Vegetables,4,3600.0,[Main Dishes],,"[vegetables, zucchini, red bell pepper, salt, pepper, herbs, pasta, uncooked ziti, marinara sauce, shredded mozzarella cheese, grated parmesan cheese, butter, sausages, italian sausage, olive oil]"
Steamy-Sausage-_-Pepper-Pasta-1280250,Steamy Sausage & Pepper Pasta,3,900.0,[Main Dishes],,"[noodles, olive oil, red bell pepper, garlic cloves, italian sausage, parmesan cheese, crushed red pepper, salt, pepper, basil leaves]"
Caprese-Chicken-Pasta-1227947,Caprese Chicken Pasta,4,1800.0,[Main Dishes],,"[whole grain pasta, olive oil, skinless and boneless chicken breast fillet, kosher salt, black pepper, cherry tomatoes, garlic cloves, balsamic vinegar, fresh spinach, fresh basil leaves, mozzarella cheese]"
Easy-baked-pasta-335740,Easy Baked Pasta,5,3900.0,[Main Dishes],,"[rigatoni, ricotta cheese, garlic, salt, pepper, parmesan cheese, flat leaf parsley, chopped garlic, shredded mozzarella cheese, tomato sauce]"
Baked-Pasta-with-Butternut-Squash_-Sausage-_-Ricotta-1362355,"Baked Pasta with Butternut Squash, Sausage & Ricotta",3,6300.0,[Main Dishes],,"[butternut squash, olive oil, salt, pepper, grated nutmeg, ricotta, rigatoni, butter, fresh sage, sweet italian sausage, garlic, fennel pollen, chicken stock, parmigiano reggiano cheese]"
Brown-Butter-Pasta-513525,Brown Butter Pasta,5,1800.0,[Main Dishes],,"[kosher salt, fresh pasta, unsalted butter, pinenuts, eggs, ground black pepper, parmigiano reggiano cheese, nutmeg]"
Pasta-with-Peas-and-Prosciutto-1025839,Pasta with Peas and Prosciutto,4,1800.0,[Main Dishes],,"[flat pasta, heavy cream, prosciutto, peas, grated Gruyère cheese, ground pepper]"
Pasta-With-Beans-And-Tomatoes-1371921,Pasta With Beans And Tomatoes,4,3000.0,[Main Dishes],,"[tomatoes, pasta shells, white beans, chicken broth, cream, parmesan cheese, thyme, garlic, olive oil, parsley, salt, ground black pepper, sugar]"
Orzo-Pasta_-Side-Dish-1340383,"Orzo Pasta, Side Dish",4,900.0,[Side Dishes],,"[orzo pasta, butter, garlic salt, italian seasoning, parmesan cheese]"
Avocado-Pasta-1348328,Avocado Pasta,3,1200.0,[Main Dishes],,"[spaghetti, avocado, fresh basil leaves, garlic, lemon juice, kosher salt, ground black pepper, olive oil, tomatoes, corn kernels]"
Pasta-with-cheese-and-cracked-pepper-368904,Pasta with Cheese and Cracked Pepper,5,1800.0,[Main Dishes],,"[linguine, coarse salt, butter, pepper, cheese]"
Pantry-Pasta-for-Two-The-Pioneer-Woman-Cooks-_-Ree-Drummond-41192,Pantry Pasta for Two,5,2100.0,[Main Dishes],,"[olive oil, purple onion, garlic, tomatoes with juice, olives, white wine, boneless skinless chicken breasts, kosher salt, ground black pepper, butter, grated parmesan cheese, linguine]"
Goat-Cheese-Lemon-Pasta-with-Kale-534728,Goat Cheese Lemon Pasta with Kale,4,1500.0,[Main Dishes],,"[pasta, olive oil, shallots, garlic, crushed red pepper flakes, lemon, kale, goat cheese, black pepper, salt]"
Chicken-Mozzarella-Pasta-1311300,Chicken Mozzarella Pasta,4,1800.0,[Main Dishes],[Italian],"[penne, olive oil, boneless skinless chicken breasts, pepper, salt, onions, garlic, marinara sauce, crushed red pepper flakes, water, fresh parsley, fresh mozzarella, parmesan cheese, basil leaves]"
Cajun-Pasta-627155,Cajun Pasta,4,2700.0,[Main Dishes],[Cajun & Creole],"[pasta, tagliatelle, onions, red bell pepper, ground beef, dried thyme, dried rosemary, cumin, garlic powder, onion powder, dried oregano, cayenne pepper, crushed tomatoes, parmesan cheese]"
Bacon-Avocado-Tomato-Pasta-Salad-1035560,Bacon Avocado Tomato Pasta Salad,4,1200.0,[Salads],,"[pasta shell small, avocado, grape tomatoes, bacon, ranch dip]"
Chicken-Pesto-Pasta-1099178,Chicken Pesto Pasta,4,1500.0,[Main Dishes],,"[pasta, olive oil, boneless skinless chicken breasts, italian seasoning, salt, ground black pepper, basil pesto sauce]"
Basil-Pesto-Chicken-Pasta-1312302,Basil Pesto Chicken Pasta,4,2400.0,[Main Dishes],,"[fettucine, olive oil, boneless skinless chicken breasts, garlic, white onion, cherry tomatoes, basil pesto sauce, salt, pepper]"
One-Pot-Garlic-Parmesan-Pasta-824906,One Pot Garlic Parmesan Pasta,4,1800.0,[Main Dishes],,"[olive oil, garlic, chicken broth, milk, unsalted butter, fettucine, kosher salt, ground black pepper, grated parmesan cheese, fresh parsley leaves]"
Pesto-_-Yogurt-Pasta-1320481,Pesto & Yogurt Pasta,4,1800.0,[Main Dishes],,"[flat leaf parsley, garlic, mixed nuts, olive oil, low-fat plain yogurt, grated parmesan cheese, pepper, salt, bow-tie pasta]"
Creamy-Tomato-Mushroom-Pasta-1378236,Creamy Tomato Mushroom Pasta,4,1800.0,[Main Dishes],,"[onions, tomatoes, garlic, salt, ground black pepper, red chili powder, oregano, Campbell's Condensed Cream of Mushroom Soup, crushed tomatoes, mozzarella cheese, fresh basil leaves, spaghetti]"
BLT-Pasta-1303580,BLT Pasta,4,1800.0,[Main Dishes],,"[penne pasta, bacon, purple onion, garlic, red pepper flakes, salt, chopped tomatoes, cream, arugula, fresh basil, grated parmesan cheese]"
Creamy-Butternut-Bacon-Pasta-1358080,Creamy Butternut Bacon Pasta,4,3000.0,[Main Dishes],,"[pasta, bacon, olive oil, shallots, garlic, chicken broth, goat cheese, heavy cream, fresh spinach, butternut squash, salt]"
Supreme-Pizza-Pasta-Bake-1377899,Supreme Pizza Pasta Bake,4,3000.0,[Main Dishes],[Italian],"[penne, olive oil, ground Italian sausage, white onion, red bell pepper, garlic, ricotta cheese, large eggs, grated parmesan cheese, dried basil, pepperoni, marinara sauce, shredded mozzarella cheese]"
