id,recipeName,rating,totalTimeInSeconds,course,cuisine,ingredients
Breakfast-Pizza-1351272,Breakfast Pizza,4,2700.0,[Breakfast and Brunch],,"[thin pizza crust, pizza sauce, cheddar cheese, eggs, bacon, red pepper, tomatoes]"
Delicious-Mozzarella-and-Gorgonzola-Pizza-1372843,Delicious Mozzarella and Gorgonzola Pizza,3,1260.0,[Main Dishes],,"[baked pizza crust, cornmeal, mozzarella cheese, gorgonzola, extra-virgin olive oil, ground black pepper]"
Loaded-Mini-Taco-Pizzas-1365122,Loaded Mini Taco Pizzas,4,1500.0,[Main Dishes],,"[pizza doughs, ground beef, taco seasoning, refried beans, cheddar cheese, shredded lettuce, salsa, guacamole, sour cream]"
Stuffed-Spinach-Pizza-1379493,Stuffed Spinach Pizza,4,3300.0,[Main Dishes],,"[bread dough, plum tomatoes, bulk italian sausag, dried basil, dried oregano, pepper, Sargento® Whole Milk Ricotta Cheese, frozen chopped spinach, Sargento® Fine Cut Shredded Mozzarella Cheese, Sargento® Artisan Blends® Shredded Parmesan Cheese, garlic, salt, pizza sauce]"
Pizza-on-a-Stick-1351256,Pizza on a Stick,4,,,,"[sausage links, mushrooms, cherry tomatoes, white onion, green bell pepper, pepperoni slices, refrigerated pizza dough, shredded mozzarella cheese, pizza sauce]"
Pizza-1106814,Pizza,4,1800.0,[Main Dishes],,"[pizza doughs, cherry tomatoes, pitted black olives, oregano, fresh basil leaves, salt, olive oil, mozzarella cheese]"
PIZZA-1261324,PIZZA,4,1500.0,,,"[prebaked pizza crusts, pears, low-fat goat cheese, chopped pecans, purple onion, vinegar]"
Supreme-Pizza-1321196,Supreme Pizza,4,,,,"[pizza doughs, pizza sauce, pepperoni, italian sausage, mushrooms, bell pepper, sliced black olives, shredded mozzarella cheese]"
Philly-Cheesesteak-Pizza-1368794,Philly Cheesesteak Pizza,4,2100.0,[Main Dishes],,"[pizza crust, mayonnaise, chopped steak, sweet onion, red pepper, provolone cheese, mozzarella cheese]"
Pizza-Potatoes-1347101,Pizza Potatoes,4,1500.0,,,"[baked potato, pasta sauce, shredded mozzarella cheese, pizza toppings]"
BBQ-Chicken-Pizza-1370718,BBQ Chicken Pizza,4,2100.0,[Main Dishes],,"[pizza doughs, chicken, rib, barbecue sauce, shredded mozzarella cheese, chicken breasts, salt, pepper, cilantro leaves, purple onion]"
PIZZA-PINWHEELS-1354937,PIZZA PINWHEELS,4,3300.0,,,"[warm water, yeast, sugar, oil, salt, flour, ragu, shredded mozzarella cheese, pizza toppings]"
MMini-Pizzas-1370320,MMini Pizzas,4,3540.0,,,"[warm water, rapid rise yeast, granulated sugar, salt, all-purpose flour, olive oil, pasta sauce, mozzarella cheese, pepperoni]"
Margherita-Pizza-1325621,Margherita Pizza,3,15540.0,[Main Dishes],,"[mozzarella cheese, pizza doughs, tomatoes, bread, luke warm water, olive oil]"
Pizza-Cupcakes-685400,Pizza Cupcakes,4,1800.0,,,"[Pillsbury™ Refrigerated Crescent Dinner Rolls, pizza sauce, mini pepperoni slices, mild Italian sausage, shredded mozzarella cheese]"
Buffalo-Chicken-Pizza-1380669,Buffalo Chicken Pizza,4,1800.0,[Main Dishes],,"[melted butter, Frank's® RedHot® Original Cayenne Pepper Sauce, chicken, mozzarella cheese, pizza doughs, green onions]"
Steakhouse-Pizza-1340737,Steakhouse Pizza,4,1380.0,[Main Dishes],,"[pizza doughs, pizza sauce, new york strip steaks, butter, onion rings]"
Delicata-Squash-Pizza-1365514,Delicata Squash Pizza,4,2100.0,[Main Dishes],,"[delicata squash, purple onion, olive oil, garlic, shredded basil, shredded mozzarella cheese, whole wheat pizza dough]"
Roasted-Grape-Sage-Pizza-1380216,Roasted Grape Sage Pizza,4,1200.0,[Main Dishes],,"[pizza doughs, salted butter, sage leaves, red grape, shredded mozzarella cheese, crumbled gorgonzola, chopped walnuts, pepper, salt, balsamic vinegar]"
Pizza-Logs-590116,Pizza Logs,4,3300.0,,,"[egg roll wrappers, pizza sauce, italian seasoning, pepperoni turkei, cheese sticks]"
Chicken-Alfredo-Pizza-1368606,Chicken Alfredo Pizza,4,1800.0,[Main Dishes],,"[butter, minced garlic, cream cheese, skim milk, grated parmesan cheese, pepper, salt, nutmeg, pizza doughs, boneless skinless chicken breasts, shredded mozzarella cheese, parmesan cheese, fresh basil]"
Buffalo-Style-Chicken-Pizza-1363452,Buffalo Style Chicken Pizza,4,1800.0,[Main Dishes],,"[boneless skinless chicken breast halves, butter, blue cheese dressing, prepared pizza crust, shredded mozzarella cheese, hot sauce]"
Flatout-Thin-Crust-Pizza-1370758,Flatout Thin Crust Pizza,4,1500.0,[Main Dishes],,"[Flatout® Flatbreads, pizza sauce, reduced fat mozzarella, garlic powder, dried oregano, veggies]"
Pizza-for-Breakfast_-Yes-Please____-1367498,Pizza for Breakfast! Yes Please....,4,6300.0,[Breakfast and Brunch],,"[sweet italian pork sausage, russet potatoes, canola oil, large eggs, 2% reduced-fat milk, dried thyme, smoked gouda, crescent rolls]"
Potato-Pizza-1358377,Potato Pizza,4,2400.0,[Main Dishes],,"[pizza doughs, olive oil, gorgonzola, small potatoes, kosher salt, freshly ground black pepper, fresh thyme]"
Hawaiian-Pizza-1379713,Hawaiian Pizza,4,2700.0,[Main Dishes],,"[all-purpose flour, dry yeast, salt, oil, luke warm water, pineapple, ham, cheese slices, tomato paste, pepper, pizza seasoning]"
Cheesy-Pizza-Chicken-1378233,Cheesy Pizza Chicken,4,,,,"[chicken thighs, pepperoni, sausages, mushrooms, olives, pizza sauce, shredded cheese]"
Classic-Hawaiian-Pizza-1372848,Classic Hawaiian Pizza,3,1620.0,[Main Dishes],[Hawaiian],"[prepared pizza crust, pineapple, baked ham, shredded mozzarella cheese, shredded Monterey Jack cheese]"
Crockpot-Pizza-1080642,Crockpot Pizza,4,3300.0,[Main Dishes],,"[pizza doughs, pizza sauce, cheese, basil, oregano, garlic powder]"
Southwestern-Breakfast-Pizza-1370489,Southwestern Breakfast Pizza,4,3000.0,[Breakfast and Brunch],[Southwestern],"[refrigerated pizza dough, salsa, eggs, frozen corn, black beans, Mexican cheese, hot sauce]"
Cowboy-Pizza-471102,Cowboy Pizza,5,2400.0,[Main Dishes],,"[pizza crust, barbecue sauce, shredded mozzarella cheese, cooked chicken, green onions, dried oregano]"
Caprese-Pizza-1275215,Caprese Pizza,4,1500.0,[Main Dishes],,"[refrigerated pizza dough, prepar pesto, mozzarella cheese, fresh basil leaves, grape tomatoes, purple onion, balsamic vinegar]"
Crescent-Pizza-Pockets-685392,Crescent Pizza Pockets,4,1500.0,[Lunch and Snacks],,"[Pillsbury™ Refrigerated Crescent Dinner Rolls, pizza sauce, shredded mozzarella cheese, pepperoni slices, grated parmesan cheese]"
Baked-Potato-Pizza-1369550,Baked Potato Pizza,4,900.0,[Main Dishes],,"[pizza doughs, russet potatoes, cheddar cheese, bacon, green onions, sour cream]"
Mushroom-and-Goat-Cheese-Pizza-1360182,Mushroom and Goat Cheese Pizza,4,1800.0,[Main Dishes],,"[chanterelle, unsalted butter, garlic, kosher salt, freshly ground black pepper, nonstick spray, pizza doughs, extra-virgin olive oil, mozzarella cheese, soft goat's cheese, fresh rosemary, parmesan cheese, truffle oil]"
White-Pizza-767551,White Pizza,3,3000.0,[Main Dishes],[Kid-Friendly],"[extra-virgin olive oil, pizza doughs, ricotta cheese, kosher salt, asiago, basil leaves, oil]"
Bacon_-Ranch_-Chicken-Pizza-1357569,"Bacon, Ranch, Chicken Pizza",4,1500.0,[Main Dishes],,"[pizza crust, chicken, bacon, garlic olive oil, cheddar cheese, mozzarella cheese, roma tomatoes, green onions, Hidden Valley® Original Ranch® Dressing, dressing]"
Buffalo-Mozzarella-_-Burrata-Pizza-1364211,Buffalo Mozzarella & Burrata Pizza,4,2400.0,[Main Dishes],[Italian],"[pizza doughs, tomato sauce, extra-virgin olive oil, fresh mozzarella, burrata, coarse sea salt, fresh basil leaves, chopped tomatoes, garlic cloves, dried oregano, fresh basil, minced garlic, basil]"
Fruit-Pizza-1372150,Fruit Pizza,4,3300.0,[Desserts],,"[sugar cookies, cream cheese, sugar, vanilla, fruit, apple jelly]"
Fajita-Pizza-1349483,Fajita Pizza,4,3300.0,[Main Dishes],,"[boneless skinless chicken breasts, olive oil, chili powder, salt, garlic powder, onions, green bell pepper, slice, red bell pepper, pizza crust, salsa, shredded Monterey Jack cheese]"
Mushroom-and-Kale-Pizza-1362408,Mushroom and Kale Pizza,4,1500.0,[Main Dishes],,"[pizza doughs, olive oil, mixed spice, kale, sliced mushrooms, roma tomatoes, shredded mozzarella cheese]"
Margherita-Pizza-767924,Margherita Pizza,3,4500.0,[Main Dishes],,"[plum tomatoes, extra-virgin olive oil, pizza doughs, parmigiano reggiano cheese, fresh mozzarella, fresh basil leaves]"
Classic-margherita-pizza-308087,Classic Margherita Pizza,5,1500.0,[Main Dishes],,"[pizza doughs, tomatoes, garlic, basil, mozzarella cheese, salt, pepper]"
30-Minute-Pizza-Crust-1357102,30-Minute Pizza Crust,4,900.0,[Main Dishes],,"[all-purpose flour, Fleischmann's RapidRise Yeast, sugar, salt, warm water, oil, pizza sauce, shredded mozzarella cheese]"
Margherita-Pizza-1351915,Margherita Pizza,4,360.0,[Main Dishes],,"[pizza doughs, extra-virgin olive oil, pizza sauce, mozzarella cheese, basil leaves]"
Breakfast-Pizza-639584,Breakfast Pizza,4,2400.0,[Breakfast and Brunch],,"[refrigerated pizza dough, eggs, milk, pepper, cooked ham, shredded cheddar cheese, bacon]"
Garlic-Bread-Pizza-1284786,Garlic Bread Pizza,4,1800.0,,,"[french bread, butter, garlic cloves, pizza sauce, shredded mozzarella cheese, pepperoni]"
Bubble-Up-Pizza-1043653,Bubble Up Pizza,4,2100.0,[Main Dishes],,"[biscuit dough, pizza sauce, shredded mozzarella cheese, pepperoni, fresh basil leaves]"
Pizza-Stuffing-1374193,Pizza Stuffing,3,3300.0,[Side Dishes],,"[french bread, chicken broth, pizza sauce, eggs, mozzarella cheese, Jones Dairy Farm Canadian Bacon, shredded basil]"
Apple-Bacon-Pizza-with-Pumpkin-Sauce-1358896,Apple Bacon Pizza with Pumpkin Sauce,4,1200.0,[Main Dishes],,"[whole wheat pizza dough, sauce, apples, bacon, mozzarella cheese, parmesan cheese, green onions, herbs]"
Cracker-Pizza-986340,Cracker Pizza,4,1200.0,[Main Dishes],,"[tortillas, pizza sauce, mozzarella cheese, pepperoni, mushrooms, sausages]"
Pizza-Tarts-762741,Pizza Tarts,4,3600.0,,,"[frozen pastry puff sheets, pizza sauce, shredded mozzarella cheese, red pepper, purple onion, italian seasoning, fresh oregano]"
Prosciutto-Pizza-1032002,Prosciutto Pizza,4,1500.0,[Main Dishes],,"[pizza crust, garlic olive oil, chees fresh mozzarella, prosciutto, rocket leaves]"
Cheesy-Oregano-Pizza-Dip-1353469,Cheesy Oregano Pizza Dip,3,2400.0,[Appetizers],,"[cream cheese, mozzarella cheese, cheddar cheese, parmesan cheese, oregano, dried basil, pizza sauce, sourdough bread]"
Easy-Pizza-Twists-1316375,Easy Pizza Twists,4,2100.0,,,"[refrigerated pizza dough, shredded mozzarella cheese, pepperoni, melted butter, oregano, parsley, garlic powder, parmesan cheese]"
Greek-pizza-333514,Greek Pizza,5,3300.0,[Main Dishes],[Greek],"[pizza doughs, feta cheese, garlic cloves, olive oil, fresh dill, mozzarella cheese, artichoke hearts, kalamata, purple onion, tomatoes, roasted red peppers]"
Strawberry-Pizza-1300330,Strawberry Pizza,4,1800.0,[Desserts],,"[pizza crust, sugar, raspberry pie filling, strawberries, white chocolate]"
Breakfast-Pizza-1057127,Breakfast Pizza,4,1800.0,[Breakfast and Brunch],,"[pizza crust, eggs, milk, bacon, cheddar cheese, green onions]"
BLT-Pizza-1088818,BLT Pizza,4,1320.0,[Main Dishes],,"[Pillsbury Thin Pizza Crust, Alfredo sauce, shredded mozzarella cheese, grape tomatoes, cooked bacon, arugula]"
Breakfast-Pizza-1032001,Breakfast Pizza,4,1500.0,[Breakfast and Brunch],,"[thin pizza crust, crushed tomatoes, shredded mozzarella cheese, eggs, red pepper flakes, salt]"
Roadhouse-Pizza-1009427,Roadhouse Pizza,4,1800.0,[Main Dishes],,"[pizza doughs, olive oil, bbq sauce, lean ground beef, bacon, jalapeno chilies, roma tomatoes, onion slices, cheddar cheese]"
Chicken-Parma-Rosa-_-Mozzarella-Pizza-1343985,Chicken Parma Rosa & Mozzarella Pizza,4,2400.0,[Main Dishes],,"[pizza doughs, chicken strips, knorr parma rosa sauc mix, mozzarella cheese, marinara sauce, spinach, cherry tomatoes]"
The-Best-Pizza-Dough-1367842,The Best Pizza Dough,4,1800.0,[Main Dishes],,"[warm water, honey, vegetable oil, instant yeast, salt, all-purpose flour]"
Pizza-1235405,Pizza,4,8100.0,[Main Dishes],,"[all-purpose flour, water, yeast, salt, sugar, canola oil, pizza toppings]"
Chef-Mickey_s-Breakfast-Pizza-961293,Chef Mickey's Breakfast Pizza,4,1500.0,[Breakfast and Brunch],,"[pizza shells, eggs, heavy cream, salt, pepper, mozzarella cheese, provolone cheese, cheddar cheese, cooked bacon]"
PMS-Pizza-1142744,PMS Pizza,4,1800.0,[Main Dishes],,"[pizza doughs, olive oil, pizza sauce, italian sausage, pepperoni, mushrooms, mozzarella cheese]"
Potato-Leek-Pizza-1346178,Potato Leek Pizza,4,2700.0,[Main Dishes],,"[pizza doughs, leeks, garlic, russet potatoes, mozzarella cheese, asiago, chopped fresh thyme]"
Pizza-Cake-1184750,Pizza Cake,4,900.0,,,"[pizza crust, pizza sauce, shredded mozzarella cheese, pepperoni slices, butter]"
French-Bread-Pizza-1357076,French Bread Pizza,4,1200.0,[Main Dishes],,"[french bread, pizza sauce, mozzarella cheese, pepperoni slices, parmesan cheese, oregano, garlic powder]"
Shrimp-Alfredo-Pizza-1361767,Shrimp Alfredo Pizza,4,3000.0,[Main Dishes],,"[cauliflower florets, minced garlic, olive oil, prebaked pizza crusts, Ragu Alfredo Sauce, arugula, shrimp tails, feta cheese]"
Stuffed-Crust-Pizza-Snacks-748861,Stuffed Crust Pizza Snacks,3,2700.0,[Lunch and Snacks],,"[pizza crust, mozzarella cheese, pepperoni, olive oil, italian seasoning, grated parmesan cheese, pizza sauce]"
Pizza-Cake-1340181,Pizza Cake,3,4200.0,,,"[pizza crust, pizza sauce, shredded mozzarella cheese, pepperoni slices, butter]"
Pizza-Pizzas-1044372,Pizza Pizzas,4,3600.0,,,"[sugar, kosher salt, pure olive oil, warm water, bread flour, instant yeast, olive oil, flour, pizza sauce, chopped fresh herbs, cheese]"
Pizza-Zucchinis-1374566,Pizza Zucchinis,4,1800.0,,,"[zucchini, pasta sauce, shredded mozzarella cheese]"
Pepperoni-Pizza-Cake-686109,Pepperoni Pizza Cake,3,4200.0,,,"[pizza crust, pizza sauce, shredded mozzarella cheese, pepperoni slices, butter]"
Easy-Deep-Dish-Veggie-Skillet-Pizza-1358689,Easy Deep Dish Veggie Skillet Pizza,4,2100.0,[Main Dishes],,"[pizza doughs, pizza sauce, basil leaves, fresh mozzarella, cheddar cheese, veggies]"
Spinoccoli-Pizza-1273880,Spinoccoli Pizza,4,3600.0,[Main Dishes],,"[butter, flour, garlic, ground black pepper, nutmeg, grated parmesan cheese, milk, salt, pizza doughs, olive oil, arugula, broccoli florets, crumbled goat cheese, shredded mozzarella cheese, cornmeal]"
Breakfast-pizza-365319,Breakfast Pizza,5,1500.0,[Breakfast and Brunch],,"[pizza doughs, mozzarella cheese, parmesan cheese, tomatoes, bacon, eggs, chives, parsley]"
Fig-Prosciutto-Arugula-Pizza-1351913,Fig-Prosciutto-Arugula Pizza,4,360.0,[Main Dishes],,"[pizza doughs, extra-virgin olive oil, figs, goat cheese, prosciutto, baby arugula, parmigiano reggiano cheese]"
Skillet-Pizza-1266349,Skillet Pizza,4,2700.0,[Main Dishes],,"[pizza doughs, oil, pasta sauce, cheese]"
Thin-and-Crispy-Homemade-Pizza-1170837,Thin and Crispy Homemade Pizza,4,2100.0,,,"[yeast, warm water, all-purpose flour, granulated sugar, kosher salt, olive oil, luke warm water, pizza sauce, italian seasoning]"
Spicy-Sausage_-Sweet-Corn-_-Havarti-Cheese-Pizza-1364552,"Spicy Sausage, Sweet Corn & Havarti Cheese Pizza",4,1800.0,[Main Dishes],,"[pizza shells, pizza sauce, hot sausage, havarti cheese, corn kernels, purple onion, sliced almonds, dried parsley, olive oil]"
Easy-Campfire-Pizza-1032783,Easy Campfire Pizza,4,3000.0,[Main Dishes],,"[pizza doughs, sliced mushrooms, sliced olives, chicken sausage, pizza sauce, mozzarella cheese]"
White-Chicken-Pizza-1363582,White Chicken Pizza,4,1500.0,[Main Dishes],,"[pizza crust, cream sauce, chicken, cherry tomatoes, green onions, parmesan cheese, butter, flour, garlic, skim milk]"
Cauliflower-Crust-Pizza-1320662,Cauliflower Crust Pizza,4,4500.0,[Main Dishes],,"[cauliflower, eggs, goat cheese, dried oregano, salt, pizza toppings]"
Bacon-Egg-Breakfast-Pizza-1334666,Bacon Egg Breakfast Pizza,4,6420.0,[Breakfast and Brunch],,"[dough, shredded mozzarella cheese, bacon slices, large eggs, grated parmesan cheese, flat leaf parsley]"
Easy-Pizza-Smashed-Potatoes-1368228,Easy Pizza Smashed Potatoes,4,2100.0,,,"[herbs, canola oil, pizza sauce, pepperoni, shredded mozzarella cheese]"
Grilled-Pizza-with-Sausage_-Onions-and-Peppers-1362426,"Grilled Pizza with Sausage, Onions and Peppers",3,1500.0,[Main Dishes],[Barbecue],"[chicken sausage, purple onion, yellow peppers, pizza sauce, whole wheat tortillas, dried oregano, part-skim mozzarella cheese]"
Pizza-Rolls-1212409,Pizza Rolls,4,2100.0,[Lunch and Snacks],,"[crescent rolls, string cheese, pizza sauce, garlic powder]"
Chocolate-Hazelnut-Mini-Pizzas-1379488,Chocolate Hazelnut Mini Pizzas,4,2400.0,[Desserts],,"[bread dough, dark chocolate, cream, brown sugar, hazelnuts, white sugar, caster sugar, egg yolks]"
Cauliflower-Crust-Pizza-1376662,Cauliflower Crust Pizza,4,3000.0,[Main Dishes],,"[melted butter, cauliflower, eggs, shredded mozzarella cheese, grated parmesan cheese, Himalayan salt, freshly ground black pepper, tomato sauce, grape tomatoes, garlic, crushed red pepper flakes, fresh basil leaves]"
Pizza-Cake-751777,Pizza Cake,4,10200.0,,,"[all-purpose flour, warm water, olive oil, salt, sugar, dry yeast, pizza sauce, cheese, pepperoni, greens]"
Cheri_s-Favorite-Pizza-Dough-1377662,Cheri's Favorite Pizza Dough,3,4500.0,[Main Dishes],,"[warm water, yeast, sugar, bread flour, semolina flour, salt, olive oil]"
Pizza-1086918,Pizza,3,600.0,[Main Dishes],,"[crust, tomato sauce, cooked chicken, fresh basil, shredded mozzarella cheese, olive oil, cornmeal]"
Pizza-Fritta---Fried-Pizza-1340264,Pizza Fritta - Fried Pizza,3,1500.0,,,"[kit, luke warm water, extra light olive oil, pizza toppings]"
Beet-Cheddar-Apple-Pizza-1334730,Beet Cheddar Apple Pizza,4,2100.0,,,"[pizza doughs, extra-virgin olive oil, sharp white cheddar cheese, apples, beets, kosher salt, ground black pepper, fresh rosemary]"
Meatball-Sub-Pizza-494946,Meatball Sub Pizza,4,4500.0,[Main Dishes],,"[pizza doughs, olive oil, marinara sauce, meatballs, salt, pepper, mozzarella cheese]"
Bacon-_-Spinach-Breakfast-Pizza-1372769,Bacon & Spinach Breakfast Pizza,4,720.0,[Breakfast and Brunch],,"[pizza crust, shredded mozzarella cheese, shredded mild cheddar cheese, bacon, spinach, large eggs, parsley, fresh dill, pepper, salt, olive oil]"
Mini-Vegetarian-Pizza-1362020,Mini Vegetarian Pizza,4,600.0,,,"[sandwich thins, bread, marinara sauce, string cheese, veggies]"
Easy-BBQ-Chicken-Pizza-1240413,Easy BBQ Chicken Pizza,5,2400.0,[Main Dishes],[Barbecue],"[PERDUE® PERFECT PORTIONS® Boneless, Skinless Chicken Breast, All Natural, olive oil, salt, black pepper, sweet barbeque sauce, refrigerated pizza dough, purple onion, mozzarella cheese, green onions]"
San-Francisco_s-Broccoli-_-Cheese-Pizza-1376108,San Francisco's Broccoli & Cheese Pizza,4,1500.0,[Main Dishes],,"[light butter, garlic cloves, fresh parsley, fresh basil, broccoli florets, shredded Italian cheese, feta cheese crumbles, whole wheat pizza crust]"
Barbecue-chicken-pizza-369161,Barbecue Chicken Pizza,5,1800.0,[Main Dishes],,"[pizza crust, barbecue sauce, chicken, purple onion, orange bell pepper, shredded cheese, chopped cilantro]"
Pizza_-992698,Pizza!,4,900.0,[Main Dishes],,"[pizza doughs, pizza sauce, pineapple, onions, green bell pepper, sausages, shredded mozzarella cheese, olive oil]"
Mexicali-pizzas-299686,Mexicali Pizzas,4,1320.0,"[Appetizers, Lunch and Snacks, Main Dishes]",,"[English muffins, ragu pizza quick sauc, chili powder, red kidney beans, onions, jalapeno chilies, shredded Monterey Jack cheese]"
Spicy-Sausage-and-Pepperoni-Pizza-1003048,Spicy Sausage and Pepperoni Pizza,4,1380.0,[Main Dishes],,"[pizza doughs, marinara sauce, mozzarella cheese, italian sausage, pepperoni slices]"
Pizza-Knuckles-967989,Pizza Knuckles,4,1500.0,,,"[pizza doughs, pepperoni, marinara sauce, mozzarella cheese, grated parmesan cheese]"
Eggplant-Pizzas-1341571,Eggplant Pizzas,3,2100.0,,,"[canola oil cooking spray, eggplant, sea salt, low sodium tomato sauce, low fat mozzarella, grape tomatoes, diced red onions, fresh basil, red pepper flakes]"
The-Best-Gluten-Free-Pizza-1356288,The Best Gluten Free Pizza,4,2400.0,[Main Dishes],,"[luke warm water, sugar, yeast, rice flour, dried oregano, butter, garlic, salt, pizza sauce, mozzarella cheese, pepperoni]"
Easy-Deep-Dish-Veggie-Skillet-Pizza-1362666,Easy Deep Dish Veggie Skillet Pizza,4,2100.0,[Main Dishes],,"[pizza doughs, pizza sauce, basil leaves, fresh mozzarella, cheddar cheese, veggies]"
INCREDIBLE-Pepperoni-Pizza-Puffs-1039453,INCREDIBLE Pepperoni Pizza Puffs,4,1500.0,,,"[dough, pizza sauce, pepperoni, grated parmesan cheese, shredded mozzarella cheese, dried parsley, fresh basil]"
Golden-Tomatoes-Pepperoni-Pizza-1355230,Golden Tomatoes Pepperoni Pizza,4,1620.0,[Main Dishes],,"[pizza doughs, flour, yeast, sea salt, cold water, extra-virgin olive oil, cherry tomatoes, marinara sauce, pepperoni slices, chees fresh mozzarella, fresh basil, microgreens]"
Pizza-Hummus-Stuffed-Pretzel-Bites-1364078,Pizza Hummus Stuffed Pretzel Bites,4,6300.0,[Appetizers],,"[warm water, active dry yeast, all-purpose flour, kosher salt, olive oil, hummus, eggs, baking soda, coarse sea salt]"
Pesto-Pizza-Allrecipes_1,Pesto Pizza,4,1200.0,[Main Dishes],[Italian],"[pizza crust, pesto, ricotta cheese, romano cheese, tomatoes, grated parmesan cheese]"
Healthy-Cauliflower-Base-Pizza-1081776,Healthy Cauliflower Base Pizza,4,3000.0,"[Lunch and Snacks, Main Dishes]",,"[cauliflower, grating cheese, eggs, fresh coriander, garlic, pizza sauce, vegetables]"
Classic-Margherita-Pizza-1297650,Classic Margherita Pizza,3,600.0,[Main Dishes],,"[pizza doughs, marinara sauce, dried oregano, chees fresh mozzarella, grated parmesan cheese, fresh basil leaves]"
BBQ-Chicken-Pizza-1368708,BBQ Chicken Pizza,4,1500.0,[Main Dishes],,"[pizza doughs, grilled chicken, bbq sauce, smoked mozzarella, purple onion, shredded mozzarella cheese, jalapeno chilies, cilantro]"
Mediterranean-Pizza-1126428,Mediterranean Pizza,4,1500.0,[Main Dishes],[Mediterranean],"[pizza doughs, olive oil, garlic salt, shredded mozzarella cheese, chicken breast strips, purple onion, plum tomatoes, pepperocini, artichoke hearts, pitted kalamata olives, feta cheese crumbles]"
Sweet-Potato-Kale-Pizza-with-Rosemary-_-Red-Onion-1367816,Sweet Potato Kale Pizza with Rosemary & Red Onion,4,750.0,[Main Dishes],,"[pizza doughs, sweet potatoes, purple onion, olive oil, onions, pepper, salt, mozzarella cheese, kale, balsamic vinegar, rosemary]"
Pretzel-Crust-Pizza-940957,Pretzel Crust Pizza,4,3000.0,,,"[warm water, active dry yeast, honey, all-purpose flour, salt, baking soda, melted butter, coarse sea salt, pizza sauce, shredded cheese, pepperoni slices]"
The-Best-Pan-Pizza-1300424,The Best Pan Pizza,4,1200.0,[Main Dishes],,"[high-gluten flour, kosher salt, instant yeast, water, olive oil, pizza sauce, shredded mozzarella cheese, pepperoni, fresh basil leaves]"
Polenta-Pizza-1158897,Polenta Pizza,4,3300.0,[Main Dishes],,"[olive oil, vegetable broth, polenta, yellow onion, pizza sauce, queso fresco, roasted red peppers, fresh oregano]"
Pizza-quesadillas-_aka-pizzadillas_-351493,Pizza Quesadillas (aka Pizzadillas),5,1800.0,[Main Dishes],[Kid-Friendly],"[tortillas, mozzarella cheese, pizza sauce, pepperoni, sliced black olives]"
Jalapeno-Popper-Pizza-679475,Jalapeño Popper Pizza,4,2700.0,[Main Dishes],,"[olive oil, bacon, jalapeno chilies, shallots, semolina, pizza doughs, cream cheese, monterey jack]"
Low-Caloreie-Pepperoni-Pizza-1330775,Low Caloreie Pepperoni Pizza,4,1500.0,[Main Dishes],,"[whole wheat pizza dough, butternut squash, pizza sauce, reduced fat mozzarella, shredded parmesan cheese, pepperoni turkei]"
Pizza-Burger-1065163,Pizza Burger,4,1380.0,[Main Dishes],,"[ground beef, italian seasoning, salt, pepper, pepperoni, pizza sauce, mozzarella cheese]"
Homemade-Pizza-Rolls-1221804,Homemade Pizza Rolls,3,3000.0,[Appetizers],,"[egg roll wrappers, shredded mozzarella cheese, pepperoni slices, garlic, dried basil, dried oregano, pizza sauce, vegetable oil]"
Bianca-Pizza-MyRecipes-212808,Bianca Pizza,4,600.0,[Main Dishes],,"[white onion, shredded mozzarella cheese, pizza doughs, fresh rosemary, salt]"
Cremini-Fontina-Pizza-1322267,Cremini Fontina Pizza,4,4200.0,[Main Dishes],,"[garlic cloves, crushed red pepper flakes, olive oil, purple onion, cremini mushrooms, mozzarella cheese, fontina cheese, fresh parsley, pizza doughs, all-purpose flour, whole wheat flour, ground flaxseed, salt, active dry yeast, water]"
Eggplant-Pizzas-379641,Eggplant Pizzas,5,3000.0,[Main Dishes],,"[eggplant, coarse salt, oil, italian seasoning, salt, pepper, pizza sauce, mozzarella cheese, pepperoni, tomatoes, onions, garlic, red pepper flakes]"
Pesto-tomato-pizza-365013,Pesto Tomato Pizza,4,1200.0,[Main Dishes],,"[prepared pizza crust, pesto sauce, roma tomatoes, mozzarella cheese]"
Pizza-Rolls-1275244,Pizza Rolls,4,2400.0,[Breads],,"[bread flour, instant yeast, extra-virgin olive oil, salt, tap water, pizza sauce, mozzarella cheese, melted butter, italian seasoning]"
Pop-Up-Pizza-1056069,Pop Up Pizza,4,1200.0,,,"[Pillsbury Biscuits, pizza sauce, mozzarella cheese]"
Margherita-Portabella-Pizza-1318000,Margherita Portabella Pizza,4,900.0,[Main Dishes],,"[portobello caps, cherry tomatoes, mozzarella cheese, fresh basil leaves]"
Easy-Pizza-Roll-Ups-1376803,Easy Pizza Roll-Ups,3,2100.0,,,"[white sandwich bread, marinara sauce, mozzarella cheese, pizza toppings, melted butter, parmesan cheese, parsley]"
Basic-Pizza-Rolls-1059071,Basic Pizza Rolls,4,2400.0,,,"[thin pizza crust, pizza sauce, mozzarella cheese, whole milk]"
Veggie-Alfredo-Pizza-759668,Veggie Alfredo Pizza,4,1500.0,[Main Dishes],,"[pizza doughs, Alfredo sauce, tomatoes, mushrooms, pepper, fresh basil, provolone cheese, olive oil]"
Butternut-Squash-and-Sage-Pizza-1359765,Butternut Squash and Sage Pizza,4,4800.0,[Main Dishes],,"[butternut squash, olive oil, salt, pizza doughs, ricotta, mozzarella cheese, fresh sage]"
Stuffed-crust-pizza-296583,Stuffed Crust Pizza,4,3900.0,[Main Dishes],,"[refrigerated pizza dough, chees mozzarella stick, red bell pepper, shredded mozzarella cheese, pepperoni, ragu old world style smooth pasta sauc]"
Kale-Goat-Cheese-Pizza-974700,Kale Goat Cheese Pizza,4,1500.0,[Main Dishes],,"[kale, goat cheese, tomatoes, mozzarella cheese, whole wheat pizza dough, tomato sauce]"
Chocolate-Pizza-Epicurious,Chocolate Pizza,5,3000.0,[Desserts],"[Italian, American]","[pizza doughs, butter, chocolate-hazelnut spread, semisweet chocolate, white chocolate, roasted hazelnuts]"
Ghoulishly-Good-Pizza-Snacking-Muffins-1282397,Ghoulishly Good Pizza Snacking Muffins,3,1200.0,[Lunch and Snacks],,"[all-purpose flour, Fleischmann's RapidRise Yeast, sugar, salt, Spice Islands Oregano, warm water, Mazola Corn Oil, pepperoni, chopped green bell pepper, finely chopped onion, mozzarella cheese, pizza sauce]"
Cheesy-Morning-Pizza-1041949,Cheesy Morning Pizza,5,2400.0,[Main Dishes],,"[refrigerated pizza dough, olive oil, KRAFT Shredded Sharp Cheddar Cheese, sliced green onions, plum tomatoes, Oscar Mayer Bacon, eggs]"
Grilled-margherita-pizza-369828,Grilled Margherita Pizza,4,1200.0,[Main Dishes],[Barbecue],"[pizza doughs, olive oil, marinara sauce, fresh mozzarella, fresh basil leaves]"
Low-Calorie-Flatbread-Pizza-998473,Low Calorie Flatbread Pizza,4,1800.0,[Main Dishes],,"[flatbread, olive oil, pizza sauce, shredded mozzarella cheese, pepperoni slices, oregano]"
Primavera-pizza-298103,Primavera Pizza,4,1200.0,"[Appetizers, Lunch and Snacks, Main Dishes]",[Italian],"[prebaked pizza crusts, ragu old world style tomato & mozzarella pasta sauc, assorted fresh vegetables, shredded mozzarella cheese]"
Chocolate-pizza-349229,Chocolate Pizza,4,1800.0,[Desserts],"[American, Italian]","[pizza doughs, chocolate-hazelnut spread, vanilla ice cream]"
Italian-Sausage-and-Basil-Pizza_-1314799,Italian Sausage and Basil Pizza!,4,5400.0,[Main Dishes],[Italian],"[pizza crust, ground Italian sausage, fresh basil, purple onion, extra-virgin olive oil, shredded mozzarella cheese, italian seasoning]"
Mini-Biscuit-Pizzas-1018854,Mini Biscuit Pizzas,4,1500.0,,,"[biscuits, pepperoni slices, mozzarella cheese, pizza sauce]"
Turkey-and-Cranberry-BBQ-Sauce-Pizza-1367455,Turkey and Cranberry BBQ Sauce Pizza,4,1500.0,[Main Dishes],,"[pizza doughs, cranberry sauce, bbq sauce, turkey, monterey jack, purple onion, cilantro]"
Grilled-buffalo-chicken-pizza-303144,Grilled Buffalo Chicken Pizza,4,1500.0,[Main Dishes],[American],"[prebaked pizza crusts, ragu organic pasta sauc, buffalo chicken strip style, celery, shredded mozzarella cheese, blue cheese]"
Stuffed-Crust-Pepperoni-Pizza-1061848,Stuffed Crust Pepperoni Pizza,3,3000.0,[Main Dishes],,"[flour, shredded mozzarella cheese, warm water, active dry yeast, onion powder, garlic powder, sugar, oregano, parmesan cheese, olive oil, pizza sauce, pepperoni]"
Candy-Bar-Cookie-Pizza-1379905,Candy Bar Cookie Pizza,4,,,,"[chocolate chip cookie dough, chocolate chips, peanut butter, candy]"
Happy-Hour-Friday_-Mushroom-Crazy-Pizza-with-Shallot-and-Basil-1372508,Happy Hour Friday! Mushroom Crazy Pizza with Shallot and Basil,4,2100.0,[Main Dishes],,"[baked pizza crust, crimini mushrooms, shallots, garlic, olive oil, vegetable broth, red wine, low-fat mozzarella cheese, parmesan cheese, basil leaves]"
Fruit-Pizza_-1354717,Fruit Pizza!,4,900.0,[Desserts],,"[cream cheese, organic sugar, powdered sugar, sugar cookies, lemon juice, vanilla]"
Pesto-Meatball-Pizza-1341278,Pesto Meatball Pizza,4,3000.0,[Main Dishes],,"[ground beef, pesto, eggs, salt, pizza doughs, marinara sauce, shredded cheese, fresh basil]"
Caprese-Pizza-990580,Caprese Pizza,4,1500.0,[Main Dishes],,"[pizza crust, grape tomatoes, fresh mozzarella, fresh basil]"
Pierogi-Pizza-995269,Pierogi Pizza,4,3900.0,[Main Dishes],,"[pizza doughs, potatoes, butter, milk, onions, cheddar cheese]"
Mummie-Pizza-477256,Mummie Pizza,4,900.0,[Main Dishes],,"[pizza sauce, shredded mozzarella cheese, black olives, New York Style Bagel Crisps]"
Homemade-Pizza-Dough-1350918,Homemade Pizza Dough,4,4800.0,"[Breads, Main Dishes]",,"[warm water, sugar, active dry yeast, flour, kosher salt, extra-virgin olive oil]"
Caramelized-Onion-_-Gorgonzola-Pizza-1282794,Caramelized Onion & Gorgonzola Pizza,4,1800.0,[Main Dishes],,"[butter oil, yellow onion, crumbled gorgonzola, pizza crust, fresh thyme]"
Rocky-Road-Pizza-1347865,Rocky Road Pizza,4,1800.0,[Desserts],,"[Pillsbury™ classic pizza crust, Nutella, mini marshmallows, peanuts]"
Pepperoni-Pizza-My-Recipes_1,Pepperoni Pizza,4,2400.0,[Main Dishes],"[Italian, American]","[cooking spray, cremini mushrooms, pizza doughs, olive oil, pizza sauce, part-skim mozzarella cheese, fresh parmesan cheese, pepperoni turkei]"
Taco-Bell-Mexican-Pizza-1368560,Taco Bell Mexican Pizza,3,1500.0,[Main Dishes],[Mexican],"[ground beef, all-purpose flour, chili powder, salt, dried minced onion, paprika, garlic powder, onion powder, water, flour tortillas, crisco shortening, refried beans, salsa, shredded cheddar cheese, shredded Monterey Jack cheese, diced tomatoes, green onions]"
Pizza-bagels-298856,Pizza Bagels,4,900.0,[Lunch and Snacks],,"[bagels, ragu old world style pasta sauc, shredded mozzarella cheese, pizza toppings]"
Spicy-Margherita-Pizza-MyRecipes-246982,Spicy Margherita Pizza,4,2700.0,[Main Dishes],[Italian],"[sauce, refrigerated pizza dough, mozzarella cheese, part-skim mozzarella cheese, fresh basil]"
Cauliflower-Crust-Pizza-1166977,Cauliflower Crust Pizza,4,4500.0,[Main Dishes],,"[cauliflower, eggs, goat cheese, dried oregano, salt, pizza toppings]"
Sofrito-pizza-303745,Sofrito Pizza,4,900.0,[Main Dishes],,"[prebaked pizza crusts, ragu, mozzarella cheese, pizza toppings]"
How-to-make-homemade-frozen-pizza-351349,How to Make Homemade Frozen Pizza,5,1800.0,[Main Dishes],,"[pizza doughs, tomato sauce, onions, cheese]"
Spicy-Italian-Sausage-and-Peppers-Pizza-1361694,Spicy Italian Sausage and Peppers Pizza,4,2400.0,[Main Dishes],[Italian],"[olive oil, sausage casings, garlic, yellow onion, green bell pepper, red bell pepper, dried oregano, white wine, pizza crust, pizza sauce, grated parmesan cheese]"
Thanksgiving-Leftovers-Pizza-1380589,Thanksgiving Leftovers Pizza,4,3600.0,[Main Dishes],,"[warm water, active dry yeast, sugar, salt, olive oil, bread flour, sweet potatoes, goat cheese, sweet tea, cranberry compote]"
Avocado-Pizza-1019213,Avocado Pizza,4,1800.0,,,"[french bread, pizza sauce, tomato sauce, water, oregano, garlic salt, onion powder, part-skim mozzarella, onions, tomatoes, avocado]"
Pizza-Tots-998658,Pizza Tots,4,2100.0,,,"[frozen hash browns, pizza sauce, mozzarella cheese, pepperoni, pizza toppings]"
Pizza-Crescent-Rolls-1326990,Pizza Crescent Rolls,4,1500.0,,,"[crescent rolls, pepperoni, pizza sauce, mozzarella cheese, Italian herbs]"
Greek-pizza-297908,Greek Pizza,4,1320.0,"[Appetizers, Lunch and Snacks, Main Dishes]","[Greek, Mediterranean]","[i can't believ it' not butter! made with olive oil spread, fresh spinach leaves, rins and pat dry, garlic, dri oregano leaves, crush, tomatoes, feta cheese, prebaked pizza crusts, kalamata]"
Pizza-Polenta-Bowls-1364836,Pizza Polenta Bowls,4,1800.0,[Main Dishes],,"[olive oil, red pepper, green pepper, yellow onion, salt, black pepper, garlic, San Marzano tomatoes, herbes de provence, baby spinach leaves, sliced black olives, pizza toppings, fresh parsley, water, corn grits, Earth Balance Buttery Spread, nutritional yeast]"
Potato-Pizza-578326,Potato Pizza,4,,,,"[pizza doughs, potatoes, roasted garlic, onions, fresh rosemary, olive oil, salt, freshly ground pepper]"
Pizza-wheels-357768,Pizza Wheels,5,,[Main Dishes],,"[pizza doughs, marinara sauce, fresh oregano, garlic cloves, shredded mozzarella cheese, pepperoni, grated parmesan cheese, yellow corn meal]"
Stromboli-Pizza-Roll-1373492,Stromboli Pizza Roll,4,4500.0,[Main Dishes],,"[pizza doughs, tomato sauce, mozzarella cheese, salami, ham, eggs, oregano, warm water, dry yeast, honey, salt, vegetable oil, flour]"
Chipotle-Chicken-Pizza-977064,Chipotle Chicken Pizza,4,1800.0,[Main Dishes],,"[chicken breasts, chipotle sauce, shredded mozzarella cheese, whole wheat pizza dough, onions, tomato paste, green onions, red pepper flakes]"
Pizza-Margherita-_Tomato_-Basil_-and-Mozzarella-Pizza_-442310,"Pizza Margherita (Tomato, Basil, and Mozzarella Pizza)",5,3300.0,[Main Dishes],[Italian],"[pizza doughs, semolina, pizza sauce, fresh mozzarella, fresh basil leaves, olive oil]"
Pizza-Balls-1123872,Pizza Balls,4,2100.0,,,"[pizza doughs, Hormel Pepperoni, cheese, crimini mushrooms, spinach, marinara sauce]"
Low-CarbZucchini-Crust-Pizza-1355545,Low Carb Zucchini Crust Pizza,4,2400.0,[Main Dishes],,"[zucchini, salt, eggs, dried oregano, dried basil, garlic powder, black pepper, grated parmesan cheese, shredded mozzarella cheese, ground almonds, pizza sauce, yellow bell pepper, black olives]"
Grilled-Bison-Pizza-1361979,Grilled Bison Pizza,3,2400.0,[Main Dishes],,"[ground bison, purple onion, fresh basil leaves, pizza sauce, olive oil, mozzarella cheese, oregano, flour, vegetable oil, sugar, salt, warm water, active dry yeast]"
Crab-Rangoon-Pizza-with-Sweet-_-Sour-Drizzle-1373742,Crab Rangoon Pizza with Sweet & Sour Drizzle,3,1500.0,[Main Dishes],,"[Louis Kemp Crab Delights, cream cheese, garlic, green onions, sesame oil, worcestershire sauce, won ton wrappers, white sugar, white vinegar, water, soy sauce, ketchup, corn starch, pizza doughs]"
Easy-Pan-Pizza-1376537,Easy Pan Pizza,4,3000.0,[Main Dishes],,"[coconut flour, almond flour, baking powder, garlic powder, salt, large eggs, olive oil, unsweetened almond milk, tomato sauce, pepperoni slices, shredded mozzarella cheese]"
Jalapeno-popper-pizza-351142,Jalapeno Popper Pizza,5,1800.0,,,"[cream cheese, ranch dressing, pizza doughs, jalapeno chilies, bacon, mozzarella cheese, cheddar cheese]"
Pizza-balls-_-353309,Pizza Balls !,4,,,,"[buttermilk biscuits, pepperoni, cheese, pizza sauce, italian seasoning, garlic powder]"
Pizza-Bagels-3-Ways-1365810,Pizza Bagels 3 Ways,4,1800.0,,,"[bagels, pizza sauce, shredded mozzarella cheese, pepperoni, sliced black olives, pesto, cherry tomatoes, bbq sauce, jack cheese, diced chicken, diced red onions, scallions]"
Onion-_-Feta-Pizza-1009591,Onion & Feta Pizza,4,2400.0,[Main Dishes],,"[pizza doughs, pizza sauce, white onion, feta cheese, mozzarella cheese, extra-virgin olive oil]"
Spicy-Vegetarian-Mushroom-Pizza-1373883,Spicy Vegetarian Mushroom Pizza,4,1620.0,[Main Dishes],,"[pizza doughs, tomato sauce, pizza seasoning, salt, pepper, mushrooms, green chilies, grating cheese, buffalo mozzarella, olive oil]"
Pizza-Tater-Tot-Hotdish-1378988,Pizza Tater Tot Hotdish,4,,,,"[ground beef, onions, garlic, green pepper, sliced mushrooms, pizza sauce, tomato juice, shredded mozzarella cheese, italian seasoning, frozen tater tots]"
Blue-Cheese-and-Bacon-Pizza-1021722,Blue Cheese and Bacon Pizza,4,1800.0,[Main Dishes],,"[butter, all-purpose flour, milk, salt, pepper, ground nutmeg, pizza doughs, bacon, blue cheese]"
Sicilian-Style-Pepperoni-Pizza-1226650,Sicilian-Style Pepperoni Pizza,3,600.0,[Main Dishes],[Italian],"[pizza doughs, marinara sauce, dried oregano, shredded mozzarella cheese, pepperoni slices]"
Breakfast-Pizza-1238684,Breakfast Pizza,4,2700.0,"[Breakfast and Brunch, Main Dishes]",,"[whole grain pizza dough, eggs, breakfast sausages, bacon, fresh spinach, fresh basil, pizza sauce, mozzarella cheese]"
Cheeses-Pizza-894511,Cheeses Pizza,3,3000.0,[Main Dishes],,"[pizza doughs, heavy cream, fresh mozzarella, taleggio, ground black pepper, parmesan cheese]"
Easy-Pan-Pizza-1375592,Easy Pan Pizza,4,3000.0,[Main Dishes],,"[almond flour, coconut flour, baking powder, garlic powder, salt, large eggs, olive oil, unsweetened almond milk, tomato sauce, pepperoni slices, shredded mozzarella cheese]"
Spiderweb-Pizzas-1156599,Spiderweb Pizzas,3,600.0,,,"[pizza crust, pizza sauce, mozzarella string cheese, pitted black olives]"
Roasted-Garlic-Spinach-White-Pizza-1050038,Roasted Garlic Spinach White Pizza,4,3600.0,[Main Dishes],,"[garlic, olive oil, whole wheat pizza dough, part-skim mozzarella cheese, ricotta cheese, frozen spinach, pepper flakes]"
Arugula-and-Prosciutto-Pizza-1330774,Arugula and Prosciutto Pizza,4,1800.0,[Main Dishes],,"[whole wheat pizza dough, prosciutto, arugula, roma tomatoes, purple onion, reduced fat shredded mozzarella cheese, goat cheese]"
BLT-Pizza-1224512,BLT Pizza,4,1200.0,[Main Dishes],,"[baked pizza crust, pizza sauce, cooked bacon, shredded mozzarella cheese, romaine lettuce, chopped tomatoes, mayonnaise]"
My-Favorite-Vegan-Pizza-643744,My Favorite Vegan Pizza,4,2400.0,[Main Dishes],,"[pizza crust, orange bell pepper, purple onion, button mushrooms, fresh basil, sea salt, tomato sauce, vegan parmesan cheese, dried oregano, red pepper flakes]"
Greek-Hummus-Pizza-963485,Greek Hummus Pizza,4,2400.0,,,"[pizza doughs, hummus, baby spinach, kalamata, roasted red peppers, pinenuts]"
Southwest-Pizza-1045359,Southwest Pizza,4,1800.0,[Main Dishes],,"[pizza doughs, bell pepper, black beans, chipotle, avocado, cheese, olive oil]"
Mini-deep-dish-pizzas-365194,Mini Deep Dish Pizzas,4,3000.0,,,"[olive oil, onions, garlic, diced tomatoes, italian seasoning, pizza doughs, green pepper, mozzarella cheese]"
Basic-Homemade-Pizza-1364605,Basic Homemade Pizza,4,6000.0,,,"[water, olive oil, honey, flour, salt, yeast]"
Cauliflower-Alfredo-Pizza-1315083,Cauliflower Alfredo Pizza,4,,,,"[cauliflower, pizza doughs, garlic, frozen corn, artichoke hearts, mushrooms]"
Butternut-Squash-Pizzas-1370413,Butternut Squash Pizzas,4,1500.0,,,"[tomato sauce, shredded cheese, butternut squash, parsley]"
Easy-Cast-Iron-Deep-Dish-Pizza-1231846,Easy Cast Iron Deep Dish Pizza,4,10200.0,[Main Dishes],,"[pizza doughs, butter, italian sausage, olive oil, shallots, garlic cloves, tomato paste, cherry tomatoes, red pepper flakes, fresh mozzarella, dried oregano, fresh oregano]"
Homemade-White-Pizza-1060068,Homemade White Pizza,4,1800.0,[Main Dishes],,"[pizza doughs, ricotta cheese, olive oil, prosciutto, chopped pecans, herbed goat cheese, pears, mozzarella cheese, arugula]"
Mini-Breakfast-Pizza-1052624,Mini Breakfast Pizza,4,1200.0,[Breakfast and Brunch],,"[English muffins, onions, green pepper, eggs, shredded cheese, breakfast sausages]"
Ratatouille-Pizza-1290834,Ratatouille Pizza,4,3600.0,[Main Dishes],,"[whole wheat pizza dough, extra-virgin olive oil, eggplant, zucchini, diced red onions, garlic, fire roasted diced tomatoes, salt, pepper, cherry tomatoes, shredded mozzarella cheese]"
Fruit-Pizza-499654,Fruit Pizza,4,2400.0,[Desserts],,"[sugar, flour, baking powder, salt, unsalted butter, vanilla extract, large eggs, cream cheese, vanilla, powdered sugar, fruit]"
Fig-_-Ricotta-Pizza-1073010,Fig & Ricotta Pizza,4,1800.0,[Main Dishes],,"[pizza doughs, figs, ricotta cheese, shredded mozzarella cheese, dried thyme, honey]"
Lunch-Box-Pizzas-1277648,Lunch Box Pizzas,4,2100.0,[Lunch and Snacks],,"[pizza doughs, pizza sauce, shredded mozzarella cheese, mushrooms, pepperoni, onions, olives]"
Mini-Deep-Dish-Pizzas-1235710,Mini Deep Dish Pizzas,4,3900.0,,,"[whole wheat wraps, pizza sauce, parmesan cheese, basil, garlic powder, shredded mozzarella cheese, pepperoni turkei]"
Spicy-Perogy-Pizza-1294858,Spicy Perogy Pizza,4,2400.0,[Main Dishes],,"[pizza doughs, baking potatoes, jalapeno chilies, vegetable oil, salt, freshly ground pepper, sour cream, shredded cheddar cheese, shredded mozzarella cheese, cooked bacon, green onions]"
Perfect-Pizza-Martha-Stewart-193399,Perfect Pizza,3,,,,"[warm water, sugar, active dry yeast, all-purpose flour, salt, cornmeal, olive oil, pizza sauce, chees fresh mozzarella]"
Nutella-pizza-325951,Nutella Pizza,3,1200.0,[Desserts],[Kid-Friendly],"[Nutella, milk chocolate chips, white chocolate chips, coconut flakes, hazelnuts, pizza crust]"
Green-and-White-Pizza-1046093,Green and White Pizza,3,3000.0,[Main Dishes],,"[pizza doughs, fresh mozzarella, extra-virgin olive oil, kosher salt, parmesan cheese, baby arugula, lemon]"
Three-Cheese-Pizza-_For-Cheese-Lovers_-1177416,Three-Cheese Pizza (For Cheese Lovers),3,1500.0,[Main Dishes],,"[prebaked pizza crusts, part-skim ricotta cheese, part-skim mozzarella cheese, grated parmesan cheese, fresh thyme leaves, truffle oil]"
Pizza-pinwheels-297552,Pizza Pinwheels,4,1500.0,"[Appetizers, Lunch and Snacks]","[American, Italian]","[prebaked pizza crusts, pasta sauce, shredded mozzarella cheese, pepperoni]"
Ultimate-Brunch-Pizza-514108,Ultimate Brunch Pizza,5,2400.0,[Breakfast and Brunch],,"[pizza doughs, large eggs, unsalted butter, sausages, cheddar cheese, asparagus]"
Spinach-and-Pepperoni-Pizza-1021682,Spinach and Pepperoni Pizza,4,2100.0,[Main Dishes],,"[pizza doughs, pizza sauce, mozzarella cheese, baby spinach, pepperoni, parmesan cheese]"
Pizza-1052717,Pizza,4,1200.0,[Main Dishes],,"[all-purpose flour, warm water, dry yeast, olive oil, liquid honey, salt]"
Shrimp-Scampi-Pizza-977066,Shrimp Scampi Pizza,4,1800.0,[Main Dishes],,"[medium shrimp, part-skim mozzarella cheese, onions, pesto sauce, garlic cloves, whole wheat pizza dough, fresh parsley]"
Low-Carb-Pizza-989777,Low Carb Pizza,4,3300.0,,,"[cream cheese, eggs, hard cheese, garlic powder, ground black pepper]"
Buffalo-Chicken-Pizza-1267913,Buffalo Chicken Pizza,4,1800.0,[Main Dishes],,"[chicken breast strips, wing sauce, ranch dressing, shredded mozzarella cheese, green onions, pizza crust]"
Pizza-rustica-297542,Pizza Rustica,4,1800.0,"[Appetizers, Lunch and Snacks, Main Dishes]",[Italian],"[ham, tomatoes, shredded mozzarella cheese, hellmann' or best food real mayonnais, loosely packed fresh basil leaves, ground black pepper, prebaked pizza crusts]"
CRAZY-GOOD-Cauliflower-Pizza-1353025,CRAZY GOOD Cauliflower Pizza,3,3300.0,[Main Dishes],,"[head cauliflower, garlic paste, red chili peppers, large egg whites, mozzarella cheese, parmigiana-reggiano, diced onions, red bell pepper, onions, olive oil]"
Pizza-Dough-Base-1375066,Pizza Dough Base,3,5100.0,[Main Dishes],,"[Tipo 00 flour, yeast, salt, olive oil, milk, warm water]"
Zucchini-Pizza-Boats-1370292,Zucchini Pizza Boats,3,2100.0,,,"[medium zucchini, marinara sauce, nutritional yeast, purple onion, kalamata, cherry tomatoes, shredded basil]"
Pepperoni-Pizza-Puffs-754240,Pepperoni Pizza Puffs,3,2400.0,,,"[flour, baking powder, italian seasoning, salt, red pepper flakes, whole milk, eggs, shredded mozzarella cheese, grated parmesan cheese, pepperoni, pizza sauce]"
Biscuit-Deep-Dish-Pizza-759764,Biscuit Deep Dish Pizza,4,1800.0,[Main Dishes],,"[flour, baking powder, salt, butter, milk, mozzarella cheese, pizza sauce]"
Flaky-Biscuit-Pizza-Snacks-761026,Flaky Biscuit Pizza Snacks,3,1800.0,[Lunch and Snacks],,"[biscuits, pizza sauce, pepperoni slices, shredded mozzarella cheese]"
Easy-Pancake-Breakfast-Pizza-1359493,Easy Pancake Breakfast Pizza,4,1200.0,[Breakfast and Brunch],,"[biscuit baking mix, eggs, milk, syrup, canola oil, vanilla, granola, chopped walnuts, cinnamon, sugar, blueberries]"
Pizza-Balls-1074456,Pizza Balls,4,2700.0,,,"[biscuit dough, pepperoni slices, cheese, beaten eggs, italian seasoning, grated parmesan cheese, pizza sauce]"
Breakfast-Pizza-970136,Breakfast Pizza,3,1500.0,[Breakfast and Brunch],,"[peppered bacon, sweet pepper, green onions, prebaked pizza crusts, cream cheese spread, eggs, cooked ham, shredded cheddar cheese]"
California-Pizza-Kitchen_s-Thin-Crust-Supreme-1372842,California Pizza Kitchen's Thin Crust Supreme,3,1320.0,[Main Dishes],,"[pizza doughs, extra-virgin olive oil, garlic, roma tomatoes, oregano, salt, ground pepper, tomato paste, pepperoni slices, purple onion, cooked sausages, green bell pepper, slice, grated parmesan cheese, shredded mozzarella cheese]"
Keto-Portobello-Mushroom-Crust-Pizza-1359467,Keto Portobello Mushroom Crust Pizza,4,1800.0,[Main Dishes],,"[portobello caps, sausages, marinara sauce, shredded cheese]"
Margarita-Pizza-with-Balsamic-Drizzle-1236189,Margarita Pizza with Balsamic Drizzle,4,1800.0,[Main Dishes],,"[thin pizza crust, tomatoes, basil leaves, shredded mozzarella cheese, pizza sauce, balsamic vinegar]"
Taco-pizza-365605,Taco Pizza,5,1800.0,"[Appetizers, Lunch and Snacks, Main Dishes]","[Mexican, Southwestern]","[pizza doughs, refried beans, extra lean ground beef, olive oil, shredded cheddar cheese, onions, garlic, taco seasoning, iceberg lettuce, tomatoes, black olives, green onions, salsa, sour cream]"
Deep-Dish-Pizza-Casserole-1330702,Deep Dish Pizza Casserole,3,1500.0,[Main Dishes],,"[refrigerated pizza dough, pizza sauce, cheese, parmesan cheese, pepperoni, italian sausage]"
_Gluten-Free_-Skinny-Buffalo-Chicken-Spaghetti-Squash-Pizza-1380406,{Gluten-Free} Skinny Buffalo Chicken Spaghetti Squash Pizza,4,600.0,[Main Dishes],,"[pizza crust, buffalo, shredded mozzarella cheese, crema, queso fresco, cilantro, avocado, plain greek yogurt, lime, garlic powder, cumin, paprika, extra-virgin olive oil, kosher salt, freshly ground black pepper]"
Margherita-pizza-365505,Margherita Pizza,5,1200.0,"[Appetizers, Main Dishes]",[Italian],"[pizza doughs, tomatoes, mozzarella cheese, olive oil, garlic, fresh basil, pepper]"
Crispy-Skillet-Pizza-1351570,Crispy Skillet Pizza,4,3300.0,[Main Dishes],,"[active dry yeast, warm water, salt, olive oil, flour, marinara sauce, fresh basil, cheese, pepperoni, green bell pepper, artichoke hearts]"
Wonder-Kids-Mini-Pizzas-AllRecipes,Wonder Kids Mini Pizzas,4,1260.0,,"[Italian, Kid-Friendly]","[white sandwich bread, pizza sauce, parmesan cheese, shredded mozzarella cheese]"
Spooky-Ghost-Pizza-1312570,Spooky Ghost Pizza,4,2400.0,[Main Dishes],,"[pizza crust, extra-virgin olive oil, marinara sauce, chees fresh mozzarella, black olives, green olives, rosemary leaves]"
Easy-homemade-pizza-303078,Easy Homemade Pizza,4,1500.0,[Main Dishes],,"[prebaked pizza crusts, ragu old world style pasta sauc, pizza toppings, shredded mozzarella cheese]"
Mushroom-sausage-pizza-298067,Mushroom Sausage Pizza,4,1800.0,"[Lunch and Snacks, Main Dishes]",[Italian],"[sweet italian sausag links, cut into, sliced mushrooms, prebaked pizza crusts, ragu pizza quick sauc, shredded mozzarella cheese]"
Pesto-and-Tomato-French-Bread-Pizza-1334897,Pesto and Tomato French Bread Pizza,4,1500.0,[Main Dishes],,"[french bread, pesto, roma tomatoes, shredded mozzarella cheese, chopped parsley]"
Pizza-Waffles-1051270,Pizza Waffles,3,1800.0,[Breakfast and Brunch],,"[refrigerated biscuits, mozzarella cheese, mini pepperoni slices, pizza sauce]"
Dr_-Davis_-Provolone_-Prosciutto_-and-Kalamata-Olive-Pizza-1367660,"Dr. Davis' Provolone, Prosciutto, and Kalamata Olive Pizza",3,2400.0,[Main Dishes],,"[baking mix, mozzarella cheese, eggs, extra-virgin olive oil, water, provolone cheese, pizza sauce, prosciutto, pitted kalamata olives, red chili peppers]"
Zucchini-Pizzas-1304758,Zucchini Pizzas,4,1500.0,,,"[zucchini, tomato sauce, pepperoni, mozzarella cheese]"
Muffuletta-Pizza-1373631,Muffuletta Pizza,4,3600.0,[Main Dishes],,"[brown rice flour, yeast, salt, maple syrup, margarine, olive oil, water, garlic powder, basil, green olives, pesto, ham, salami, roasted red peppers, seeds, purple onion]"
Breakfast-Pizza-1240745,Breakfast Pizza,4,1200.0,[Breakfast and Brunch],,"[eggs, heavy cream, salt, black pepper, mozzarella cheese, provolone cheese, cheddar cheese, pizza shells]"
Pizza-Skillet-1286805,Pizza Skillet,4,2100.0,[Main Dishes],,"[olive oil, refrigerated pizza dough, pizza sauce, mozzarella cheese, pepperoni]"
Simple-Deep-Dish-Pizza-1036318,Simple Deep Dish Pizza,3,2100.0,[Main Dishes],,"[pizza doughs, pizza sauce, veggies, mozzarella cheese, italian seasoning, parmesan cheese, fresh basil]"
Home-Made-Pizza-Rolls-1250771,Home Made Pizza Rolls,4,6300.0,[Breads],,"[plain flour, dry yeast, sugar, water, salt, olive oil, pizza cheese, tomato sauce, milk, garlic]"
Pepperoni-Pizza-Cupcakes-760066,Pepperoni Pizza Cupcakes,4,1200.0,,,"[wonton wrappers, pepperoni, red pepper, pizza sauce, shredded mozzarella cheese]"
Mexican-Pizza-1374920,Mexican Pizza,4,2700.0,[Main Dishes],[Mexican],"[refried beans, ground beef, taco seasoning mix, vegetable oil, corn tortillas, shredded cheddar cheese, sour cream, plum tomatoes, green onions, diced green chilies, avocado, black olives]"
Aloha-Pizza-1338575,Aloha Pizza,3,1800.0,[Main Dishes],,"[pizza doughs, extra-virgin olive oil, salt, pepper, shredded mozzarella cheese, pineapple, chopped onion, prosciutto, frisee]"
Chicken-Alfredo-Pizza-995927,Chicken Alfredo Pizza,4,2400.0,[Main Dishes],,"[pizza doughs, chicken, butter, garlic powder, onion powder, flour, heavy cream, whole milk, shredded parmesan cheese, salt, white pepper, cornmeal, shredded mozzarella cheese, bacon, extra-virgin olive oil, green onions]"
Margherita-Pizza-1365129,Margherita Pizza,4,1320.0,[Main Dishes],,"[active dry yeast, warm water, olive oil, flour, salt, bertolli, fresh mozzarella, basil leaves]"
Quick-and-Easy-Mini-Stuffed-Mushroom-Pizza-1375492,Quick and Easy Mini Stuffed Mushroom Pizza,4,1800.0,[Appetizers],,"[bertolli, portabello mushroom, parmesan cheese, mozzarella cheese, basil leaves]"
Pepperoni-Pizza-Puffs-600331,Pepperoni Pizza Puffs,3,1800.0,,,"[flour, baking powder, milk, eggs, shredded cheese, pepperoni]"
Easy-Pizza-Bubble-Bread_-Only-3-Ingredients_-1084245,Easy Pizza Bubble Bread! Only 3 Ingredients!,4,2100.0,,,"[biscuit dough, pizza sauce, cheese]"
Meat-Lovers-Pizza-Quinoa-Bake-1354614,Meat Lovers Pizza Quinoa Bake,4,4200.0,[Main Dishes],,"[quinoa, water, pizza sauce, pork sausages, pepperoni, mozzarella cheese, black olives]"
Avocado-and-egg-breakfast-pizza-344550,Avocado and Egg Breakfast Pizza,5,1800.0,[Breakfast and Brunch],,"[hass avocado, chopped cilantro, lime juice, salt, pizza doughs, large eggs, vegetable oil, hot sauce]"
Caesar-Salad-Pizza-1357621,Caesar Salad Pizza,4,2100.0,[Main Dishes],,"[pizza doughs, olive oil, pizza sauce, grated parmesan cheese, mozzarella cheese, pepperoni, hearts of romaine, caesar salad dressing, salt, pepper]"
Whole-wheat-Caramelized-onion-bacon-pizza-1078205,Whole wheat Caramelized onion bacon pizza,4,1200.0,[Main Dishes],,"[whole wheat pizza dough, onions, olive oil, low-fat mozzarella cheese, bacon]"
Football-Pizza-Cake-1276730,Football Pizza Cake,3,2400.0,,,"[thin pizza crust, pepperoni, mozzarella cheese, pizza sauce, string cheese]"
Southwest-Pizza-1318536,Southwest Pizza,4,2400.0,[Main Dishes],,"[whole wheat pizza dough, Mexican cheese blend, corn, black beans, bacon, red bell pepper, green onions, cilantro]"
Sweet-Potato-Pizza-with-Chorizo_-Honey-Drizzle-_-Goat-Cheese-1377421,"Sweet Potato Pizza with Chorizo, Honey Drizzle & Goat Cheese",4,1500.0,[Main Dishes],,"[pizza crust, canned sweet potatoes, chorizo sausage, bacon, yellow squash, tomatoes, habanero pepper, white onion, mushrooms, garlic, butter, sunflower seeds, feta cheese, fresh parsley, honey, salt, pepper]"
All-Day-Breakfast-Pizza-1219259,All-Day Breakfast Pizza,4,7200.0,,,"[pizza doughs, chopped tomatoes, pork sausages, back bacon rashers, cheese, eggs]"
Pizza-with-Potato_-Bacon-and-Creme-Fraiche-1354885,"Pizza with Potato, Bacon and Crème Fraîche",4,3600.0,[Main Dishes],,"[pizza doughs, flour, crème fraîche, bacon, fresh thyme, potatoes, olive oil, sea salt]"
Thanksgiving-Pizza-1358692,Thanksgiving Pizza,4,1500.0,[Main Dishes],,"[whole wheat flatbreads, bbq sauce, turkey, purple onion, cranberries, fresh mozzarella, goat cheese, rosemary]"
Yummy-Mummy-Mini-Pizza-1286925,Yummy Mummy Mini Pizza,4,1500.0,,,"[English muffins, cheese, pizza sauce, sliced black olives]"
Greek-style-pizza-299830,Greek-style Pizza,4,2820.0,"[Lunch and Snacks, Main Dishes]","[Greek, Mediterranean]","[Best Foods Mayonnaise Dressing with Extra Virgin Olive Oil, garlic, feta cheese, prebaked pizza crusts, cherry tomatoes, dri oregano leaves, crush, baby spinach leaves, purple onion, grated parmesan cheese]"
Summer-Stone-Fruit-Pizza-1350598,Summer Stone Fruit Pizza,4,2400.0,[Main Dishes],,"[whole wheat pizza dough, pizza sauce, mozzarella cheese, prosciutto, fruit]"
Ultimate-Cheese-Pizza-My-Recipes,Ultimate Cheese Pizza,4,2700.0,"[Appetizers, Main Dishes]","[Italian, American]","[tomatoes, minced garlic, prebaked pizza crusts, cheese]"
BBQ-Chicken-Pizza-1212439,BBQ Chicken Pizza,4,2400.0,[Main Dishes],,"[pizza doughs, barbecue sauce, cooked chicken breasts, mozzarella cheese, pineapple, purple onion, fresh cilantro]"
Taco-salad-pizza-296666,Taco Salad Pizza,4,1380.0,"[Lunch and Snacks, Main Dishes, Salads]",[Mexican],"[prebaked pizza crusts, shredded cheddar cheese, iceberg lettuce, pitted olives, Wish-Bone Italian Dressing, ground chipotle chile pepper, avocado]"
Homemade-Pizza-Simply-Recipes-43048,Homemade Pizza,5,9000.0,[Main Dishes],[Italian],"[warm water, active dry yeast, bread flour, olive oil, salt, sugar, cornmeal, tomato sauce, mozzarella cheese, parmesan cheese, feta cheese, mushrooms, bell pepper, italian sausage, fresh basil, pesto, pepperoni, onions, ham, pizza crust, wheels]"
Tomato-Basil-Pizza-450477,Tomato Basil Pizza,5,7200.0,[Main Dishes],,"[fresh tomatoes, garlic, olive oil, dried thyme, bay leaf, ground black pepper, sea salt, pizza doughs, mozzarella cheese, fresh basil, parmesan cheese]"
It_s-Time-to-Indulge_-Here_s-My-Favorite-Deep-Dish-Pizza-1362829,It's Time to Indulge! Here's My Favorite Deep Dish Pizza,4,6300.0,[Main Dishes],,"[all purpose unbleached flour, yellow corn meal, salt, instant yeast, olive oil, butter, warm water, fresh mozzarella, pizza sauce, onions, green pepper, jalapeno chilies, pepperoni slices, italian sausage, meat, grated parmesan cheese, shredded mozzarella cheese]"
Prosciutto-and-pesto-pizza-347224,Prosciutto and Pesto Pizza,0,2100.0,[Main Dishes],[Italian],"[pizza doughs, pesto, prosciutto, rocket leaves, grated parmesan cheese]"
Gorgonzola_-Walnut-And-Pear-Pizza-With-Fresh-Thyme-1367457,"Gorgonzola, Walnut And Pear Pizza With Fresh Thyme",4,1500.0,[Main Dishes],,"[pizza doughs, olive oil, crumbled gorgonzola, chopped walnuts, thyme, pears, cornmeal]"
Fruit-Pizza-1090775,Fruit Pizza,3,4800.0,[Desserts],,"[sugar cookie mix, butter, eggs, whipping cream, cream cheese frosting, fruit]"
Caramelized-Spring-Onion-and-Fennel-Pizza-with-Beer-Crust-1365604,Caramelized Spring Onion and Fennel Pizza with Beer Crust,4,3300.0,[Main Dishes],,"[olive oil, spring onions, salt, pepper, fennel bulb, minced garlic, fennel fronds, pizza crust, shredded parmesan cheese, balsamic vinegar]"
Brie-and-Peaches-Pizza-1312544,Brie and Peaches Pizza,3,1200.0,,,"[thin pizza crust, olive oil, brie cheese, peaches, balsamic vinegar]"
Portobello-Red-Pepper-_-Pesto-Pizza-499678,Portobello Red Pepper & Pesto Pizza,4,2400.0,[Main Dishes],,"[pizza doughs, portabello mushroom, roasted red peppers, mozzarella cheese, pesto]"
Falafel-Pizza-1102587,Falafel Pizza,4,1500.0,[Lunch and Snacks],,"[pita pockets, falafel, tzatziki sauce, capsicum, pizza sauce, tomatoes]"
Skinny-Zucchini-Pizza-Crust-623302,Skinny Zucchini Pizza Crust,3,3000.0,[Main Dishes],,"[zucchini, large eggs, low-fat mozzarella cheese, garlic powder, black pepper, pizza sauce, basil]"
BBQ-Pizza-Bagel-Bites-1376250,BBQ Pizza Bagel Bites,4,1800.0,[Appetizers],,"[mini bagels, pizza sauce, mozzarella cheese, purple onion, pork, fresh cilantro]"
Taco-Bell-Mexican-Pizza-1245714,Taco Bell Mexican Pizza,4,600.0,[Main Dishes],[Mexican],"[corn tortillas, refried beans, sausages, pizza sauce, enchilada sauce, seasoning, water, shredded cheese, sour cream, green onions, tomatoes]"
Lemon-pizza-318852,Lemon Pizza,0,3300.0,,,"[pizza doughs, lemon, freshly ground pepper, extra-virgin olive oil, crème fraîche, smoked salmon]"
Naan-Breakfast-Pizza-1369571,Naan Breakfast Pizza,4,2100.0,[Breakfast and Brunch],,"[naan, onions, olive oil, tomato sauce, fresh mozzarella, shredded cheddar cheese, fresh rosemary, basil, salt, pepper]"
Pizzadilla-_Quesadilla-Pizza_-759743,Pizzadilla (Quesadilla Pizza),3,1500.0,[Main Dishes],,"[extra-virgin olive oil, flour tortillas, pizza sauce, low moisture mozzarella, grated parmesan cheese, basil leaves]"
White-Pizza-1008772,White Pizza,4,1380.0,[Main Dishes],,"[wheat, olive oil, garlic, mozzarella cheese, italian seasoning, salt]"
Buffalo-Chicken-Pizza-My-Recipes,Buffalo Chicken Pizza,4,2400.0,"[Appetizers, Main Dishes]",[American],"[vegetable oil cooking spray, buffalo, italian pizza crust, whole chicken, provolone cheese, crumbled blue cheese]"
Chicken-Parma-Rosa-_-Mozzarella-Pizza-1355579,Chicken Parma Rosa & Mozzarella Pizza,4,2400.0,[Main Dishes],,"[pizza doughs, chicken strips, knorr parma rosa sauc mix, mozzarella cheese, marinara sauce, spinach, cherry tomatoes]"
5-Ingredient-Fig-Pizza-1324085,5-Ingredient Fig Pizza,4,1200.0,[Lunch and Snacks],,"[whole wheat tortillas, pizza sauce, figs, grating cheese, basil leaves]"
Grilled-pizza-369287,Grilled Pizza,5,2400.0,"[Lunch and Snacks, Main Dishes]",,"[all-purpose flour, yeast, sugar, salt, warm water, extra-virgin olive oil, flour, pizza sauce, italian sausage, shredded mozzarella cheese, roast red peppers, drain, fresh basil]"
Pulled-Pork-Pizza-1339604,Pulled Pork Pizza,4,1800.0,[Main Dishes],,"[pizza doughs, olive oil, pepper, salt, barbecue sauce, mozzarella cheese, pulled pork, jalapeno chilies, scallions]"
Curried-Veggie-Pizza-987102,Curried Veggie Pizza,4,900.0,[Main Dishes],,"[pizza sauce, curry powder, naan, shredded mozzarella cheese, broccoli florets, cauliflower florets, chopped onion, olive oil]"
Fig_-Prosciutto_-and-Arugula-Pizza-488727,"Fig, Prosciutto, and Arugula Pizza",4,3300.0,[Main Dishes],,"[pizza doughs, figs, prosciutto, cheese, arugula, salt, olive oil]"
Deli-pizza-365392,Deli Pizza,5,1500.0,[Main Dishes],,"[pizza doughs, pizza sauce, hot sauce, mozzarella cheese, mushrooms, cherry tomatoes, deli lunch meat, salt, pepper]"
Mini-Breakfast-Pizza-1371187,Mini Breakfast Pizza,4,900.0,[Breakfast and Brunch],,"[whole wheat hamburger buns, eggs, butter, salt, chopped ham, salsa, olives, green pepper, sliced mushrooms, shredded cheddar cheese]"
Loaded-Cheesy-Pizza-Dip-1368405,Loaded Cheesy Pizza Dip,4,2700.0,[Appetizers],,"[milk, cream cheese, mozzarella cheese, parmesan cheese, pasta sauce, pepperoni]"
Greek-Pizza-1253983,Greek Pizza,4,1800.0,[Main Dishes],[Greek],"[whole wheat pizza dough, marinara sauce, dried oregano, part-skim mozzarella cheese, roasted red peppers, artichokes, pitted kalamata olives, feta cheese crumbles, fresh basil leaves]"
Swiss-Chard_-Garlic_-and-Gruyere-Pizza-1024610,"Swiss Chard, Garlic, and Gruyere Pizza",3,2100.0,[Main Dishes],,"[extra-virgin olive oil, garlic, swiss chard, coarse salt, whole wheat pizza dough, grated Gruyère cheese, red pepper flakes]"
Grands_-Pepperoni-Pizza-Bake-600803,Grands!® Pepperoni Pizza Bake,3,2400.0,,,"[biscuits, pizza sauce, shredded mozzarella cheese, pepperoni]"
Shaved-Asparagus-and-Gorgonzola-Pizza-Naturally-Ella-288944,Shaved Asparagus and Gorgonzola Pizza,5,1800.0,[Main Dishes],,"[pizza doughs, olive oil, garlic, asparagus, green onions, gorgonzola]"
Healthy-Chicken-Alfredo-Pizza-499474,Healthy Chicken Alfredo Pizza,4,1800.0,[Main Dishes],,"[whole wheat pizza dough, sauce, chicken breasts, shredded mozzarella cheese, diced tomatoes, fresh parsley, parmesan cheese, salt, olive oil]"
