id,recipeName,rating,totalTimeInSeconds,course,cuisine,ingredients
Pork-Chops-Florentine-1371220,Pork Chops Florentine,3,1800.0,[Main Dishes],,"[olive oil, boneless chop pork, onions, marinara sauce, spinach, mozzarella cheese, whole grain pasta]"
Apple-Cranberry-Pork-Chops-1374208,Apple Cranberry Pork Chops,4,1800.0,[Main Dishes],,"[boneless chop pork, salt and ground black pepper, flour, vegetable oil, onions, apples, lemon juice, apple cider, brown sugar, cinnamon, ground allspice, dried cranberries]"
Bourbon-Glazed-Pork-Chops-1369095,Bourbon Glazed Pork Chops,4,1200.0,[Main Dishes],,"[bone-in pork chops, extra-virgin olive oil, dijon mustard, honey, brown sugar, ground red pepper, garlic powder, butter, chicken stock, bourbon whiskey, salt, black pepper]"
Parmesan-Crusted-Pork-Chops-1357182,Parmesan-Crusted Pork Chops,3,1500.0,[Main Dishes],,"[eggs, water, Italian seasoned breadcrumbs, parmesan cheese, pork chops, olive oil]"
French-Onion-Pork-Chops-1368427,French Onion Pork Chops,4,3300.0,[Main Dishes],[French],"[olive oil, sweet onion, thyme sprigs, salt, pepper, butter, beef stock, dry red wine, boneless chop pork, dijon mustard, shredded swiss cheese]"
Paprika-Lime-Pork-Chops-1360411,Paprika Lime Pork Chops,3,2400.0,[Main Dishes],,"[pork chops, black pepper, ground paprika, garlic powder, onion powder, salt, sugar, oil, lime, cilantro]"
Smothered-Pork-Chops-1355872,Smothered Pork Chops,4,4200.0,[Main Dishes],,"[pork chops, flour, baking powder, salt, ground pepper, paprika, garlic powder, vegetable oil, chopped onion, mushrooms, chicken stock, cold water]"
Pork-Chops-with-Apples-_-Onions-1362449,Pork Chops with Apples & Onions,4,1200.0,[Main Dishes],,"[bone-in pork chops, apples, onions, water, balsamic vinaigrette, salt, pepper]"
Effortless-Bacon-Wrapped-Pork-Chops-1365732,Effortless Bacon-Wrapped Pork Chops,3,3000.0,[Main Dishes],,"[pork chops, bacon, black pepper, salt, herbs]"
Baked-BBQ-Pork-Chops-1379277,Baked BBQ Pork Chops,3,2100.0,[Main Dishes],,"[pork chops, bbq sauce, onions, chopped parsley, garlic salt, black pepper]"
Pork-Chops-O_Brien-1367586,Pork Chops O'Brien,4,2700.0,[Main Dishes],,"[vegetable oil, pork chops, seasoning salt, ground black pepper, Campbell's Condensed Cream of Celery Soup, milk, sour cream, brown hash potato, shredded cheddar cheese, french's french fried onions]"
Baked-Pork-Chops-with-Apricot-Preserves-1343141,Baked Pork Chops with Apricot Preserves,4,3900.0,[Main Dishes],,"[pork chops, apricot preserves, salt, black pepper, onion powder]"
Oven-Pork-Chop-1305710,Oven Pork Chop,4,4500.0,[Main Dishes],,"[salt, butter, ketchup, worcestershire sauce, sugar, pepper, chopped onion, white vinegar, pork chops]"
Grandma_s-Pork-Chops-and-Gravy-1359941,Grandma's Pork Chops and Gravy,4,2700.0,[Main Dishes],,"[loin pork chops, olive oil, all-purpose flour, salt, dry mustard, garlic powder, cream of chicken soup]"
Easy-Pan-Grilled-Pork-Chops-With-Spicy-Rub-1359354,Easy Pan-Grilled Pork Chops With Spicy Rub,3,1500.0,[Main Dishes],[Barbecue],"[boneless chop pork, thyme, chipotle chile powder, chili powder, cajun seasoning, salt, black pepper, extra-virgin olive oil]"
Simple-Pan-Fried-Pork-_Loin_-Chops-_-Smashed-Potatoes-1362094,Simple Pan-Fried Pork {Loin} Chops & Smashed Potatoes,4,1800.0,[Main Dishes],,"[pork chops, oil, flour, salt]"
Italian-Pork-Chops-1325540,Italian Pork Chops,3,1500.0,[Main Dishes],,"[Bisquick Baking Mix, italian salad dressing, bread crumbs, pork loin chops, vegetable oil]"
5-Ingredient-Simple-Crock-Pot-Pork-Chops-1345792,5 Ingredient Simple Crock Pot Pork Chops,4,18600.0,[Main Dishes],,"[boneless chop pork, condensed cream of chicken soup, onions, ketchup, worcestershire sauce]"
Three-Ingredient-Pork-Chops-1279991,Three Ingredient Pork Chops,4,3000.0,[Main Dishes],,"[stuffing, apple pie filling, pork chops, salt, pepper]"
Stuffed-Pork-Chops-1376814,Stuffed Pork Chops,4,4380.0,[Main Dishes],,"[pork chops, bacon, cheese, feta cheese, green onions, cream cheese, garlic powder, pepper, salt]"
Prosciutto-wrapped-Stuffed-Pork-Chops-1347471,Prosciutto wrapped Stuffed Pork Chops,4,1680.0,[Main Dishes],,"[boneless center cut pork chops, prosciutto, havarti cheese, black pepper, olive oil]"
WACKY-BUT-AMAZING-PORK-CHOPS-IN-GRAVY-1377249,WACKY BUT AMAZING PORK CHOPS IN GRAVY,3,5400.0,[Main Dishes],,"[bone-in pork chops, flour, kosher salt, pepper, egg noodles, ketchup, grape jelly, light soy sauce, yellow mustard, worcestershire sauce, garlic, oregano, dried thyme, water, dry red wine, olive oil, butter]"
Southwest-Style-Slow-Cooker-Pork-Chops-1377883,Southwest-Style Slow-Cooker Pork Chops,3,15000.0,[Main Dishes],,"[center cut pork loin chops, seasoning salt, Green Giant™ Steamers™ Niblets® frozen corn, Old El Paso™ Thick 'n Chunky salsa, baked beans]"
Rosemary-Pork-Chops-1365213,Rosemary Pork Chops,3,3000.0,[Main Dishes],,"[olive oil, red wine vinegar, rosemary sprigs, fresh rosemary, light brown sugar, boneless chop pork, salt, freshly ground black pepper, all-purpose flour]"
Kimi_s-Mayonnaise-Pork-Chops-1073705,Kimi's Mayonnaise Pork Chops,3,3300.0,[Main Dishes],,"[pork chops, plain breadcrumbs, parmesan cheese, seasoning, ground black pepper, mayonnaise]"
Pork-Chops-with-Dijon-Mushrooms-1359857,Pork Chops with Dijon Mushrooms,4,1200.0,[Main Dishes],,"[olive oil, fresh mushrooms, boneless chop pork, all-purpose flour, salt, pepper, chicken broth, dijon mustard]"
Tender-Cream-of-Mushroom-Pork-Chops-1243737,Tender Cream of Mushroom Pork Chops,3,29100.0,[Main Dishes],,"[pork chops, onions, condensed cream of mushroom soup, condensed cream of celery soup]"
Succulent-Pork-Chops-Allrecipes_1,Succulent Pork Chops,4,4200.0,[Main Dishes],,"[hoisin sauce, white vinegar, brown sugar, low sodium soy sauce, pork chops]"
Maple-Pork-Chops-1174036,Maple Pork Chops,4,1800.0,[Main Dishes],,"[bone-in pork chops, salt, pepper, vegetable oil, maple syrup, cider vinegar, dijon mustard]"
Parmesan-Baked-Pork-Chops-771715,Parmesan Baked Pork Chops,3,3000.0,[Main Dishes],,"[boneless chop pork, olive oil, parmesan cheese, Italian seasoned breadcrumbs, black pepper, garlic powder]"
Pork-Chop-_-Potato-Bake-1377808,Pork Chop & Potato Bake,3,5400.0,[Main Dishes],,"[pork chops, medium potatoes, onions, flour, butter, milk]"
5-Hour-Ranch-Pork-Chops-1350490,5 Hour Ranch Pork Chops,3,18420.0,[Main Dishes],,"[bone-in pork chops, ranch dressing, black pepper, new potatoes, french onion soup]"
Glazed-Pork-Chops-1303950,Glazed Pork Chops,4,1800.0,[Main Dishes],,"[boneless chop pork, brown sugar, chili powder, garlic powder, paprika, salt, pepper]"
Mustard-Breaded-Pork-Chops-1377981,Mustard Breaded Pork Chops,4,3000.0,[Main Dishes],,"[pork chops, dijon mustard, garlic, olive oil, fresh thyme, panko breadcrumbs, sea salt, black pepper]"
Pork-Chops-_-Stuffing-1370480,Pork Chops & Stuffing,3,4500.0,[Main Dishes],,"[butter, pork, vegetables, meat, chopped onion, melted butter, poultry seasoning, cream of mushroom soup, pork chops, cooking oil, bread crumbs]"
Baked-Pork-Chops-1291119,Baked Pork Chops,4,1800.0,[Main Dishes],,"[paprika, kosher salt, black pepper, bone-in pork chops, olive oil cooking spray]"
Creamy_-Crispy-Pork-Chops_-1341253,"Creamy, Crispy Pork Chops.",4,6300.0,[Main Dishes],,"[boneless chop pork, garlic powder, seasoning salt, eggs, flour, Italian seasoned breadcrumbs, olive oil, cream of mushroom soup, white wine, milk]"
Parmesan-Pork-Chops-1069646,Parmesan Pork Chops,4,3600.0,[Main Dishes],,"[pork chops, mayonnaise, grated parmesan cheese, parsley, pepper, salt]"
Mom_s-Best-Pork-Chops-Allrecipes,Mom's Best Pork Chops,5,5100.0,[Main Dishes],,"[eggs, garlic powder, onion powder, saltines, vegetable oil, pork chops]"
Parmesan-Baked-Pork-Chops-1261843,Parmesan Baked Pork Chops,3,3000.0,[Main Dishes],,"[boneless chop pork, olive oil, parmesan cheese, Italian seasoned breadcrumbs, black pepper, garlic powder]"
Cola-Onion-Pork-Chops-Allrecipes,Cola Onion Pork Chops,4,3900.0,[Main Dishes],,"[boneless chop pork, cola-flavored carbonated beverage, onion soup mix]"
Dijon-Parmesan-Pork-Chops-1205806,Dijon Parmesan Pork Chops,4,2700.0,[Main Dishes],,"[boneless chop pork, canola oil, Italian seasoned breadcrumbs, grated parmesan cheese, salt, pepper, eggs, dijon mustard]"
Cranberry-Pork-Chops-1323863,Cranberry Pork Chops,4,2400.0,[Main Dishes],,"[pork chops, salt, pepper, fresh thyme, olive oil, chicken stock, dijon mustard, whole cranberry sauce, flat leaf parsley]"
Crockpot-Pork-Chops-1089676,Crockpot Pork Chops,4,25500.0,[Main Dishes],,"[boneless chop pork, light brown sugar, ketchup, low sodium soy sauce, chile paste, minced garlic, black pepper, kosher salt, corn starch]"
Perfect-Pork-Chops-1007567,Perfect Pork Chops,4,2700.0,[Main Dishes],,"[vegetable oil, center cut pork chops, butter, garlic cloves, fresh thyme]"
Savory-Stuffed-Pork-Chops-1378159,Savory Stuffed Pork Chops,3,4200.0,[Main Dishes],,"[pork rib chops, chopped fresh sage, salt, freshly ground black pepper, vegetable oil, finely chopped onion, chopped celery, cornbread, green apples, dried cranberries, chicken stock, bourbon whiskey, chutney]"
Pork-Chops-with-Cheesy-Hash-Brown-Potatoes-1377396,Pork Chops with Cheesy Hash Brown Potatoes,3,4200.0,[Main Dishes],,"[pork loin chops, olive oil, onions, garlic, condensed cream of mushroom soup, milk, sour cream, frozen hash browns, swiss cheese, grated parmesan cheese, sugar pea]"
Mushroom-Pork-Chops-1096635,Mushroom Pork Chops,4,1500.0,[Main Dishes],,"[boneless center cut pork chops, salt, pepper, olive oil cooking spray, fresh mushrooms, white wine, dri leav thyme, condensed cream of mushroom soup, fresh parsley]"
Mustard-Balsamic-Pork-Chops-with-Rosemary-1184129,Mustard Balsamic Pork Chops with Rosemary,4,3000.0,[Main Dishes],,"[pork chops, olive oil, whole grain mustard, balsamic vinegar, fresh rosemary, salt, pepper]"
Crunchy-Onion-Pork-Chops-972497,Crunchy Onion Pork Chops,3,2400.0,[Main Dishes],,"[french fried onions, all-purpose flour, boneless chop pork, eggs]"
Crockpot-Ranch-Pork-Chops-1279225,Crockpot Ranch Pork Chops,4,14700.0,[Main Dishes],,"[boneless chop pork, cream of chicken soup, ranch dressing, water]"
Hawaiian-Pork-Chops-633736,Hawaiian Pork Chops,3,1500.0,[Main Dishes],[Hawaiian],"[pork chops, 1 inch thick, pineapple slices, soy sauce, vegetable oil, onions, garlic, brown sugar]"
Pork-Chops_-Apple_-and-Onions-1364814,"Pork Chops, Apple, and Onions",4,2700.0,[Main Dishes],,"[pork chops, salt, pepper, olive oil, onions, apples, garlic, apple cider vinegar, chicken broth, fresh rosemary]"
Best-Pork-Chops-1237264,Best Pork Chops,4,1200.0,[Main Dishes],,"[bone-in pork chops, all-purpose flour, corn starch, kosher salt, ground black pepper, garlic powder, paprika, cayenne pepper, vegetable oil, unsalted butter]"
Pan-Fried-Pork-Chops-1312685,Pan Fried Pork Chops,4,600.0,[Main Dishes],,"[bone-in pork chops, coconut flour, seasoning salt, black pepper, cayenne pepper, butter]"
Homestyle-Pork-Chops-1277892,Homestyle Pork Chops,3,1500.0,[Main Dishes],,"[McCormick® Paprika, McCormick® Thyme Leaves, salt, McCormick Black Pepper, bone-in pork chops, olive oil]"
Stuffed-Pork-Chops-1351101,Stuffed Pork Chops,4,2700.0,[Main Dishes],,"[boneless chop pork, stuffing mix, applesauce, chicken broth, dried sage, salt, black pepper, butter, olive oil]"
Pork-Chops-with-Apples-_-Onions-1268025,Pork Chops with Apples & Onions,4,1200.0,[Main Dishes],,"[bone-in pork chops, apples, onions, water, balsamic vinaigrette, salt, pepper]"
Pork-Chops-with-Bacon-and-Cabbage-1338076,Pork Chops with Bacon and Cabbage,4,2400.0,[Main Dishes],,"[extra-virgin olive oil, pork chops, 1 inch thick, salt, black pepper, bacon, yellow onion, green cabbage, all-purpose flour, whole milk]"
Juicy-Pork-Chops-Allrecipes,Juicy Pork Chops,4,44100.0,[Main Dishes],,"[soy sauce, minced garlic, ground black pepper, boneless chop pork]"
Original-Ranch-Pork-Chops-989436,Original Ranch Pork Chops,3,2100.0,[Main Dishes],,"[Hidden Valley® Original Ranch Salad® Dressing & Seasoning Mix, pork loin rib chops, paprika, salt, cracked black pepper]"
Crunchy-Honey-Garlic-Pork-Chops-1303971,Crunchy Honey Garlic Pork Chops,4,2700.0,[Main Dishes],,"[boneless chop pork, flour, eggs, butter, chopped garlic, soy sauce, honey, brown sugar]"
Crazy-Slow-Cooker-Pork-Chops-1303478,Crazy Slow Cooker Pork Chops,4,3900.0,[Main Dishes],,"[center cut pork chops, flour, poultry seasoning, salt, olive oil, chicken broth, onions]"
Marinated-Pork-Chops-Martha-Stewart,Marinated Pork Chops,3,5400.0,[Main Dishes],[Barbecue],"[soy sauce, hoisin sauce, garlic, honey, sugar, center cut pork chops]"
Smothered-Pork-Chops-1222446,Smothered Pork Chops,4,4500.0,[Main Dishes],,"[pork chops, pepper, salt, garlic powder, dried oregano, vegetable oil, onions, all-purpose flour, chicken broth]"
Ann_s-Pork-Chops-1196331,Ann's Pork Chops,3,3600.0,[Main Dishes],,"[pork, vegetables, meat, pork chops, mushrooms, green pepper, gravy mix, water, tomato sauce]"
Honey-Garlic-Pork-Chops-976873,Honey Garlic Pork Chops,4,2100.0,[Main Dishes],[Barbecue],"[ketchup, honey, soy sauce, garlic cloves, boneless chop pork, salt, pepper]"
Juicy-Grilled-Pork-Chops-1197710,Juicy Grilled Pork Chops,4,1200.0,[Main Dishes],,"[pork rib chops, barbecue rub, water, kosher salt, sugar, garlic]"
Paleo-Pork-Chops-With-Mushroom-Sauce-1330014,Paleo Pork Chops With Mushroom Sauce,4,2400.0,[Main Dishes],,"[lard, onions, crushed garlic, mushrooms, boneless chop pork, sea salt, ground black pepper, paprika, dried rosemary, chicken broth]"
Simple-Stovetop-Pork-Chops-1073379,Simple Stovetop Pork Chops,4,1500.0,[Main Dishes],,"[butter, boneless chop pork, onions, chicken stock, dijon mustard, dried parsley, paprika, sour cream, salt, pepper]"
Smothered-Pork-Chops-Allrecipes,Smothered Pork Chops,4,3600.0,[Main Dishes],,"[onions, crushed garlic, pork chops, water, all-purpose flour, fat-free chicken broth, sauce]"
Caramel-Apple-Pork-Chops-1323865,Caramel Apple Pork Chops,4,2700.0,[Main Dishes],,"[pork chops, vegetable oil, brown sugar, salt, pepper, ground cinnamon, ground nutmeg, unsalted butter, tart apples, chopped pecans]"
Salt-and-Pepper-Pork-Chops-1273100,Salt and Pepper Pork Chops,4,1200.0,[Main Dishes],,"[pork chops, egg whites, salt, corn starch, canola oil, jalapeno chilies, green onions]"
Balsamic-Pork-Chops-Allrecipes,Balsamic Pork Chops,4,,[Main Dishes],,"[boneless chop pork, balsamic vinaigrette salad dressing]"
Sexy-Pork-Chops-1036475,Sexy Pork Chops,4,1800.0,[Main Dishes],,"[pork chops, salt, black pepper, olive oil, garlic, white wine, low sodium chicken broth, lemon juice, fresh parsley, fresh rosemary]"
Pork-Chops-In-Beer-Sauce-1378831,Pork Chops In Beer Sauce,4,2220.0,[Main Dishes],,"[pork chops, clove, lemon zest, olive oil, rosemary, sage leaves, beer, salt, pepper, butter]"
My-Kid_s-Favorite-Pork-Chops-Allrecipes,My Kid's Favorite Pork Chops,5,4800.0,[Main Dishes],,"[pork chops, steak seasoning, beer, barbecue sauce, onions]"
Mojo-Pork-Chops-Savour-the-Senses-58250,Mojo Pork Chops,5,4200.0,[Main Dishes],,"[pork chops, orange juice, lime juice, black pepper, cumin, cayenne pepper, garlic powder, oregano, olive oil, purple onion, garlic, white wine]"
Skillet-Pork-Chop-901403,Skillet Pork Chop,4,1800.0,[Main Dishes],,"[pork chops, olive oil, salt, pepper]"
Crock-Pot-Pork-Chops-1373751,Crock Pot Pork Chops,4,2400.0,[Main Dishes],,"[pork chops, olive oil, chicken broth, minced garlic, paprika, onion powder, poultry seasoning, oregano, basil, salt, pepper]"
Blackened-Pork-Chops-471470,Blackened Pork Chops,5,2400.0,[Main Dishes],,"[boneless chop pork, salt, garlic powder, ground black pepper, onion powder, ground cumin, cayenne pepper, paprika, butter, vegetable oil]"
Slow-Cooker-Pork-Chops-with-Cranberries-_-Leeks-1363145,Slow Cooker Pork Chops with Cranberries & Leeks,4,22800.0,[Main Dishes],,"[bone-in pork chops, salt, ground pepper, olive oil, leeks, frozen cranberries, fresh rosemary, dry vermouth, chicken broth, pure maple syrup]"
Marinated-Baked-Pork-Chops-Allrecipes,Marinated Baked Pork Chops,4,4500.0,[Main Dishes],,"[soy sauce, vegetable oil, worcestershire sauce, lemon juice, brown sugar, ketchup, pork chops]"
Buffalo-Style-Mozzarella-Pork-Chops-1336229,Buffalo Style Mozzarella Pork Chops,4,1200.0,[Main Dishes],,"[olive oil, butter, wing sauce, fresh mozzarella, boneless center cut pork chops, salt, pepper, seasoning, steak]"
Braised-Pork-Chops-with-Onion-Recipe-_Chinese-Cuisine_-1377575,Braised Pork Chops with Onion Recipe (Chinese Cuisine),4,1800.0,[Main Dishes],[Chinese],"[boneless chop pork, onions, light soy sauce, Shaoxing wine, salt, sugar, corn flour, sesame oil, pepper, water, tomato ketchup, sauce]"
Crock-Pot-Pork-Chops-1182650,Crock Pot Pork Chops,4,2400.0,[Main Dishes],,"[soy sauce, ketchup, brown sugar, minced garlic, pepper, pork chops]"
Double-Crunch-Pork-Chops-1053167,Double Crunch Pork Chops,4,2100.0,[Main Dishes],,"[pork chops, olive oil, flour, eggs, salt, pepper, ginger, nutmeg, thyme, sage, paprika, parsley, garlic cloves, honey, soy sauce, black pepper]"
Pork-Chops-with-Apples-and-Stuffing-1323293,Pork Chops with Apples and Stuffing,3,3300.0,[Main Dishes],,"[STOVE TOP Stuffing Mix for Chicken, apple pie filling, boneless chop pork]"
Easy-Crock-Pot-Pork-Chops-and-Vegetables-1377646,Easy Crock-Pot Pork Chops and Vegetables,4,29100.0,[Main Dishes],,"[boneless chop pork, potatoes, baby carrots, onion soup mix, cream of mushroom soup, water, salt, pepper]"
Pork-chops-with-mushrooms-and-shallots-352122,Pork Chops with Mushrooms and Shallots,5,2100.0,[Main Dishes],,"[butter, fat, pork loin chops, salt, ground pepper, shallots, non fat chicken stock, crimini mushrooms, dijon mustard, fresh parsley]"
Baked-Pork-Chops-with-Tomatoes-and-Rice-1332359,Baked Pork Chops with Tomatoes and Rice,4,4800.0,[Main Dishes],,"[pork loin chops, seasoning salt, bacon grease, rice, sweet onion, diced tomatoes, water]"
Pork-chops-with-balsamic-glaze-310062,Pork Chops with Balsamic Glaze,5,1500.0,[Main Dishes],,"[boneless center cut pork chops, salt, ground black pepper, seasoning, olive oil, balsamic vinegar, sugar]"
Smothered-Pork-Chops-1048602,Smothered Pork Chops,4,3000.0,[Main Dishes],,"[all-purpose flour, onion powder, garlic powder, salt, black pepper, center cut pork chops, vegetable oil, onions, water, buttermilk, flat leaf parsley]"
Apple-Chutney-Pork-Chops-1329961,Apple Chutney Pork Chops,4,2400.0,[Main Dishes],,"[apples, honey, cider vinegar, brown sugar, salt, ground ginger, ground mustard, pork chops]"
Dijon-Grilled-Pork-Chops-1249197,Dijon Grilled Pork Chops,4,2700.0,[Main Dishes],[Barbecue],"[dijon mustard, brown sugar, apple juice, worcestershire sauce, bone-in pork chops]"
Maple-Pork-Chops-761753,Maple Pork Chops,4,1800.0,[Main Dishes],,"[boneless center cut pork chops, pure maple syrup, mild olive oil, low sodium soy sauce, rice vinegar, garlic cloves]"
Pork-Chops-With-Apples_-Sage_-Rosemary-And-Garlic-1338984,"Pork Chops With Apples, Sage, Rosemary And Garlic",4,3000.0,[Main Dishes],,"[pork rib chops, sea salt, pepper, butter, fresh sage, rosemary, garlic, apples, apple cider]"
Breaded-Pork-Chops-1346376,Breaded Pork Chops,4,2400.0,[Main Dishes],,"[boneless chop pork, almond flour, bacon fat, salt, pepper, paprika]"
Glorified-Onion-Pork-Chops-793730,Glorified Onion Pork Chops,3,2100.0,[Main Dishes],,"[vegetable oil, bone-in pork chops, onions, Campbell's Condensed Cream of Celery Soup, water]"
Basil-Pork-Chops-TasteOfHome,Basil Pork Chops,5,1500.0,[Main Dishes],,"[brown sugar, dried basil, salt, chili powder, canola oil, pork loin chops]"
Garlic-Roasted-Pork-Chops-1259615,Garlic-Roasted Pork Chops,4,1500.0,[Main Dishes],,"[olive oil, kosher salt, ground black pepper, boneless center cut pork chops, garlic]"
Easy-Teriyaki-Pork-Chops-1326230,Easy Teriyaki Pork Chops,4,2400.0,[Main Dishes],,"[boneless center cut pork chops, teriyaki marinade, fresh pineapple, wing sauce]"
Best-Honey-Garlic-Pork-Chops-1125986,Best Honey Garlic Pork Chops,4,2100.0,[Main Dishes],[Barbecue],"[ketchup, honey, soy sauce, garlic cloves, boneless chop pork, salt, pepper]"
Pork-Chops-with-Apples-_-Onions-1268009,Pork Chops with Apples & Onions,4,1200.0,[Main Dishes],,"[bone-in pork chops, apples, onions, water, balsamic vinaigrette, salt, pepper]"
Pork-Chops-and-Parsnips-with-a-fig-pan-sauce-1368004,Pork Chops and Parsnips with a fig pan sauce,4,2400.0,[Main Dishes],,"[boneless chop pork, dried fig, onions, minced garlic, olive oil, balsamic vinegar, parsnips]"
Simple-Spiced-Cider-Pork-Chops-1350297,Simple Spiced Cider Pork Chops,4,2100.0,[Main Dishes],,"[pork chops, oil, apple cider, ground cinnamon, clove]"
Pork-Chops-in-Mushroom-Gravy-1320267,Pork Chops in Mushroom Gravy,4,1800.0,[Main Dishes],,"[bone-in pork chops, all-purpose flour, onion powder, paprika, salt, pepper, olive oil, butter, mushrooms, onions, garlic, beef broth, heavy cream]"
Garlic-lime-marinated-pork-chops-352132,Garlic Lime Marinated Pork Chops,5,2400.0,[Main Dishes],,"[boneless chop pork, garlic, cumin, chili powder, paprika, lime, lime zest, salt, pepper]"
Korean-Style-Pork-Chops-1058158,Korean Style Pork Chops,4,1380.0,[Main Dishes],,"[pork chops, olive oil, soy sauce, honey, garlic, sesame oil, ginger, Sriracha, black pepper]"
Savory-Pork-Chops-899624,Savory Pork Chops,4,2100.0,[Main Dishes],,"[pork loin chops, salt, pepper, italian seasoning, cooking spray, chicken broth]"
Moms-Perfect-Pork-Chops-532906,Mom’s Perfect Pork Chops,5,1500.0,[Main Dishes],,"[pork chops, bacon fat, salt, dry rub, cumin seed, black peppercorns, coriander seeds, sugar, sea salt]"
Cuban-Spiced-Pork-Chops-1178813,Cuban Spiced Pork Chops,4,2700.0,[Main Dishes],[Cuban],"[boneless chop pork, lime, ground cumin, garlic cloves, onion powder, ground pepper, olive oil]"
Sweet-Fire-Porterhouse-Pork-Chops-1029184,Sweet Fire Porterhouse Pork Chops,3,2700.0,[Main Dishes],,"[loin pork chops, olive oil, chipotle chile, coarse salt, orange, garlic, honey]"
Simple_-Pan-Fried-Pork-Chops-The-Pioneer-Woman-Cooks-_-Ree-Drummond-41321,"Simple, Pan-Fried Pork Chops",5,1800.0,[Main Dishes],,"[bone-in pork chops, all-purpose flour, seasoning salt, black pepper, cayenne pepper, canola oil, butter, salt, pepper]"
Oven-Roasted-Pork-Chops-788547,Oven Roasted Pork Chops,3,1020.0,[Main Dishes],,"[bone-in pork chops, olive oil, salt, ground black pepper, garlic powder, ground thyme]"
Baked-Honey-Mustard-Pork-Chops-1339292,Baked Honey Mustard Pork Chops,4,3900.0,[Main Dishes],,"[center cut pork chops, honey, whole grain mustard]"
Bada-Bing-Pork-Chops-676432,Bada Bing Pork Chops,5,30000.0,[Main Dishes],[Barbecue],"[salad dressing, worcestershire sauce, applesauce, hot pepper sauce, lime, bone-in pork chops]"
Coffee-Marinated-Pork-Chops-1201451,Coffee Marinated Pork Chops,4,87240.0,[Main Dishes],,"[pork chops, brewed coffee, salt, pepper, olive oil]"
Brown-Sugar-Pork-Chops-781326,Brown Sugar Pork Chops,4,2700.0,[Main Dishes],,"[boneless chop pork, garlic cloves, brown sugar, butter, paprika, colby jack cheese, salt and ground black pepper]"
Sarah_s-Favorite-Pork-Chops-_-Cinnamon-Apples-1365937,Sarah's Favorite Pork Chops & Cinnamon Apples,3,3900.0,[Main Dishes],,"[pork chops, vegetable oil, yellow onion, garlic, unsalted butter, brown sugar, granny smith apples, apple cider, ground cinnamon, ground nutmeg, salt, pepper, corn starch]"
Southern-Fried-Pork-Chops-1268470,Southern Fried Pork Chops,4,1800.0,,,"[bone-in pork chops, pepper, salt, cajun seasoning, buttermilk, self rising flour, cooking oil, meat sauce]"
Garlic-pork-chops-303751,Garlic Pork Chops,4,1800.0,[Main Dishes],,"[bone-in pork chops, lipton recip secret savori herb with garlic soup mix, olive oil, water]"
Super-Moist-Pork-Chops-771168,Super Moist Pork Chops,3,1500.0,[Main Dishes],,"[vegetable oil, bone-in pork chops, Campbell's Condensed Golden Mushroom Soup, water]"
Honey-Sriracha-Skillet-Pork-Chops-1272468,Honey Sriracha Skillet Pork Chops,4,1800.0,[Main Dishes],,"[coconut oil, pork loin chops, black pepper, honey, Sriracha]"
Honey-Garlic-Pork-Chops-1230912,Honey Garlic Pork Chops,4,2100.0,[Main Dishes],[Barbecue],"[ketchup, honey, soy sauce, garlic cloves, boneless chop pork, salt, pepper]"
Balsamic-Dijon-Pork-Chops-519747,Balsamic Dijon Pork Chops,4,2700.0,[Main Dishes],,"[bone-in pork chops, flour, granulated garlic, kosher salt, ground black pepper, butter, light brown sugar, balsamic vinegar, vinegar]"
The-BEST-Damn-Pork-Chops-1038080,The BEST Damn Pork Chops,4,2100.0,[Main Dishes],,"[boneless chop pork, mayonnaise, garlic cloves, ranch dressing, shredded cheddar cheese, panko breadcrumbs]"
Your-New-Favorite-Pork-Chops-1015963,Your New Favorite Pork Chops,3,2400.0,[Main Dishes],,"[vegetable oil, pork rib chops, ground black pepper, kosher salt, sage, garlic cloves, unsalted butter]"
Asiago-breaded-pork-chops-333973,Asiago Breaded Pork Chops,5,4200.0,[Main Dishes],,"[boneless chop pork, olive oil, milk, corn flakes, seasoned bread crumbs, chicken stock, asiago]"
Garlic-Butter-_-Mushrooms-Baked-Pork-Chop-1302811,Garlic Butter & Mushrooms Baked Pork Chop,4,3300.0,[Main Dishes],,"[pork chops, butter, garlic cloves, flour, milk, mushrooms, oregano, thyme, salt, pepper]"
Pong-Pong-Pork-Chops-1270933,Pong Pong Pork Chops,3,2400.0,[Main Dishes],,"[pork loin chops, onions, garlic, soy sauce, hot mustard, splenda, sesame oil, Tabasco Pepper Sauce, peanut butter, water, ground ginger]"
Cinnamon-Apple-Pork-Chops-1319473,Cinnamon Apple Pork Chops,4,2400.0,[Main Dishes],,"[pork chops, salt, pepper, butter, gala apples, white onion, brown sugar, ground cinnamon, paprika, apple cider, heavy cream]"
Ranch-Crock-Pot-Pork-Chops-1052673,Ranch Crock Pot Pork Chops,4,1800.0,[Main Dishes],,"[pork chops, oil, ranch dressing, cream of chicken soup, mashed potatoes]"
Yummy-Pork-Chops-AllRecipes,Yummy Pork Chops,4,2100.0,[Main Dishes],,"[salad dressing, soy sauce, pepper, boneless chop pork]"
Pork-Chops-with-Dressing-1033726,Pork Chops with Dressing,4,3600.0,[Main Dishes],,"[pork chops, stuffing mix, golden mushroom soup]"
Pan-Fried-Pork-Loin-Chops-1092046,Pan Fried Pork Loin Chops,4,900.0,[Main Dishes],,"[pork loin chops, garlic powder, onion powder, salt, pepper, oil]"
Lightly-Breaded-Fried-Pork-Chop-1176326,Lightly Breaded Fried Pork Chop,4,1800.0,[Main Dishes],,"[pork chops, fine sea salt, ground black pepper, paprika, garlic powder, all-purpose flour, cooking oil]"
Vietnamese-Pork-Chops-1054249,Vietnamese Pork Chops,3,3000.0,[Main Dishes],,"[shallots, light brown sugar, fish sauce, rice vinegar, ground black pepper, bone-in pork chops, vegetable oil, kosher salt, lime]"
Heaven-Sent-Grilled-Pork-Chops-1117385,Heaven Sent Grilled Pork Chops,4,1740.0,[Main Dishes],[Barbecue],"[bone-in pork chops, cumin, garlic powder, salt]"
Porchetta-Pork-Chops-989226,Porchetta Pork Chops,3,1200.0,[Main Dishes],,"[bone-in pork chops, coarse kosher salt, lemon, garlic cloves, rosemary, red pepper flakes, fennel seeds, fennel fronds, olive oil]"
Smothered-Pork-Chops-1082441,Smothered Pork Chops,4,2100.0,[Main Dishes],,"[all-purpose flour, onion powder, garlic powder, cayenne, salt, ground black pepper, meat bones, pork chops, olive oil, chicken broth, buttermilk]"
One-Pan-Parmesan-Pork-Chops-and-Veggies-1364119,One Pan Parmesan Pork Chops and Veggies,4,1800.0,[Main Dishes],,"[bone-in pork chops, red potato, green beans, olive oil, thyme, garlic cloves, pepper, salt, grated parmesan cheese, fresh parsley leaves]"
Pork-Chop--980241,Pork Chop-,4,1500.0,[Main Dishes],,"[pork chops, salt, black pepper]"
30-Minute-Pork-Chops-with-Creamy-Bourbon-Mushroom-Sauce-1364227,30-Minute Pork Chops with Creamy Bourbon Mushroom Sauce,4,1500.0,[Main Dishes],,"[extra-virgin olive oil, pork loin chops, flour, salt, black pepper, mushrooms, shallots, garlic, bourbon whiskey, low sodium chicken stock, fresh lemon juice, heavy cream, corn starch, rice]"
Chinese-Pork-Chops-Allrecipes,Chinese Pork Chops,5,30600.0,[Main Dishes],,"[soy sauce, brown sugar, lemon juice, vegetable oil, ground ginger, garlic powder, boneless chop pork]"
Honey-Garlic-Baked-Pork-Chops-1015752,Honey Garlic Baked Pork Chops,4,4200.0,[Main Dishes],,"[boneless chop pork, olive oil, honey, lemon juice, minced garlic, soy sauce]"
Easy-Pork-Chop-and-Onion-Bake-998703,Easy Pork Chop and Onion Bake,4,3300.0,,,"[bone-in pork chops, canola oil, cajun seasoning, cracked black pepper, kosher salt, vidalia onion, beef stock, dried thyme]"
Southern-Style-Smothered-Pork-Chops-_recipe-source_-1375616,Southern Style Smothered Pork Chops (recipe source),4,4800.0,[Main Dishes],,"[all-purpose flour, pepper, salt, pork loin chops, oil, condensed cream of mushroom soup, sour cream, chicken broth, ground ginger, dried rosemary, french fried onions]"
Smothered-Pork-Chops-1243086,Smothered Pork Chops,3,3900.0,[Main Dishes],,"[bone-in pork chops, brine, neutral oil, all-purpose flour, yellow onion, bay leaf, kosher salt, freshly ground pepper, pork stock, chopped parsley]"
Crockpot-Pork-Chop-Dinner-with-potatoes-and-carrots-1359495,Crockpot Pork Chop Dinner with potatoes and carrots,4,2700.0,[Main Dishes],,"[boneless chop pork, crushed tomatoes, water, potatoes, baby carrots, italian seasoning, garlic salt, salt, pepper]"
Pork-Chops-with-Roasted-Apple_-Brussels-Sprouts-and-Bacon-1379779,"Pork Chops with Roasted Apple, Brussels Sprouts and Bacon",4,5100.0,[Main Dishes],,"[unsweetened almond milk, salt, brown sugar, sage leaves, thyme sprig, bay leaf, porcini, pork chops, vegetable oil, freshly ground pepper, kosher salt, brussels sprouts, walnuts, bacon slices, apples, extra-virgin olive oil, unsalted butter, apple cider, goat cheese]"
Pork-Chop-with-White-Wine-Sauce-513641,Pork Chop with White Wine Sauce,5,1500.0,[Main Dishes],,"[bone-in pork chops, olive oil, salt, butter, sliced mushrooms, yellow onion, dry white wine, heavy cream]"
Garlic-Butter-_-Mushrooms-Baked-Pork-Chop-768575,Garlic Butter & Mushrooms Baked Pork Chop,4,3000.0,[Main Dishes],,"[pork chops, butter, garlic cloves, flour, milk, mushrooms, oregano, thyme, salt, pepper]"
Pork-Chops-with-Apples-and-Sage-767450,Pork Chops with Apples and Sage,3,2100.0,[Main Dishes],,"[olive oil, bone-in pork chops, freshly ground pepper, salt, unsalted butter, apples, sage leaves]"
Crispy-Pan-Fried-Pork-Chops-1179858,Crispy Pan Fried Pork Chops,4,900.0,[Main Dishes],,"[boneless chop pork, flour, large eggs, plain breadcrumbs, salt, black pepper, garlic powder, olive oil]"
Coca-Cola-Pork-Chop-1088348,Coca Cola Pork Chop,4,1500.0,[Main Dishes],,"[pork chops, ketchup, coca-cola, salt, pepper]"
Cola-Pork-Chops-Allrecipes,Cola Pork Chops,4,4200.0,[Main Dishes],,"[ketchup, cola-flavored carbonated beverage, brown sugar, pork chops, pepper, salt]"
Grilled-BBQ-Pork-Chops-1011109,Grilled BBQ Pork Chops,4,4200.0,[Main Dishes],[Barbecue],"[pork chops, cold water, table salt, brown sugar, bbq sauce]"
Honey-pork-chops-365059,Honey Pork Chops,4,4200.0,[Main Dishes],,"[boneless chop pork, honey, cider vinegar, ground ginger, garlic, soy sauce, black pepper]"
Cuban-Pork-Chops-_-Green-Mojo-Salad-1364924,Cuban Pork Chops & Green Mojo Salad,3,87600.0,"[Salads, Main Dishes]",[Cuban],"[orange juice, lime, yellow mustard, deli mustard, crushed red pepper flakes, oregano, dill seed, pork chops, stock, orange, garlic powder, worcestershire sauce, red wine vinegar, romaine lettuce, cucumber, green onions, salt, ground black pepper, vegetable oil]"
Balsamic-Pork-Chops-1254031,Balsamic Pork Chops,4,1800.0,[Main Dishes],,"[long grain and wild rice mix, all-purpose flour, fresh rosemary, salt, pepper, boneless chop pork, butter, olive oil, garlic cloves, chicken broth, balsamic vinegar, rosemary sprigs]"
Butter-Sage-Pork-Chops-1229751,Butter Sage Pork Chops,4,1080.0,[Main Dishes],,"[bone-in pork chops, sage leaves, garlic cloves, butter, fine sea salt, black pepper]"
Grilled-Adobo-Pork-Chops-1272627,Grilled Adobo Pork Chops,4,660.0,[Main Dishes],[Barbecue],"[pork chops, adobo seasoning]"
Rustic-Garlic-Balsamic-Pork-Chops-922565,Rustic Garlic-Balsamic Pork Chops,4,900.0,[Main Dishes],,"[pork loin chops, olive oil, ground black pepper, sea salt, garlic, balsamic vinegar]"
Parmesan-Pork-Chops-1071622,Parmesan Pork Chops,4,3300.0,[Main Dishes],,"[flour, eggs, boneless chop pork, Italian seasoned breadcrumbs, grated parmesan cheese, garlic powder, ground black pepper, vegetable oil]"
Yummy-Pork-Chops-1033302,Yummy Pork Chops,4,2400.0,[Main Dishes],,"[pork loin chops, onions, butter, salt, pepper, garlic powder, sage, oregano, basil, chicken broth, garlic, paprika, cayenne pepper, parsley]"
Honey-Mustard-Pork-Chops-1055532,Honey Mustard Pork Chops,3,2100.0,[Main Dishes],,"[dijon mustard, honey, olive oil, thyme, salt, pepper, pork chops]"
Honey-Garlic-Glazed-Pork-Chops-1066698,Honey Garlic Glazed Pork Chops,4,2400.0,[Main Dishes],,"[ketchup, honey, soy sauce, garlic cloves, pork chops, salt, pepper]"
Fried-Pork-Chop-Allrecipes,Fried Pork Chop,5,1200.0,[Main Dishes],,"[vegetable oil, all-purpose flour, seasoning salt, salt, pepper, pork chops]"
Caramel-Apple-Pork-Chops-1363334,Caramel Apple Pork Chops,4,1800.0,[Main Dishes],,"[boneless chop pork, oil, apples, butter, brown sugar, cinnamon, nutmeg, chopped pecans]"
Super-Delicious-Pork-Chops-1066712,Super Delicious Pork Chops,4,780.0,[Main Dishes],,"[pork chops, cream of chicken soup, ketchup, worcestershire sauce, cooked rice]"
Pork-Chops-with-Wine-and-Garlic-The-Pioneer-Woman-200150,Pork Chops with Wine and Garlic,5,,[Main Dishes],,"[pork chops, olive oil, butter, pepper, salt, red wine, beef broth, bay leaf, balsamic vinegar, garlic cloves]"
Pork-Chops-with-Apples-1078352,Pork Chops with Apples,4,2400.0,[Main Dishes],,"[oil, pork chops, onions, apples, chicken broth, prepared mustard]"
Apricot-Pork-Chops-1232639,Apricot Pork Chops,4,1800.0,[Main Dishes],,"[pork chops, catalina dressing, onion soup mix, apricot jam]"
Easy-Pork-Chops-with-Sweet-and-Sour-Glaze-996978,Easy Pork Chops with Sweet and Sour Glaze,4,1200.0,[Main Dishes],,"[pork chops, kosher salt, ground black pepper, unsalted butter, balsamic vinegar, honey, garlic, dried oregano, dried basil, dried thyme, crushed red pepper flakes]"
Simple-Paleo-Pork-Chops-984022,Simple Paleo Pork Chops,4,2400.0,[Main Dishes],,"[pork chops, olive oil, lemon, truffle salt, spicy brown mustard]"
Firecracker-Pork-Chops-1101390,Firecracker Pork Chops,4,3300.0,[Main Dishes],,"[pork chops, salt, pepper, honey, paprika, chili powder, garlic powder, onion powder, crushed red pepper, veggies]"
Onion-crusted-pork-chops-298802,Onion-crusted Pork Chops,4,2700.0,[Main Dishes],,"[Lipton® Recipe Secrets® Onion Soup Mix, bread crumb fresh, pork, dijon mustard, Knorr® Pasta Sides™ - Alfredo]"
Beverly_s-Unbelievably-Moist-Crockpot-Pork-Chops-894311,Beverly's Unbelievably Moist Crockpot Pork Chops,3,28800.0,[Main Dishes],,"[pork chops, onions, condensed cream of celery soup, water, pepper, stuffing mix]"
Pork-Chops-and-Apple-Bourbon-Sauce-1373914,Pork Chops and Apple Bourbon Sauce,4,2700.0,[Main Dishes],,"[pork chops, apples, barbecue sauce, apple jelly, apple cider vinegar, bourbon whiskey, brown sugar, olive oil]"
Baked-Barbecue-Pork-Chops-1050023,Baked Barbecue Pork Chops,4,2100.0,[Main Dishes],,"[pork chops, barbecue sauce, onions, chopped parsley, garlic salt, black pepper]"
Greek-Style-Pork-Chops-1062107,Greek Style Pork Chops,3,1800.0,[Main Dishes],[Greek],"[red wine vinegar, dried oregano, olive oil, minced garlic, pork loin chops, greek yogurt, fresh dill, cucumber, lemon juice, salt, plum tomatoes, diced red onions]"
Pork-Chops-with-Cranberry-Pear-Sauce-1368944,Pork Chops with Cranberry Pear Sauce,4,3000.0,[Main Dishes],,"[pork chops, pears, fresh cranberries, fresh ginger, butter, honey, chicken broth, rosemary, black pepper]"
Baked-Boneless-Pork-Chops-895729,Baked Boneless Pork Chops,3,3600.0,[Main Dishes],,"[all-purpose flour, paprika, salt, black pepper, milk, boneless chop pork, butter, onions, lemon juice]"
Farmer_s-Pork-Chops-1293986,Farmer's Pork Chops,4,6300.0,[Main Dishes],,"[boneless chop pork, medium potatoes, onions, salt, pepper, all-purpose flour, seasoning salt, vegetable oil, butter, milk, fresh parsley]"
Pork-Chops-With-Caramelized-Onions-_-Apples-983719,Pork Chops With Caramelized Onions & Apples,3,1800.0,[Main Dishes],,"[pork loin chops, salt, ground pepper, butter, tart apples, onions, garlic]"
Peking-Pork-Chops-Allrecipes,Peking Pork Chops,4,22500.0,[Main Dishes],,"[pork chops, brown sugar, ground ginger, soy sauce, ketchup, garlic, salt, pepper]"
House-Autry-Pork-Chops-471234,House-Autry Pork Chops,5,1500.0,[Main Dishes],,"[onions, pork chops, vegetable oil]"
Pork-Chops-and-Apples-Sheet-Pan-Dinner-1312735,Pork Chops and Apples Sheet Pan Dinner,4,2400.0,[Main Dishes],,"[olive oil, boneless chop pork, salt, pepper, apples, honey, cinnamon, nutmeg]"
Smothered-Pork-Chops_-1203228,Smothered Pork Chops!,4,3900.0,[Main Dishes],,"[boneless chop pork, cajun seasoning, black pepper, salt, flour, olive oil, butter, sweet onion, chicken broth, buttermilk]"
Easy-Brown-Sugar-Pork-Chops-1015843,Easy Brown Sugar Pork Chops,4,3300.0,[Main Dishes],,"[pork chops, soy sauce, ketchup, brown sugar, worcestershire sauce, lemon juice]"
Whiskey-Miso-Pork-Chop-514066,Whiskey Miso Pork Chop,5,1800.0,[Main Dishes],,"[whiskey, apple cider vinegar, miso paste, brown sugar, whole grain mustard, pork chops, cooking oil, fresh parsley]"
Pork-Chops-1347189,Pork Chops,4,3900.0,[Main Dishes],,"[large eggs, boneless chop pork, all-purpose flour, panko breadcrumbs, whole wheat breadcrumbs, italian seasoning, garlic powder, onion powder, black pepper, unsalted butter, gala apples, apple juice, cinnamon, sugar]"
Slow-Cooked-Barbecue-Pork-Chops-1260357,Slow-Cooked Barbecue Pork Chops,3,900.0,[Main Dishes],,"[barbecue sauce, bone-in pork chops, garlic powder, dried basil, dried oregano, sea salt, ground black pepper]"
Rosemary-Pork-Chops-Epicurious,Rosemary Pork Chops,5,1500.0,[Main Dishes],[Mediterranean],"[garlic cloves, rosemary, olive oil, rib pork chops]"
Supreme-Pork-Chops-Allrecipes,Supreme Pork Chops,4,4800.0,[Main Dishes],,"[pork chops, onions, lemon, brown sugar, ketchup]"
Peking-Pork-Chops-__-496841,Peking Pork Chops (京都排骨),0,2700.0,[Main Dishes],[Chinese],"[pork spare ribs, oil, toasted sesame seeds, eggs, corn starch, Shaoxing wine, salt, tomato ketchup, plum sauce, chili sauce, sweet bean sauce, worcestershire sauce, black vinegar, sugar, chinese five-spice powder, water]"
Homestyle-Crock-Pot-Pork-Chops-1286093,Homestyle Crock Pot Pork Chops,4,9600.0,[Main Dishes],,"[all-purpose flour, dry mustard, salt, garlic powder, boneless chop pork, oil, chicken broth]"
Spice-Rubbed-Pork-Chops-1075511,Spice-Rubbed Pork Chops,3,720.0,[Main Dishes],,"[pork loin chops, garlic salt, ground coriander, ground cumin, brown sugar, olive oil]"
Pork-Chops-Marsala-1023019,Pork Chops Marsala,4,1200.0,[Main Dishes],,"[pork loin chops, salt, freshly ground pepper, olive oil, cremini mushrooms, shallots, dried thyme, chicken broth, marsala wine, corn starch]"
Simple-Time-Pork-Chops-Allrecipes,Simple Time Pork Chops,4,2700.0,[Main Dishes],,"[boneless chop pork, seasoning salt, garlic powder, dried parsley, butter, mayonnaise, shredded sharp cheddar cheese]"
Very-Berry-Pork-Chops-Allrecipes,Very Berry Pork Chops,4,1200.0,[Main Dishes],,"[pork chops, vegetable oil, strawberry preserves, mustard, cider vinegar]"
Panko-Pork-Chops-1104339,Panko Pork Chops,4,2100.0,[Main Dishes],,"[canola oil, bone-in pork chops, panko breadcrumbs, grated parmesan cheese, flat leaf parsley, all-purpose flour, eggs, kosher salt, black pepper]"
Crockpot-Scalloped-Potato-Pork-Chops-1323214,Crockpot Scalloped Potato Pork Chops,4,27000.0,[Main Dishes],,"[onions, potatoes, Velveeta, boneless chop pork, salt, pepper, cream of chicken soup]"
Smoked-Pork-Chops-1206116,Smoked Pork Chops,4,300.0,[Main Dishes],,"[pork chops, rub, olive oil]"
Crusted-Pork-Chop-with-Adobo-Rice-1189315,Crusted Pork Chop with Adobo Rice,4,2100.0,[Main Dishes],,"[pork chops, panko breadcrumbs, eggs, salt, ground black pepper, cooking oil]"
Pork-chops-with-dijon-herb-sauce-352348,Pork Chops with Dijon Herb Sauce,5,2100.0,[Main Dishes],,"[butter, fat, pork chops, salt, ground pepper, chopped onion, non fat chicken stock, dijon mustard, parsley]"
Pork-Chops-in-Port-Wine-Sauce-1372357,Pork Chops in Port Wine Sauce,4,2100.0,[Main Dishes],,"[shallots, port wine, sugar, low sodium chicken broth, preserves, salt, pepper, ground coriander, garlic powder, center cut pork chops, olive oil]"
Skillet-apple-pork-chops-304230,Skillet Apple Pork Chops,4,1500.0,[Main Dishes],,"[boneless chop pork, Country Crock® Spread, yellow onion, apple cider vinegar, whole grain dijon mustard, gala apples, fat free reduced sodium chicken broth]"
Crock-Pot-Ranch-Pork-Chops-1270203,Crock Pot Ranch Pork Chops,3,1800.0,[Main Dishes],,"[cream of chicken soup, pork chops, ranch dressing]"
Super-Moist-Pork-Chops-Allrecipes,Super Moist Pork Chops,4,1200.0,[Main Dishes],,"[vegetable oil, pork chops, Campbell's Condensed Golden Mushroom Soup, water]"
Mushroom-Sauce-Baked-Pork-Chops-Allrecipes,Mushroom Sauce Baked Pork Chops,5,5700.0,[Main Dishes],,"[pork chops, salt, ground black pepper, garlic powder, butter, onions, condensed cream of mushroom soup, milk, sliced potatoes]"
Milk-braised-pork-chops-309951,Milk-Braised Pork Chops,5,4800.0,[Main Dishes],,"[pork loin chops, flour, salt, ground black pepper, seasoning, milk, butter, vegetable oil]"
Pork-Chops-with-Creamy-Cabbage-603902,Pork Chops with Creamy Cabbage,3,3900.0,[Main Dishes],,"[pork chops, bacon, yellow onion, mushroom soup, green cabbage, salt, black pepper]"
Modenese-Pork-Chops-Allrecipes,Modenese Pork Chops,5,2400.0,[Main Dishes],,"[butter, pork chops, dry white wine, salt, ground black pepper, dried rosemary, garlic]"
We-Love-Crock-Pot-Recipes-_-This-Pork-Chop-Dish-Is-One-Of-Our-Favorites_-1347394,We Love Crock Pot Recipes & This Pork Chop Dish Is One Of Our Favorites!,4,1800.0,[Main Dishes],,"[flour, salt, garlic salt, dry mustard, pork chops, oil, cream of chicken soup]"
10-Minute-Pork-Chops-_that-ooze-awesome_-1348543,10 Minute Pork Chops (that ooze awesome),3,900.0,[Main Dishes],,"[bone-in pork chops, rosemary, dried oregano, garlic, salt, butter]"
Bake-Pork-Chop-1033563,Bake Pork Chop,4,3000.0,[Main Dishes],,"[pork chops, worcestershire sauce, soy sauce, lemon juice, garlic powder, olive oil, ketchup, brown sugar]"
Pork-Chops-with-Apples-677742,Pork Chops with Apples,3,1800.0,[Main Dishes],,"[extra-virgin olive oil, onions, tart apples, bone-in pork chops, fresh rosemary, ginger beer]"
Brown-Butter-_-Sage-Pan-Seared-Pork-Chops-1345027,Brown Butter & Sage Pan Seared Pork Chops,4,900.0,[Main Dishes],,"[center cut pork chops, butter, sage leaves]"
Honey-glazed-pork-chops-with-peaches-296974,Honey Glazed Pork Chops With Peaches,4,2400.0,[Main Dishes],,"[boneless chop pork, onions, peaches, chicken broth, all-purpose flour, apple cider vinegar, country crock honey spread]"
Honey-Garlic-Pork-Chops-601415,Honey Garlic Pork Chops,3,3000.0,[Main Dishes],,"[honey, soy sauce, garlic, pork loin chops]"
Orange-Sage-Pork-Chops-1059670,Orange Sage Pork Chops,4,1200.0,[Main Dishes],,"[boneless center cut pork chops, salt, cracked black pepper, I Can't Believe It's Not Butter!® Spread, orange, sage leaves]"
Pork-Chops-In-Beer-Allrecipes,Pork Chops in Beer,4,4800.0,,,"[ketchup, beer, brown sugar, pork chops]"
Easy-Dry-Brined-Pork-Loin-Chops-1271830,Easy Dry-Brined Pork Loin Chops,3,2400.0,[Main Dishes],,"[ground black pepper, expeller-pressed canola oil, yellow mustard seeds, sugar, fine sea salt, pork loin chops]"
Apple-Stuffed-Pork-Chops-1358895,Apple-Stuffed Pork Chops,4,600.0,[Main Dishes],,"[unsalted butter, diced onions, diced celery, pork loin rib chops, white bread, apples, large eggs, basil, ground thyme, hot water, bouillon cube, carrots, peppercorns, bay leaf, chopped parsley, salt, freshly ground black pepper, sage]"
Basil-Garlic-Grilled-Pork-Chops-AllRecipes-39356,Basil-Garlic Grilled Pork Chops,4,3600.0,[Main Dishes],[Barbecue],"[pork chops, lime, garlic, fresh basil, salt, black pepper]"
Pork-Chop-Casserole-976744,Pork Chop Casserole,4,4200.0,[Main Dishes],,"[bone-in pork chops, pepper, salt, vegetable oil, french onion soup, long-grain rice]"
Brown-Sugar-Glazed-Garlic-Pork-Chops-1127836,Brown Sugar Glazed Garlic Pork Chops,4,1200.0,[Main Dishes],,"[boneless chop pork, light brown sugar, garlic powder, paprika, salt, black pepper, extra-virgin olive oil]"
Pork-chops-in-milk-gravy-369044,Pork Chops in Milk Gravy,5,2700.0,[Main Dishes],,"[boneless chop pork, flour, salt, pepper, whole milk, butter, thyme]"
Jack-Daniels-Grilled-Pork-Chops-1047092,Jack Daniel’s Grilled Pork Chops,3,3600.0,[Main Dishes],[Barbecue],"[granulated sugar, molasses, jack daniels, extra-virgin olive oil, soy sauce, chili pepper, minced garlic, ground black pepper, bone-in pork chops]"
Adobo-rubbed-pork-chops-303785,Adobo-rubbed Pork Chops,4,4620.0,,,"[pork chops, 1 inch thick, adobo rub, orange, apple cider vinegar, garlic, Country Crock® Spread]"
Apple-Cider-Glazed-Pork-Chops-1324563,Apple Cider-Glazed Pork Chops,3,2400.0,[Main Dishes],,"[pork loin chops, salt, pepper, garlic powder, chili powder, all-purpose flour, oil, apple cider, apple cider vinegar, honey, dijon mustard]"
Mustard-Pork-Chops-1050428,Mustard Pork Chops,3,1800.0,[Main Dishes],,"[pork chops, olive oil, hard cider, stone ground mustard, heavy cream, salt, cracked black pepper]"
Dijon-Pork-Chops-TasteOfHome,Dijon Pork Chops,5,1800.0,[Main Dishes],,"[dijon mustard, pork loin chops, bread crumbs, pepper]"
Date-Night-Pork-Chops-1005617,Date Night Pork Chops,3,4200.0,[Main Dishes],,"[olive oil, pork chops, onions, water, chicken stock cubes, salt, dried dillweed, pepper, corn starch, plain yogurt, egg noodles]"
Octoberfest-Pork-Chops-Allrecipes,Octoberfest Pork Chops,4,4800.0,[Main Dishes],,"[beer, worcestershire sauce, garlic, old bay seasoning, salt, pork loin chops, grated parmesan cheese, panko breadcrumbs, eggs]"
Oven-Fried-Pork-Chops-1085817,Oven-Fried Pork Chops,3,1500.0,[Main Dishes],,"[panko, onion soup mix, paprika, pepper, dijon mustard, flour, boneless chop pork, butter]"
Butter-Basted-Pork-Chops-with-Thyme-1188823,Butter-Basted Pork Chops with Thyme,4,1800.0,[Main Dishes],,"[bone-in pork chops, garlic, butter, fresh thyme, kosher salt, black pepper]"
Smothered-Pork-Chops-999053,Smothered Pork Chops,3,3900.0,[Main Dishes],,"[extra-virgin olive oil, pork chops, all-purpose flour, creole seasoning, butter, chopped celery, chopped onion, chopped green bell pepper, chicken broth, worcestershire sauce]"
Pork-Chops-_-Apples-549895,Pork Chops & Apples,4,3900.0,[Main Dishes],,"[butter, pork chops, apples, brown sugar, cinnamon, nutmeg, allspice, rosemary]"
Spice-rubbed-Pork-Chops-1237185,Spice-rubbed Pork Chops,4,1200.0,[Main Dishes],,"[brown sugar, garlic powder, dried oregano, ground cumin, chili powder, paprika, salt, dried thyme, boneless chop pork]"
3-Ingredient-Slow-Cooker-Ranch-Pork-Chops-1300581,3-Ingredient Slow Cooker Ranch Pork Chops,4,1500.0,[Main Dishes],,"[pork chops, ranch dressing, cream of chicken soup]"
Orange-Sage-Pork-Chops-761803,Orange-Sage Pork Chops,3,1500.0,[Main Dishes],,"[boneless center cut pork chops, salt, cracked black pepper, I Can't Believe It's Not Butter!® Spread, orange, sage leaves]"
Complete-Pork-Chop-Dinner-in-a-Crockpot-1282816,Complete Pork Chop Dinner in a Crockpot,4,25800.0,[Main Dishes],,"[boneless chop pork, sauce, gold potatoes, brussels sprouts, butter, salt, black pepper]"
Crock-Pot-Peach-Whiskey-Pork-Chops-1307283,Crock-Pot Peach Whiskey Pork Chops,4,1200.0,[Main Dishes],,"[pork chops, peach preserves, whiskey, garlic, cooking oil]"
Golden-Pork-Chops-Allrecipes_1,Golden Pork Chops,4,4500.0,[Main Dishes],,"[pork chops, seasoning salt, ground black pepper, onions, sliced mushrooms, condensed golden mushroom soup]"
3-Ingredient-Crockpot-Maple-Glazed-Apple-Pork-Chops-1245970,3 Ingredient Crockpot Maple Glazed Apple Pork Chops,4,2400.0,[Main Dishes],,"[pork chops, apples, maple syrup]"
Smothered-Pork-Chops-939870,Smothered Pork Chops,3,1800.0,[Main Dishes],,"[long grain white rice, olive oil, garlic, pork loin chops, salt, ground black pepper, vegetables, corn starch]"
Famous-Pork-Chops-622293,Famous Pork Chops,4,3600.0,[Main Dishes],,"[butter crackers, garlic salt, ground black pepper, eggs, pork chops, butter]"
Pork-Chops-with-Sweet-and-Sour-Sauce-1019582,Pork Chops with Sweet and Sour Sauce,5,1500.0,[Main Dishes],,"[pork chops, salt, pepper, red currant jelly, dijon mustard, cider vinegar]"
Pork-Chops-with-Red-Cabbage-1367773,Pork Chops with Red Cabbage,3,300.0,[Main Dishes],,"[red cabbage, fuji apples, red wine vinegar, light brown sugar, caraway seeds, salt, black pepper, pork loin chops, corn starch]"
Pork-chops-and-applesauce-352235,Pork Chops and Applesauce,5,1500.0,[Main Dishes],,"[pork loin chops, paprika, garlic powder, dried sage, dried thyme, salt, cracked black pepper, butter, flour, applesauce]"
Fiesta-Pork-Chops-980888,Fiesta Pork Chops,4,18300.0,[Main Dishes],,"[pork chops, chili beans, salsa, corn, green chile, cooked rice]"
Stuffed-Pork-Chops-Ii-Allrecipes,Stuffed Pork Chops II,4,3900.0,[Main Dishes],,"[dry bread crumbs, butter, eggs, corn kernel whole, pork chops, condensed cream of mushroom soup]"
Sunday-Pork-Chops-1301844,Sunday Pork Chops,4,3300.0,[Main Dishes],,"[bone-in pork chops, butter, worcestershire sauce, garlic powder, dried dillweed, cilantro, dried basil, salt, ground black pepper]"
Easy-Crock-Pot-Pork-Chops-1089338,Easy Crock Pot Pork Chops,4,18300.0,[Main Dishes],,"[pork chops, mushrooms, sherry, cream of mushroom soup]"
Slow-Cooked-Asian-Pork-Chop-1176325,Slow Cooked Asian Pork Chop,4,25800.0,[Main Dishes],,"[pork chops, brown sugar, ground ginger, soy sauce, ketchup, garlic, salt, pepper]"
Mango-Barbecue-Pork-Chops-1093381,Mango Barbecue Pork Chops,4,2100.0,[Main Dishes],,"[mango, ketchup, cider vinegar, brown sugar, honey, smoked paprika, onion powder, chili powder, garlic powder, liquid smoke, cayenne pepper, pork chops]"
Thai-Ribeye-Pork-Chops-625384,Thai Ribeye Pork Chops,3,,,,"[soy sauce, cilantro, garlic, brown sugar, vegetable oil, lime, pork chops]"
Smothered-Pork-Chops-1191985,Smothered Pork Chops,3,3900.0,[Main Dishes],,"[pork chops, poultry seasoning, salt, ground black pepper, vegetable oil, butter, yellow onion, garlic, flour, chicken broth, buttermilk, water, cooked rice]"
Grilled-_fusion_-Pork-Chops-Allrecipes,Grilled 'Fusion' Pork Chops,5,12300.0,[Main Dishes],[Barbecue],"[soy sauce, lime juice, garlic paste, ginger paste, pork chops, garam masala]"
Pork-Chops-Primavera-974236,Pork Chops Primavera,3,1080.0,[Main Dishes],,"[peppered bacon, green beans, soy sauce, pork chops, apple butter, water, cherry tomatoes]"
Smothered-Pork-Chops-459714,Smothered Pork Chops,5,3300.0,[Main Dishes],,"[pork loin chops, kosher salt, freshly ground pepper, vegetable oil, unsalted butter, yellow onion, red bell pepper, celery ribs, green onions, garlic cloves, fresh thyme, all-purpose flour, chicken broth, heavy cream, hot sauce, steamed rice]"
Easy-Skillet-bbq-pork-chops-1353199,Easy Skillet bbq pork chops,4,1200.0,[Main Dishes],,"[pork chops, water, bbq sauce, salt, pepper]"
Grilled-Boneless-Pork-Chops-1201722,Grilled Boneless Pork Chops,4,12300.0,[Main Dishes],[Barbecue],"[steak seasoning, paprika, ground black pepper, coarse salt, garlic powder, onion powder, coriander, dill, crushed red pepper flakes, boneless chop pork, olive oil, soy sauce]"
Sesame-pork-chops-349990,Sesame Pork Chops,5,1800.0,[Main Dishes],,"[soy sauce, brown sugar, rice vinegar, boneless chop pork, vegetable oil, sesame seeds, bok choy, cooked rice]"
Weeknight-Pork-Chops-TasteOfHome,Weeknight Pork Chops,4,1200.0,[Main Dishes],,"[pork loin chops, canola oil, seedless strawberry jam, cider vinegar, prepared mustard]"
Mustard-Pork-Chops-1304711,Mustard Pork Chops,4,2100.0,[Main Dishes],,"[panko breadcrumbs, salt, paprika, ground black pepper, egg beaters, spicy brown mustard, canola oil, boneless chop pork]"
Cranberry-Pork-Chops-895490,Cranberry Pork Chops,3,3600.0,[Main Dishes],,"[pork chops, shortening, chopped onion, poultry seasoning, salt, pepper, chicken broth, fresh cranberries, apples, sugar, water]"
Breaded-Pork-Chop-1010202,Breaded Pork Chop,4,1500.0,[Main Dishes],,"[pork chops, panko breadcrumbs, flour, eggs, garlic, fish sauce, ground black pepper, garlic salt, oil]"
Honey-Barbecue-Pork-Chops-1184722,Honey Barbecue Pork Chops,3,900.0,[Main Dishes],,"[barbecue sauce, bone-in pork chops, garlic powder, dried basil, dried oregano, salt, pepper]"
Pork-Chops-with-Fig-Compote-1349019,Pork Chops with Fig Compote,4,1500.0,[Main Dishes],,"[pork chops, figs, avocado oil, maple syrup, sage, salt, pepper]"
Pork-Chops-with-Red-Wine-Sauce-1355204,Pork Chops with Red Wine Sauce,4,5100.0,[Main Dishes],,"[pork chops, olive oil, salt, freshly ground black pepper, onions, red wine, beef broth, dried basil, corn starch, water, fresh parsley]"
Parmesan-and-Sage-Crusted-Pork-Chops-1075280,Parmesan and Sage-Crusted Pork Chops,3,1800.0,[Main Dishes],,"[white bread, parmigiano reggiano cheese, chopped fresh sage, salt, ground black pepper, all-purpose flour, prepared mustard, large egg whites, pork loin chops, canola oil]"
Braised-Pork-Chops-763405,Braised Pork Chops,3,2100.0,[Main Dishes],,"[pork loin chops, sea salt, freshly ground pepper, olive oil, marsala wine, fresh orange juice, orange]"
One-Pan-Buttermilk-and-Herb-Pork-Chop-and-Vegetables-1368538,One Pan Buttermilk and Herb Pork Chop and Vegetables,4,2400.0,[Main Dishes],,"[pork chops, small red potato, fresh green bean, chopped garlic, oil, ranch dressing, salt, pepper]"
Greek-seasoned-grilled-pork-chops-with-lemon-and-oregano-309571,Greek-Seasoned Grilled Pork Chops with Lemon and Oregano,5,1200.0,[Main Dishes],[Greek],"[pork sirloin chops, olive oil, lemon juice, red wine vinegar, lemon zest, oregano, garlic, ground black pepper]"
Breaded-Pork-Chop-1189316,Breaded Pork Chop,4,2700.0,[Main Dishes],,"[pork chops, seasoning salt, panko breadcrumbs, all-purpose flour, salt, eggs, ground black pepper, beef broth, cooking oil]"
Peachy-Pork-Chops-Allrecipes,Peachy Pork Chops,4,2400.0,[Main Dishes],,"[pork chops, salt, pepper, vegetable oil, peach slices, brown sugar, ground ginger]"
Pesto-Mozzarella-Stuffed-Pork-Chops-1011422,Pesto Mozzarella Stuffed Pork Chops,4,2700.0,[Main Dishes],,"[mozzarella cheese, pesto, dry bread crumbs, boneless chop pork, flour, salt, cracked black pepper, eggs, olive oil]"
Lemon-Sage-Pork-Chops-377637,Lemon Sage Pork Chops,5,1500.0,[Main Dishes],,"[dijon mustard, light mayonnaise, panko breadcrumbs, lemon, chopped fresh sage, kosher salt, cracked black pepper, boneless chop pork]"
Crock-Pot-Smothered-Pork-Chops-960766,Crock Pot Smothered Pork Chops,4,2400.0,[Main Dishes],,"[bone-in pork chops, onion soup mix, chicken broth, cream of chicken soup, pork gravi mix, garlic powder]"
Herb-Crusted-Pork-Chops-981304,Herb Crusted Pork Chops,4,1500.0,[Main Dishes],,"[boneless chop pork, dijon mustard, panko breadcrumbs, fresh thyme, fresh parsley, sea salt, pepper, olive oil]"
Pork-Chops-with-Dijon-White-Wine-Sauce-1338542,Pork Chops with Dijon-White Wine Sauce,4,1800.0,[Main Dishes],,"[butter, olive oil, pork chops, salt, pepper, onions, dijon mustard, white wine, lemon juice, thyme sprig, garlic cloves]"
Sear-Roasted-Pork-Chops-1092796,Sear-Roasted Pork Chops,4,2100.0,[Main Dishes],,"[pork chops, fresh herbs, sea salt, cooking fat]"
Smothered-Pork-Chops-1028055,Smothered Pork Chops,4,1800.0,[Main Dishes],,"[flour, coarse salt, black pepper, bone-in pork chops, olive oil, chicken broth, buttermilk, butter, fresh parsley]"
Slow-Cooker-BBQ-Pork-Chops-1012055,Slow Cooker BBQ Pork Chops,4,25500.0,[Main Dishes],,"[pork chops, bbq sauce]"
Best-Grilled-Pork-Chops-1275419,Best Grilled Pork Chops,4,8100.0,[Main Dishes],[Barbecue],"[water, light soy sauce, vegetable oil, lemon pepper seasoning, minced garlic, pork loin chops]"
Cider-Brined-Pork-Chops-1303483,Cider Brined Pork Chops,3,2100.0,[Main Dishes],,"[apple cider, kosher salt, brown sugar, beer, boneless chop pork]"
Sumac-Pork-Chops_-1025513,Sumac Pork Chops.,4,1500.0,[Main Dishes],,"[pork chops, sumac, olive oil]"
Baked-Pork-Chops-with-Beans-1034925,Baked Pork Chops with Beans,4,4500.0,[Main Dishes],,"[pork chops, pepper, salt, brown sugar, onions, worcestershire sauce, baked beans, butter]"
Herb-Grilled-Pork-Chops-1272434,Herb Grilled Pork Chops,3,1800.0,[Main Dishes],,"[pork chops, low sodium organic chicken broth, fresh rosemary, whole grain mustard, lemon zest, garlic, salt, pepper, olive oil]"
Easy-Breaded-Pork-Chops-895488,Easy Breaded Pork Chops,3,1800.0,[Main Dishes],,"[center cut pork chops, salt, pepper, eggs, milk, all-purpose flour, vegetable oil]"
Rosemary-Pork-Chops-TasteOfHome,Rosemary Pork Chops,4,2400.0,[Main Dishes],,"[soy sauce, water, brown sugar, dried rosemary, pork loin chops]"
Joe-Jonas_-Seared-Pork-Chops-379559,Joe Jonas' Seared Pork Chops,4,,[Main Dishes],,"[pork chops, warm water, chili flakes, salt, garlic, olive oil]"
Cocoa-_-Chili-Rubbed-Pork-Chops-1069181,Cocoa & Chili Rubbed Pork Chops,4,900.0,[Main Dishes],,"[pork loin chops, unsweetened cocoa powder, ancho powder, light brown sugar, olive oil, ground black pepper, sea salt]"
Summer-Grilled-Pork-Chops-AllRecipes-39361,Summer Grilled Pork Chops,4,9000.0,[Main Dishes],[Barbecue],"[lemon juice, honey, worcestershire sauce, garlic, dried basil, center cut pork chops, salt and ground black pepper]"
Fried-Pork-Chops-441358,Fried Pork Chops,5,1200.0,[Main Dishes],,"[pork chops, salt, ground black pepper, lard]"
Simple-But-Awesome-Lemon-Pepper-Pork-Chops-Allrecipes,Simple But Awesome Lemon Pepper Pork Chops,4,3000.0,[Main Dishes],,"[pork chops, lemon pepper, butter, olive oil, worcestershire sauce]"
Pork-Chops-Stuffed-with-Spinach-1174291,Pork Chops Stuffed with Spinach,3,3000.0,[Main Dishes],,"[pork chops, spinach, gouda, dijon mustard, seasoned bread crumbs]"
Bahama_mama-Pork-Chops-Allrecipes,Bahama-Mama Pork Chops,4,2100.0,[Main Dishes],,"[pineapple chunks, corn starch, tomatoes, raisins, brown sugar, ground cinnamon, pork chops, vegetable oil]"
Smothered-Pork-Chops-with-Mushroom-Gravy-1034110,Smothered Pork Chops with Mushroom Gravy,4,4200.0,[Main Dishes],,"[olive oil, pork chops, black pepper, kosher salt, onions, mushrooms, flour, dried oregano, garlic cloves, low sodium chicken broth, fresh thyme, bay leaf, fresh parsley]"
Pan-Seared-Oven-Roasted-Pork-Chops-from-Loin-1011144,Pan Seared Oven Roasted Pork Chops from Loin,4,1380.0,[Main Dishes],,"[pork chops, cold water, table salt, brown sugar, vegetable oil, salt, pepper]"
Grilled-ginger-soy-pork-chops-309763,Grilled Ginger-Soy Pork Chops,5,2400.0,[Main Dishes],[Barbecue],"[bone-in pork chops, peanut oil, soy sauce, rice vinegar, chili pepper flakes, ginger purée, garlic puree, mustard]"
Stuffed-Boneless-Pork-Chops-896103,Stuffed Boneless Pork Chops,3,4200.0,[Main Dishes],,"[loin pork chops, chopped onion, parsley flakes, chopped celery, butter, salt, pepper, poultry seasoning, bread crumbs, all-purpose flour, shortening, water]"
Smothered-Pork-Chops-1055062,Smothered Pork Chops,4,2400.0,[Main Dishes],,"[pork chops, salt, pepper, mushrooms, onions, garlic, butter, flour, milk, olive oil]"
Oven_fried-Pork-Chops-Allrecipes,Oven-Fried Pork Chops,4,1800.0,[Main Dishes],,"[pork chops, butter, eggs, milk, black pepper, herb seasoning]"
Raspberry-Pork-Chops-TasteOfHome,Raspberry Pork Chops,4,1500.0,[Main Dishes],,"[pork loin chops, all-purpose flour, vegetable oil, lemon juice, seedless raspberry jam, salt, ground ginger, pepper]"
Autumn-Apple-Pork-Chop-Skillet-1350981,Autumn Apple Pork Chop Skillet,3,1500.0,[Main Dishes],,"[boneless chop pork, dried sage, salt, black pepper, apples, butter, shallots, apple juice, all-purpose flour, dijon mustard]"
Buttermilk-soaked-baked-parmesan-pork-chops-333665,Buttermilk Soaked Baked Parmesan Pork Chops,5,3000.0,[Main Dishes],,"[boneless center cut pork chops, low-fat buttermilk, panko breadcrumbs, flour, salt, pepper, grated parmesan cheese, olive oil, chicken stock]"
Maple-Glazed-Pork-Chops-And-How-To-Traumatize-Your-Kids-471531,Maple Glazed Pork Chops – And How To Traumatize Your Kids,5,2100.0,[Main Dishes],,"[pork chops, maple syrup, balsamic vinegar, kosher salt, black pepper, vegetable oil]"
Horseradish-Pork-Chops-AllRecipes,Horseradish Pork Chops,5,3000.0,[Main Dishes],,"[boneless chop pork, melted butter, dry bread crumbs, prepared horseradish]"
Pork-Chops-in-Country-Onion-Gravy-1269759,Pork Chops in Country Onion Gravy,3,2100.0,[Main Dishes],,"[pork loin chops, onions, beef broth, pepper, fat free milk, Gold Medal All Purpose Flour]"
Simple-Grilled-Pork-Chops-1299314,Simple Grilled Pork Chops,3,2400.0,[Main Dishes],[Barbecue],"[boneless chop pork, kosher salt, garlic powder, black pepper]"
Taco-style-grilled-pork-chops-334807,Taco Style Grilled Pork Chops,5,2700.0,[Main Dishes],[Barbecue],"[pork loin chops, extra-virgin olive oil, kosher salt, ground black pepper, ground cumin, garlic salt, chili powder, corn kernels, sour cream, prepared guacamole]"
Melt-In-Your-Mouth-Pork-Chops-Allrecipes,Melt In Your Mouth Pork Chops,4,6000.0,[Main Dishes],,"[soy sauce, teriyaki sauce, water, pork chops]"
Caramelized-Onion-_-Bacon-Smothered-Pork-Chops-1018825,Caramelized Onion & Bacon Smothered Pork Chops,4,3300.0,[Main Dishes],,"[bacon, onions, salt, pepper, pork chops, 1 inch thick, chicken broth, heavy cream]"
Fried-breaded-pork-chops-304605,Fried Breaded Pork Chops,4,4800.0,[Main Dishes],,"[hellmann' or best food real mayonnais, lime juice, garlic powder, dri oregano leaves, crush, ground black pepper, pork chops, 1 inch thick, bread crumb fresh, vegetable oil]"
Pre-Thanksgiving-Meal--Crock-Pot-Pork-Chops-1373468,Pre Thanksgiving Meal- Crock Pot Pork Chops,4,2400.0,[Main Dishes],,"[cream of celery soup, cream of mushroom soup]"
Cola-Pork-Chops-1090486,Cola Pork Chops,4,3000.0,[Main Dishes],,"[pork chops, brown sugar, ketchup, cola]"
Pork-Chop-Skillet-Dinner-1016954,Pork Chop Skillet Dinner,3,3000.0,[Main Dishes],,"[pork loin, broth, potatoes, carrots, onions, salt, pepper, fresh parsley]"
Slow-Cooker-Creamy-Ranch-Pork-Chops-1311665,Slow-Cooker Creamy Ranch Pork Chops,3,18600.0,[Main Dishes],,"[pork loin chops, ranch-style seasoning, vegetables, corn starch]"
Apricot-Pork-Chops-Allrecipes,Apricot Pork Chops,4,3900.0,[Main Dishes],,"[pork chops, onion soup mix, salad dressing, apricot preserves]"
Your-New-Favorite-Pork-Chops-1047418,Your New Favorite Pork Chops,3,1500.0,[Main Dishes],,"[vegetable oil, pork rib chops, freshly ground pepper, kosher salt, sage, garlic cloves, unsalted butter]"
Grilled-Fennel-Rubbed-Triple-Cut-Pork-Chops-1310516,Grilled Fennel-Rubbed Triple-Cut Pork Chops,3,3900.0,[Main Dishes],[Barbecue],"[kosher salt, cracked black pepper, fennel seeds, pork chops, extra-virgin olive oil, sea salt flakes, fennel pollen]"
Glazed-Pork-Chop-Allrecipes,Glazed Pork Chop,4,1800.0,[Main Dishes],,"[brown sugar, yellow mustard, pork chops, fresh lemon juice]"
Teriyaki-Baked-Pork-Chops-1016934,Teriyaki Baked Pork Chops,4,3900.0,[Main Dishes],,"[chicken broth, ketchup, honey, teriyaki sauce, sesame oil, ginger, garlic powder, salt, pepper, pork chops]"
Grilled-Rosemary-Pork-Chops-AllRecipes,Grilled Rosemary Pork Chops,5,12000.0,[Main Dishes],[Barbecue],"[soy sauce, water, brown sugar, dried rosemary, boneless chop pork]"
Garlic-Butter-and-Mushroom-Pork-Chops-1074359,Garlic Butter and Mushroom Pork Chops,4,3600.0,[Main Dishes],,"[pork chops, butter, garlic cloves, almond flour, almond milk, sliced mushrooms, oregano, basil]"
Slow-Cooked-Pork-Chop-with-Mushroom-Gravy-560119,Slow Cooked Pork Chop with Mushroom Gravy,4,2700.0,[Main Dishes],,"[pork chops, white mushrooms, cubed beef, water, corn starch, salt, ground black pepper]"
Smothered-Pork-Chops-with-Onion-Gravy-1292646,Smothered Pork Chops with Onion Gravy,4,2700.0,[Main Dishes],,"[bone-in pork chops, salt, pepper, flour, olive oil, yellow onion, low sodium chicken stock]"
One-Pan-Parmesan-Pork-Chops-and-Veggies-1364570,One Pan Parmesan Pork Chops and Veggies,4,1800.0,[Main Dishes],,"[bone-in pork chops, red potato, green beans, olive oil, thyme, garlic cloves, pepper, salt, grated parmesan cheese, fresh parsley leaves]"
Vietnamese-Grilled-Pork-Chops-589742,Vietnamese Grilled Pork Chops,3,3900.0,[Main Dishes],[Barbecue],"[sugar, garlic cloves, thai chile, fish sauce, juice, bone-in pork chops, lime]"
Crockpot-Pork-Chops-967999,Crockpot Pork Chops,4,2700.0,[Main Dishes],,"[loin pork chops, pepper, salt, paprika, garlic powder, olive oil, onions, mushrooms, cream of mushroom soup, cream of chicken soup, beef broth]"
Mushroom-Pork-Chops-762399,Mushroom Pork Chops,5,2400.0,[Main Dishes],,"[pork chops, salt, pepper, garlic salt, onions, fresh mushrooms, condensed cream of mushroom soup]"
The-Sexier-Pork-Chop-558202,The Sexier Pork Chop,4,1500.0,[Main Dishes],,"[boneless chop pork, Town House Crackers, onions, brown sugar, paprika, black pepper, salt, garlic powder, onion powder, cayenne pepper]"
Skillet-Braised-Pork-Chops-1228923,Skillet Braised Pork Chops,4,4500.0,[Main Dishes],,"[olive oil, bone-in pork chops, ground black pepper, kosher salt, chopped fresh thyme, diced onions, garlic, chicken broth, dijon mustard, balsamic vinegar, light brown sugar, worcestershire sauce]"
Stove-Top-Stuffed-Pork-Chops-1336992,Stove Top Stuffed Pork Chops,4,3000.0,[Main Dishes],,"[stuffing, pork chops, garlic cloves, condensed cream of mushroom soup, dri leav thyme, fresh parsley, shredded cheese, black pepper, salt]"
Sage-Pork-Chops-Allrecipes,Sage Pork Chops,5,3900.0,[Main Dishes],,"[salt, dried sage, ground black pepper, bone-in pork chops, butter, water, beef bouillon]"
Breaded-Pork-Chops-TasteOfHome_1,Breaded Pork Chops,5,1200.0,[Main Dishes],,"[eggs, 2% reduced-fat milk, saltines, pork loin chops, canola oil]"
Boneless-Pork-Chops-and-Veggies-Sheet-Pan-Dinner-1268335,Boneless Pork Chops and Veggies Sheet Pan Dinner,4,1800.0,[Main Dishes],,"[olive oil, small potatoes, green beans, kosher salt, black pepper, pork chops, seasoning]"
Easy-Stuffed-Pork-Chops-1039299,Easy Stuffed Pork Chops,4,4200.0,[Main Dishes],,"[stuffing, white bread, celery, onions, fresh parsley, chicken broth, butter, salt, pepper, pork chops]"
Parmesan-Crusted-Baked-Pork-Chops-1059399,Parmesan Crusted Baked Pork Chops,4,2400.0,[Main Dishes],,"[boneless chop pork, eggs, water, seasoned bread crumbs, parmesan cheese, pepper, paprika, parsley flakes, garlic powder, olive oil]"
Adobo-Marinated-Pork-Chops-512066,Adobo Marinated Pork Chops,5,5400.0,[Main Dishes],,"[chipotle chile, ancho chile pepper, cumin seed, coriander seeds, ground allspice, cinnamon sticks, dried oregano, garlic cloves, shallots, salt, dark brown sugar, red wine vinegar, sherry vinegar, pork chops, lime]"
Pork-Chops-Ala-Tuscan-1303806,Pork Chops Ala Tuscan,3,1800.0,[Main Dishes],,"[Gold Medal All Purpose Flour, salt, black pepper, eggs, pork chops, 1 inch thick, olive oil, chopped garlic, diced tomatoes, chicken broth, balsamic vinegar, fresh basil leaves, capers]"
Crispy-Baked-Pork-Chops-with-Pepper-Medley-1331213,Crispy Baked Pork Chops with Pepper Medley,4,3300.0,[Main Dishes],,"[pork chops, all-purpose flour, salt, lemon pepper seasoning, large eggs, hot sauce, seasoned bread crumbs, cilantro, cumin seed, smoked paprika, pepper, cotija, olive oil, poblano peppers, Anaheim chile, jalapeno chilies, red bell pepper, green bell pepper, slice, cherry peppers, brine, red wine vinegar, oregano, chopped cilantro, queso fresco, lime wedges]"
Italian-Breaded-Pork-Chops-Allrecipes,Italian Breaded Pork Chops,5,3600.0,[Main Dishes],[Italian],"[eggs, milk, seasoned bread crumbs, grated parmesan cheese, dried parsley, olive oil, garlic, pork chops]"
Stuffed-Pork-Chops-1029902,Stuffed Pork Chops,4,3300.0,[Main Dishes],,"[pork loin chops, stuffing, white wine, olive oil, salt, pepper]"
Spicy-Pork-Chops-Allrecipes,Spicy Pork Chops,4,3300.0,[Main Dishes],,"[tomato purée, hot sauce, jalapeno chilies, crushed red pepper flakes, dried sage, vegetable oil, boneless chop pork, yellow onion, green bell pepper, slice]"
Tomato-Pork-Chops-I-Allrecipes,Tomato Pork Chops I,4,3600.0,[Main Dishes],,"[pork chops, onions, bell pepper, tomato sauce, garlic powder, salt, pepper]"
Rosemary-and-Garlic-Pork-Chops-789330,Rosemary and Garlic Pork Chops,3,4200.0,[Main Dishes],,"[fresh rosemary, thyme, rubbed sage, garlic, salt, ground black pepper, pork chops, water, dry white wine]"
Paprika-pork-chop-315809,Paprika Pork Chop,4,2100.0,[Main Dishes],,"[center cut pork chops, ground cumin, garlic powder, salt, chili powder, paprika, dried oregano, dry white wine, extra-virgin olive oil, purple onion]"
Stuffing-Topped-Pork-Chops-1318676,Stuffing Topped Pork Chops,4,3900.0,[Main Dishes],,"[stuffing mix, boneless chop pork, salt, pepper, onion powder, canola oil, cream of mushroom soup, milk]"
Pork-Chops-with-Balsamic-Peppers-998115,Pork Chops with Balsamic Peppers,4,2100.0,[Main Dishes],,"[center cut pork chops, salt, ground black pepper, extra-virgin olive oil, fresh rosemary, garlic cloves, red bell pepper, orange bell pepper, balsamic vinegar]"
Paprika-pork-chop-307486,Paprika Pork Chop,5,,,,"[center cut pork chops, ground cumin, garlic powder, salt, chili powder, paprika, dried oregano, dry white wine, extra-virgin olive oil, purple onion]"
Pan-Seared-Sriracha-Lemon-Pork-Chops-682207,Pan Seared Sriracha Lemon Pork Chops,4,1020.0,[Main Dishes],,"[boneless chop pork, lemon, garlic chili sauce, oil, soy sauce, Sriracha]"
Grandmother_s-Pork-Chop-Dinner-Allrecipes,Grandmother's Pork Chop Dinner,4,3300.0,[Main Dishes],,"[bacon, pork chops, onions, potatoes, water, salt, pepper]"
Maple-Black-Pepper-Pork-Chops-775734,Maple Black Pepper Pork Chops,3,2100.0,[Main Dishes],,"[pork chops, olive oil, black peppercorns, kosher salt, shallots, fresh thyme leaves, cider vinegar, maple syrup]"
Smothered-Pork-Chop-1176327,Smothered Pork Chop,4,4200.0,[Main Dishes],,"[pork chops, yellow onion, minced garlic, all-purpose flour, beef broth, heavy cream, water, garlic powder, salt, pepper, unsalted butter, cooking oil]"
Pork-Chops-Stuffed-with-Spinach-1105536,Pork Chops Stuffed with Spinach,3,3000.0,[Main Dishes],,"[pork chops, spinach, gouda, dijon mustard, seasoned bread crumbs]"
Awesome-Baked-Pork-Chops-1035276,Awesome Baked Pork Chops,4,3300.0,[Main Dishes],,"[pork chops, garlic powder, seasoning salt, eggs, all-purpose flour, Italian seasoned breadcrumbs, olive oil, condensed cream of mushroom soup, milk, white wine]"
Baked-Pork-Chops-And-Rice-1022976,Baked Pork Chops And Rice,4,3600.0,[Main Dishes],,"[pork chops, rice, chicken broth, sage, salt, pepper]"
Pork-Chop-Skillet-Dinner-1119078,Pork Chop Skillet Dinner,3,3000.0,[Main Dishes],,"[pork loin, broth, potatoes, carrots, onions, salt, pepper, fresh parsley]"
Easy-Oven-Baked-Pork-Chop-_bone-in_-1324514,Easy Oven Baked Pork Chop (bone in),4,300.0,[Main Dishes],,"[pork chops, salt, ground black pepper, brown sugar]"
Pina-Colada-Pork-Chops-Allrecipes,Pina Colada Pork Chops,3,1500.0,[Main Dishes],,"[boneless chop pork, lime, coconut milk, salt, ground cayenne pepper, scallions, cilantro]"
Crispy-Breaded-Pork-Chops-with-Milk-Gravy-792120,Crispy Breaded Pork Chops with Milk Gravy,4,3000.0,[Main Dishes],,"[pork chops, saltines, eggs, bacon grease, all-purpose flour, salt, pepper, milk]"
Creole-Pork-Chops-Allrecipes,Creole Pork Chops,4,4500.0,[Main Dishes],,"[pork chops, all-purpose flour, vegetable oil, diced tomatoes, green bell pepper, onions, worcestershire sauce, salt]"
Grilled-Asian-Pork-Chops-457368,Grilled Asian Pork Chops,0,,[Main Dishes],[Asian],"[pork chops, rub, glaze]"
Grilled-Ginger-Teriyaki-Pork-Chops-626663,Grilled Ginger Teriyaki Pork Chops,3,2400.0,[Main Dishes],[Asian],"[soy sauce, light brown sugar, water, rice vinegar, garlic cloves, fresh ginger root, rib pork chops]"
Chicago-Style-Pork-Chop-Sandwiches-510456,Chicago-Style Pork Chop Sandwiches,4,,"[Lunch and Snacks, Main Dishes]",,"[vegetable oil, yellow onion, salt, black pepper, boneless chop pork, hamburger buns]"
Vietnamese-pork-chops-360693,Vietnamese Pork Chops,5,3000.0,[Main Dishes],,"[shallots, light brown sugar, fish sauce, rice vinegar, ground black pepper, bone-in pork chops, vegetable oil, kosher salt, lime]"
Sexy-Pork-Chops-1003840,Sexy Pork Chops,4,1800.0,[Main Dishes],,"[pork chops, salt, black pepper, olive oil, garlic, white wine, low sodium chicken broth, lemon juice, fresh parsley, fresh rosemary]"
Pork-Chop-in-Sweet-Sauce-780311,Pork Chop in Sweet Sauce,3,4500.0,[Main Dishes],,"[pork chops, chicken stock, coconut aminos, ketchup, garlic cloves, raw honey, cooking fat, sea salt, ground black pepper]"
Slow-Cooker-Mushroom-Pork-Chops-1179092,Slow Cooker Mushroom Pork Chops,4,21900.0,[Main Dishes],,"[chopped onion, bone-in pork chops, cream of mushroom soup, cream of chicken soup, minced garlic, black pepper, fresh dill]"
Cream-Corn-Pork-Chops-Allrecipes,Cream Corn Pork Chops,4,4200.0,[Main Dishes],,"[cream style corn, pork chops, garlic powder, salt, pepper]"
Brown-Sugar-Pork-Chops-with-Onions-974952,Brown Sugar Pork Chops with Onions,3,900.0,[Main Dishes],,"[vegetable oil, pork rib chops, ground black pepper, onions, orange juice, brown sugar, crushed red pepper]"
Kale-Stuffed-Pork-Chops-1311837,Kale Stuffed Pork Chops,4,5400.0,[Main Dishes],,"[smoked ham hocks, water, kale, salt, pepper, extra-virgin olive oil, pork chops]"
Crock-Pot-Pork-Chops-1080839,Crock Pot Pork Chops,4,3000.0,[Main Dishes],,"[boneless chop pork, onion soup mix, beef, water]"
Bacon-Pork-Chops-with-BBQ-Glaze-976169,Bacon Pork Chops with BBQ Glaze,3,1500.0,[Main Dishes],,"[loin pork chops, coarse salt, bacon, barbecue sauce, lager beer, canola oil, chicken broth]"
Honey_glazed-Pork-Chops-Allrecipes,Honey-Glazed Pork Chops,5,3000.0,[Main Dishes],,"[pork loin chops, salt, ground black pepper, brown sugar, honey, nonstick spray]"
Crispy-Baked-Pork-Chops-with-Parmesan-1158899,Crispy Baked Pork Chops with Parmesan,3,2700.0,[Main Dishes],,"[all-purpose flour, garlic powder, celery seed, cayenne, kosher salt, pepper, large eggs, large egg whites, dijon mustard, panko breadcrumbs, flat leaf parsley, grated parmesan cheese, olive oil, bone-in pork chops]"
Mistakenly-Zesty-Pork-Chops-Allrecipes,Mistakenly Zesty Pork Chops,4,15300.0,[Main Dishes],,"[soy sauce, water, brown sugar, honey, lemon juice, pork chops, ketchup, cocktail sauce, dry mustard]"
Pork-Chops-with-Peaches-and-Walnuts-1114088,Pork Chops with Peaches and Walnuts,4,1020.0,[Main Dishes],,"[pork chops, salt, pepper, butter, peaches, walnuts, rosemary leaves, thyme, brown sugar]"
Sous-Vide-Pork-Chops-1070911,Sous Vide Pork Chops,4,3000.0,[Main Dishes],,"[boneless chop pork, salt, pepper, oil]"
Coffee-Crusted-Pork-Chops-957520,Coffee Crusted Pork Chops,4,1800.0,[Main Dishes],,"[pork chops, kosher salt, ground black pepper, ground coffee, brown sugar, paprika, chile powder, garlic powder, onion powder]"
Easy-Pork-Chops-in-Mushroom-Gravy-1014160,Easy Pork Chops in Mushroom Gravy,4,2700.0,[Main Dishes],,"[pork chops, vegetable oil, water, cream of mushroom soup, lemon pepper]"
Adobo-Pork-Chops-1213148,Adobo Pork Chops,4,4200.0,[Main Dishes],,"[pork chops, dark soy sauce, garlic, cane vinegar, whole peppercorn, bay leaves, water, salt, cooking oil]"
Honey-Soy-Pork-Chops-631031,Honey Soy Pork Chops,3,1560.0,[Main Dishes],,"[nonstick spray, pork chops, soy sauce, honey, montreal steak seasoning, garlic, ground ginger, red pepper flakes]"
Ranch-Pork-Chops-1191880,Ranch Pork Chops,4,14400.0,[Main Dishes],,"[pork chops, seasoning, diced tomatoes and green chilies]"
Homestyle-Breaded-Pork-Chops-754343,Homestyle Breaded Pork Chops,4,900.0,[Main Dishes],,"[loin pork chops, dry bread crumbs, salt, ground black pepper, garlic, large eggs, milk, vegetable oil]"
Marmalade-Pork-Chops-Allrecipes,Marmalade Pork Chops,4,3900.0,[Main Dishes],,"[pork chops, orange marmalade, soy sauce]"
Autumn-Pork-Chops-Allrecipes,Autumn Pork Chops,4,1200.0,[Main Dishes],,"[vegetable oil, pork chops, Campbell's Condensed Cream of Celery Soup, apple juice, spicy brown mustard, honey, ground black pepper, medium egg noodles]"
Suon-Nuong-_Vietnamese-Pork-Chops_-442797,Suon Nuong (Vietnamese Pork Chops),5,3900.0,[Main Dishes],[Asian],"[sugar, sliced shallots, lemongrass, peanut oil, soy sauce, fish sauce, ground black pepper, garlic, pork, cooked white rice, nuoc cham]"
Spinach-and-Feta-Greek-Stuffed-Pork-Chops-1273937,Spinach and Feta Greek Stuffed Pork Chops,4,2700.0,[Main Dishes],[Greek],"[boneless chop pork, salt, pepper, feta cheese crumbles, frozen spinach, lemon zest, dried oregano]"
Taiwanese-Pork-Chops-Allrecipes,Taiwanese Pork Chops,4,4800.0,[Main Dishes],,"[bone-in pork chops, soy sauce, minced garlic, sugar, white wine, chinese five-spice powder, vegetable oil, corn starch]"
Apricot-Pork-Chops-with-Garlic-Green-Beans-and-Couscous-1332008,Apricot Pork Chops with Garlic Green Beans and Couscous,4,1800.0,[Main Dishes],,"[olive oil, pork rib chops, apricots, honey, garlic, green beans]"
Habanero-Marinated-Pork-Chops-with-Mustard-Greens-Slaw-1358964,Habanero-Marinated Pork Chops with Mustard Greens Slaw,3,3900.0,[Main Dishes],[Barbecue],"[lemongrass, habanero chile, garlic cloves, fresh orange juice, fish sauce, light brown sugar, rice vinegar, bone-in pork chops, olive oil, freshly ground black pepper, kosher salt, jicama, mustard greens, basil leaves]"
Best-Honey-Garlic-Pork-Chops-1134390,Best Honey Garlic Pork Chops,4,2100.0,[Main Dishes],[Barbecue],"[ketchup, honey, soy sauce, garlic cloves, boneless chop pork, salt, pepper]"
Fennel-Pork-Chops-Allrecipes,Fennel Pork Chops,4,2100.0,[Main Dishes],,"[pork chops, garlic salt, fennel seeds, white wine]"
Crockpot-Pork-Chops-and-Gravy-1199770,Crockpot Pork Chops and Gravy,3,3000.0,[Main Dishes],,"[boneless chop pork, plain greek yogurt, worcestershire sauce, onion soup mix, chicken broth, milk, flour]"
Butter-Basted-Pork-Chops-with-Thyme-1191455,Butter-Basted Pork Chops with Thyme,4,1800.0,[Main Dishes],,"[bone-in pork chops, garlic, butter, fresh thyme, kosher salt, black pepper]"
Easy-Peasy-Oven-Baked-Parmesan-Pork-Chops-1244768,Easy Peasy Oven Baked Parmesan Pork Chops,4,4200.0,[Main Dishes],,"[pork chops, 1 inch thick, eggs, milk, Italian seasoned breadcrumbs, grated parmesan cheese, salt, pepper]"
Apricot-Pork-Chops-with-Rosemary-1258016,Apricot Pork Chops with Rosemary,3,1200.0,[Main Dishes],,"[boneless chop pork, rosemary, garlic salt, oil, apricot preserves, cider vinegar, ginger, couscous]"
BBQ-Pork-Chops-1306076,BBQ Pork Chops,4,3300.0,[Main Dishes],,"[boneless chop pork, onions, garlic cloves, orange juice, bbq sauce]"
Pork-Chops-in-the-Pressure-Cooker-1098991,Pork Chops in the Pressure Cooker,4,2700.0,[Main Dishes],,"[bone-in pork chops, green pepper, onions, carrots, russet potatoes, mushrooms, tomato sauce]"
Fried-Pork-Chops-630912,Fried Pork Chops,3,1800.0,[Main Dishes],,"[pork chops, salt, pepper, garlic powder, blackening seasoning, cooking oil, plain breadcrumbs]"
Crock-Pot-Parmesan-Pork-Chops-1012944,Crock-Pot Parmesan Pork Chops,4,15000.0,[Main Dishes],,"[bone-in pork chops, cream of mushroom soup, bread crumbs, parmesan cheese, chicken, paprika]"
Bacon-Pork-Chops-with-BBQ-Glaze-622224,Bacon Pork Chops with BBQ Glaze,3,,,,"[pork loin chops, coarse salt, Smithfield Bacon, barbecue sauce, lager beer, canola oil, chicken broth]"
Fall-apart-pork-chops-and-another-award-369508,Fall-Apart Pork Chops and Another Award,4,2700.0,[Main Dishes],,"[bone-in pork chops, garlic salt, pepper, bbq sauce]"
Pork-Chops-With-Pears-TasteOfHome,Pork Chops with Pears,4,1500.0,[Main Dishes],,"[butter, pears, sugar, pork loin chops, salt, pepper, corn starch, chicken broth, balsamic vinegar, dried rosemary]"
Apricot_glazed-Pork-Chops-Allrecipes,Apricot-Glazed Pork Chops,5,1200.0,[Main Dishes],,"[apricot preserves, white wine, ground ginger, salt, pepper, olive oil, boneless chop pork]"
Crock-Pot-Pork-Chop-Casserole-1328435,Crock-Pot Pork Chop Casserole,4,22200.0,[Main Dishes],,"[medium potatoes, onions, boneless chop pork, pepper, salt, cream of chicken soup, sharp cheddar cheese, fresh parsley]"
Creamy-Drunken-Mushroom-Pork-Chops-Allrecipes,Creamy Drunken Mushroom Pork Chops,4,22200.0,[Main Dishes],,"[bone-in pork chops, reduced fat reduced sodium cream of mushroom soup, mushrooms, red wine, garlic, ground black pepper]"
Simple-BBQ-Pork-Chops-1189947,Simple BBQ Pork Chops,4,12000.0,[Main Dishes],[Barbecue],"[pork chops, worcestershire sauce, dijon mustard, bbq sauce, sea salt]"
Lady-and-Sons-Fried-Pork-Chops-972498,Lady and Sons Fried Pork Chops,3,600.0,[Main Dishes],,"[Smithfield Pork Chops, buttermilk, all-purpose flour, vegetable oil, house seasoning]"
Asian-pork-chops-with-thai-sesame-noodles-304199,Asian Pork Chops With Thai Sesame Noodles,4,12900.0,[Main Dishes],[Asian],"[Lipton® Recipe Secrets® Onion Soup Mix, soy sauce, honey, lime juice, ground ginger, pork chops, 1 inch thick, knorr asian side   thai sesam noodl]"
Garlic-Brown-Butter-Pork-Chops-1065645,Garlic Brown Butter Pork Chops,4,3300.0,[Main Dishes],,"[pork chops, garlic cloves, brown sugar, melted butter, paprika, shredded mozzarella cheese]"
Oven-Fried-Parmesan-Pork-Chops-1197688,Oven-Fried Parmesan Pork Chops,4,1200.0,[Main Dishes],,"[pork rib chops, large eggs, milk, dry bread crumbs, grated parmesan cheese, salt, garlic powder, onion powder, ground black pepper]"
Saucy-Pork-Chops-TasteOfHome,Saucy Pork Chops,5,1800.0,[Main Dishes],,"[pork loin chops, butter, onions, water, maple syrup, cider vinegar, worcestershire sauce, chili powder, salt, pepper, garlic powder]"
Pork-Chops-1013870,Pork Chops,4,2100.0,[Main Dishes],,"[pork, vegetable oil, salt]"
Momstyle-Monday-eMeals_-Creamy-Ranch-Pork-Chops-994134,"Momstyle Monday – eMeals, Creamy Ranch Pork Chops",4,2100.0,[Main Dishes],,"[boneless chop pork, cream of chicken soup, ranch dressing]"
The-Sexier-Pork-Chop-1035605,The Sexier Pork Chop,4,2700.0,[Main Dishes],,"[boneless chop pork, Town House Crackers, onions, brown sugar, paprika, black pepper, salt, garlic powder, onion powder, cayenne pepper]"
Soy-and-Ginger-Marinated-Pork-Chops-Martha-Stewart-197878,Soy-and-Ginger-Marinated Pork Chops,4,3600.0,[Main Dishes],,"[low sodium soy sauce, vegetable oil, fresh ginger, light brown sugar, scallions, freshly ground pepper, bone-in pork chops]"
Brown-Sugar-Pork-Chops-947331,Brown Sugar Pork Chops,4,2400.0,[Main Dishes],,"[boneless chop pork, pepper, garlic, brown sugar, mustard, balsamic vinegar, cinnamon]"
