id,recipeName,rating,totalTimeInSeconds,course,cuisine,ingredients
Perfect-Prime-Rib-1373117,Perfect Prime Rib,3,3600.0,[Main Dishes],,"[rib roast, bottom round, salt, pepper, garlic powder]"
Slow-Cooker-BBQ-Short-Ribs-1353801,Slow-Cooker BBQ Short Ribs,3,22800.0,[Main Dishes],,"[beef rib short, onions, flour, KRAFT Original Barbecue Sauce, honey, Heinz Yellow Mustard]"
Ribs-1218463,Ribs,3,16200.0,[Main Dishes],,"[chopped garlic, fresh oregano, orange juice, lime juice, honey, purple onion, chipotle peppers, adobo sauce, vegetable oil, pork back ribs, salt, tomatoes, freshly ground pepper, olive oil, lemon juice, cilantro leaves]"
Slow-Cooker-BBQ-Ribs-1352328,Slow Cooker BBQ Ribs,4,3000.0,[Main Dishes],,"[pork baby back ribs, salt, pepper, garlic powder, bbq sauce]"
Crock-Pot-Baby-Back-Ribs-1360684,Crock Pot Baby Back Ribs,4,29400.0,[Main Dishes],,"[baby back ribs, bbq seasoning, yellow onion, apple juice, pepper, salt]"
Slow-Cooked-Beef-Back-Ribs-1380231,Slow Cooked Beef Back Ribs,4,3000.0,[Main Dishes],,"[back ribs, barbecue sauce, water, onion powder, garlic powder, ground black pepper, seasoning salt, liquid smoke]"
Best-Damn-Short-Ribs-987678,‘Best Damn’ Short Ribs,4,4500.0,[Main Dishes],,"[beef rib short, salt, cracked black pepper, butter, red wine, beef broth, garlic]"
Boneless-Rib-Roast-with-Roasted-Garlic-and-Herbs-1367493,Boneless Rib Roast with Roasted Garlic and Herbs,4,6300.0,[Main Dishes],,"[beef, dijon mustard, roasted garlic, fresh thyme leaves, rosemary leaves, kosher salt, cracked black pepper, extra-virgin olive oil]"
Amazing-Ribs-Allrecipes,Amazing Ribs,5,18600.0,[Main Dishes],"[Southwestern, American]","[pork baby back ribs, black pepper, salt, crushed red pepper, barbecue sauce, beer]"
Easy-BBQ-Ribs-1379282,Easy BBQ Ribs,3,21900.0,[Main Dishes],,"[pork baby back ribs, brown sugar, paprika, sea salt, dried parsley, garlic powder, onion powder, chili powder, cumin, black pepper, molasses, ketchup, yellow mustard, worcestershire sauce, apple cider vinegar, water]"
Prime-Rib-The-Pioneer-Woman-200099,Prime Rib,5,,[Main Dishes],[American],"[rib-eye roast, olive oil, kosher salt, peppercorns, rosemary, thyme, minced garlic]"
Best-Ever-Oven-BBQ-Ribs-1352979,Best Ever Oven BBQ Ribs,4,9000.0,[Main Dishes],,"[pork baby back ribs, bbq sauce, brown sugar, paprika, garlic powder, seasoning]"
BBQ-Pork-Loin-Back-Ribs-1373535,BBQ Pork Loin Back Ribs,4,22200.0,[Main Dishes],,"[pork loin back ribs, onions, bbq sauce, dry rub, seasoning salt]"
How-To-Make-Braised-Short-Ribs-1377774,How To Make Braised Short Ribs,4,4200.0,[Main Dishes],,"[short rib, vegetable oil, salt, freshly ground black pepper, onions, garlic, liquid, fresh herbs]"
Slow-Braised-Country-Style-Ribs-1373930,Slow Braised Country Style Ribs,4,6900.0,,,"[cooking oil, pork country-style ribs, kosher salt, cracked black pepper, cajun seasoning, dried thyme, chopped onion, carrots, diced celery, minced garlic, apple cider vinegar, spicy brown mustard, chicken stock, bay leaves, heavy cream]"
Slow-Cooker-BBQ-Short-Ribs-1356308,Slow-Cooker BBQ Short Ribs,3,22800.0,[Main Dishes],,"[beef rib short, onions, flour, KRAFT Original Barbecue Sauce, honey, Heinz Yellow Mustard]"
Honey-Chipotle-Glazed-Ribs-1353485,Honey Chipotle Glazed Ribs,3,5100.0,[Main Dishes],,"[pork baby back ribs, salt, pepper, garlic powder, ketchup, bourbon whiskey, honey, yellow onion, garlic, worcestershire sauce, chipotles in adobo, ancho powder, black pepper]"
Classic-Pan-Seared-Rib-Eye-Steak-1363563,Classic Pan-Seared Rib-Eye Steak,4,1800.0,[Main Dishes],,"[rib eye steaks, peanut oil, coarse kosher salt, cracked black pepper, thyme sprigs, garlic cloves, butter]"
Sous-Vide-Smoked-Beer-Braised-Short-Ribs-1376926,Sous Vide Smoked Beer-Braised Short Ribs,3,2700.0,[Main Dishes],,"[beef rib short, onions, beer, fresh thyme, tomato paste, garlic, salt, balsamic vinegar, peppercorns]"
Kale-Salad-With-Roasted-Delicata-Squash_-Chevre_-Dried-Cranberries-And-Spiced-Pecans-1357029,"Kale Salad With Roasted Delicata Squash, Chevre, Dried Cranberries And Spiced Pecans",4,2400.0,,,"[delicata squash, extra-virgin olive oil, coarse kosher salt, freshly ground pepper, kale leaves, sherry, fresh chevre, cranberries, pecans]"
Saucy-ribs-369483,Saucy Ribs,5,4500.0,[Main Dishes],,"[pork ribs, ketchup, brown sugar, chopped onion, Tabasco Pepper Sauce, prepared mustard, worcestershire sauce]"
Jerk-Ribs-1353859,Jerk Ribs,3,6300.0,[Main Dishes],,"[scallions, small yellow onion, garlic, pepper, serrano peppers, kosher salt, dried thyme, garlic powder, ground allspice, ground chipotle chile pepper, ground black pepper, chile powder, onion powder, spanish paprika, ground cinnamon, dark brown sugar, soy sauce, dark rum, baby back ribs]"
Crock-Pot-Dr-Pepper-Ribs-1360433,Crock Pot Dr Pepper Ribs,4,3300.0,[Main Dishes],,"[beef ribs, Dr. Pepper®, brown sugar, garlic powder, pepper, barbecue sauce]"
Rosemary-Garlic-Rib-Eye-Roast-1370485,Rosemary Garlic Rib Eye Roast,4,2700.0,[Main Dishes],,"[rib-eye roast, salt, pepper, fresh rosemary, garlic, mushrooms, beef stock, butter]"
Shredded-Short-Rib-Sandwich-1378884,Shredded Short Rib Sandwich,4,10680.0,"[Lunch and Snacks, Main Dishes]",,"[beef rib short, freshly ground black pepper, kosher salt, all-purpose flour, canola oil, yellow onion, chopped celery, minced garlic, cajun seasoning, hot sauce, red wine, beef stock, butter, sourdough bread, pepper jack, microgreens]"
Honey-Ribs-Allrecipes,Honey Ribs,4,18600.0,,[American],"[beef broth, honey mustard, honey, water, barbecue sauce, soy sauce, maple syrup, pork baby back ribs]"
Korean-Pork-Spare-Ribs-1380288,Korean Pork Spare Ribs,3,3600.0,[Main Dishes],,"[spareribs, salt, soy sauce, light brown sugar, rice vinegar, garlic cloves, ginger, sesame oil, corn starch, water]"
Dry-Rubbed-BBQ-Ribs-1311880,Dry Rubbed BBQ Ribs,4,2100.0,[Main Dishes],[Barbecue],"[light brown sugar, kosher salt, paprika, garlic powder, onion powder, ground cumin, chili powder, ground white pepper, ground black pepper, oregano, ground chipotle chile pepper, pork ribs, dijon mustard]"
Pork-Ribs-1190790,Pork Ribs,4,9900.0,[Main Dishes],[Barbecue],"[baby back ribs, paprika, brown sugar, garlic powder, black pepper, table salt, onion powder, bbq sauce]"
Roasted-Prime-Rib-1365771,Roasted Prime Rib,4,3300.0,[Main Dishes],,"[rib roast, butter, herbes de provence, cracked black pepper, kosher salt]"
Greek-Ribs-1082429,Greek Ribs,4,5700.0,[Main Dishes],,"[baby back ribs, fresh oregano, onions, garlic cloves, olive oil, liquid honey, fresh lemon juice, grated lemon zest, kosher salt, ground pepper]"
Prime-Rib-1006600,Prime Rib,3,9600.0,[Main Dishes],,"[rib roast, kosher salt, ground black pepper, rosemary, garlic cloves]"
Southern-Short-Ribs-1360264,Southern Short Ribs,4,12600.0,[Main Dishes],,"[bone-in short ribs, salt, pepper, wine, butter, onions, carrots, celery ribs, garlic cloves, all-purpose flour, beef broth, crushed tomatoes, fresh rosemary, fresh thyme, bay leaves, tomato paste]"
Slow-_-Low-Memphis-Pit-BBQ-Ribs-902139,Slow & Low Memphis Pit BBQ Ribs,3,11400.0,[Main Dishes],[Barbecue],"[barbecue rub, pork baby back ribs]"
Best-Damn-Short-Ribs-1069934,‘Best Damn’ Short Ribs,4,4500.0,[Main Dishes],,"[beef rib short, salt, cracked black pepper, butter, red wine, beef broth, garlic]"
Best-BBQ-Ribs-EVER-1113779,Best BBQ Ribs EVER,3,4200.0,[Main Dishes],[Barbecue],"[baby back ribs, brown sugar, paprika, chili powder, garlic powder, ground cloves, ground cinnamon, bbq sauce, salt, pepper]"
Smoked-Baby-Back-Ribs-600780,Smoked Baby Back Ribs,3,19500.0,[Main Dishes],,"[baby back ribs, yellow mustard, rub, sauce]"
Jerk-Ribs-751510,Jerk Ribs,3,5400.0,[Main Dishes],,"[sesame oil, molasses, soy sauce, ground allspice, garlic, scotch bonnet chile, scallions, fresh thyme, cracked black pepper, brown sugar, caraway seeds, granulated garlic, kosher salt, cayenne pepper, smoked paprika, rib]"
Jerk-Ribs-1348031,Jerk Ribs,3,6300.0,[Main Dishes],,"[scallions, small yellow onion, garlic, pepper, serrano peppers, kosher salt, dried thyme, garlic powder, ground allspice, ground chipotle chile pepper, ground black pepper, chile powder, onion powder, spanish paprika, ground cinnamon, dark brown sugar, soy sauce, dark rum, baby back ribs]"
Slow-Cooker-Barbecued-Ribs-513249,Slow Cooker Barbecued Ribs,5,24300.0,"[Condiments and Sauces, Main Dishes]",[American],"[sweet paprika, brown sugar, cayenne pepper, salt, ground black pepper, pork baby back ribs, barbecue sauce, vegetable oil spray]"
Honey-Mustard-Pork-Ribs-1353428,Honey Mustard Pork Ribs,4,7200.0,[Main Dishes],,"[pork ribs, broth, mustard, honey]"
Braised-Short-Ribs-1315592,Braised Short Ribs,4,3600.0,[Main Dishes],,"[short rib, olive oil, carrots, celery ribs, onions, garlic, red wine, beef broth, thyme, salt]"
Oven-Baked-Ribs-1291134,Oven Baked Ribs,4,22200.0,[Main Dishes],,"[olive oil spray, pork baby back ribs, kosher salt, black pepper, barbecue sauce]"
Baked-Country-Ribs-589933,Baked Country Ribs,4,3300.0,[Main Dishes],,"[onions, rib, pepper, salt, liquid smoke, water, barbecue sauce]"
Prize-Winning-Baby-Back-Ribs-Allrecipes,Prize Winning Baby Back Ribs,5,5700.0,[Main Dishes],"[Barbecue, Southwestern, American]","[ground cumin, chili powder, paprika, pepper, salt, pork baby back ribs, barbecue sauce]"
Hoisin-Honey-Sticky-Ribs-1350566,Hoisin Honey Sticky Ribs,4,6300.0,[Main Dishes],,"[baby back ribs, chinese five-spice powder, hoisin sauce, honey, rice vinegar, sesame oil, rice wine, light soy sauce, dark soy sauce, white pepper]"
Garlic-Prime-Rib-Allrecipes,Garlic Prime Rib,5,6000.0,[Main Dishes],,"[rib roast, garlic, olive oil, salt, ground black pepper, dried thyme]"
Kamado-Grill-BBQ-Ribs-1070161,Kamado Grill BBQ Ribs,4,4500.0,[Main Dishes],[Barbecue],"[baby back ribs, salt, pepper, barbecue sauce, water]"
Braised-Beef-Short-Ribs-in-Red-Wine-1324497,Braised Beef Short Ribs in Red Wine,3,5100.0,[Main Dishes],,"[beef rib short, cracked black pepper, salt, cooking oil, onions, carrots, celery ribs, all-purpose flour, tomato paste, wine, beef broth, garlic, fresh parsley, fresh thyme, fresh oregano, bay leaves]"
Prime-Rib-Martha-Stewart,Prime Rib,5,,[Main Dishes],,"[rib, ground black pepper, salt, short rib, dry red wine]"
Slow-Smoked-Beef-Ribs-1218432,Slow Smoked Beef Ribs,4,29400.0,[Main Dishes],,"[beef ribs, ground coffee, black pepper, paprika, cayenne pepper, garlic powder, onion powder, sea salt]"
Chinese-Spare-Ribs-748053,Chinese Spare Ribs,4,6300.0,[Main Dishes],"[Chinese, Asian]","[chinese five-spice powder, spareribs, hoisin sauce, Shaoxing wine, soy sauce, honey, garlic]"
Smokey-Barbecue-Ribs-1006668,Smokey Barbecue Ribs,4,9000.0,[Main Dishes],,"[rib, garlic, 7 Up, brown sugar, honey, lemon juice, barbecue sauce, liquid smoke]"
Cooking-A-Perfect-Prime-Rib-Roast-Prime-Rib-Roast-968744,Cooking A Perfect Prime Rib Roast Prime Rib Roast,4,11700.0,,,"[rib roast, butter]"
Old-Fat-Guy-Smoked-Short-Ribs-1380263,Old Fat Guy Smoked Short Ribs,4,4800.0,[Main Dishes],,"[barbecue rub, short rib, rice vinegar, soy sauce, worcestershire sauce, Sriracha, garlic, hoisin sauce, chopped onion, beef stock, corn starch, cold water]"
Backyard-Baby-Back-Ribs-1196310,Backyard Baby Back Ribs,3,14100.0,[Main Dishes],,"[hot pepper sauce, barbecue sauce, ground black pepper, molasses, Hidden Valley® Original Ranch Salad® Dressing & Seasoning Mix, pork baby back ribs, paprika]"
Slow-Cooker-Ribs-1337740,Slow Cooker Ribs,4,2400.0,[Main Dishes],,"[pork ribs, bbq sauce, water]"
Slow-_-Low-Memphis-Pit-BBQ-Ribs-1199186,Slow & Low Memphis Pit BBQ Ribs,3,2400.0,[Main Dishes],[Barbecue],"[barbecue rub, pork baby back ribs]"
Crock-Pot-Barbecue-Ribs-1207915,Crock Pot Barbecue Ribs,4,36300.0,[Main Dishes],,"[beef rib short, water, barbecue sauce, dry red wine, worcestershire sauce]"
Melt-in-your-Mouth-Crockpot-Ribs-1093338,Melt in your Mouth Crockpot Ribs,4,2400.0,[Main Dishes],,"[pork baby back ribs, bbq sauce, cherry jam, dijon mustard, salt, pepper]"
Braised-Beef-Short-Ribs-Simply-Recipes-43084,Braised Beef Short Ribs,5,6300.0,[Main Dishes],,"[beef rib short, salt, freshly ground pepper, grapeseed oil, yellow onion, celery, carrots, dry red wine, veal stock]"
Butternut-Squash-_-Asian-Pear-Cornbread-Stuffing-1379784,Butternut Squash & Asian Pear Cornbread Stuffing,4,2700.0,[Side Dishes],,"[butternut squash, vegetables, butter, cornbread stuffing mix, asian pear, chopped onion, water chestnuts, celery ribs, fresh sage, cooking spray, salt, pepper]"
Lazy-ribs-316797,Lazy Ribs,3,3000.0,[Main Dishes],,"[short rib, brown sugar, pepper, salt, rice vinegar, cayenne pepper, garlic powder, cumin]"
Slow-Cooked-Beef-Short-Ribs-In-Spiced-Coffee-Sauce-1359253,Slow-Cooked Beef Short Ribs In Spiced Coffee Sauce,3,2700.0,[Main Dishes],,"[beef rib short, onions, flour, honey, garlic, coffee beans, olive oil, sugar, oregano]"
Slow-Cooker-Barbecue-Ribs-1255858,Slow Cooker Barbecue Ribs,4,26100.0,[Main Dishes],,"[pork baby back ribs, salt, pepper, bbq sauce, hot sauce, ketchup, brown sugar, vinegar, dried oregano, worcestershire sauce]"
Slow-Cooker-Asian-Pork-Ribs-1372061,Slow Cooker Asian Pork Ribs,4,4500.0,[Main Dishes],,"[hoisin sauce, sugar, soy sauce, dry sherry, cilantro stems, scallions, ginger, garlic cloves, zest, cayenne pepper, pork baby back ribs, salt, pepper, jelly, apple cider vinegar]"
BBQ-Boneless-Country-Ribs-1064728,BBQ Boneless Country Ribs,3,6000.0,[Main Dishes],,"[rib, olive oil, onions, seasoning salt, ketchup, worcestershire sauce, chili powder, salt, pepper sauce, water]"
Easy-Baby-Back-Ribs-569053,Easy Baby Back Ribs,4,9900.0,[Main Dishes],,"[baby back ribs, barbecue sauce]"
Green-Juice-1354183,Green Juice,4,300.0,[Beverages],,"[celery ribs, green apples, ginger, lemon rind, beets]"
Fall-Off-The-Bone-Slow-Cooker-Ribs-1333437,Fall-Off-The-Bone Slow Cooker Ribs,4,16500.0,[Main Dishes],[Barbecue],"[baby back ribs, rib rub, apple cider vinegar, soy sauce, liquid smoke, barbecue sauce]"
Cooking-a-Prime-Rib-Roast-1060279,Cooking a Prime Rib Roast,3,6000.0,[Main Dishes],,"[rib roast, minced garlic, olive oil, sea salt, ground black pepper, fresh thyme leaves]"
Perfect-Prime-Rib-1057290,Perfect Prime Rib,4,6060.0,[Main Dishes],,"[standing rib roast, seasoning mix, salt, black pepper, garlic powder]"
Prime-Rib-Roast-1216686,Prime Rib Roast,4,14400.0,[Main Dishes],,"[standing rib roast, kosher salt, vegetable oil, ground black pepper, garlic, fresh rosemary]"
5-Ingredient-Baby-Back-Ribs-1268608,5 Ingredient Baby Back Ribs,4,3600.0,[Main Dishes],,"[baby back ribs, bbq sauce, salt, black pepper, chili powder]"
Prime-Rib-1045423,Prime Rib,4,3900.0,[Main Dishes],,"[prime rib, rosemary, garlic salt, sea salt]"
Barbequed-Ribs-Allrecipes,Barbequed Ribs,5,41400.0,[Main Dishes],"[Barbecue, American]","[pork baby back ribs, garlic, white sugar, paprika, salt, ground black pepper, chili powder, ground cumin, dark brown sugar, cider vinegar, ketchup, chili sauce, worcestershire sauce, lemon juice, onions, dry mustard, crushed garlic]"
Barbecue-Ribs-in-the-Crock-Pot-1248709,Barbecue Ribs in the Crock Pot,4,2400.0,[Main Dishes],,"[pork ribs, water, cooking sherry, worcestershire sauce, salt, pepper, barbecue sauce]"
Braised-Short-Ribs-1078838,Braised Short Ribs,4,13800.0,[Main Dishes],,"[short rib, bone-in short ribs, onions, celery, carrots, tomato paste, fruit vinegar, dry red wine, water, fresh thyme, bay leaves, kosher salt, cracked black pepper, olive oil, polenta, milk, unsalted butter, salt, parmesan cheese]"
Whiskey-Marinaded-Baby-Back-Ribs-1234404,Whiskey Marinaded Baby Back Ribs,3,10800.0,[Main Dishes],,"[baby back ribs, soy sauce, whiskey, honey, fresh ginger, ground white pepper, peanut oil, ground cinnamon]"
Prime-Rib-Soup-AllRecipes,Prime Rib Soup,5,25200.0,[Soups],,"[beef ribs, beef stock, potatoes, fresh mushrooms, salt, black pepper, chopped fresh chives]"
Digest-Ease-Juice-1374171,Digest Ease Juice,4,1500.0,[Beverages],,"[ginger, fennel bulb, carrots, apples, celery ribs]"
Slow-Cooker-Barbecue-Ribs-1083521,Slow Cooker Barbecue Ribs,4,22800.0,[Main Dishes],,"[spareribs, smoked paprika, paprika, salt, pepper, garlic, barbecue sauce]"
My-Crock-O-Ribs-1276924,My Crock O’ Ribs,4,14400.0,[Main Dishes],,"[baby back ribs, onions, sliced mushrooms, bbq sauce, chopped garlic, brown sugar, red wine]"
Tender-Babyback-Ribs-471290,Tender Babyback Ribs,5,3600.0,[Main Dishes],,"[pork back ribs, bbq sauce]"
Braised-Short-Ribs-763390,Braised Short Ribs,3,5400.0,[Main Dishes],,"[beef rib short, sea salt, freshly ground pepper, olive oil, yellow onion, carrots, celery ribs, dry red wine, plum tomatoes, juice, beef broth, rosemary sprigs]"
Copycat-Chilis-Babyback-Ribs-1266466,Copycat Chilis Babyback Ribs,3,,[Main Dishes],[Barbecue],"[water, brown sugar, molasses, apple cider vinegar, tomato paste, prepared mustard, hickory smoke, salt, onion powder, garlic powder, paprika, baby back ribs]"
Easy-Asian-Ribs-1268367,Easy Asian Ribs,4,3900.0,[Main Dishes],,"[rib, barbecue sauce, hoisin sauce]"
Amazing-Crockpot-Short-Ribs-961763,Amazing Crockpot Short Ribs,4,2700.0,[Main Dishes],,"[beef rib short, olive oil, yellow onion, garlic, beef broth, soy sauce, maple syrup, honey, bbq sauce, dry mustard]"
Braised-Short-Rib-Ragu-Closet-Cooking-54962,Braised Short Rib Ragu,5,12600.0,[Main Dishes],,"[dried porcini mushrooms, olive oil, short rib, onions, celery, carrots, garlic, anchovy paste, red wine, tomato purée, tomato paste, dijon mustard, worcestershire sauce, dried oregano, thyme, rosemary, fennel seeds, parmigiano, bay leaves, salt, pepper, beef stock, parsley]"
Simple-Barbeque-Ribs-604248,Simple Barbeque Ribs,5,7200.0,[Main Dishes],,"[pork country-style ribs, garlic powder, ground black pepper, salt, barbecue sauce]"
Rib-Ragu-999929,Rib Ragù,3,1800.0,[Main Dishes],,"[pork ribs, olive oil, carrots, celery ribs, onions, stock, oil, pappardelle pasta]"
Standing-Rib-Roast-_Prime-Rib_-677174,Standing Rib Roast (Prime Rib),4,3900.0,[Main Dishes],,"[standing rib roast, extra-virgin olive oil, kosher salt, ground black pepper, cream sauce]"
Chili-Garlic-BBQ-Ribs-1277531,Chili Garlic BBQ Ribs,4,9000.0,[Main Dishes],[Barbecue],"[olive oil, shallots, garlic, ketchup, sambal ulek, brown sugar, cider vinegar, honey, worcestershire sauce, baby back ribs, salt, pepper, paprika]"
Chicken-Pot-Pie-Soup-1376722,Chicken Pot Pie Soup,4,4800.0,"[Soups, Main Dishes]",,"[butter, medium potatoes, carrots, celery ribs, garlic, chicken broth, montreal steak seasoning, flour, milk, heavy cream, cooked chicken, frozen peas, pepper, salt]"
Paleo-Pot-Pie-for-Two-1375283,Paleo Pot Pie for Two,4,4500.0,[Main Dishes],,"[boneless chicken skinless thigh, carrots, celery ribs, garlic, onions, coconut oil, poultry seasoning, salt, chicken broth, arrowroot flour, crust, almond flour, coconut flour, eggs]"
Braised-Short-Ribs-The-Pioneer-Woman-Cooks-_-Ree-Drummond-41306,Braised Short Ribs,5,8400.0,[Main Dishes],,"[beef rib short, kosher salt, pepper, all-purpose flour, pancetta, olive oil, onions, carrots, shallots, white wine, beef, thyme, rosemary, russet, butter, cream cheese, half & half, seasoning salt, black pepper]"
Chinese-Spare-Ribs-1255022,Chinese Spare Ribs,4,13200.0,[Main Dishes],,"[spareribs, ketchup, hoisin sauce, brown sugar, water, rice vinegar, red pepper flakes, chives]"
Slow-Cooker-Country-Style-Ribs-1210906,Slow Cooker Country Style Ribs,4,30000.0,[Main Dishes],,"[rib, sweet onion, seasoning salt, cracked black pepper, bbq sauce]"
Classic-Prime-Rib-960592,Classic Prime Rib,4,6000.0,[Main Dishes],,"[standing rib roast, kosher salt, cracked black pepper, horseradish, white wine vinegar, sugar, English mustard, salt, white pepper, heavy cream]"
Crockpot-BBQ-Ribs-1234010,Crockpot BBQ Ribs,4,22800.0,[Main Dishes],[Barbecue],"[pork back ribs, ketchup, apple jelly, apple cider vinegar, worcestershire sauce, chili powder, onion salt, garlic, ground pepper]"
Steak-Bites-1353195,Steak Bites,4,44100.0,,,"[rib eye steaks, kosher salt, ground black pepper, fresh thyme, unsalted butter]"
Baby-Back-Ribs-574465,Baby Back Ribs,3,37800.0,[Main Dishes],,"[pork baby back ribs, barbecue sauce]"
Ribs-Fantastic-Allrecipes,Ribs Fantastic,4,12600.0,[Main Dishes],,"[beef rib short, brown sugar, ketchup, water, apple cider vinegar, lemon juice, celery, onions, salt, pepper]"
Roast-Boneless-Prime-Rib-771708,Roast Boneless Prime Rib,3,5400.0,[Main Dishes],,"[prime rib, kosher salt, ground black pepper, fleur de sel]"
Baked-Barbecue-Beef-Short-Ribs-1065977,Baked Barbecue Beef Short Ribs,4,12300.0,[Main Dishes],,"[beef rib short, salt, pepper, chili powder, barbecue sauce, lager beer]"
Oma_s-short-ribs-321961,Oma's Short Ribs,3,4500.0,[Main Dishes],,"[short rib, olive oil, flour, clove, yellow onion, bay leaf, garlic, dry sherry, pepper, salt, fresh parsley, butter]"
Prime-Rib-768202,Prime Rib,3,3600.0,[Main Dishes],,"[standing rib roast, kosher salt, dry mustard, rosemary leaves, cracked black pepper]"
Slow-Cooker-Cherry-Balsamic-Beef-Short-Ribs-1363123,Slow Cooker Cherry Balsamic Beef Short Ribs,4,3300.0,[Main Dishes],,"[garlic powder, sage, thyme, sea salt, black pepper, beef rib short, coconut oil, tomato sauce, balsamic vinegar, cherries, garlic cloves, mushrooms, pearl onions, beef broth]"
Roast-Pork-with-Marmalade-Glaze-1380345,Roast Pork with Marmalade Glaze,3,6900.0,[Main Dishes],,"[worcestershire sauce, orange juice, chopped garlic, pork loin rib end, orange marmalade]"
BBQ-Ribs-The-Greatest-Fall-of-the-Bone-Braised-Baby-Back-Ribs-1236367,BBQ Ribs – The Greatest “Fall of the Bone” Braised Baby Back Ribs,4,3900.0,[Main Dishes],,"[baby back ribs, apple juice, apple cider vinegar, bbq sauce]"
Chinese-Braised-Ribs-681075,Chinese Braised Ribs,4,4500.0,[Main Dishes],[Chinese],"[pork spare ribs, canola, soy sauce, dark soy sauce, white wine, red pepper flakes, garlic, minced ginger, golden syrup]"
Crock-Pot-Roast-with-Vegetables-1368840,Crock Pot Roast with Vegetables,4,37200.0,[Main Dishes],,"[potatoes, carrots, onions, celery ribs, chuck roast, salt, pepper, olive oil, water, worcestershire sauce, beef bouillon granules, dried basil]"
The-Perfect-Prime-Rib-Roast-1200371,The Perfect Prime Rib Roast,4,4800.0,[Main Dishes],,"[rib roast, dry mustard, salt, ground black pepper]"
Oven-Ribs_-Even-Better-1201754,"Oven Ribs, Even Better",4,3000.0,[Main Dishes],,"[dark brown sugar, paprika, chili powder, onion powder, kosher salt, ground chipotle chile pepper, ground black pepper, spareribs, cider vinegar]"
Bourbon-Beef-Ribs-1233600,Bourbon Beef Ribs,4,1800.0,[Main Dishes],,"[beef ribs, tomato sauce, brown sugar, bourbon whiskey, horseradish cream, sauce]"
Grilled-BBQ-Baby-Back-Ribs-1218161,Grilled BBQ Baby Back Ribs,4,9300.0,[Main Dishes],[Barbecue],"[pork baby back ribs, rub, beer, bbq sauce]"
Slow-Cooker-Spiced-Ribs-1359956,Slow Cooker Spiced Ribs,4,,,,"[carrots, parsnips, onions, apricot halves, prunes, garlic, cinnamon sticks, clove, allspice berries, pork ribs, orange juice, balsamic vinegar, salt, freshly ground black pepper, all-purpose flour]"
Chicken-Fried-Ribs-1116523,Chicken-Fried Ribs,3,2700.0,[Main Dishes],,"[vegetable oil, baby back ribs, all-purpose flour, large eggs, panko, sour cream, mayonnaise, kirby cucumbers, dijon mustard]"
Slow-Cooker-Ribs-1344801,Slow Cooker Ribs,4,3900.0,[Main Dishes],,"[rib rub, cumin, ground mustard, ground chipotle chile pepper, cayenne, onion powder, garlic powder, salt, smoked paprika, chili powder, ancho powder, brown sugar, spareribs, chicken broth, onions, bbq sauce]"
Slow-Cooker-Ribs-1223206,Slow-Cooker Ribs,4,24000.0,[Main Dishes],,"[beef ribs, bbq sauce, paprika, coconut sugar, sea salt, ground black pepper]"
Tender-Braised-Short-Ribs-1036893,Tender Braised Short Ribs,4,3300.0,[Main Dishes],,"[beef rib short, salt, black pepper, olive oil, onions, garlic cloves, red wine, ketchup, soy sauce, worcestershire sauce, brown sugar, thyme]"
Smoky_-Sweet-and-Spicy-Pork-Ribs-1325239,"Smoky, Sweet and Spicy Pork Ribs",4,9000.0,[Main Dishes],,"[golden brown sugar, smoked paprika, chile powder, garlic powder, onion powder, ground black pepper, smoked sea salt, olive oil, pork ribs]"
Sous-Vide-Pork-Ribs-502343,Sous Vide Pork Ribs,4,900.0,[Main Dishes],,"[pork ribs, seasoning, dry rub, kosher salt, freshly ground pepper]"
CrockPot-Korean-Ribs-1090743,CrockPot Korean Ribs,4,3600.0,[Main Dishes],,"[beef rib short, soy sauce, brown sugar, jalapeno chilies, water]"
Prime-Rib-And-Potatoes-TasteOfHome,Prime Rib and Potatoes,4,6900.0,[Main Dishes],,"[olive oil, garlic cloves, beef rib roast, baking potatoes]"
Smokehouse-Ribs-460634,Smokehouse Ribs,3,6300.0,[Main Dishes],[Barbecue],"[chili powder, sweet paprika, dried oregano, cayenne pepper, spareribs, kosher salt, ground black pepper, chips, barbecue sauce]"
BBQ-Marmalade-Ribs-1039306,BBQ Marmalade Ribs,4,3300.0,[Main Dishes],[Barbecue],"[pork ribs, rib rub, coarse salt, paprika, garlic powder, red pepper flakes, ground black pepper, sauce, bbq sauce, honey, orange marmalade]"
My-Mama_s-Fish-Chowder-1266317,My Mama's Fish Chowder,4,3600.0,[Soups],,"[butter, sweet onion, celery, waxy potatoes, water, salt, cracked black pepper, whitefish, heavy cream, flat leaf parsley]"
Boneless-Country-Style-BBQ-Ribs-1291461,Boneless Country Style BBQ Ribs,4,22200.0,[Main Dishes],,"[pork country-style ribs, onions, garlic, brown sugar, applesauce, barbecue sauce, salt, pepper]"
Citrus-Chile-Short-Ribs-over-Cheesy-Polenta-1331647,Citrus Chile Short Ribs over Cheesy Polenta,4,5400.0,[Main Dishes],,"[bone-in short ribs, vegetable shortening, chiles, yellow onion, tomato paste, garlic, fresh orange juice, chicken stock, water, orange zest, bay leaf, salt, pepper, milk, chicken broth, polenta, butter, cheddar cheese, avocado, cilantro]"
Smoky-Ribs-My-Recipes,Smoky Ribs,4,,[Main Dishes],[American],"[pork baby back ribs, cajun seasoning, barbecue sauce]"
Weeknight-Indoor-Ribs-460507,Weeknight Indoor Ribs,5,4200.0,[Main Dishes],,"[rib, baby back ribs, chicken stock]"
Melt-in-Your-Mouth-Oven-Baked-BBQ-Baby-Back-Ribs-1065033,Melt in Your Mouth Oven Baked BBQ Baby Back Ribs,4,5400.0,[Main Dishes],,"[pork baby back ribs, dry rub, bbq sauce]"
Pumpkin-Braised-Short-Ribs-1338276,Pumpkin Braised Short Ribs,4,10200.0,[Main Dishes],,"[beef rib short, extra-virgin olive oil, garlic cloves, sage, pumpkin purée, low sodium beef broth, kosher salt, ground black pepper]"
Short-Rib-Tacos-460015,Short Rib Tacos,5,40800.0,,,"[tomatillos, jalapeno chilies, water, white onion, cilantro leaves, salt, avocado, ancho chile pepper, canola oil, yellow onion, green bell pepper, garlic cloves, lager, sherry vinegar, plum tomatoes, ground cumin, beef rib short, fat, freshly ground pepper, dried oregano, corn tortillas, chopped cilantro fresh]"
Barbecue-Ribs-1335505,Barbecue Ribs,3,3300.0,[Main Dishes],[Barbecue],"[paprika, dark brown sugar, kosher salt, yellow mustard seeds, ground black pepper, garlic powder, dried oregano, coriander seeds, red pepper flakes, yellow onion, ketchup, spicy brown mustard, dark molasses, worcestershire sauce, apple cider vinegar, hickory smoke, pork ribs]"
Honey-Roast-Ribs-With-Anise-977492,Honey Roast Ribs With Anise,3,7200.0,[Main Dishes],,"[honey, oyster sauce, chili flakes, star anise, salt, black peppercorns, garlic, pork ribs]"
Baked-Ribs-474749,Baked Ribs,4,,[Main Dishes],[American],"[baby back ribs, salt, pepper, onion powder, garlic powder, cayenne, cumin, bbq sauce]"
New-Orleans-Style-Red-Beans-and-Rice-1362358,New Orleans Style Red Beans and Rice,4,10200.0,[Main Dishes],,"[red beans, olive oil, chopped onion, celery ribs, chopped bell pepper, garlic, pork sausages, bay leaves, salt, black pepper, cayenne pepper, dried thyme, water, butter]"
Grilled-Baby-Back-Ribs-1189812,Grilled Baby Back Ribs,4,1800.0,[Main Dishes],[Barbecue],"[pork ribs, garlic powder, onion powder, seasoning salt, black pepper, cayenne pepper, barbecue sauce]"
Balsamic-Glazed-Short-Ribs-1354193,Balsamic Glazed Short Ribs,4,22200.0,[Main Dishes],,"[olive oil, beef rib short, kosher salt, cracked black pepper, yellow onion, celery ribs, carrots, fresh rosemary, fresh thyme, white wine, garlic, unsalted butter, brown sugar, rosemary, balsamic vinegar, chicken stock, beef stock]"
Crockpot-barbecue-beef-ribs-310319,CrockPot Barbecue Beef Ribs,5,,[Main Dishes],,"[rib, barbecue sauce, yellow onion, garlic, green onions, black pepper]"
Slow-Cooker-Baby-Back-Ribs-1186762,Slow Cooker Baby Back Ribs,4,29400.0,,,"[pork baby back ribs, dark brown sugar, paprika, onion powder, garlic powder, cumin, cayenne, cracked black pepper, thyme, barbecue sauce]"
Pork-Ribs-from-Crook_s-Corner-1085490,Pork Ribs from Crook's Corner,3,13200.0,[Main Dishes],,"[rib, olive oil, sea salt, freshly ground pepper, barbecue sauce]"
Braised-Short-Ribs-with-Stout-1329008,Braised Short Ribs with Stout,4,4200.0,[Main Dishes],,"[bone-in short ribs, small yellow onion, garlic cloves, Guinness Beer, beef broth, honey, dark soy sauce]"
Beer-Braised-Short-Ribs-with-Parsnip-Puree-1373360,Beer-Braised Short Ribs with Parsnip Puree,4,6300.0,[Main Dishes],,"[beef rib short, pepper, salt, olive oil, yellow onion, garlic, tomato paste, balsamic vinegar, worcestershire sauce, Guinness Beer, beef stock, parsley, parsnips, butter, half & half, table salt, freshly ground black pepper]"
Asian-glazed-short-ribs-304081,Asian Glazed Short Ribs,4,15240.0,[Main Dishes],[Asian],"[beef rib short, apricot preserves, chili sauce, firmly packed light brown sugar, soy sauce, Lipton® Recipe Secrets® Onion Soup Mix, apple cider vinegar, corn starch, water]"
Slow-Cooker-Red-Wine-Short-Ribs-1312940,Slow Cooker Red Wine Short Ribs,3,23400.0,[Main Dishes],,"[beef rib short, kosher salt, cracked black pepper, olive oil, garlic, tomato purée, cooking wine, beef base, hot water, corn starch, salt, pepper, chopped parsley]"
Bacon-Wrapped-Smoked-Country-Style-Ribs-1331195,Bacon-Wrapped Smoked Country Style Ribs,3,4800.0,[Main Dishes],,"[pork country-style ribs, barbecue rub, thick-cut bacon, cherries, chips, bbq sauce, dijon mustard, peach jam]"
Spicy-Cumin-Rub-BBQ-Ribs-1123354,Spicy Cumin Rub BBQ Ribs,4,12600.0,[Main Dishes],[Barbecue],"[short rib, paprika, kosher salt, chili powder, cumin, garlic powder, bbq sauce]"
Slow-Cooker-Bbq-Ribs-1188242,Slow Cooker Bbq Ribs,4,2400.0,[Main Dishes],,"[pork country-style ribs, onions, garlic cloves, pepper, salt, onion powder, garlic powder, chili powder, bbq sauce]"
Last-Meal-Ribs-1221751,Last Meal Ribs,4,4800.0,[Main Dishes],[Barbecue],"[spareribs, rub, bbq sauce, oil, apple juice]"
Crockpot-BBQ-Ribs-1080441,Crockpot BBQ Ribs,4,25800.0,[Main Dishes],,"[sugar, paprika, cracked black pepper, lemon pepper, kosher salt, chili powder, garlic powder, onion powder, cayenne pepper, baby back ribs, onions, barbecue sauce]"
Piccolo-Pete_s-Prime-Rib-768200,Piccolo Pete's Prime Rib,3,5100.0,[Main Dishes],,"[cracked black pepper, dried basil, dried oregano, dry mustard, celery salt, garlic, kosher salt, prime rib, dry red wine]"
Flanken-Ribs-1051140,Flanken Ribs,4,4200.0,[Main Dishes],,"[flanken short ribs, crushed tomatoes, allspice, ground cloves, fresh ginger, salt, ground pepper, onions, water]"
Paleo-Oven-Baked-Pork-Ribs-1123099,Paleo Oven Baked Pork Ribs,4,11100.0,[Main Dishes],,"[pork ribs, sea salt, paprika, garlic powder, onion powder, chili powder, ground black pepper, cumin, cayenne pepper]"
Grilled-BBQ-Short-Ribs-1236016,Grilled BBQ Short Ribs,4,9900.0,[Main Dishes],[Barbecue],"[short rib, coconut sugar, smoked paprika, garlic powder, kosher salt, onion powder, bbq sauce, pineapple rings, red bell pepper, purple onion, jalapeno chilies, cilantro leaves, rice vinegar]"
Kalbi-_Korean-BBQ-Short-Ribs_-AllRecipes,Kalbi (Korean BBQ Short Ribs),5,12600.0,[Main Dishes],[Barbecue],"[soy sauce, brown sugar, water, garlic cloves, green onions, toasted sesame oil, flanken short ribs]"
Bbq-Country-Style-Ribs-Allrecipes,BBQ Country Style Ribs,5,11700.0,[Main Dishes],,"[pork country-style ribs, minced garlic, lemon, barbecue sauce]"
Dynamite-Bourbon-Ribs-Allrecipes,Dynamite Bourbon Ribs,4,18600.0,[Main Dishes],[Barbecue],"[dark brown sugar, bourbon whiskey, light soy sauce, garlic, pork country-style ribs]"
Curry-Kielbasa-Cabbage-Soup-1376542,Curry Kielbasa Cabbage Soup,4,5100.0,[Soups],,"[kielbasa, yellow onion, carrots, celery ribs, cabbage, chicken broth, diced tomatoes, curry powder, cumin, ground cardamom, ground coriander]"
Wild-Mushroom-_-Rib-Eye-Stroganoff-1374267,Wild Mushroom & Rib Eye Stroganoff,3,3000.0,[Main Dishes],,"[rib eye steaks, extra-virgin olive oil, purple onion, garlic, pepper, salt, paprika, mixed mushrooms, flat leaf parsley, butter, syrah, crème fraîche]"
Saucy-Ribs-1164447,Saucy Ribs,4,900.0,[Main Dishes],,"[rib, salt, red chili peppers, garlic, vinegar, lemon juice, chutney, sauce, brown sugar, oil]"
Sticky-Sweet-And-Sour-Pork-Baby-Back-Ribs-1307806,Sticky Sweet And Sour Pork Baby Back Ribs,4,6300.0,[Main Dishes],,"[pork baby back ribs, ketchup, sweet chili sauce, rice vinegar, brown sugar, oil, minced garlic, ginger, soy sauce, black pepper, green onions]"
Broiled-Short-Ribs-1328888,Broiled Short Ribs,4,3600.0,[Main Dishes],,"[beef rib short, cooking oil, brown sugar, soy sauce, ginger, sesame oil]"
Pressure-Cooker-Short-Ribs-1332449,Pressure Cooker Short Ribs,4,3600.0,[Main Dishes],,"[vegetable oil, fat, beef rib short, kosher salt, ground pepper, chicken stock, red wine, onions, garlic, bay leaf, fresh thyme, tomato paste, short rib]"
Korean-Beef-Short-Ribs-1250094,Korean Beef Short Ribs,4,22200.0,[Main Dishes],,"[onions, garlic cloves, unsweetened pineapple juice, pineapple, soy sauce, honey, toasted sesame oil, white wine, short rib, sesame seeds, green onions, romaine lettuce leaves, dipping sauces, rice vinegar, sugar, fresh ginger]"
Healthy-Ribs-1217181,Healthy Ribs,4,5100.0,[Main Dishes],,"[spareribs, cherry preserves, red wine vinegar, light corn syrup, cinnamon, ground nutmeg, ground cloves, toasted slivered almonds, water]"
Prime-Rib-Allrecipes,Prime Rib,5,9600.0,[Main Dishes],[American],"[rib roast, garlic, salt and ground black pepper, dijon mustard]"
Braised-Short-Ribs-with-Caramelized-Horseradish-Potato-Puree-1321980,Braised Short Ribs with Caramelized Horseradish Potato Puree,4,6300.0,[Main Dishes],,"[beef rib short, salt, pepper, olive oil, onions, carrots, celery, garlic, anise seed, flour, tomato paste, red wine, balsamic vinegar, chicken stock, rosemary, thyme, parsley, bay leaves, lemon zest, yukon gold potatoes, horseradish, garlic cloves, butter, heavy cream]"
Stout-braised-short-ribs-with-soy-and-honey-310237,Stout-Braised Short Ribs with Soy and Honey,5,4200.0,[Main Dishes],,"[bone-in short ribs, yellow onion, garlic cloves, Guinness Beer, beef broth, honey, dark soy sauce]"
Quick-Ribs-_Less-Than-3-Hours_-576237,Quick Ribs (Less Than 3 Hours),3,3600.0,[Main Dishes],[Barbecue],"[baby back ribs, bbq sauce, sauce, pork]"
Garlic-And-Oregano-Baby-Back-Ribs-My-Recipes,Garlic and Oregano Baby Back Ribs,4,6300.0,[Main Dishes],[American],"[pork baby back ribs, garlic cloves, fresh oregano, cayenne pepper, kosher salt, olive oil]"
Fool-Proof-_Fall-Off-The-Bone_-Ribs-1361826,Fool Proof {Fall Off The Bone} Ribs,4,1500.0,,,"[paprika, granulated garlic, onion powder, brown sugar, kosher salt, cayenne pepper, chili pepper, black pepper, steak seasoning, instant coffee]"
Melt-In-Your-Mouth-Crock-Pot-Ribs-762056,Melt In Your Mouth Crock Pot Ribs,4,3900.0,[Main Dishes],,"[baby back ribs, brown sugar, cinnamon, chili powder, onion powder, cumin, bbq sauce, honey]"
Crockpot-BBQ-Ribs-1069834,Crockpot BBQ Ribs,4,2400.0,[Main Dishes],,"[baby back ribs, salt, pepper, garlic powder, rib rub, bbq sauce]"
Spicy-Korean-Pork-Spare-Ribs-1048328,Spicy Korean Pork Spare Ribs,3,4200.0,[Main Dishes],,"[pork ribs, marinade, Gochujang base, garlic, honey, onions, soy sauce, fresh ginger]"
Asian-Style-Short-Ribs-with-Daikon-Salad-1338980,Asian Style Short Ribs with Daikon Salad,4,4200.0,[Main Dishes],[Asian],"[beef rib short, kosher salt, ground black pepper, chinese five-spice powder, hoisin sauce, ketchup, rice vinegar, soy sauce, asian fish sauce, honey, small yellow onion, fresh ginger, garlic cloves, roasted peanuts, daikon, carrots, shallots, chopped cilantro fresh, peanut oil]"
St_-Louis-Ribs---Keto-Style_-1199865,St. Louis Ribs - Keto Style!,4,16800.0,[Main Dishes],,"[rib, paprika, splenda, garlic powder, salt, pepper, ground ginger, onion powder, cayenne pepper, dijon mustard]"
Mini-Rib-Sliders-1330747,Mini Rib Sliders,4,9000.0,[Main Dishes],,"[rib, vegetable broth, salt, pepper, smoked paprika, bbq sauce, brown sugar, slider buns]"
Grilled-Kalbi-Short-Ribs-1314983,Grilled Kalbi Short Ribs,3,3900.0,[Main Dishes],[Barbecue],"[malt vinegar, sambal ulek, olive oil, fish sauce, garlic, bone-in short ribs, canola oil, sea salt flakes, scallions, mint leaves]"
Slow-Roasted-BBQ-Ribs-1256342,Slow Roasted BBQ Ribs,4,3900.0,[Main Dishes],,"[baby back ribs, bbq sauce, salt, pepper]"
Barbecue-ribs-in-the-crock-pot-343275,Barbecue Ribs in the Crock Pot,4,28800.0,[Main Dishes],,"[pork ribs, water, cooking sherry, sauce, barbecue sauce]"
Spare-ribs-with-American-sauce-1317671,Spare ribs with American sauce,4,1200.0,[Main Dishes],,"[spareribs, pepper, garlic, olive oil, salt, pepper sauce, honey, mustard, worcestershire sauce]"
Short-Ribs-over-Pasta-and-Capers-912611,Short Ribs over Pasta and Capers,4,3000.0,[Main Dishes],,"[boneless beef short ribs, garlic, pasta sauce, capers, fettucine, parmesan cheese]"
Bone-in-Rib-Eye-with-Rosemary_-Garlic-and-Thyme-1380039,"Bone-in Rib Eye with Rosemary, Garlic and Thyme",3,2640.0,[Main Dishes],,"[bone-in ribeye steak, kosher salt, rosemary, lemon peel, thyme, garlic, extra-virgin olive oil, unsalted butter, fleur de sel]"
Easy-Bbq-Country-Ribs-993807,Easy Bbq Country Ribs,4,4800.0,[Main Dishes],,"[boneless country pork ribs, meat bones, bacon grease, onions, bbq sauce, ground black pepper]"
Raspberry-Chipotle-BBQ-Ribs-1174233,Raspberry Chipotle BBQ Ribs,4,12600.0,[Main Dishes],[Barbecue],"[pork ribs, apple cider, sweet paprika, dark brown sugar, pepper, chile powder, garlic powder, dry mustard, celery salt, kosher salt, cayenne pepper, bbq sauce]"
Garlic-_-Herb-Prime-Rib-Roast-857223,Garlic & Herb Prime Rib Roast,4,5100.0,[Main Dishes],,"[rib roast, fresh thyme, fresh rosemary, fresh oregano, minced garlic, kosher salt, ground pepper, olive oil]"
Smoked-Beef-Short-Ribs-678922,Smoked Beef Short Ribs,4,9000.0,[Main Dishes],[Barbecue],"[beef rib short, chips, salt, oregano, bbq sauce]"
Tamarind-Ribs-1078615,Tamarind Ribs,4,9000.0,[Main Dishes],,"[tamarind pulp, boiling water, garlic, ginger, coriander seeds, star anise, chillies, soy sauce, brown sugar, pork ribs]"
Fall-Off-the-Bone-Baby-Back-Ribs-513024,Fall-Off-the-Bone Baby Back Ribs,5,9900.0,[Main Dishes],,"[baby back ribs, onions, beer, sea salt, ground black pepper, chipotle]"
Perfect-Prime-Rib-1345662,Perfect Prime Rib,4,63900.0,[Main Dishes],,"[rib bone, olive oil, kosher salt, ground black pepper, beef bones, large garlic cloves, red wine, water, worcestershire sauce, gravy]"
Grilled-Spicy-Citrus-Ribs-Simply-Recipes-42942,Grilled Spicy Citrus Ribs,5,5400.0,[Main Dishes],[Barbecue],"[rib, brine, oil, syrup, orange juice, lemon juice, lime juice, water, kosher salt, dried thyme, crushed red pepper flakes, bourbon whiskey, brown sugar, salt, black pepper, butter]"
Perfect-Roasted-Chicken-1365183,Perfect Roasted Chicken,4,5700.0,[Main Dishes],,"[carrots, celery ribs, chicken, salt, ground pepper, lemon]"
Black-Bean_-Corn-and-Tomato-Salad-1368524,"Black Bean, Corn and Tomato Salad",4,1200.0,[Salads],,"[black beans, fresh tomatoes, green bell pepper, fresh corn, green onions, jalapeno chilies, garlic, sea salt, fresh lime juice, dijon mustard, ground pepper, olive oil, vegetable oil]"
Slow-Cooker-Asian-Beef-Back-Ribs-1365026,Slow Cooker Asian Beef Back Ribs,4,33000.0,[Main Dishes],,"[back ribs, salt, pepper, onions, green onions, garlic, fresh ginger, fresh basil, fresh parsley, coconut aminos, fish sauce, maple syrup]"
Christmas-Prime-Rib-AllRecipes-201642,Christmas Prime Rib,5,38700.0,[Main Dishes],,"[rib roast, prepared horseradish, dijon mustard, kosher salt, cracked black pepper, dried thyme, garlic powder, celery, carrots, onions, beef base, water, corn starch]"
Dr_-Pepper-Ribs-1069479,Dr. Pepper Ribs,4,5100.0,[Main Dishes],[Barbecue],"[baby back ribs, Dr. Pepper®, salt, black pepper, chili powder, water, canola oil, onions, garlic, worcestershire sauce, apple cider vinegar, cayenne pepper]"
Poor-Mans-Prime-Rib-1170460,Poor Mans Prime Rib,4,4500.0,[Main Dishes],,"[eye of round roast, garlic powder, onion powder, salt, pepper]"
Maui-ribs-325408,Maui Ribs,5,1800.0,[Main Dishes],,"[beef, flanken short ribs, soy sauce, brown sugar, apple cider vinegar, sesame oil, fish sauce, fresh ginger, garlic, green onions, coke]"
Smoked-Spare-Ribs-512111,Smoked Spare Ribs,5,21600.0,[Main Dishes],[American],"[pork spare ribs, light brown sugar, chili powder, ground cumin, salt, dry mustard, garlic powder, onion powder, white pepper, cayenne pepper, barbecue sauce]"
Immune-Boosting-Chicken-Soup-1369654,Immune Boosting Chicken Soup,4,4500.0,[Soups],,"[jasmine rice, water, extra-virgin olive oil, onions, garlic cloves, carrots, celery ribs, fresh ginger, curry, chicken stock, cooked chicken, scallions, fresh cilantro]"
Korean-Style-Ribs-1019321,Korean Style Ribs,4,22800.0,[Main Dishes],[Asian],"[pork ribs, soy sauce, orange juice, rice vinegar, ginger, chili flakes, garlic, toasted sesame oil, honey, toasted sesame seeds, scallions, corn starch]"
Perfect-Prime-Rib-1082640,Perfect Prime Rib,4,2400.0,[Main Dishes],,"[prime rib, garlic powder, parsley, chives, beef seasoning, salt, pepper]"
_Almost_-Classic-Chickpea-Vegan-Meatloaf-1368523,(Almost) Classic Chickpea Vegan Meatloaf,4,3900.0,[Main Dishes],,"[chickpeas, onions, celery ribs, carrots, garlic cloves, panko breadcrumbs, soy milk, vegan Worcestershire sauce, soy sauce, olive oil, ground flaxseed, tomato paste, liquid smoke, black pepper, maple syrup, apple cider vinegar, paprika]"
Crock-Pot-Apple-BBQ-Ribs-1291997,Crock Pot Apple BBQ Ribs,4,30900.0,[Main Dishes],,"[baby back ribs, pepper, salt, apple butter, bbq sauce, onions]"
Beer-Braised-Beef-Short-Ribs-1276027,Beer Braised Beef Short Ribs,4,9300.0,[Main Dishes],,"[beef rib short, kosher salt, ground black pepper, vegetable oil, carrots, onions, beer, tomato paste, ground cumin, chipotle chile powder, crushed red pepper flakes, garlic cloves, water, jalapeno chilies, bay leaf, cilantro leaves]"
Herbed-Rib-Roast-TasteOfHome,Herbed Rib Roast,5,7800.0,[Main Dishes],[American],"[rib roast, garlic, salt, pepper, dried basil, parsley flakes, marjoram]"
Country-Style-Ribs-with-Sauerkraut_-Westend61-1314884,Country-Style Ribs with Sauerkraut.  © Westend61,3,8400.0,[Main Dishes],,"[pork country-style ribs, minced garlic, salt, pepper, sauerkraut, unsweetened applesauce, brown sugar, caraway seeds]"
Black-Bean-Soup-1370997,Black Bean Soup,4,3600.0,[Soups],,"[extra-virgin olive oil, onions, carrots, celery ribs, garlic cloves, red pepper, jalapeno chilies, ground cumin, dried oregano, bay leaf, black beans, fresh corn, diced tomatoes, low sodium chicken broth]"
Beef-Short-Ribs-1004444,Beef Short Ribs,4,3600.0,[Main Dishes],,"[beef ribs, red wine, white vinegar, hot sauce, worcestershire sauce, brown sugar, honey, beef, garlic, bay leaves, tomato paste, liquid smoke, flour, salt, pepper]"
Slow-Cooker-BBQ-Ribs-1111127,Slow Cooker BBQ Ribs,4,29100.0,[Main Dishes],,"[pork baby back ribs, brown sugar, steak seasoning, pepper, bbq sauce]"
Deviled-Baby-Back-Ribs-441240,Deviled Baby Back Ribs,5,4200.0,[Main Dishes],,"[pork baby back ribs, kosher salt, ground black pepper, heavy cream, cayenne pepper, dijon mustard, dry bread crumbs, unsalted butter]"
Fall-Off-The-Bone-Baby-Back-Ribs-1113349,Fall Off The Bone Baby Back Ribs,4,210.0,[Main Dishes],[Barbecue],"[pork baby back ribs, barbecue rub, ice cubes, barbecue sauce]"
Coca-Cola-BBQ-Ribs-1159364,Coca Cola BBQ Ribs,4,6300.0,[Main Dishes],[Barbecue],"[coca-cola, onions, garlic, bay leaves, black peppercorns, baby back ribs, unsalted butter, white onion, ketchup, yellow mustard, dark brown sugar, worcestershire sauce, kosher salt, ground black pepper]"
One-Pot-Braised-Short-Ribs-765046,One-Pot Braised Short Ribs,3,6300.0,[Main Dishes],,"[beef rib short, freshly ground pepper, salt, olive oil, yellow onion, dry red wine, port, chicken broth, boiling potatoes, carrots, flat leaf parsley]"
Seasoned-Rib-Roast-TasteOfHome,Seasoned Rib Roast,4,6900.0,[Main Dishes],,"[lemon pepper seasoning, paprika, garlic salt, dried rosemary, cayenne pepper, rib-eye roast]"
Rosemary-Rubbed-Rib-Eye-Steak-513627,Rosemary Rubbed Rib-Eye Steak,5,1500.0,[Main Dishes],[Barbecue],"[rib eye steaks, kosher salt, ground black pepper, rosemary, garlic powder, olive oil, unsalted butter]"
How-to-Cook-Ribs-in-the-Oven-1039473,How to Cook Ribs in the Oven,4,3000.0,[Main Dishes],,"[spareribs, barbecue sauce, brown sugar, kosher salt, black peppercorns, smoked paprika, garlic powder]"
Braised-short-ribs-369183,Braised Short Ribs,5,6300.0,[Main Dishes],,"[beef rib short, kosher salt, pepper, bacon, olive oil, onions, carrots, shallots, red wine, beef broth, thyme, rosemary]"
Pork-Spare-Ribs-779358,Pork Spare Ribs,4,3600.0,[Main Dishes],,"[pork spare ribs, barbecue sauce, beer, brown sugar, paprika, fajita seasoning mix, garlic salt, chili powder, salt, pepper]"
Cider-Braised-Country-Ribs-1334606,Cider Braised Country Ribs,4,10800.0,[Main Dishes],,"[pork country-style ribs, bbq seasoning, kosher salt, onions, bell pepper, apple cider, grape jelly, bbq sauce]"
Garlic-Prime-Rib-1321271,Garlic Prime Rib,4,,[Main Dishes],,"[rib roast, garlic, olive oil, salt, ground black pepper, dried thyme]"
Competition-Winning-Ribs-1317870,Competition Winning Ribs,4,5100.0,[Main Dishes],,"[baby back ribs, onion powder, ground cinnamon, salt, garlic powder, ground ginger, black pepper, tomato sauce, ketchup, soy sauce, teriyaki sauce, brown sugar, garlic, chili powder, red pepper, chipotle]"
Citrus-Dry-Rubbed-Ribs-511799,Citrus Dry-Rubbed Ribs,4,6300.0,[Main Dishes],,"[baby back ribs, chicken, grated lemon zest, chopped fresh chives]"
Slap-Yo-Daddy-BBQ-Amazing-St_-Louis-Spare-Ribs-1238425,Slap Yo’ Daddy BBQ Amazing St. Louis Spare Ribs,3,13500.0,[Main Dishes],,"[spareribs, all-purpose rub, brown sugar, orange blossom honey, apple juice, bbq sauce]"
Bye-Bye-BBQ-Ribs-1276725,Bye Bye BBQ Ribs,4,4800.0,[Main Dishes],,"[pork baby back ribs, dry rub, brown sugar, sweet paprika, garlic powder, ground black pepper, salt, instant espresso powder, allspice, ground chipotle chile pepper, white wine, apple cider vinegar, worcestershire sauce, honey]"
Peppercorn-Crusted-Standing-Rib-Roast-with-Red-Wine-Au-Jus-1367341,Peppercorn Crusted Standing Rib Roast with Red Wine Au Jus,4,6000.0,[Main Dishes],,"[standing rib roast, kosher salt, whole peppercorn, low sodium beef broth, dry red wine, bay leaf]"
Grilled-Cajun-Country-Style-Boneless-Pork-Ribs-1011151,Grilled Cajun Country Style Boneless Pork Ribs,4,1800.0,[Main Dishes],[Barbecue],"[pork ribs, white pepper, garlic powder, onion powder, ground red pepper, paprika, black pepper]"
Beef-Roast-and-Cabbage-_RoastPerfect-_SundaySupper-1367273,Beef Roast and Cabbage #RoastPerfect #SundaySupper,4,5400.0,[Main Dishes],,"[beef, olive oil, salt, pepper, cabbage, celery, beef broth, yukon gold, baby carrots, onions, dried thyme]"
Blackberry-molasses-ribs-349938,Blackberry-Molasses Ribs,5,3900.0,[Main Dishes],[American],"[baby back ribs, salt, blackberries, garlic, ketchup, molasses, balsamic vinegar, hot sauce, sugar]"
Grilled-Ribeye-Steak-with-Onion-Blue-Cheese-Sauce-The-Pioneer-Woman-Cooks-_-Ree-Drummond-41322,Grilled Ribeye Steak with Onion Blue Cheese Sauce,5,2100.0,[Main Dishes],,"[rib eye steaks, butter, salt, pepper, yellow onion, heavy cream, crumbled blue cheese]"
Standing-Rib-Roast-1180566,Standing Rib Roast,3,19500.0,[Main Dishes],,"[standing rib roast, ground black pepper, kosher salt, fresh rosemary, carrots, celery, onions, dry red wine, bay leaves, fresh thyme, parsley, beef stock, unsalted butter]"
Grilled-Short-Ribs-with-Chimichurri-Sauce-1316568,Grilled Short Ribs with Chimichurri Sauce,3,2400.0,[Main Dishes],[Barbecue],"[fresh parsley, garlic, oregano leaves, extra-virgin olive oil, red wine vinegar, kosher salt, red pepper flakes, short rib, ground black pepper]"
Rib-Eye-Roast-968058,Rib Eye Roast,4,4500.0,[Main Dishes],,"[olive oil, rib-eye roast, peppercorns, kosher salt, dried rosemary, dried thyme, garlic]"
Perfect-Prime-Rib-775577,Perfect Prime Rib,3,4800.0,[Main Dishes],,"[standing rib roast, kosher salt, ground black pepper]"
Gnocchi-Poutine-with-Short-Rib-Ragu-and-Gremolatta-Closet-Cooking-54964,Gnocchi Poutine with Short Rib Ragu and Gremolatta,5,1200.0,[Main Dishes],,"[gnocchi, curds, ragu, gremolata]"
Dry-Rubbed-Ribs---Low-Carb_-Keto_-Gluten-Free-1348359,"Dry Rubbed Ribs - Low Carb, Keto, Gluten-Free",4,3600.0,[Main Dishes],,"[baby back ribs, cumin, chile powder, cayenne pepper, garlic powder, pepper, onion powder, paprika, ground mustard, brown sugar]"
Easiest-BBQ-Ribs-Ever-1289184,Easiest BBQ Ribs Ever,4,21900.0,[Main Dishes],,"[spareribs, barbecue rub, bbq sauce]"
Grilled-Korean-Ribs-601567,Grilled Korean Ribs,3,2400.0,[Main Dishes],[Barbecue],"[rib, ketchup, soy sauce, brown sugar, Franks Hot Sauce, water, garlic powder, onion powder, ground pepper]"
Slow-Cooker-Ribs-630637,Slow-Cooker Ribs,3,3300.0,[Main Dishes],,"[pork spareribs, barbecue sauce, brown sugar, smoked paprika, cayenne pepper, kosher salt, cracked black pepper]"
Broiled-Barbecue-Ribs-1024053,Broiled Barbecue Ribs,3,3600.0,[Main Dishes],,"[pork ribs, liquid smoke, water, barbecue sauce]"
Slow-Cooker-Barbecue-Ribs-1009409,Slow-Cooker Barbecue Ribs,3,33600.0,[Main Dishes],,"[brown sugar, salt, pepper, pork loin back ribs, onions, carbonated beverages, barbecue sauce]"
_Coca-Cola-Chicken-Wings-or-Ribs-Recipe___mobile___Coca-Cola-Chicken-Wings-or-Ribs-Recipe___-class____-Coca-Cola-Chicken-Wings-or-Ribs-1225515,"""Coca-Cola Chicken Wings or Ribs Recipe"",""mobile"":""Coca-Cola Chicken Wings or Ribs Recipe""}' class=""""> Coca-Cola Chicken Wings or Ribs",3,8100.0,[Main Dishes],,"[brown sugar, coca-cola, onions, garlic, soy sauce, chicken wings]"
Fall-Off-The-Bone-Slow-Cooker-Ribs-1049247,Fall-Off-The-Bone Slow Cooker Ribs,4,16500.0,[Main Dishes],[Barbecue],"[baby back ribs, rib rub, apple cider vinegar, soy sauce, liquid smoke, barbecue sauce]"
Slow-Cooker-Short-Ribs-1284458,Slow Cooker Short Ribs,4,33000.0,[Main Dishes],,"[pork ribs, dry rub, brown sugar, garlic powder, smoked paprika, chili powder, ground cumin, ground coriander, ground pepper, salt, barbecue sauce]"
Beef-Short-Ribs-791652,Beef Short Ribs,3,5400.0,[Main Dishes],,"[tomatoes, beef, vegetables, meat, beef rib short, olive oil, tomato paste, ketchup, garlic cloves, brown sugar, chopped onion, vinegar, prepared mustard, salt]"
Crispy-Kale-Chips-1372517,Crispy Kale Chips,4,1800.0,,,"[kale, olive oil, salt, black pepper]"
Slow-Cooker-Lentil-Cauliflower-Stew-1377429,Slow Cooker Lentil Cauliflower Stew,4,30600.0,[Main Dishes],,"[dried lentils, olive oil, onions, garlic cloves, cauliflower, leeks, carrots, celery ribs, bay leaves, chopped fresh thyme, kosher salt, cumin, cayenne, black pepper, low sodium vegetable broth, diced tomatoes in juice, kale, plain yogurt, herbed goat cheese, feta cheese, greek yogurt, grated parmesan cheese, crème fraîche]"
Simple-Spare-Ribs-Allrecipes,Simple Spare Ribs,4,7800.0,[Main Dishes],,"[pork country-style ribs, chicken broth, teriyaki sauce, garlic powder, onion powder, salt, pepper]"
Cocoa-rubbed-baby-back-ribs-314520,Cocoa-Rubbed Baby Back Ribs,5,5100.0,[Main Dishes],,"[unsweetened cocoa powder, light brown sugar, ancho powder, kosher salt, onion powder, granulated garlic, dried oregano, mustard, ginger, ground cinnamon, ground allspice, pork baby back ribs]"
Sticky-Spicy-Ribs-Epicurious-52691,Sticky Spicy Ribs,5,19800.0,[Main Dishes],[American],"[dark brown sugar, salt, paprika, chipotle chile powder, ground cumin, ground allspice, black pepper, baby back ribs, chopped onion, garlic cloves, peeled fresh ginger, vegetable oil, ketchup, cider vinegar, soy sauce, water]"
Red-Wine-Braised-Short-Ribs-576476,Red Wine-Braised Short Ribs,3,6300.0,[Main Dishes],,"[beef rib short, ground black pepper, kosher salt, vegetable oil, onions, carrots, celery ribs, all-purpose flour, tomato paste, dry red wine, flat leaf parsley, thyme, oregano, rosemary, bay leaves, garlic, beef stock]"
Cabernet-Short-Ribs-498308,Cabernet Short Ribs,3,17100.0,[Main Dishes],,"[beef rib short, kosher salt, olive oil, yellow onion, chopped celery, chopped tomatoes, wine, pumpkin purée, tomato paste, dijon mustard]"
Memphis-Dry-Rub-Ribs-1196955,Memphis Dry Rub Ribs,3,4800.0,[Main Dishes],,"[dark brown sugar, kosher salt, ground coriander, mustard powder, onion powder, spanish paprika, garlic powder, ground black pepper, cayenne, pork ribs, apple cider, apple cider vinegar]"
Sweet-and-Sour-Spare-Ribs-608521,Sweet and Sour Spare Ribs,3,3000.0,[Main Dishes],,"[rib, cooking oil, sugar, stock, salt, sesame seeds, spring onions, cooking wine, light soy sauce, dark soy sauce, vinegar]"
Slow-Cooker-Easiest-Ever-Ribs-1172635,Slow Cooker Easiest Ever Ribs,4,20400.0,[Main Dishes],,"[salt, light brown sugar, paprika, chili powder, garlic powder, ground black pepper, cayenne pepper, baby back ribs, barbecue sauce]"
Korean-kalbi-baby-back-ribs-357875,Korean Kalbi Baby Back Ribs,5,6300.0,[Main Dishes],[Asian],"[baby back ribs, ground black pepper, salt, onions, garlic, fresh ginger, honey, brown sugar, soy sauce, sesame seeds, dark sesame oil, green onions, rice vinegar]"
Texas-Roadhouse-Prime-Rib-747422,Texas Roadhouse Prime Rib,4,3600.0,[Main Dishes],,"[loin, black pepper, soy sauce, minced garlic, kosher salt, liquid smoke, sugar, water]"
Beef-Short-Rib-Sandwiches-_SundaySupper-1060287,Beef Short Rib Sandwiches #SundaySupper,3,1800.0,[Main Dishes],,"[beef rib short, kosher salt, ground black pepper, all-purpose flour, olive oil, unsalted butter, onions, minced garlic, Guinness Beer, beef base, hot water, butter, salt, yellow onion, fontina cheese]"
Crockpot-Beef-Short-Ribs-792088,Crockpot Beef Short Ribs,3,30600.0,[Main Dishes],,"[vegetable oil, yellow onion, baby carrots, celery, garlic, thyme, rosemary, flour, beef rib short, red wine, beef stock, tomato sauce, brown sugar, dijon mustard, worcestershire sauce, bay leaves]"
Crock-Pot-Ribs-629955,Crock Pot Ribs,3,29100.0,[Main Dishes],,"[pork baby back ribs, rib, red wine vinegar, bbq sauce, liquid smoke, salt, pepper]"
The-Best-BBQ-Ribs-702792,The Best BBQ Ribs,4,34200.0,[Main Dishes],[Barbecue],"[sauce, unsalted butter, apple cider, soy sauce, dry rub, pork baby back ribs, kosher salt, brown sugar, ground black pepper, smoked paprika, dry mustard, garlic powder, celery seed, crushed red pepper flakes]"
Beer-braised-beef-short-ribs-331581,Beer Braised Beef Short Ribs,5,6300.0,[Main Dishes],,"[beef rib short, olive oil, yellow onion, garlic cloves, dark beer, beef stock, kosher salt, black pepper]"
Spicy-Pan-Fried-Pork-Ribs-with-Peppers-1343052,Spicy Pan Fried Pork Ribs with Peppers,4,2400.0,[Main Dishes],,"[pork ribs, green pepper, red pepper, green onions, salt, sugar, corn starch, cooking oil, soy sauce, cooking wine]"
Dry-Rub-Ribs--Memphis-_Dave_s-Dinners_-751508,Dry Rub Ribs- Memphis (Dave's Dinners),3,3600.0,[Main Dishes],,"[baby back ribs, cayenne pepper, ground cumin, paprika, oregano, sugar, salt, black pepper, vegetable oil]"
Grilled-short-ribs-356336,Grilled Short Ribs,4,2100.0,[Main Dishes],[Barbecue],"[brown sugar, soy sauce, toasted sesame oil, garlic, hot smoked paprika, salt, boneless beef short ribs]"
Maple-Glazed-Ribs-1087829,Maple Glazed Ribs,4,43500.0,[Main Dishes],,"[baby back ribs, salt, pure maple syrup]"
Low-Carb-Stuffed-Peppers-1361571,Low-Carb Stuffed Peppers,3,3000.0,[Main Dishes],,"[bell pepper, ground beef, chopped onion, tomato sauce, garlic, chili powder, mozzarella cheese]"
Maple-glazed-ribs-298296,Maple Glazed Ribs,4,3900.0,[Main Dishes],"[American, Barbecue]","[I Can't Believe It's Not Butter!® Spread, garlic, ketchup, syrup, red vinegar white white, wine,, firmly packed brown sugar, hot pepper sauce, spareribs]"
Honey-glazed-rack-of-pork-ribs-365388,Honey Glazed Rack of Pork Ribs,5,5700.0,[Main Dishes],,"[honey, brown sugar, olive oil, juice, salt, pepper, garlic, paprika, oregano, yellow mustard, Sriracha, liquid smoke, pork ribs]"
Prime-Rib-1231912,Prime Rib,4,6300.0,[Main Dishes],,"[rib roast, olive oil, sea salt, peppercorns, rosemary, thyme, minced garlic]"
Maple-Baby-Back-Ribs-777698,Maple Baby-Back Ribs,3,5100.0,[Main Dishes],,"[baby back ribs, maple syrup, apple cider vinegar, kosher salt, black pepper]"
Sunday-Rib-Roast-Epicurious,Sunday Rib Roast,5,8100.0,[Main Dishes],[American],"[beef rib roast, kosher salt, black pepper, all-purpose flour, dry mustard]"
Garlic-_-Sea-Salt-Rubbed-Prime-Rib-480456,Garlic & Sea Salt Rubbed Prime Rib,4,8100.0,,,"[prime rib, fleur de sel, Simply Organic Garlic Powder, Simply Organic Paprika, Simply Organic Rosemary, Simply Organic Black pepper]"
Lamb-Sausage-and-Kale-Stew-1364188,Lamb Sausage and Kale Stew,4,5100.0,[Main Dishes],,"[lamb sausage, carrots, celery ribs, garlic, fennel seeds, leeks, tomato paste, chicken broth, bay leaves, cannellini beans, kale, beer, portabello mushroom, pitted olives]"
Simple-Slow-Cooker-Ribs-677594,Simple Slow Cooker Ribs,4,21900.0,[Main Dishes],,"[pork ribs, bbq sauce]"
Coffee-Rubbed-Ribs-1057387,Coffee-Rubbed Ribs,4,12600.0,[Main Dishes],,"[salt, finely ground coffee, ancho powder, brown sugar, garlic powder, pork ribs]"
How-to-Make-a-Standing-Rib-Roast-_Prime-Rib_-969174,How to Make a Standing Rib Roast (Prime Rib),4,600.0,[Main Dishes],,"[standing rib roast, garlic cloves, fresh rosemary, horseradish, extra-virgin olive oil, liquid, kosher salt, ground black pepper]"
Chili-Garlic-BBQ-Ribs-1277510,Chili Garlic BBQ Ribs,4,9000.0,[Main Dishes],[Barbecue],"[olive oil, shallots, garlic, ketchup, sambal ulek, brown sugar, cider vinegar, honey, worcestershire sauce, baby back ribs, salt, pepper, paprika]"
Sweet-And-Savory-Ribs-TasteOfHome,Sweet and Savory Ribs,4,780.0,[Main Dishes],,"[onions, pork country-style ribs, barbecue sauce, maple syrup, mustard, salt, pepper]"
Sweet-Crockpot-Ribs-1056075,Sweet Crockpot Ribs,4,3300.0,[Main Dishes],,"[pepper, salt, bbq sauce, ketchup, brown sugar, worcestershire sauce]"
Pork-Ribs-Adobo-779181,Pork Ribs Adobo,3,5400.0,[Main Dishes],,"[apple cider vinegar, soy sauce, bay leaves, chili, pork baby back ribs, sea salt, garlic cloves, black peppercorns, cooked rice]"
Prime-rib-317341,Prime Rib,3,3900.0,[Main Dishes],,"[rib roast, garlic, pepper, salt, red wine]"
Slow-Cooker-Galbijjim-_Korean-Braised-Short-Ribs_-1339380,Slow Cooker Galbijjim (Korean Braised Short Ribs),4,3600.0,[Main Dishes],,"[beef rib short, onions, carrots, asian pear, garlic cloves, ginger, radishes, dried shiitake mushrooms, soy sauce, rice wine, honey, pepper, scallions, sesame oil]"
Korean-Style-Short-Ribs-457649,Korean-Style Short Ribs,5,4500.0,[Main Dishes],[Asian],"[sake, reduced sodium soy sauce, vietnamese fish sauce, honey, peanut oil, sesame oil, large garlic cloves, fresh ginger, green onions, water, beef rib short, flanken short ribs, freshly ground pepper, five spice]"
Easy-Paleo-Shepherd_s-Pie-1376205,Easy Paleo Shepherd's Pie,4,3300.0,[Main Dishes],,"[cauliflower, ghee, mustard, salt, freshly ground black pepper, fresh parsley, coconut oil, onions, carrots, celery ribs, lean ground beef, tomato paste, chicken broth, dry mustard, cinnamon, ground cloves]"
Crock-Pot-Barbecue-Ribs-1093898,Crock Pot Barbecue Ribs,4,2400.0,[Main Dishes],,"[pork baby back ribs, salt, pepper, garlic powder, bbq sauce]"
Boneless-Short-Ribs-542325,Boneless Short Ribs,4,22500.0,,,"[bone-in rib roast, onions, carrots, celery, fresh thyme leaves, red wine, beef stock, salt, pepper]"
Smoked-Bison-Back-Ribs-1081959,Smoked Bison Back Ribs,4,6300.0,[Main Dishes],,"[back ribs, barbecue sauce, lemon pepper, garlic salt, cayenne, ground rosemary, ground thyme]"
Pressure-Cooker-Grass-Fed-Beef-Back-Ribs-1306367,Pressure Cooker Grass Fed Beef Back Ribs,4,3900.0,[Main Dishes],,"[back ribs, dry rub, kosher salt, water, unsweetened applesauce, coconut aminos, fish sauce]"
Crockpot-BBQ-Style-Country-Ribs-1174264,Crockpot BBQ Style Country Ribs,4,2700.0,[Main Dishes],,"[pork country-style ribs, ketchup, cola]"
Slow-Cooked-Ribs-1208305,Slow Cooked Ribs,4,3900.0,[Main Dishes],,"[pork back ribs, seasoning salt, pepper, ketchup, wine vinegar, sugar, worcestershire sauce, barbecue sauce]"
Short-Ribs-Braised-in-Balsamic-460098,Short Ribs Braised in Balsamic,5,4200.0,[Main Dishes],,"[beef rib short, kosher salt, olive oil, balsamic vinegar, dry red wine, tomato paste, yellow onion, garlic cloves, parsley sprigs, bay leaves, freshly ground pepper]"
Honey-BBQ-Boneless-Country-Style-Ribs-1183415,Honey BBQ Boneless Country Style Ribs,4,2100.0,[Main Dishes],[Barbecue],"[pork ribs, honey, cider vinegar, seasoning, bbq sauce]"
Chimichurri-Braised-Beef-Short-Ribs-1036141,Chimichurri Braised Beef Short Ribs,3,6300.0,[Main Dishes],,"[honey, bay leaf, olive oil, red wine vinegar, fresh cilantro, fresh parsley, red bell pepper, chopped onion, minced garlic, italian seasoning, kosher salt, pepper, chili, beef rib short]"
How-to-Cook-Ribs-in-the-Oven-577705,How to Cook Ribs in the Oven,4,3900.0,[Main Dishes],,"[spareribs, dijon mustard, liquid smoke, rub, barbecue sauce]"
Simple-Seafood-Medley-Stew-1375544,Simple Seafood Medley Stew,4,3000.0,[Main Dishes],,"[purple onion, celery ribs, roma tomatoes, diced tomatoes, garlic, vegetable broth, frozen seafood, salt, pepper, olive oil]"
Grilled-Ribeye-Steak-with-Gorgonzola-Butter-483093,Grilled Ribeye Steak with Gorgonzola Butter,4,1500.0,[Main Dishes],,"[rib eye steaks, salt, butter, gorgonzola, chopped parsley, garlic]"
Fall-Off-The-Bone-Slow-Cooker-Ribs-1120533,Fall-Off-The-Bone Slow Cooker Ribs,4,23100.0,[Main Dishes],,"[baby back ribs, rub seasoning, bbq sauce]"
Sticky-Honey-Garlic-Spare-Ribs-1080490,Sticky Honey Garlic Spare Ribs,4,3900.0,[Main Dishes],,"[pork spare ribs, honey, garlic, toasted sesame oil, coconut aminos, sesame seeds, green onions, cilantro]"
Fall-Off-The-Bone-Ribs-1127739,Fall Off The Bone Ribs,4,3900.0,[Main Dishes],[Barbecue],"[rib, dry rub, bbq sauce, brown sugar, paprika, kosher salt, black pepper, garlic powder, onion salt, celery salt, cayenne pepper, ground cumin, ketchup, worcestershire sauce, hot sauce, water, vinegar, sugar, salt, celery seed]"
Maple-and-Hickory-Pork-Ribs-1089161,Maple and Hickory Pork Ribs,4,2400.0,[Main Dishes],,"[pork ribs, unsweetened pineapple juice, maple syrup, dark soy sauce, white wine vinegar, cinnamon sticks, star anise, clove, garlic, whole peppercorn, coarse salt, barbecue sauce, canola oil]"
Pan-Fried-Ribeye-Steak-1337837,Pan-Fried Ribeye Steak,4,900.0,[Main Dishes],,"[rib eye steaks, Lawrys Seasoned Salt, lemon, kosher salt, ground black pepper, olive oil, butter]"
Balsamic-Short-Ribs-1359684,Balsamic Short Ribs,3,5100.0,[Main Dishes],,"[beef rib short, cracked black pepper, sea salt, purple onion, garlic, oregano, balsamic vinegar, chopped tomatoes, beef stock, basil leaves, grated lemon zest, extra-virgin olive oil]"
Braised-Short-Ribs-470161,Braised Short Ribs,4,4200.0,[Main Dishes],,"[bone-in short ribs, kosher salt, extra-virgin olive oil, spanish onion, celery, carrots, garlic, tomato paste, red wine, water, fresh thyme, bay leaves]"
Korean-Style-Braised-Short-Rib-Stew-1331723,Korean-Style Braised-Short-Rib Stew,3,5400.0,[Main Dishes],,"[short rib, scallions, soy sauce, fresh ginger, small yellow onion, garlic cloves, sugar, mirin, fresh orange juice, apple juice, shiitake, chestnuts, taro, carrots, butternut squash]"
Foil-Wrapped-Baby-Back-Ribs-MyRecipes-264698,Foil-Wrapped Baby Back Ribs,4,6300.0,[Main Dishes],[American],"[kosher salt, paprika, granulated garlic, dried thyme, ground black pepper, baby back ribs, chips, barbecue sauce]"
Guacamole-Chicken-Salad-1368684,Guacamole Chicken Salad,3,1200.0,[Salads],,"[avocado, lime juice, cilantro, purple onion, celery, serrano peppers, kosher salt, cooked chicken breasts, butter lettuce]"
Baby-Back-Ribs-1018844,Baby Back Ribs,4,5400.0,[Main Dishes],,"[pork baby back ribs, sauce, beer, minced garlic, garlic powder, butter, bbq sauce, salt, pepper]"
Char-siu-ribs-310663,Char Siu Ribs,5,,,,"[pork ribs, salt, char siu sauce, beer, pickle juice, Sriracha, garlic]"
Garlic-_-Thyme-Standing-Rib-Roast---Paleo-1341068,Garlic & Thyme Standing Rib Roast - Paleo,4,3900.0,[Main Dishes],,"[garlic, coarse sea salt, fresh thyme leaves, ground black pepper, olive oil, standing rib roast, sea salt]"
Pork-Spare-Ribs-901124,Pork Spare Ribs,3,3600.0,[Main Dishes],,"[pork spare ribs, honey, tomato sauce, apple juice, soy sauce, paprika]"
Pork-Ribs-Celery-Soup-629875,Pork Ribs Celery Soup,3,2400.0,[Soups],,"[pork ribs, celery, garlic, chicken stock, potatoes]"
BBQ-Korean-Short-Ribs-1200781,BBQ Korean Short Ribs,4,43500.0,[Main Dishes],[Barbecue],"[short rib, marinade, soy sauce, pear juice, garlic, scallions, fresh ginger, brown sugar, toasted sesame seeds, ground black pepper]"
Korean-Beef-Short-Ribs-1199624,Korean Beef Short Ribs,3,7200.0,[Main Dishes],,"[beef rib short, raw honey, coconut aminos, water, white wine vinegar, asian pear, garlic, green onions, ground black pepper]"
Wild-Rice-Soup-5-Points-_-1378846,Wild Rice Soup – 5 Points +,3,3000.0,[Soups],,"[onions, carrots, celery ribs, butter, all-purpose flour, chicken broth, wild rice, chicken breasts, salt, pepper, reduced fat milk, chives]"
Balsamic-Short-Ribs-1359144,Balsamic Short Ribs,3,5100.0,[Main Dishes],,"[beef rib short, cracked black pepper, sea salt, purple onion, garlic, oregano, balsamic vinegar, chopped tomatoes, beef stock, basil leaves, grated lemon zest, extra-virgin olive oil]"
Balsamic-Short-Ribs-1359107,Balsamic Short Ribs,3,5100.0,[Main Dishes],,"[beef rib short, cracked black pepper, sea salt, purple onion, garlic, oregano, balsamic vinegar, chopped tomatoes, beef stock, basil leaves, grated lemon zest, extra-virgin olive oil]"
BBQ-Baby-Back-Ribs-1195446,BBQ Baby Back Ribs,4,6120.0,[Main Dishes],,"[pork baby back ribs, worcestershire sauce, barbecue sauce, salt, ground black pepper]"
Grannylin_s-Barbeque-Ribs-Made-Easy-Allrecipes,GrannyLin's Barbeque Ribs Made Easy,5,29400.0,[Main Dishes],,"[onions, pork country-style ribs, salt and ground black pepper, barbecue sauce, water]"
How-to-Cook-Ribs-in-the-Oven-1126794,How to Cook Ribs in the Oven,4,4200.0,[Main Dishes],,"[spareribs, dijon mustard, liquid smoke, rub, barbecue sauce]"
Prime-Rib-Roast-970982,Prime Rib Roast,4,11100.0,[Main Dishes],,"[rib roast, seasoning, salt, pepper]"
Crockpot-Thai-Sweet-Chili-Ribs-1187057,Crockpot Thai Sweet Chili Ribs,4,14880.0,[Main Dishes],,"[baby back ribs, Sriracha, barbecue rub, sweet chili sauce]"
Vegetable-and-Ricotta-Lasagna-Filling-1380384,Vegetable and Ricotta Lasagna Filling,4,900.0,[Main Dishes],,"[ricotta cheese, eggs, shredded mozzarella cheese, pecorino romano cheese, garlic powder, fresh parsley, baby spinach, shredded carrots, fresh mushrooms, rib, ground black pepper]"
Slow-Cooker-Short-Ribs-1330874,Slow Cooker Short Ribs,4,15000.0,[Main Dishes],,"[boneless beef short ribs, olive oil spray, paprika, salt, black pepper, onions, red wine, ketchup, worcestershire sauce, liquid smoke, sweetener]"
Oven-Baked-Ribs-966369,Oven Baked Ribs,3,60.0,[Main Dishes],,"[pork baby back ribs, tomato paste, orange juice, brown sugar, dijon mustard, cider vinegar, worcestershire sauce, soy sauce, chili powder, salt]"
Galbi-Tang-_Short-Rib-Soup_-987873,Galbi Tang (Short Rib Soup),4,12600.0,[Soups],,"[beef rib short, radishes, salt, scallions, minced garlic, ground pepper, seasoning, chili powder]"
Kosher-Salt-Encrusted-Prime-Rib-Roast-1236476,Kosher Salt-Encrusted Prime Rib Roast,3,4200.0,[Main Dishes],,"[beef, meat, coarse kosher salt, rib roast, ground black pepper, seasoning salt]"
Takeo-Spikes-Ribs-1279648,Takeo Spikes’ Ribs,3,6300.0,[Main Dishes],,"[rib, barbecue rub, yellow mustard, apple juice]"
Grilled-Short-Ribs-with-Sesame-Chipotle-Mole-1164589,Grilled Short Ribs with Sesame-Chipotle Mole,3,3000.0,[Main Dishes],[Barbecue],"[unsalted roasted almonds, toasted sesame seeds, roasted red peppers, chipotles in adobo, sherry vinegar, kosher salt, vegetable oil, boneless beef short ribs, ground black pepper]"
Grilled-Ribs-1166996,Grilled Ribs,4,4500.0,[Main Dishes],[Barbecue],"[cumin, smoked paprika, garlic powder, onion powder, brown sugar, cayenne pepper, salt, black pepper, rib, barbecue sauce]"
Slow-Cooker-BBQ-Ribs-759162,Slow Cooker BBQ Ribs,4,29700.0,[Main Dishes],,"[paprika, light brown sugar, salt, ground black pepper, cayenne pepper, baby back ribs, yellow onion, water, barbecue sauce]"
Slow-Cooker-Ribs-with-Coca-Cola-1090095,Slow Cooker Ribs with Coca-Cola,4,3600.0,[Main Dishes],,"[pork baby back ribs, coca-cola, salt, pepper, barbecue sauce]"
Baby-back-ribs-346781,Baby Back Ribs,5,,[Main Dishes],[American],"[baby back ribs, apple cider vinegar, salt, brown mustard, dark brown sugar, worcestershire sauce, extra-virgin olive oil, chili powder]"
Foolproof-Rib-Roast-Allrecipes,Foolproof Rib Roast,5,18300.0,[Main Dishes],,"[beef rib roast, salt, ground black pepper, garlic powder]"
Dry-Rub-Ribs-470250,Dry Rub Ribs,4,3600.0,[Main Dishes],,"[baby back ribs, cayenne pepper, ground cumin, paprika, oregano, sugar, salt, black pepper, vegetable oil]"
Citrus-and-Chile-Braised-Short-Ribs-1022019,Citrus-and-Chile-Braised Short Ribs,3,6300.0,[Main Dishes],,"[beef rib short, ground black pepper, kosher salt, vegetable oil, onions, garlic, celery ribs, carrots, tomato paste, coriander seeds, cumin seed, chiles, crushed red pepper flakes, oregano, orange zest, fresh orange juice, lime, cilantro leaves]"
Spicy-Dr-Pepper-Ribs-518337,Spicy Dr Pepper Ribs,4,,[Main Dishes],,"[brown sugar, Dr. Pepper®, chipotle peppers, adobo, brown mustard, white vinegar, garlic, pork baby back ribs]"
Short-Ribs-with-Chile-and-Hibiscus-1318944,Short Ribs with Chile and Hibiscus,4,10800.0,[Main Dishes],,"[bone-in short ribs, onions, carrots, celery, garlic cloves, dry red wine, bay leaf, chiles, hibiscus flowers, kosher salt, ground black pepper]"
Slow-Cooked-Short-Rib-Ragu-1238199,Slow-Cooked Short Rib Ragu,4,13500.0,[Main Dishes],,"[short rib, vegetable oil, carrots, celery, onions, garlic, tomato paste, flour, plum tomatoes, red wine, water, fresh parsley, pepper, salt, yukon gold potatoes, butter, sour cream, parmesan cheese, chopped parsley]"
KOREAN-BBQ-SHORT-RIBS-_GALBI_-1222866,KOREAN BBQ SHORT RIBS (GALBI),4,22680.0,[Main Dishes],[Barbecue],"[meat bones, short rib, coconut aminos, water, rice vinegar, sesame oil, garlic cloves, ginger, maple syrup, black pepper, green onions]"
Smoked-Beef-Back-Ribs-577648,Smoked Beef Back Ribs,3,25800.0,[Main Dishes],,"[back ribs, rub, olive oil]"
Chinese-Style-Spare-Ribs-774793,Chinese-Style Spare Ribs,3,6300.0,[Main Dishes],"[Chinese, Asian]","[hoisin sauce, soy sauce, dry sherry, garlic, sugar, red food coloring, chinese five-spice powder, spareribs]"
Baked-Country-Style-Ribs-1282871,Baked Country Style Ribs,4,9300.0,[Main Dishes],,"[pork country-style ribs, seasoning, barbecue sauce]"
Fall-of-the-Bone-Ribs-Recipe_-1239223,Fall of the Bone Ribs Recipe!,4,29400.0,[Main Dishes],,"[rib, beef broth, bbq sauce]"
Baby-Back-Ribs-1033349,Baby Back Ribs,4,,,,"[dark brown sugar, kosher salt, dry mustard, ground fennel, ground black pepper, cayenne pepper, smoked paprika, baby back ribs, unsalted butter, onions, garlic cloves, dried thyme, ketchup, cider vinegar, beef broth, hot sauce, worcestershire sauce, molasses]"
Barbeque-Pork-Ribs-with-Magic-Dust-577781,Barbeque Pork Ribs with Magic Dust,4,4800.0,[Main Dishes],[Barbecue],"[pork baby back ribs, apple cider, sweet paprika, dark brown sugar, pepper, chile powder, garlic powder, dry mustard, celery salt, kosher salt, cayenne pepper, barbecue sauce]"
Standing-Rib-Roast-with-Yorkshire-Pudding-459947,Standing Rib Roast with Yorkshire Pudding,5,5700.0,,,"[beef rib roast, freshly ground pepper, salt, eggs, milk, all-purpose flour, fat, dry red wine]"
Chipotle-Honey-Baby-Back-Ribs-1092603,Chipotle-Honey Baby Back Ribs,4,3000.0,[Main Dishes],,"[chipotle peppers, fresh lime juice, honey, ground black pepper, fine sea salt, baby back ribs]"
Pan-Seared-Chicken-Breast-1345632,Pan Seared Chicken Breast,4,1500.0,[Main Dishes],,"[chicken breasts, ground black pepper, salt, olive oil]"
Crock-Pot-Coke-Baby-Back-Ribs-1032692,Crock Pot Coke Baby Back Ribs,3,3600.0,[Main Dishes],,"[baby back ribs, coca-cola, salt, pepper, barbecue sauce]"
Spoiled-Baby-Back-Ribs-Allrecipes,Spoiled Baby Back Ribs,5,5100.0,[Main Dishes],[American],"[pork back ribs, ketchup, apple cider vinegar, worcestershire sauce, brown sugar, salt, flavoring]"
Copycat-Tony-Romas-BBQ-Baby-Back-Ribs-1072049,Copycat Tony Romas BBQ Baby Back Ribs,4,5100.0,[Main Dishes],[Barbecue],"[baby back ribs, salt, pepper, bbq sauce, palm sugar, warm water, ketchup, molasses, liquid smoke]"
Slow-Cooker-Beef-Short-Ribs-470044,Slow Cooker Beef Short Ribs,5,4800.0,[Main Dishes],,"[chuck short ribs, shallots, celery, vegetable oil, dry red wine, beef broth, tomato paste, all-purpose flour, bay leaves, thyme, salt, ground pepper]"
BBQ-Chicken-Pizza-1370718,BBQ Chicken Pizza,4,2100.0,[Main Dishes],,"[pizza doughs, chicken, rib, barbecue sauce, shredded mozzarella cheese, chicken breasts, salt, pepper, cilantro leaves, purple onion]"
How-To-Cook-Ribs-In-The-Oven-628618,How To Cook Ribs In The Oven,3,16500.0,[Main Dishes],,"[pork ribs, dry rub, apple juice, bbq sauce]"
Garlic-_-Herb-Prime-Rib-with-Roasted-Potatoes-_-Beets-1364934,Garlic & Herb Prime Rib with Roasted Potatoes & Beets,4,9900.0,[Main Dishes],,"[rib roast, garlic cloves, potatoes, sweet potatoes, beets, butter, seasoning, kosher salt, fresh rosemary, pepper, salt]"
Hearty-Barley-Vegetable-Soup-1367964,Hearty Barley Vegetable Soup,3,11100.0,[Soups],,"[barley, bay leaf, oil, carrots, celery ribs, chopped onion, green beans, black beans, water, vegetable broth, chopped tomatoes, salt, pepper]"
The-Best-Barbecue-Ribs-1284207,The Best Barbecue Ribs,4,10800.0,[Main Dishes],,"[pork ribs, barbecue sauce]"
Prime-Rib-of-Beef-Roast-966672,Prime Rib of Beef Roast,4,6300.0,[Main Dishes],,"[rib roast, olive oil, minced garlic, rosemary sprigs, ground black pepper]"
Rib-Eye-Roast-Epicurious,Rib Eye Roast,4,,[Main Dishes],[American],"[rib-eye roast, salt, cracked black pepper]"
Applebee_s-Smoky-Baby-Back-Ribs-1308602,Applebee's Smoky Baby Back Ribs,3,4800.0,[Main Dishes],,"[pork baby back ribs, apple cider vinegar, worcestershire sauce, ketchup, brown sugar, flavoring, salt, pepper]"
November-9_-2014-1379559,"November 9, 2014",4,1500.0,,,"[kale, garlic, nutritional yeast, nuts, olive oil, kalamata]"
Herb-Roasted-Sirloin-Tip-1355502,Herb Roasted Sirloin Tip,4,6300.0,[Main Dishes],,"[sirloin tip roast, kosher salt, vegetable oil, pepper, dried oregano, dried basil, crushed red pepper flakes, garlic]"
Clay_s-Apple-Seasoned-Grilled-Ribs-1080134,Clay's Apple Seasoned Grilled Ribs,4,,,,"[rib, emerils essence, rub, ale, bbq sauce]"
Kale-Chips-1370331,Kale Chips,4,2100.0,,,"[kale, coconut oil, sea salt]"
Grilled-BBQ-Country-Style-Ribs-1210052,Grilled BBQ Country Style Ribs,4,3900.0,[Main Dishes],[Barbecue],"[pork country-style ribs, dry rub, bbq sauce, ketchup, water, apple cider vinegar, brown sugar, sugar, worcestershire sauce, ground black pepper, salt, garlic powder, onion powder, ground mustard, sauce]"
Asian-Grilled-Keto-Short-Ribs-1348570,Asian Grilled Keto Short Ribs,3,3900.0,[Main Dishes],[Asian],"[short rib, soy sauce, rice vinegar, fish sauce, ground ginger, onion powder, minced garlic, red pepper flakes, sesame seeds, cardamom, salt]"
Braised-Short-Ribs-1290006,Braised Short Ribs,3,3300.0,[Main Dishes],,"[beef rib short, coarse kosher salt, dry red wine, diced tomatoes in juice, button mushrooms, finely chopped onion, garlic cloves, parsley sprigs, bay leaves, crusty bread]"
Easy-Slow-Baked-BBQ-Short-Ribs-495863,Easy Slow-Baked BBQ Short Ribs,4,11700.0,[Main Dishes],,"[boneless beef short ribs, kosher salt, black pepper, ketchup, dark brown sugar, cider vinegar, worcestershire sauce, dijon mustard, chili powder, garlic powder, cayenne pepper]"
Thanksgiving-Soup-with-Turkey_-Sweet-Potatoes-and-Cranberries-1380538,"Thanksgiving Soup with Turkey, Sweet Potatoes and Cranberries",4,3000.0,[Soups],,"[butter oil, onions, celery ribs, garlic, sweet potatoes, poultry seasoning, dried sage, turkey broth, dried cranberries, cooked turkey, turkey gravy, salt]"
Honey-Mustard-Ribs-627239,Honey Mustard Ribs,4,7200.0,[Main Dishes],,"[honey, whole grain mustard, pork ribs, salt, ground black pepper]"
Smoky-Indoor-Ribs-1164570,Smoky Indoor Ribs,4,12600.0,[Main Dishes],,"[rib, instant espresso powder, liquid smoke, salt, pork baby back ribs, barbecue sauce, extra-virgin olive oil, onions, pepper, smoked paprika, low sodium chicken broth, cider vinegar, light corn syrup, ketchup, molasses, brown mustard, hot sauce]"
Corky_s-Oven-Barbecue-Flanken-Ribs-1338260,Corky's Oven Barbecue Flanken Ribs,4,11700.0,[Main Dishes],,"[mustard powder, brown sugar, smoked paprika, cumin, garlic powder, onion powder, dried thyme, crushed red pepper, celery salt, marjoram, dried oregano, black pepper, chili powder, dried sage, sour salt, kosher salt, ground coriander, allspice, rub, spices, mesquite seasoning, flanken short ribs, sweet barbeque sauce, spicy barbecue sauce, dry rub, gluten]"
72-Hour-Sous-Vide-Short-Ribs-1267523,72 Hour Sous Vide Short Ribs,4,6300.0,[Main Dishes],,"[short rib, frying oil, potatoes, unsalted butter, whole milk, salt, black pepper, shallots, flour, beef stock]"
Kalbi-Style-Maui-Ribs-1069949,Kalbi-Style Maui Ribs,4,900.0,[Main Dishes],,"[marinade, ginger, garlic, green onions, soy sauce, mirin, sesame oil, sugar, flanken short ribs]"
Short-Rib-Ragu-767441,Short Rib Ragù,3,4500.0,[Main Dishes],,"[beef rib short, olive oil, prosciutto, yellow onion, carrots, large garlic cloves, bay leaves, cinnamon sticks, ground cumin, kosher salt, freshly ground pepper, tomato paste, dry red wine, beef broth]"
Onion-and-Cola-Smoked-Spare-Ribs-577658,Onion and Cola Smoked Spare Ribs,3,19800.0,[Main Dishes],,"[spareribs, apple cider vinegar, cola, yellow onion, garlic, rub, sauce]"
Pork-Ribs-Stewed-in-Coconut-Milk-_Ginataang-Ribs_-1324345,Pork Ribs Stewed in Coconut Milk (Ginataang Ribs),4,3600.0,[Main Dishes],,"[pork ribs, white onion, cooking oil, coconut milk, fish sauce]"
Dry-Rubbed-BBQ-Ribs-1308215,Dry Rubbed BBQ Ribs,4,4800.0,[Main Dishes],[Barbecue],"[pork ribs, lemon, white distilled vinegar, water, bbq sauce]"
Memphis-Dry-Ribs-601156,Memphis Dry Ribs,3,5100.0,[Main Dishes],[Barbecue],"[pork loin back ribs, smoked paprika, brown sugar, pasilla chile pepper, salt, ground coriander, dry mustard, garlic powder, celery salt, cracked black pepper, cayenne pepper, chips, cider vinegar, yellow mustard, coleslaw, mayonnaise, dill, sugar, lemon pepper seasoning, shredded cabbage, purple onion]"
Memphis-Style-Dry-Ribs-441772,Memphis-Style Dry Ribs,5,4800.0,[Main Dishes],[Barbecue],"[kosher salt, dark brown sugar, paprika, dried oregano, ground black pepper, garlic powder, onion powder, dried thyme, marjoram, dried parsley, ground cumin, mustard powder, celery seed, cayenne, fennel seeds, ground white pepper, pork spareribs, apple juice]"
Beef-Minestrone-1378217,Beef Minestrone,4,3000.0,[Soups],,"[ditalini pasta, cooking oil, chopped onion, carrots, celery ribs, garlic, zucchini, cannellini beans, diced tomatoes, chicken broth, beef]"
Thyme-Braised-Short-Ribs-1021883,Thyme-Braised Short Ribs,4,6300.0,[Main Dishes],,"[coconut oil, beef rib short, salt and ground black pepper, onions, carrots, celery, garlic, tomato paste, balsamic vinegar, water, dried thyme, beef broth, portobello caps, ghee, fresh chives]"
Homestyle-Chicken-and-Dumpling-Soup-1369320,Homestyle Chicken and Dumpling Soup,3,2400.0,[Soups],,"[chicken broth, cooked chicken, condensed cream of chicken soup, poultry seasoning, refrigerated buttermilk biscuits, carrots, celery ribs]"
Crockpot-BBQ-Ribs-601480,Crockpot BBQ Ribs,3,27000.0,[Main Dishes],,"[brown sugar, cayenne pepper, salt, pepper, pork baby back ribs, barbecue sauce]"
Prime-Rib-with-Herbes-de-Provence-Crust-767873,Prime Rib with Herbes de Provence Crust,3,3900.0,[Main Dishes],,"[rib, herbes de provence, kosher salt, freshly ground pepper, maldon sea salt]"
Perfect-Prime-Rib-1033480,Perfect Prime Rib,4,,,,"[garlic, cracked black pepper, seasoning salt, kosher salt, brown sugar, standing rib roast]"
Polynesian-Style-Glazed-Short-Ribs-1226995,Polynesian-Style Glazed Short Ribs,4,3600.0,[Main Dishes],,"[beef rib short, soy sauce, orange juice, lime juice, sesame oil, sugar, fresh ginger, garlic, vegetable oil, low sodium chicken broth, water, pineapple preserves, orange zest, hot sauce]"
Slow-Cooker-Red-Wine-Short-Ribs-1159095,Slow Cooker Red Wine Short Ribs,3,36600.0,[Main Dishes],,"[dry red wine, tomato paste, au jus gravy mix, dried thyme, kosher salt, pepper, shallots, beef rib short, flat leaf parsley]"
Slow-Cooker-Country-Style-Ribs-1328795,Slow Cooker Country Style Ribs,4,2700.0,[Main Dishes],,"[bacon, chili powder, garlic, onions, San Marzano tomatoes, white sugar, dark molasses, apple cider vinegar, whole grain mustard, worcestershire sauce, kosher salt, black pepper, rib, canola oil]"
Perfect-Barbecue-Ribs-629887,Perfect Barbecue Ribs,3,3600.0,[Main Dishes],,"[rib, marmite, English mustard, smoked paprika, tomato ketchup, dark muscovado sugar]"
Grilled-Baby-Back-Ribs-with-Kansas-City-Rib-Rub-1118905,Grilled Baby Back Ribs with Kansas City Rib Rub,4,3000.0,[Main Dishes],[Barbecue],"[pork baby back ribs, brown sugar, paprika, black pepper, salt, chili powder, garlic powder, minced onion, cayenne pepper]"
Slow-low-oven-ribs-368871,Slow Low Oven Ribs,4,4800.0,[Main Dishes],,"[diced tomatoes in juice, sweet onion, garlic cloves, red pepper flakes, maple syrup, soy sauce, bay leaves, pork country-style ribs, salt, pepper]"
Broiled-Short-Ribs-Allrecipes,Broiled Short Ribs,5,8700.0,[Main Dishes],[American],"[beef rib short, pepper, salt, molasses, ketchup, fresh lemon juice, dry mustard, chili powder, garlic powder]"
Bourbon-and-Brown-Sugar-Barbecue-Ribs-1001078,Bourbon and Brown Sugar Barbecue Ribs,4,9000.0,[Main Dishes],,"[onions, pork ribs, ground chipotle chile pepper, bourbon whiskey, water]"
Slow-Cooker-BBQ-Boneless-Ribs-1180937,Slow Cooker BBQ Boneless Ribs,4,2400.0,[Main Dishes],,"[rib, bbq sauce, onions, garlic cloves, liquid smoke, pepper, salt]"
Grilled-Ribs-Recipe-Country-Style-1315063,Grilled Ribs Recipe Country Style,4,3900.0,[Main Dishes],[Barbecue],"[pork rub, ground black pepper, rib, ketchup, cider vinegar, worcestershire sauce, butter, brown sugar, chili powder, salt]"
Bison-Prime-Rib-Roast-1339739,Bison Prime Rib Roast,3,4200.0,[Main Dishes],,"[rib roast, steak, seasoning]"
Rosemary-and-Garlic-Braised-Lamb-Ribs-1187037,Rosemary and Garlic Braised Lamb Ribs,4,91800.0,[Main Dishes],,"[lamb rib, garlic, fresh rosemary, red wine, ghee, sea salt, cracked black pepper]"
BBQ-Ribs-1176371,BBQ Ribs,4,14400.0,[Main Dishes],[Barbecue],"[rib, sea salt, Hawaiian salt, light brown sugar, smoked paprika, garlic powder, crushed red pepper, chili powder, black pepper, bbq sauce]"
Vegetarian-Black-Bean-1343700,Vegetarian Black Bean,4,2400.0,,,"[extra-virgin olive oil, green pepper, purple onion, celery ribs, garlic cloves, vegetable broth, chili powder, black beans]"
Short-Ribs-_-Polenta-1021179,Short Ribs & Polenta,5,5100.0,[Main Dishes],,"[beef rib short, ground pepper, smoked sea salt, olive oil, granny smith apples, onions, celery ribs, garlic cloves, thyme, tomato paste, dry white wine, chicken stock, apple cider vinegar, honey]"
Braised-Short-Ribs-1235618,Braised Short Ribs,4,4500.0,[Main Dishes],,"[bone-in short ribs, cacao, orange zest, garlic powder, smoked paprika, onion flakes, sea salt, bone broth, cooking oil, medium zucchini]"
