id,recipeName,rating,totalTimeInSeconds,course,cuisine,ingredients
Autumn-Chopped-Salad-1363187,Autumn Chopped Salad,4,1200.0,[Salads],,"[romaine lettuce, lettuce, gala apples, dried cranberries, chopped pecans, bacon, feta cheese, poppy seed dressing]"
The-Classic-Caprese-Salad-Recipe-An-All-Rounder_-1379649,The Classic Caprese Salad Recipe — An All Rounder!,3,1200.0,[Appetizers],,"[tomatoes, mozzarella cheese, basil leaves, olive oil, balsamic vinegar, salt]"
Kale-Salad-With-Roasted-Delicata-Squash_-Chevre_-Dried-Cranberries-And-Spiced-Pecans-1357029,"Kale Salad With Roasted Delicata Squash, Chevre, Dried Cranberries And Spiced Pecans",4,2400.0,,,"[delicata squash, extra-virgin olive oil, coarse kosher salt, freshly ground pepper, kale leaves, sherry, fresh chevre, cranberries, pecans]"
Holiday-Honeycrisp-Salad-1365517,Holiday Honeycrisp Salad,4,900.0,[Salads],,"[extra-virgin olive oil, apple cider vinegar, unsweetened apple juice, honey, lemon juice, salt, freshly ground black pepper, Honeycrisp apples, lemon, salad greens, pecan halves, dried cranberries, crumbled blue cheese]"
Roasted-Beet-and-Apple-Salad-1375078,Roasted Beet and Apple Salad,4,3300.0,[Salads],,"[beets, apples, olive oil, salt, pepper, walnuts, feta cheese, dijon mustard, maple syrup, wine vinegar]"
Southwestern-Bean-Salad-1373976,Southwestern Bean Salad,4,600.0,,[Southwestern],"[pinto beans, kidney beans, corn, green chile, chicken, onions, salsa, chili powder, cumin]"
Cobb-Salad-1372709,Cobb Salad,4,1800.0,[Salads],,"[lettuce, cooked chicken, bacon, hard-boiled egg, avocado, grape tomatoes, crumbled blue cheese, pepper, blue cheese dressing]"
Harvest-Quinoa-Salad-1371893,Harvest Quinoa Salad,4,2100.0,[Salads],,"[tricolor quinoa, butternut squash, apples, green onions, baby kale, dried cranberries, toasted slivered almonds, pepitas, salt, pepper, salad, vinaigrette]"
BLT_-Egg-and-Avocado-Salad-1375563,"BLT, Egg and Avocado Salad",4,1200.0,[Salads],,"[romaine lettuce, boiled eggs, avocado, bacon, plum tomatoes, reduced fat ranch dressing, salt, pepper]"
Broccoli-Salad-1375769,Broccoli Salad,4,1200.0,[Salads],,"[broccoli florets, purple onion, raisins, toasted walnuts, reduced fat mayonnaise, fat free greek yogurt, red wine vinegar, sugar]"
Tomato-Cucumber-Salad-1363826,Tomato Cucumber Salad,4,3000.0,[Salads],,"[tomatoes, cucumber, kalamata, feta cheese, fresh dill]"
Honeycrisp-Apple-Pecan-Salad-with-an-Apple-Cider-Vinaigrette-1363917,Honeycrisp Apple Pecan Salad with an Apple Cider Vinaigrette,4,900.0,[Salads],,"[Honeycrisp apples, pecans, dried cranberries, crumbled goat cheese, chicken, mixed greens, apple cider vinegar, honey, olive oil, honey mustard, salt, pepper]"
Potstickers-Asian-Chopped-Salad-1372081,Potstickers Asian Chopped Salad,4,900.0,[Salads],,"[chicken, slaw mix, cilantro, sliced almonds, sliced green onions, sauce, olive oil, peanut butter, soy sauce]"
Perfect-Pasta-Salad-Toss-1379492,Perfect Pasta Salad Toss,4,2400.0,[Salads],,"[penn pasta, cook and drain, sliced salami, roast red peppers, drain, artichoke hearts, pitted kalamata olives, fresh basil leaves, caesar salad dressing, Sargento® Artisan Blends® Shredded Parmesan Cheese, romaine lettuce leaves]"
Make-Ahead-Creamy-Cucumber-Salad-1366177,Make Ahead Creamy Cucumber Salad,4,2100.0,[Salads],,"[english cucumber, onions, sour cream, lemon juice, sugar, dill, pepper]"
Corn_-Avocado_-and-Tomato-Salad-1362882,"Corn, Avocado, and Tomato Salad",4,2400.0,[Salads],,"[corn, avocado, cherry tomatoes, diced red onions, olive oil, lime zest, fresh lime juice, chopped cilantro, salt, pepper]"
The-original-potato-salad-303892,The Original Potato Salad,4,1500.0,"[Salads, Side Dishes]",,"[potatoes, hellmann' or best food real mayonnais, red vinegar white white, wine,, salt, sugar, ground black pepper, celery, onions, eggs]"
BLT-Caesar-Salad-1353475,BLT Caesar Salad,3,600.0,[Salads],,"[bacon, caesar salad dressing, romaine lettuce, cherry tomatoes, shredded parmesan cheese, croutons]"
Bacon_-Onion_-and-Tomato-Salad-1365758,"Bacon, Onion, and Tomato Salad",3,1200.0,[Salads],,"[large tomato, sweet onion, bacon, olive oil, onion powder, garlic powder, italian seasoning, sugar, red wine vinegar, salt]"
Chef-Salad-1368737,Chef Salad,4,1200.0,[Salads],,"[romaine lettuce, honey glazed ham, roast turkey, tomatoes, hard-boiled egg, shredded cheddar cheese, cucumber, mayonnaise, prepared mustard, honey, poppy seed dressing]"
Green-Bean-Salad-with-Mustard-Vinaigrette-1378789,Green Bean Salad with Mustard Vinaigrette,4,1200.0,[Salads],,"[green beans, dijon mustard, apple cider vinegar, extra-virgin olive oil, kosher salt, sliced almonds]"
Asian-Broccoli-Salad-1374797,Asian Broccoli Salad,4,600.0,[Salads],,"[broccoli slaw, ramen noodles, salad oil, white vinegar, sugar, green onions, sesame sticks]"
Green-Bean-Salad-with-Mustard-Vinaigrette-1378498,Green Bean Salad with Mustard Vinaigrette,4,1200.0,[Salads],,"[green beans, dijon mustard, apple cider vinegar, extra-virgin olive oil, kosher salt, sliced almonds]"
Apple-Cranberry-Salad-Toss-1374216,Apple-Cranberry Salad Toss,3,1800.0,[Salads],,"[mixed greens, apples, dried cranberries, walnut halves, green onions, raspberry vinaigrette dressing]"
Easy-Low-Carb-Pecan-Cranberry-Brussels-Sprout-Salad-1373436,Easy Low Carb Pecan Cranberry Brussels Sprout Salad,4,900.0,"[Salads, Side Dishes]",,"[shallots, garlic cloves, dijon mustard, red wine vinegar, extra-virgin olive oil, sea salt, pepper, brussels sprouts, toasted pecans, crumbled blue cheese, dried cranberries]"
Easy-Oven-Baked-Salmon-With-Arugula-Avocado-Salad-1373925,Easy Oven Baked Salmon With Arugula Avocado Salad,4,1500.0,"[Salads, Main Dishes]",,"[salmon fillets, lemon, garlic cloves, olive oil, salt, pepper, arugula, avocado, shallots, lemon juice, vinegar]"
Broccoli-Salad-1376190,Broccoli Salad,4,1200.0,[Salads],,"[broccoli florets, purple onion, raisins, toasted walnuts, reduced fat mayonnaise, fat free greek yogurt, red wine vinegar, sugar]"
Raw-Kale-Salad-1380235,Raw Kale Salad,4,1500.0,[Salads],,"[kale, olive oil, sea salt, lime, balsamic vinegar, purple onion, orange]"
Strawberry-Quinoa-Salad-1379037,Strawberry Quinoa Salad,4,600.0,[Salads],,"[baby spinach, strawberries, avocado, cooked quinoa, pecan halves, crumbled goat cheese, olive oil, balsamic vinegar, garlic, Imperial Sugar Extra Fine Granulated Sugar]"
Winter-Salad-with-Apples_-Pecans_-Blue-Cheese-and-Dried-Cherries_-1372977,"Winter Salad with Apples, Pecans, Blue Cheese and Dried Cherries~",4,900.0,[Salads],,"[greens, granny smith apples, pecan halves, dried cherry, blue cheese, dijon mustard, maple syrup, apple cider vinegar, olive oil, salt, freshly ground black pepper]"
Tortellini-Bacon-Broccoli-Salad-1375504,Tortellini Bacon Broccoli Salad,3,1800.0,[Salads],,"[cheese tortellini, bacon, broccoli, grape tomatoes, green onions, coleslaw dressing]"
Quinoa-Power-Salad-1360097,Quinoa Power Salad,4,3000.0,[Salads],,"[quinoa, organic vegetable broth, low sodium kidney beans, cucumber, roma tomatoes, green bell pepper, yellow corn, purple onion, jalapeno chilies, chopped parsley, salt, pepper, chili powder, cumin]"
Cranberry-Pecan-Turkey-Salad-1356293,Cranberry Pecan Turkey Salad,4,600.0,[Salads],,"[turkey breast, chopped pecans, chopped celery, dried cranberries, mayonnaise, salt, pepper]"
4-Ingredient-Carrot-Raisin-Salad-1364223,4-Ingredient Carrot Raisin Salad,4,600.0,[Salads],,"[matchstick carrots, granny smith apples, raisins, salad dressing]"
Classic-Potato-Salad-1369789,Classic Potato Salad,4,1800.0,"[Side Dishes, Salads]",,"[russet potatoes, celery, dill pickles, green onions, parsley, kosher salt, freshly ground black pepper, Hellmann's® Real Mayonnaise]"
Spinach-Salad-with-Roasted-Vegetables-and-Apricot-1361728,Spinach Salad with Roasted Vegetables and Apricot,3,900.0,[Salads],,"[vegetables, spinach, vinaigrette, sunflower seeds, dried apricot]"
Crab-Salad-1349488,Crab Salad,4,2100.0,[Salads],,"[shell pasta, imitation crab meat, green pepper, cherry tomatoes, green onions, shredded cheddar cheese, mayonnaise, creamy italian dressing, grated parmesan cheese]"
Waldorf-Salad-1372162,Waldorf Salad,4,1500.0,[Salads],,"[apples, lemon juice, sugar, mayonnaise, celery, walnuts, lettuce]"
Kale-Caesar-Salad-1374116,Kale Caesar Salad,4,1800.0,[Salads],,"[dressing, anchovies, garlic cloves, lemon, salt, freshly ground black pepper, dijon mustard, worcestershire sauce, olive oil, salad, lacinato kale, parmesan curls, croutons]"
Taco-Salad-1351207,Taco Salad,4,900.0,[Salads],,"[salad, ground beef, taco seasoning, lettuce, tomatoes, green onions, kidney beans, shredded cheese, tortilla chips, dressing, thousand island dressing, Kraft Miracle Whip Dressing, taco sauce]"
Krayl_s-Brussels-Sprouts-_-Pancetta-Salad-1362851,Krayl's Brussels Sprouts + Pancetta Salad,4,1800.0,[Salads],,"[olive oil, pancetta, brussels sprouts, anchovy filets, garlic, freshly ground black pepper, lemon juice, red wine vinegar, dijon mustard, extra-virgin olive oil, grated parmesan cheese]"
Black-Bean_-Corn-and-Tomato-Salad-1368524,"Black Bean, Corn and Tomato Salad",4,1200.0,[Salads],,"[black beans, fresh tomatoes, green bell pepper, fresh corn, green onions, jalapeno chilies, garlic, sea salt, fresh lime juice, dijon mustard, ground pepper, olive oil, vegetable oil]"
Spicy-Chickpea-Salad-1353896,Spicy Chickpea Salad,4,600.0,[Salads],,"[salad, cucumber, chickpeas, red chili peppers, coriander, lemon, olive oil, salt]"
Recipe-for-Brussels-Sprouts-and-Farro-Salad-1368245,Recipe for Brussels Sprouts and Farro Salad,4,2700.0,"[Salads, Side Dishes]",,"[farro, chicken broth, bacon, butter, brussels sprouts, salt, dried thyme, white wine vinegar, coarse ground mustard, honey, olive oil, garlic]"
Kale-Salad-with-Apples-and-Walnuts-1375032,Kale Salad with Apples and Walnuts,4,300.0,[Salads],,"[lemon juice, apple cider vinegar, olive oil, kale, apples, shredded parmesan cheese, walnuts]"
Baby-Greens-Salad-with-Pecans_-Pomegranate_-Goat-Cheese-_-Mango-Dressing-1379502,"Baby Greens Salad with Pecans, Pomegranate, Goat Cheese & Mango Dressing",4,1200.0,[Salads],,"[baby greens, pomegranate, pecans, goat cheese, green onions, mango, honey, lemon juice, extra-virgin olive oil, water, salt, freshly ground black pepper]"
Avocado-and-Tomato-Salad-1061964,Avocado and Tomato Salad,4,600.0,[Salads],,"[tomatoes, avocado, purple onion, chopped cilantro, lime, extra-virgin olive oil, salt]"
The-Go-To-Salad-1357540,The Go To Salad,4,1200.0,[Salads],,"[salad greens, avocado, garbanzo beans, tomatoes, crumbled cheese, black olives, scallions, red wine vinegar, olive oil, freshly ground black pepper, kosher salt]"
Pomegranate_-Mango-_-Brie-Salad-1370101,"Pomegranate, Mango & Brie Salad",4,600.0,[Salads],,"[arugula, green lentil, avocado, mango, brie cheese, pomegranate seeds, salad, pomegranate juice]"
Guacamole-Chicken-Salad-1368684,Guacamole Chicken Salad,3,1200.0,[Salads],,"[avocado, lime juice, cilantro, purple onion, celery, serrano peppers, kosher salt, cooked chicken breasts, butter lettuce]"
Copycat-Golden-Corral-Light-_-Easy-Fish-Salad-1377784,Copycat Golden Corral Light & Easy Fish Salad,3,300.0,[Salads],,"[imitation crab meat, celery, green bell pepper, green onions, lemon juice, hard-boiled egg, mayonnaise]"
Caprese-Orzo-Salad-1380000,Caprese Orzo Salad,3,3900.0,[Salads],,"[cherry tomatoes, bocconcini, olive oil, fresh basil, garlic cloves, kosher salt, freshly ground black pepper, orzo]"
Crispy-Chicken-Cobb-Salad-1360161,Crispy Chicken Cobb Salad,4,2400.0,[Salads],,"[romaine lettuce, Tyson Crispy Chicken Strips, boiled eggs, shredded cheddar cheese, roma tomatoes, crumbled bacon, salad dressing]"
_Cracked-Out_-Broccoli-Salad-1156755,"""Cracked Out"" Broccoli Salad",4,900.0,[Salads],,"[broccoli florets, ranch dressing, shredded cheddar cheese, bacon]"
Taco-Salad-638432,Taco Salad,4,900.0,[Salads],,"[tomatoes, onions, ground beef, shredded cheddar cheese, doritos, lettuce, salad dressing]"
Pear-and-Bacon-Salad-1379027,Pear and Bacon Salad,4,900.0,[Salads],,"[lettuce, pears, grapes, bacon, goat cheese, pistachios, balsamic vinaigrette]"
Italian-Style-Salad-1373329,Italian-Style Salad,4,,,,"[spring salad mix, yellow bell pepper, cucumber, grape tomatoes, pitted black olives, garlic, italian salad dressing]"
Dill-spinach-salad-297111,Dill Spinach Salad,4,600.0,[Salads],,"[baby spinach leaves, cucumber, purple onion, snip fresh dill, salad]"
Cranberry-Salad-1372618,Cranberry Salad,4,18900.0,[Salads],,"[cranberries, granulated sugar, crushed pineapple, lime, chopped walnuts, mini marshmallows, heavy cream]"
Cobb-Salad-in-a-Jar-1097604,Cobb Salad in a Jar,4,900.0,[Salads],,"[romaine lettuce, cubed turkey, cherry tomatoes, avocado, hard-boiled egg, shredded cheddar cheese]"
Holiday-Honeycrisp-Salad-1376402,Holiday Honeycrisp Salad,4,900.0,[Salads],,"[extra-virgin olive oil, apple cider vinegar, unsweetened apple juice, honey, lemon juice, salt, freshly ground black pepper, Honeycrisp apples, lemon, salad greens, pecan halves, dried cranberries, crumbled blue cheese]"
Tuna-Salad-Wrap-679707,Tuna Salad Wrap,4,1500.0,[Lunch and Snacks],[Kid-Friendly],"[salad, tomatoes, leaf lettuce, shredded cheddar cheese, tortilla wraps]"
Mediterranean-Quinoa-Salad-1061229,Mediterranean Quinoa Salad,3,1800.0,[Salads],[Mediterranean],"[quinoa, salt, cucumber, diced tomatoes, ripe olives, feta cheese crumbles, purple onion]"
Cranberry-Fluff-Salad-1376518,Cranberry Fluff Salad,4,1500.0,[Salads],,"[whole cranberry sauce, crushed pineapple, chocolate instant pudding, sugar, mini marshmallows, chopped pecans, cool whip, whipped cream]"
Fast-Italian-Cucumber-Salad-471161,Fast Italian Cucumber Salad,5,1200.0,[Salads],,"[roma tomatoes, purple onion, cucumber, italian salad dressing]"
Salted-Pecan_-Pear_-_-Gorgonzola-Salad-1372736,"Salted Pecan, Pear, & Gorgonzola Salad",4,600.0,[Salads],,"[extra-virgin olive oil, pecans, sea salt, pepper, mixed greens, pears, crumbled gorgonzola]"
Cranberry-Almond-Chicken-Salad-1367736,Cranberry Almond Chicken Salad,4,1500.0,[Salads],,"[mayonnaise, salad dressing, chives, onion powder, salt, freshly ground black pepper, garlic powder, roasting chickens, celery, toasted slivered almonds, dried cranberries, rolls, lettuce leaves]"
Mediterranean-Chickpea-Salad-1331067,Mediterranean Chickpea Salad,3,2400.0,[Salads],[Mediterranean],"[chickpeas, cucumber, roasted red peppers, purple onion, salt, lemon juice, extra-virgin olive oil, plum tomatoes, garlic]"
Our-Favorite-Spinach-Salad-with-Poppy-Seed-Dressing-1358756,Our Favorite Spinach Salad with Poppy Seed Dressing,4,1800.0,[Salads],,"[poppy seed dressing, boiled eggs, baby spinach, cooked bacon, red grape, purple onion, pecans]"
Cranberry-Pecan-Chicken-Salad-1366791,Cranberry Pecan Chicken Salad,4,2100.0,[Salads],,"[chicken, mayonnaise, chopped celery, chopped pecans, cranberries, salt, white pepper]"
Heart-Healthy-Chicken-Salad-1371273,Heart Healthy Chicken Salad,3,900.0,[Salads],,"[nonfat yogurt, light mayonnaise, chopped celery, finely chopped onion, chicken breasts, tomatoes, shredded lettuce]"
Curried-Apple-Cranberry-Chicken-Salad-Lettuce-Wraps-1345879,Curried Apple Cranberry Chicken Salad Lettuce Wraps,4,600.0,[Salads],,"[diced chicken, Honeycrisp apples, dried cranberries, celery, toasted slivered almonds, fresh parsley, green onions, mayonnaise, mustard, lemon juice, curry powder, salt, pepper, butter lettuce]"
Tortellini-Salad-1257048,Tortellini Salad,4,2700.0,[Salads],,"[tortellini, mozzarella cheese, pepperoni, cherry tomatoes, fresh basil, caesar salad dressing]"
Warm-Pantry-Potato-Salad-1365590,Warm Pantry Potato Salad,4,1200.0,[Salads],,"[cubed potatoes, green onions, crumbled bacon, salad dressing, salt, garlic powder, dried parsley, sweet mini bells]"
Greek-Tortellini-Salad-1369260,Greek Tortellini Salad,4,1800.0,[Salads],[Greek],"[cheese tortellini, grape tomatoes, cucumber, kalamata, purple onion, feta cheese crumbles, extra-virgin olive oil, red wine vinegar, garlic, dried oregano, salt, pepper]"
Beetroot-And-Honeyed-Walnut-Salad-1376983,Beetroot And Honeyed Walnut Salad,4,3000.0,[Salads],,"[beets, water, walnuts, honey, pink salt, bocconcini, purple onion, mixed greens, extra-virgin olive oil, balsamic reduction, balsamic vinegar, raspberries]"
Warm-Eggplant_-Mushroom-and-Kale-Salad-1368601,"Warm Eggplant, Mushroom and Kale Salad",4,3000.0,[Salads],,"[olive oil, eggplant, cremini mushrooms, kale, walnuts, goat cheese, thyme leaves, garlic, balsamic vinegar, honey, cracked black pepper]"
Garden-Vegetable-Salad-Rolls-with-_Peanut_-Dipping-Sauce-1372205,"Garden Vegetable Salad Rolls with ""Peanut"" Dipping Sauce",4,1500.0,[Appetizers],,"[leaves, bell pepper, cucumber, carrots, avocado, rice paper, peanuts]"
Italian-Tossed-Salad-With-Field-Greens-1374431,Italian Tossed Salad With Field Greens,4,1200.0,[Salads],,"[romaine lettuce, greens, cherry tomatoes, black olives, chickpeas, croutons, italian salad dressing]"
Harvest-Apple-Spinach-Salad-1319401,Harvest Apple Spinach Salad,4,1800.0,[Salads],,"[spinach, green apples, red apples, feta cheese, candied pecans, apple juice, apple cider vinegar, honey, salt, black pepper, olive oil]"
Olive-Salad-1372155,Olive Salad,4,1500.0,[Salads],,"[pitted olives, green olives, celery ribs, garlic cloves, olive oil]"
Asian-Chicken-Salad-with-Sesame-Chili-Vinaigrette-499124,Asian Chicken Salad with Sesame Chili Vinaigrette,4,1800.0,[Salads],[Asian],"[rotisserie chicken, green cabbage, frozen peas, carrots, cucumber, green onions, garlic chili sauce, honey, sesame oil, vinegar, lime juice, wasabi paste, peanuts]"
Ham-Salad-1019054,Ham Salad,4,2400.0,[Salads],,"[fully cooked ham, hard-boiled egg, sweet pickle relish, salad, mayonnaise, black pepper]"
Melon-_-Prosciutto-Salad-with-Goat-Cheese-_-Balsamic-1364393,Melon & Prosciutto Salad with Goat Cheese & Balsamic,4,600.0,[Salads],,"[cantaloupe, goat cheese, prosciutto, fresh basil, cracked black pepper, salt]"
Prawn-_-Avocado-Salad-1354451,Prawn & Avocado Salad,4,900.0,[Salads],,"[prawns, natural yogurt, lime zest, juice, red chili peppers, coriander, salad, avocado]"
Avocado-Egg-Salad-1303854,Avocado Egg Salad,4,900.0,[Salads],,"[avocado, vinaigrette dressing, egg salad, salt, pepper]"
Mixed-Green-Salad-with-Roasted-Beets_-Orange_-Pomegranate-Seeds-and-Pumpkin-Seeds-1379343,"Mixed Green Salad with Roasted Beets, Orange, Pomegranate Seeds and Pumpkin Seeds",4,1500.0,[Salads],,"[mixed greens, beets, orange, pomegranate seeds, toasted pumpkinseeds, extra-virgin olive oil, fresh orange juice, salt, pepper]"
Green-Bean-Salad-with-Balsamic-Glaze-1379191,Green Bean Salad with Balsamic Glaze,4,420.0,[Salads],,"[green beans, grapes, parmesan cheese, balsamic reduction, olive oil, pepper, salt]"
Bacon-Ranch-Pasta-Salad-1365755,Bacon Ranch Pasta Salad,3,2100.0,[Salads],,"[shell pasta, carrots, frozen peas, mayonnaise, Hidden Valley® Original Ranch® Dressing, bacon bits, onion powder]"
My-Favorite-Greek-Salad-600750,My Favorite Greek Salad,3,1200.0,[Salads],,"[salad, greens, purple onion, sliced cucumber, sliced tomatoes, feta cheese crumbles, fresh basil leaves, balsamic vinaigrette]"
chopped-Cobb-salad-1353577,chopped Cobb salad,3,600.0,[Salads],,"[iceberg lettuce, crumbled blue cheese, thick-cut bacon, hard-boiled egg, grape tomatoes, english cucumber, cooked chicken breasts, avocado, kosher salt, ground black pepper, salad dressing]"
Blt-salad-333844,BLT Salad,5,1200.0,[Salads],,"[spring greens, fresh mozzarella, plum tomatoes, bacon, whole wheat bread toasted, avocado]"
Kale-Salad-with-Cranberries_-Apples_-and-Candied-Pecans-1353906,"Kale Salad with Cranberries, Apples, and Candied Pecans",3,480.0,[Salads],,"[kale leaves, olive oil, dried cranberries, pomegranate seeds, candied pecans, apples, poppy seed dressing]"
Mango-Salad-Dressing-1370281,Mango Salad Dressing,4,300.0,[Salads],,"[mango, white wine vinegar, olive oil, honey, salt]"
Cranberry-Fluff-Salad-1379934,Cranberry Fluff Salad,4,1500.0,[Salads],,"[whole cranberry sauce, crushed pineapple, chocolate instant pudding, sugar, mini marshmallows, chopped pecans, cool whip, whipped cream]"
Broccoli-Salad-with-Chia-and-Hemp-Seeds-1356818,Broccoli Salad with Chia and Hemp Seeds,4,1200.0,[Salads],,"[broccoli, shredded carrots, red cabbage, hemp seeds, chia seeds, sunflower seeds, avocado slices, ranch dressing]"
Quinoa-Salad-1364001,Quinoa Salad,4,2400.0,[Salads],,"[quinoa, water, avocado, grape tomatoes, cilantro leaves, oil, lime juice, salt, pepper]"
Quinoa-And-Cauliflower-Salad-1370716,Quinoa And Cauliflower Salad,3,2100.0,[Salads],,"[cauliflower, garlic, extra-virgin olive oil, cracked black pepper, sea salt, cooked quinoa, hazelnuts, currant, mint leaves, lemon juice, honey]"
Roasted-Butternut-Squash_-Pomegranate-_-Goat-Cheese-Salad-1348795,"Roasted Butternut Squash, Pomegranate & Goat Cheese Salad",4,1200.0,[Salads],,"[mixed greens, butternut squash, pomegranate seeds, goat cheese, greek yogurt, dressing]"
Harvest-Salad-with-Chicken_-Apples-_-Cheddar-1364598,"Harvest Salad with Chicken, Apples & Cheddar",4,600.0,[Salads],,"[salad greens, chicken, cheddar cheese, dried cranberries, apples, green onions, sliced almonds, balsamic vinegar, extra-virgin olive oil, salt, pepper]"
Tomato-_-Pickled-Beet-Salad-1370387,Tomato & Pickled Beet Salad,4,600.0,[Salads],,"[olive oil, balsamic vinegar, diced tomatoes, pickled beets, arugula, salt, feta cheese]"
Farfalle-Pepperoni-Beans-Salad-1360235,Farfalle Pepperoni Beans Salad,4,1200.0,[Salads],,"[bow-tie pasta, pinto beans, pepperoni, roma tomatoes, green bell pepper, onions, fresh parsley, oregano, salt, black pepper, italian salad dressing]"
Tuna-Salad-with-Hummus-1379517,Tuna Salad with Hummus,3,900.0,[Lunch and Snacks],,"[light tuna packed in water, tomatoes, celery, spinach, avocado, hummus, lemon, pepper, whole wheat pita bread, romaine lettuce]"
Kale-Cabbage-Confetti-Salad-1353564,Kale Cabbage Confetti Salad,3,900.0,[Salads],,"[kale, lime juice, extra-virgin olive oil, kosher salt, ground black pepper, red cabbage, parmesan cheese]"
Corn-_-Tomato-Salad-1375338,Corn & Tomato Salad,4,1500.0,[Salads],,"[ear of corn, cherry tomatoes, purple onion, jalapeno chilies, cilantro, olive oil, lime juice, sea salt, black pepper]"
Greek-Style-Chickpea-Salad-1342954,Greek-Style Chickpea Salad,4,1500.0,[Salads],[Greek],"[chickpeas, olive oil, lemon juice, dried oregano, ground cumin, garlic cloves, english cucumber, diced red onions, red bell pepper, cherry tomatoes, ground black pepper, salt, salad greens, feta cheese]"
Caesar-Salad-Nouveau-_Vegan_-1363223,Caesar Salad Nouveau [Vegan],3,2100.0,[Salads],,"[romaine lettuce, purple onion, radishes, cucumber, fresh mint, fresh dill, fresh parsley, avocado, croutons, caesar salad dressing, black pepper, raw cashews, garlic cloves, dijon mustard, nutritional yeast, dulse flakes, apple cider vinegar, vegan Worcestershire sauce, sea salt, water]"
Mango-Cashew-Salad-1373875,Mango Cashew Salad,4,1800.0,[Salads],,"[boneless skinless chicken breasts, beansprouts, celery, mango, roma tomatoes, cashew nuts, olive oil, lemon juice, salt, pepper]"
Strawberry-Avocado-Salad-1372230,Strawberry Avocado Salad,4,900.0,[Salads],,"[strawberries, avocado, lettuce, pecans, fresh lime juice, olive oil, honey, pepper, salt]"
Maryland-Crab-Cake-Salad-1366947,Maryland Crab Cake Salad,3,1500.0,,,"[mayonnaise, seafood seasoning, capers, worcestershire sauce, dijon mustard, lump crab meat, red bell pepper, cucumber, green onions, butter, japanese breadcrumbs, mixed greens]"
Simple-Greek-Salad-1379189,Simple Greek Salad,4,600.0,[Salads],[Greek],"[spanish onion, cucumber, tomatoes, capsicum, kalamata, feta cheese, dried oregano, red wine vinegar, olive oil, pepper, fresh oregano]"
Cucumber-and-tomato-salad-370176,Cucumber and Tomato Salad,5,2700.0,[Salads],,"[cucumber, grape tomatoes, purple onion, fresh dill, italian salad dressing, salt, pepper]"
The-BEST-Tuna-Salad-1324473,The BEST Tuna Salad,3,600.0,[Lunch and Snacks],,"[albacore, nonfat cottage cheese, low-fat plain yogurt, purple onion, celery, dijon mustard, lemon juice, dill]"
Apple-Almond-Crunch-Salad-1310900,Apple Almond Crunch Salad,3,900.0,[Salads],,"[romaine lettuce, slivered almonds, feta cheese, apples, purple onion, dried cranberries, salad dressing]"
Delightful-Fruit-_-Jello-Salad-1379156,Delightful Fruit & Jello Salad,3,1500.0,"[Desserts, Salads]",,"[mandarin oranges, pineapple chunks, cocktail cherries, bananas, sour cream, whipped topping, jello, chopped nuts, mini marshmallows]"
ASPARAGUS-AND-BACON-SALAD-1379831,ASPARAGUS AND BACON SALAD,4,1200.0,[Salads],,"[fresh asparagus, quail eggs, bacon slices, dressing, toasted pine nuts, shaved parmesan cheese]"
Marinated-Salad-1375434,Marinated Salad,3,1500.0,[Salads],,"[cauliflowerets, broccoli florets, purple onion, water chestnuts, pitted olives, sliced mushrooms, italian salad dressing]"
Macaroni-Salad-1363388,Macaroni Salad,4,1200.0,[Salads],,"[macaroni, frozen peas, light mayonnaise, spicy brown mustard, chopped celery, reduced fat cheddar cheese, salt, ground black pepper]"
Copycat-Olive-Garden-Salad-1285174,Copycat Olive Garden Salad,4,300.0,[Salads],,"[salad, roma tomatoes, purple onion, pepper, black olives, croutons, italian salad dressing, ground pepper, shaved parmesan cheese, olives]"
Best-Keto-Tuna-Salad-1359466,Best Keto Tuna Salad,4,1200.0,,,"[tuna, boiled eggs, bacon, chopped onion, mayonnaise, sour cream, dijon mustard, dill]"
Taco-Salad-1059659,Taco Salad,4,1200.0,[Salads],,"[ground beef, iceberg lettuce, green pepper, red pepper, green onions, tomatoes, cheddar cheese, nacho chips, taco seasoning, french dressing, salsa, sour cream]"
The-Best-Broccoli-Salad-1124129,The Best Broccoli Salad,4,1200.0,[Salads],,"[broccoli florets, purple onion, cheddar cheese, bacon, Kraft Miracle Whip Dressing, balsamic vinegar, sugar]"
Detox-Salad-with-Cilantro-Lime-Vinaigrette-1371482,Detox Salad with Cilantro Lime Vinaigrette,4,1200.0,[Salads],,"[mixed greens, red cabbage, red pepper, organic tomato, cucumber, green onions, avocado, cilantro sprigs, parsley sprigs, lime juice, clover honey, dijon mustard, fresh ginger, fresh cilantro, sea salt, freshly ground black pepper, extra-virgin olive oil, sesame oil]"
Creamy-Broccoli-Salad-1017802,Creamy Broccoli Salad,3,900.0,[Salads],,"[mayonnaise, sugar, red wine vinegar, broccoli florets, raisins, diced red onions, salad]"
Greek-Salad-1077031,Greek Salad,3,1200.0,[Salads],,"[tomatoes, cherry tomatoes, purple onion, seedless cucumber, red bell pepper, romaine lettuce, fresh thyme, fresh chives, Greek feta, pitted kalamata olives, olive oil, red wine vinegar, dried oregano, salt, ground black pepper]"
Date_-Feta-and-Red-Cabbage-Salad-1370642,"Date, Feta and Red Cabbage Salad",4,1200.0,[Salads],,"[red cabbage, olive oil, lime juice, salt, red pepper flakes, pitted date, feta cheese, flat leaf parsley, toasted sesame seeds]"
Spinach-_-Rice-Salad-1354278,Spinach & Rice Salad,4,1800.0,[Salads],,"[uncle bens, green bell pepper, scallions, toasted slivered almonds, olive oil, balsamic vinegar, minced garlic, dry mustard, sugar, pepper, salt, baby spinach, fresh spinach]"
Curried-Chicken-Salad-1373926,Curried Chicken Salad,4,2700.0,[Salads],,"[low sodium chicken broth, water, boneless skinless chicken breast halves, sliced almonds, nonfat yogurt plain, low-fat mayonnaise, curry powder, chopped cilantro, salt, pepper, mixed greens, extra-virgin olive oil, lemon juice, scallions]"
Effie_s-Easy-and-Amazing-Cottage-Cheese-Salad-with-Za_atar-1350790,Effie's Easy and Amazing Cottage Cheese Salad with Za'atar,4,1200.0,[Salads],,"[persian cucumber, fresh tomatoes, green onions, sliced olives, low-fat cottage cheese, olive oil, za'atar]"
Tomatoes-and-Arugula-Pasta-Salad-1354351,Tomatoes and Arugula Pasta Salad,4,1200.0,[Salads],,"[pasta, mozzarella cheese, rocket leaves, extra-virgin olive oil, flax seeds, salt, pepper]"
Apple-Cranberry-Pecan-Salad-1376335,Apple Cranberry Pecan Salad,4,600.0,[Salads],,"[baby spinach, granny smith apples, pecan halves, pomegranate seeds, dried cranberries, crumbled goat cheese, olive oil, apple cider vinegar, lemon, sugar, poppy seeds]"
Seven-Layer-Salad-1242735,Seven Layer Salad,3,9000.0,[Salads],,"[salad greens, celery, red pepper, green onions, frozen peas, Kraft Mayonnaise, KRAFT Shredded Sharp Cheddar Cheese, Oscar Mayer Fully Cooked Bacon]"
Cobb-salad-345552,Cobb Salad,5,1200.0,[Salads],,"[chicken breasts, romaine lettuce leaves, cherry tomatoes, avocado, hard-boiled egg, turkey bacon, ranch dressing]"
Farro-Salad-with-Butternut-Squash_-Bacon_-and-Cranberries-1362843,"Farro Salad with Butternut Squash, Bacon, and Cranberries",4,1800.0,[Salads],,"[farro, butternut squash, kale leaves, feta cheese crumbles, dried cranberries, thick-cut bacon, apple cider, apple cider vinegar, dijon mustard, ground cinnamon, olive oil, pure maple syrup, salt, pepper]"
Mason-Jar-Balsamic-Salad-Dressing-1350269,Mason Jar Balsamic Salad Dressing,4,900.0,[Salads],,"[balsamic vinaigrette salad dressing, oil, balsamic vinegar, granulated sugar, soy sauce]"
Ginger-Vanilla-Fruit-Salad-1372399,Ginger Vanilla Fruit Salad,4,2400.0,[Salads],,"[water, granulated sugar, fresh ginger root, vanilla extract, strawberries, blueberries, orange, mango, red grape, pineapple]"
Sweet-Potato-Salad-1379173,Sweet Potato Salad,4,3000.0,[Side Dishes],,"[sweet potatoes, olive oil, frozen cranberries, plain whole-milk yogurt, pecans]"
Smoked-Trout-Salad-with-Arugula-and-Fennel-1373543,Smoked Trout Salad with Arugula and Fennel,4,1500.0,[Salads],,"[plain greek yogurt, olive oil, prepared horseradish, fennel fronds, white wine vinegar, arugula, fennel bulb, shallots, smoked trout]"
Ambrosia-Salad-1367113,Ambrosia Salad,3,900.0,[Salads],,"[mandarin oranges, pineapple chunks, sweetened coconut flakes, mini marshmallows, whipped topping]"
Crunchy-Asian-Salad-1354573,Crunchy Asian Salad,4,900.0,[Salads],,"[italian salad dressing mix, sugar, water, soy sauce, white wine vinegar, olive oil, broccoli slaw, shredded carrots, shredded cabbage, sunflower seeds, cashew nuts, sliced almonds, rotisserie chicken, chopped cilantro, avocado, edamame, ramen noodles]"
Pear-and-Walnut-Salad-1272926,Pear and Walnut Salad,4,900.0,[Salads],,"[bibb lettuce, pears, dried cranberries, chopped walnuts, feta cheese crumbles, balsamic vinaigrette salad dressing]"
Clean-Eating-Recipe-Cucumber-and-Chicken-Salad-989360,Clean Eating Recipe – Cucumber and Chicken Salad,4,1200.0,[Salads],,"[cucumber, chicken breasts, green onions, extra-virgin olive oil, salad dressing]"
Jicama-Strawberry-Summer-Salad-1354118,Jicama Strawberry Summer Salad,4,600.0,[Salads],,"[mixed greens, jicama, strawberries, mandarin oranges, chicken breasts, poppy seed dressing, toasted almonds]"
Avocado-chicken-salad-368932,Avocado Chicken Salad,5,1800.0,[Salads],,"[avocado, buttermilk, scallions, fresh parsley leaves, fresh mint, lime, water, ground pepper, coarse salt, cooked chicken, cherry tomatoes, purple onion, tortilla chips, bread, salad]"
Cranberry-Fluff-Salad-1373924,Cranberry Fluff Salad,4,1500.0,[Salads],,"[whole cranberry sauce, crushed pineapple, cool whip, marshmallows, mini marshmallows]"
Creamy-Ranch-Corn-Salad-850401,Creamy Ranch Corn Salad,3,600.0,[Salads],,"[frozen whole kernel corn, garlic, green onions, tomatoes, green pepper, ranch dressing]"
Arugula-Parmesan-Salad-with-Simple-Lemon-Vinaigrette-895995,Arugula Parmesan Salad with Simple Lemon Vinaigrette,4,600.0,[Salads],,"[baby arugula, grated parmesan cheese, olive oil, lemon juice, salt, pepper, granulated garlic]"
Classic-macaroni-salad-304692,Classic Macaroni Salad,4,1500.0,"[Salads, Side Dishes]",[American],"[elbow macaroni, hellmann' or best food real mayonnais, red vinegar white white, wine,, Hellmann's Dijonnaise Creamy Dijon Mustard, sugar, salt, ground black pepper, celery, green bell pepper, slice, onions]"
Kale-salad-333951,Kale Salad,4,1200.0,[Salads],,"[kale, toasted almonds, cheddar cheese, butternut squash, lemon, extra-virgin olive oil, pecorino cheese]"
Kale-Cranberry-Feta-Cheese-Salad-1363512,Kale Cranberry Feta Cheese Salad,4,600.0,[Salads],,"[kale, feta cheese, purple onion, dried cranberries]"
Chicken-Salad-Sandwiches-791835,Chicken Salad Sandwiches,3,900.0,[Lunch and Snacks],,"[cooked chicken, celery, onions, mayonnaise, salt, pepper, bread]"
Light-and-healthy-pasta-salad-335500,Light and Healthy Pasta Salad,5,1200.0,[Salads],,"[pasta, red bell pepper, zucchini, yellow squash, broccoli, poppy seed dressing]"
Loaded-spinach-salad-333902,Loaded Spinach Salad,5,1200.0,[Salads],,"[spinach, gorgonzola, bacon, sweet onion, toasted pecans, avocado]"
Warm-Quinoa-Brussels-Sprouts-Salad-1373292,Warm Quinoa Brussels Sprouts Salad,4,3300.0,"[Salads, Side Dishes]",,"[winter squash, olive oil, salt, pepper, red quinoa, brussels sprouts, chickpeas, chopped walnuts, dried cranberries, dressing]"
Garden-Salad-1372753,Garden Salad,4,1200.0,[Salads],,"[romaine lettuce, tomatoes, cucumber, carrots, purple onion]"
Caesar-Salad-1279042,Caesar Salad,4,900.0,[Salads],,"[garlic, plain greek yogurt, parmesan cheese, worcestershire sauce, dijon mustard, lemon juice, anchovy paste, salt, pepper, romaine lettuce, croutons]"
Romaine-Salad-With-Raspberries-1360551,Romaine Salad With Raspberries,4,1200.0,[Salads],,"[dressing, fresh raspberries, fresh lemon juice, honey, dijon mustard, olive oil, kosher salt, freshly ground black pepper, salad, romaine lettuce, purple onion, red bell pepper, toasted walnuts]"
Cranberry-Pecan-Salad-With-Feta-Cheese-1006361,Cranberry Pecan Salad With Feta Cheese,3,600.0,[Salads],,"[dried cranberries, chopped pecans, salad greens, feta cheese crumbles, dressing, olive oil]"
Roasted-Avocado-Over-Couscous-Salad-982144,Roasted Avocado Over Couscous Salad,4,1800.0,[Salads],,"[avocado, couscous, purple onion, lemon juice, mixed greens, water, salt, pepper, olive oil]"
Orange-arugula-salad-345565,Orange Arugula Salad,5,900.0,[Salads],,"[arugula, orange, olive oil, balsamic vinegar, sea salt]"
The-Ultimate-Protein-Packed-Salad-1378209,The Ultimate Protein Packed Salad,4,300.0,[Salads],,"[chicken, ham, lettuce, sunflower seeds, pears, feta cheese crumbles, low-fat balsamic vinaigrette]"
Chicken-Salad-1055174,Chicken Salad,4,600.0,[Salads],,"[cooked chicken, chopped celery, grapes, chopped walnuts, onions, salt, mayonnaise]"
Kale-and-Cabbage-Salad-1380062,Kale and Cabbage Salad,4,1200.0,[Salads],,"[kale, red cabbage, scallions, pumpkin seeds, dried cranberries, cashew nuts, water, lemon juice, honey, dijon mustard, Himalayan salt, pepper]"
Balsamic-Vinegar-Tomato-Salad-590226,Balsamic Vinegar Tomato Salad,4,1200.0,[Salads],,"[tomatoes, onions, virgin olive oil, balsamic vinegar, pepper, garlic powder, basil dried leaves]"
Spinach-and-Strawberry-Salad-1325876,Spinach and Strawberry Salad,4,1200.0,[Salads],,"[spinach, strawberries, vegetable oil, white wine vinegar, white sugar, paprika, sesame seeds, poppy seeds]"
Pear-_-goat-cheese-salad-299014,Pear & Goat Cheese Salad,4,600.0,[Salads],,"[spring salad mix, pears, goat cheese, chopped walnuts, green onions, wish bone raspberri hazelnut vinaigrett dress]"
Tuscan-Kale-and-Apple-Salad-_-Natural-Pregnancy-Cookbook-Review-1373858,Tuscan Kale and Apple Salad + Natural Pregnancy Cookbook Review,4,1200.0,[Salads],,"[salad, lacinato kale, apples, dried cranberries, sunflower seeds, sliced almonds, firm cheese, dressing, cider vinegar, dijon mustard, honey, extra-virgin olive oil, salt, pepper]"
Chopped-Apple-Quinoa-Salad-499607,Chopped Apple Quinoa Salad,4,1800.0,[Salads],[American],"[apples, carrots, cooked quinoa, chopped almonds, fresh parsley, chutney, mixed greens, salt]"
Clean-Mango-Black-Bean-Salad-1360678,Clean Mango Black Bean Salad,4,900.0,[Salads],,"[mango, avocado, tomatoes, red bell pepper, corn, black beans, purple onion, cilantro, lime, salt]"
Roasted-Butternut-Squash-Quinoa-and-Spinach-Salad-1379617,Roasted Butternut Squash Quinoa and Spinach Salad,4,3600.0,[Salads],,"[butternut squash, olive oil, fine grain salt, quinoa, water, avocado, baby spinach, lemon]"
Egg-Tart-_-Green-Salad-w_-Walnuts-and-Honey-Mustard-Dressing-1379545,Egg Tart & Green Salad w/ Walnuts and Honey Mustard Dressing,3,2100.0,[Salads],,"[pastry, shredded cheese, bacon, large eggs, egg whites, chives, salt, pepper, salad, walnuts, feta cheese, dijon mustard, mustard seeds, wasabi, honey, balsamic vinegar, olive oil, garlic]"
Favorite-Apple-Salad-1376399,Favorite Apple Salad,4,1800.0,[Salads],,"[pineapple chunks, butter, sugar, lemon juice, corn starch, cold water, mayonnaise, tart apples, green grape, poppy seeds, chopped pecans]"
Apple-Walnut-Cranberry-Salad-898353,Apple Walnut Cranberry Salad,4,900.0,[Salads],,"[mixed greens, green apples, dried cranberries, gorgonzola, walnut pieces, olive oil, apple cider vinegar, dijon mustard, garlic powder, dried oregano, dried basil, ground black pepper]"
Potato-Salad-1349498,Potato Salad,4,4200.0,[Salads],,"[red potato, eggs, bacon, onions, celery ribs, mayonnaise, salt, pepper]"
Lentil-Salad-with-Spinach-and-Pomegranate-1361765,Lentil Salad with Spinach and Pomegranate,4,2100.0,[Salads],,"[brown lentils, avocado, fresh spinach, walnuts, apples, pomegranate, tahini, olive oil, garlic, water, orange juice, orange zest, salt, black pepper]"
Crunchy-Noodle-Salad-with-Sesame-Dressing-1332221,Crunchy Noodle Salad with Sesame Dressing,4,900.0,[Salads],,"[romaine lettuce, leeks, mixed greens, noodles, sesame seeds, white vinegar, sesame oil, olive oil, soy sauce, maple syrup]"
Dill-_-Garlic-Marinated-Cucumber-Salad-1374531,Dill & Garlic Marinated Cucumber Salad,4,1200.0,[Salads],,"[sugar, hot water, white vinegar, canola oil, fresh dill, garlic powder, salt, black pepper, cucumber, purple onion]"
Old-Fashioned-Potato-Salad-1372173,Old Fashioned Potato Salad,4,900.0,[Salads],,"[potatoes, celery, scallions, radishes, mayonnaise, vinegar, prepared mustard, hard-boiled egg, salt, pepper]"
Pomegranate-Spinach-Salad-With-Apple-Cider-Vinaigrette-1372309,Pomegranate Spinach Salad With Apple Cider Vinaigrette,4,1200.0,[Salads],,"[vinaigrette, garlic, dijon mustard, gluten, apple cider vinegar, lemon juice, extra-virgin olive oil, salt, white pepper, salad, baby spinach, pears, pomegranate seeds]"
Mushroom-_-Spinach-Salad-1359732,Mushroom & Spinach Salad,4,600.0,[Salads],,"[baby spinach leaves, mushrooms, goat cheese, balsamic vinegar, cherry tomatoes, olive oil, garlic]"
TORTELLINI-SALAD-981242,TORTELLINI SALAD,4,3300.0,[Salads],,"[cheese tortellini, fresh mozzarella, pepperoni, cherry tomatoes, fresh basil, caesar salad dressing, salt, pepper]"
Restaurant-quality-salad-at-home-309954,Restaurant Quality Salad at Home,5,1200.0,[Salads],,"[salad greens, extra-virgin olive oil, balsamic vinegar, ground black pepper, cheese]"
Peanut-Butter-Carrot-Salad-1374938,Peanut Butter Carrot Salad,4,900.0,[Salads],,"[carrots, creamy peanut butter, water, cider vinegar, soy sauce, sugar, chili sauce, sesame oil, scallions]"
Simple-Summer-Roasted-Vegetable-Salad-1380681,Simple Summer Roasted Vegetable Salad,4,1800.0,[Salads],,"[baby spinach, zucchini, tomatoes, grape tomatoes, baby carrots, beets, basil leaves, feta cheese, extra-virgin olive oil, balsamic vinegar, lemon, pepper, salt]"
Olive-garden-salad-dressing-351188,Olive Garden Salad Dressing,5,2100.0,[Salads],,"[italian salad dressing, italian seasoning, salt, black pepper, sugar, garlic powder, mayonnaise, olive oil, vinegar, water, grated parmesan cheese]"
Avocado-Pasta-Salad-1357126,Avocado Pasta Salad,4,3000.0,[Salads],,"[rotini, cherry tomatoes, bacon, green onions, chopped cilantro, avocado, lime juice, fresh lime, cumin, garlic powder, buttermilk, pepper, salt]"
BLT-Ranch-Pasta-Salad-1122750,BLT Ranch Pasta Salad,4,1500.0,[Salads],,"[plain greek yogurt, mayonnaise, ranch dressing, pasta, cherry tomatoes, bacon, romaine lettuce, salt, pepper]"
Chopped-Caprese-Salad-1084314,Chopped Caprese Salad,4,2400.0,[Salads],,"[salad, tomatoes, fresh mozzarella, extra-virgin olive oil, balsamic vinegar, fresh basil, salt, pepper]"
Roasted-Butternut-Couscous-Salad-1359961,Roasted Butternut Couscous Salad,4,1800.0,[Salads],,"[butternut squash, asparagus, olive oil, salt, pepper, water, whole wheat couscous, purple onion, leeks, garlic, extra-virgin olive oil, apple cider vinegar, rocket leaves, fresh sage]"
Best-Basic-Egg-Salad-512313,Best Basic Egg Salad,5,600.0,[Salads],,"[hard-boiled egg, mayonnaise, fresh chives, scallions, dijon mustard, lemon juice]"
Black-Bean-Quinoa-Salad-1373917,Black Bean Quinoa Salad,4,1800.0,[Salads],,"[quinoa, purple onion, black beans, corn, tomatoes, cilantro, olive oil, water]"
Copycat-Maggiano_s-Salad-1349812,Copycat Maggiano's Salad,4,900.0,[Salads],,"[red wine vinegar, dijon mustard, white sugar, water, minced garlic, kosher salt, ground black pepper, mild olive oil, dried oregano, iceberg lettuce, gorgonzola, prosciutto, purple onion, olive oil]"
Egg-Salad-1377955,Egg Salad,4,900.0,,,"[hard-boiled egg, mayonnaise, salt, pepper]"
Spicy-Cucumber-Salad-1351646,Spicy Cucumber Salad,4,600.0,[Salads],,"[cucumber, purple onion, green onions, garlic cloves, soy sauce, rice vinegar, red pepper flakes, sesame oil, toasted sesame seeds, sugar]"
Earthy-Beetroot_-Chickpea-And-Spinach-Salad-1354805,"Earthy Beetroot, Chickpea And Spinach Salad",4,600.0,[Salads],,"[baby spinach leaves, chickpeas, beets, olive oil, balsamic vinegar, French mustard, pepper, salt]"
Vegan-Caesar-Salad-1071236,Vegan Caesar Salad,4,3000.0,[Salads],,"[romaine lettuce, firm tofu, soy sauce, water, thyme, sweet paprika, cumin, garlic powder, onion powder, pepper, croutons, vegan parmesan cheese, caesar salad dressing]"
Spiralized-Cucumber-Tzatziki-Salad-1367606,Spiralized Cucumber Tzatziki Salad,4,,,,"[cucumber, greek yogurt, garlic cloves, fresh dill, sea salt, lemon]"
Healthy-Chicken-Salad-Lettuce-Wraps_-1357992,Healthy Chicken Salad Lettuce Wraps!,3,2100.0,"[Lunch and Snacks, Salads]",,"[chicken breasts, salt, celery ribs, greek yogurt, red grape, onion powder, romaine lettuce leaves]"
Doritos-Salad-1374082,Doritos Salad,4,1500.0,[Salads],,"[doritos, baked beans, chopped onion, tomatoes, pepper, salt, cracked black pepper, sour cream, mayonnaise, spring onions]"
Winter-Chopped-Kale-Salad-1361617,Winter Chopped Kale Salad,4,1200.0,[Salads],,"[fresh cranberries, shallots, extra-virgin olive oil, grapeseed oil, honey, seasoned rice wine vinegar, rosemary, salt, pepper, water, lacinato kale, pears, medjool date, chopped walnuts, crumbled gorgonzola]"
Strawberry-Feta-Chopped-Salad-1217063,Strawberry Feta Chopped Salad,3,900.0,[Salads],,"[bibb lettuce, strawberries, diced red onions, feta cheese crumbles, avocado, poppy seed dressing]"
Cranberry-Fluff-Salad-1377241,Cranberry Fluff Salad,4,1500.0,[Salads],,"[whole cranberry sauce, crushed pineapple, chocolate instant pudding, sugar, mini marshmallows, chopped pecans, cool whip, whipped cream]"
Southwestern-Rice-Salad-1339816,Southwestern Rice Salad,4,2400.0,[Salads],[Southwestern],"[cooked brown rice, black beans, corn kernels, red bell pepper, purple onion, white wine vinegar, fresh cilantro, jalapeno chilies, chili powder]"
Pea-Salad-1354437,Pea Salad,4,720.0,[Salads],,"[romaine lettuce, salad, peas, feta cheese, artichoke hearts, capers, olive oil, lemon juice, whole grain mustard, sea salt]"
Orzo-Salad-1072644,Orzo Salad,4,2400.0,[Salads],,"[orzo pasta, balsamic vinaigrette salad dressing, orange bell pepper, purple onion, carrots, pitted black olives, cherry tomatoes, feta cheese, fresh basil, pepper, salt]"
Quinoa-Tabbouleh-Salad-The-Shiksa-Blog-48849,Quinoa Tabbouleh Salad,5,2400.0,[Salads],,"[quinoa, flat leaf parsley, fresh mint, fresh tomatoes, scallions, extra-virgin olive oil, lemon juice, salad]"
Romaine-and-Cranberry-Salad-with-Feta_-Balsamic_-and-Almonds-1320339,"Romaine and Cranberry Salad with Feta, Balsamic, and Almonds",4,900.0,[Salads],,"[romaine lettuce, feta cheese crumbles, sliced almonds, dried cranberries, purple onion, balsamic vinegar]"
5-Minute-Tomato-Salad-1304808,5 Minute Tomato Salad,4,300.0,[Salads],,"[cherry tomatoes, extra-virgin olive oil, lemon, chopped garlic, purple onion, fresh parsley, salt, pepper]"
Simple-Crab-Salad-502396,Simple Crab Salad,4,1500.0,[Salads],,"[lump crab meat, scallions, flat leaf parsley, lemon juice, mayonnaise, kosher salt, ground black pepper]"
Cranberry-Almond-Couscous-Salad-1379292,Cranberry Almond Couscous Salad,3,4560.0,[Salads],,"[pearl couscous, chicken broth, garlic, lime, lime juice, extra-virgin olive oil, dried cranberries, slivered almonds, fresh basil, sea salt, black pepper]"
Finger-Lickin-Good-Pasta-Salad-1355111,Finger Lickin Good Pasta Salad,4,3600.0,[Salads],,"[bow-tie pasta, prepar pesto, cherry tomatoes, feta cheese crumbles, freshly ground black pepper, kosher salt, olive oil]"
Kale-Pasta-Salad-1321480,Kale Pasta Salad,4,1800.0,"[Salads, Side Dishes]",,"[bow-tie pasta, pinenuts, olive oil, garlic, salt, black pepper, kale, parmesan cheese, balsamic vinegar]"
Waldorf-Salad-Simply-Recipes-42922,Waldorf Salad,5,600.0,[Salads],,"[toasted walnuts, celery, seedless red grapes, apples, mayonnaise, fresh lemon juice, salt, pepper, lettuce]"
Winter-Fruit-Salad-with-Lemon-Poppy-Seed-Dressing-1377175,Winter Fruit Salad with Lemon Poppy Seed Dressing,4,1200.0,[Salads],,"[olive oil, vegetable oil, granulated sugar, honey, fresh lemon juice, poppy seeds, orange, apples, kiwi, bananas, pomegranate seeds]"
Pasta-Salad-1039348,Pasta Salad,4,1500.0,[Salads],,"[rotini, carrots, green onions, celery ribs, tomatoes, broccoli, olives, grated parmesan cheese, italian salad dressing, salt, pepper]"
Radish-and-Cilantro-Salad-1299474,Radish and Cilantro Salad,4,600.0,[Salads],,"[radishes, cilantro, purple onion, orange juice, fresh lemon juice, olive oil, pepper, salt]"
My-Favorite-Cheesecake-Factory-Salad-Makeover-1371237,My Favorite Cheesecake Factory Salad Makeover,4,900.0,[Salads],,"[mixed greens, chopped tomatoes, bacon, sweet corn, avocado, feta cheese crumbles, olive oil, lime, pepper, salt]"
Zesty-lime-shrimp-and-avocado-salad-352242,Zesty Lime Shrimp and Avocado Salad,5,1200.0,[Salads],,"[cooked shrimp, tomatoes, hass avocado, jalapeno chilies, purple onion, lime, olive oil, chopped cilantro, pepper, salt]"
Super-Food-Detox-Salad-996554,Super Food Detox Salad,4,1500.0,[Salads],,"[kale, blueberries, cooked quinoa, slivered almonds, poppy seeds, lemon, extra-virgin olive oil, honey]"
Salad-tacos-309176,Salad Tacos,5,2100.0,[Main Dishes],,"[taco shells, ground beef, taco seasoning, tomato paste, salt, beans, hot water, green leaf lettuce, grape tomatoes, grating cheese, mayonnaise, sour cream, salsa, ranch dressing, hot sauce, tortilla chips]"
Spaghetti-Salad-1229813,Spaghetti Salad,4,2100.0,[Salads],,"[spaghetti, italian salad dressing, salad, cucumber, tomatoes, purple onion, green pepper]"
Fruit-Salad-1315603,Fruit Salad,4,2100.0,[Salads],,"[sugar, water, orange, vanilla beans, strawberries, blueberries, red grape, green grape, mint leaves]"
Roasted-Butternut-Squash-Pomegranate-Salad-with-Tahini-Dressing-1378157,Roasted Butternut Squash Pomegranate Salad with Tahini Dressing,4,2400.0,[Salads],,"[butternut squash, extra-virgin olive oil, ground cinnamon, coarse sea salt, pepper, salad, pecans, pomegranate seeds, tahini paste, lemon juice]"
Chicken-Salad-1292239,Chicken Salad,4,4500.0,[Salads],,"[fryer chickens, celery, green onions, grapes, mayonnaise, plain yogurt, half & half, fresh dill, slivered almonds, brown sugar, lemon, kosher salt, ground black pepper]"
German-Cucumber-Salad-970372,German Cucumber Salad,4,600.0,[Salads],,"[sour cream, cucumber, tomatoes, onions, lemon juice, dill, salt]"
Effortless-Spinach-Salad-AllRecipes,Effortless Spinach Salad,5,900.0,[Salads],,"[fresh spinach, feta cheese, purple onion, Craisins, toasted slivered almonds, balsamic vinaigrette salad dressing, orange juice, grated orange]"
Composed-cobb-salad-303204,Composed Cobb Salad,4,900.0,[Salads],[American],"[torn romain lettuc leav, tomatoes, turkey, avocado, cook egg hard, blue cheese, bacon, crisp-cooked and crumbled, salad]"
Crisscross-Salad-TasteOfHome,Crisscross Salad,5,600.0,[Salads],,"[broccoli, kidney beans, tomatoes, purple onion, shredded cheddar cheese, italian salad dressing]"
Apple-Wedge-Salad-1344208,Apple Wedge Salad,4,600.0,[Salads],,"[romaine lettuce, apples, crumbled bacon, chopped walnuts, gorgonzola, purple onion, mayonnaise, mild olive oil, balsamic vinegar, honey, pepper]"
Raspberry-and-Pistachio-Salad-1187095,Raspberry and Pistachio Salad,4,1200.0,[Salads],,"[salad, raspberries, english cucumber, purple onion, avocado, pistachios, greens, dressing, lemon juice, white wine vinegar, agave nectar, olive oil, ground black pepper]"
Avocado-Salad-1042118,Avocado Salad,4,1200.0,[Salads],,"[mixed greens, avocado, mandarin oranges, onion slices, italian salad dressing]"
Healthy-Salad-1014586,Healthy Salad,4,1500.0,[Salads],,"[mixed greens, broccoli, apples, cottage cheese, yoghurt, chia seeds, olive oil, balsamic vinegar, salt, black pepper]"
Red-Cabbage-and-Pear-Salad-1361171,Red Cabbage and Pear Salad,4,1200.0,[Salads],,"[red cabbage, pears, walnuts, balsamic vinegar, extra-virgin olive oil, dijon mustard, salt, pepper]"
Avocado-and-Coconut-Salad-Dressing-1354669,Avocado and Coconut Salad Dressing,4,300.0,[Salads],,"[avocado, lime juice, coconut milk, garlic, water, pepper, salt]"
Packable-Caesar-Pasta-Salad-1363715,Packable Caesar Pasta Salad,4,1200.0,[Salads],,"[whole wheat rotini pasta, cherry tomatoes, frozen peas, low sodium cannellini beans, yellow bell pepper, garlic, caesar salad dressing, parmesan cheese, zucchini, fruit, juice]"
Pizza-Pasta-Salad-1353488,Pizza Pasta Salad,3,5160.0,[Salads],,"[cheese tortellini, italian salad dressing, grape tomatoes, green bell pepper, sliced olives, pepperoni slices, part-skim mozzarella, grated parmesan cheese, salt, pepper]"
Red-Potato-Salad-1365508,Red Potato Salad,3,900.0,[Salads],,"[olive oil, white wine vinegar, dijon mustard, mayonnaise, sour cream, salt, pepper, chopped celery, scallions, red potato]"
Egg-salad-310684,Egg Salad,5,,,,"[hard-boiled egg, mayonnaise, dijon mustard, capers, juice, pepper, sea salt, sunflower seeds]"
BLT-Salad-1164865,BLT Salad,4,300.0,[Salads],,"[mixed greens, cherry tomatoes, bacon, purple onion, colby jack cheese, ranch dressing]"
Insalata-di-arance-e-finocchi-_Orange-and-Fennel-Salad_-1365425,Insalata di arance e finocchi (Orange and Fennel Salad),4,900.0,[Salads],,"[fennel bulb, orange, extra-virgin olive oil, salt, pepper, black olives]"
Cucumber-Salad-Simply-Recipes-42661,Cucumber Salad,5,1500.0,[Salads],,"[cucumber, fresh dill, seasoned rice wine vinegar, salt, pepper]"
Crunchy-Pickled-Salad-The-Shiksa-Blog-46820,Crunchy Pickled Salad,5,1500.0,[Salads],,"[persian cucumber, radishes, white cabbage, dill, white wine vinegar, extra-virgin olive oil, salt]"
Fruit-Salad-With-Pudding_-1370625,Fruit Salad With Pudding!,4,900.0,[Desserts],,"[peach slices, pineapple chunks, vanilla instant pudding, strawberries, bananas, blueberries, grapes, sugar]"
Roasted-Butternut-Squash-Quinoa-Salad-1379075,Roasted Butternut Squash Quinoa Salad,4,2100.0,,,"[butternut squash, olive oil, quinoa, chicken stock, dried cranberries, flat leaf parsley, scallions, pumpkin seeds, feta cheese, pomegranate seeds, salt, pepper, pomegranate molasses]"
Fresh-Citrus-and-Cranberry-Salad-1364998,Fresh Citrus and Cranberry Salad,3,1500.0,[Salads],,"[frozen cranberries, orange, celery, purple onion, sugar, fresh lemon juice, fresh ginger, baby arugula, fresh mint, walnut oil]"
Grilled-Asparagus-_-Arugula-Salad-with-Shaved-Parmesan-1375407,Grilled Asparagus & Arugula Salad with Shaved Parmesan,3,1800.0,[Salads],,"[olive oil, lemon peel, lemon juice, sea salt, freshly ground black pepper, asparagus spears, salt, arugula, parmesan cheese]"
Chicken-Pomegranate-and-Cashew-Quinoa-Salad-1379610,Chicken Pomegranate and Cashew Quinoa Salad,4,1500.0,[Salads],,"[tempeh, lemon juice, smoked paprika, sea salt, black pepper, dressing, soy yogurt, garlic, olive oil, maple syrup, Balsamico Bianco, ground black pepper, salad, salad greens, cooked quinoa, purple onion, pomegranate seeds, cashew nuts, avocado]"
Cucumber-_-Strawberry-Salad-1164773,Cucumber & Strawberry Salad,4,900.0,[Salads],,"[cucumber, strawberries, feta cheese, poppy seed dressing]"
Watermelon-Salad-with-Feta-and-Jalapenos-1207275,Watermelon Salad with Feta and Jalapeños,4,1200.0,[Salads],,"[seedless watermelon, mint, jalapeno chilies, feta cheese, lime juice, kosher salt, black pepper]"
Courgette-And-Feta-Salad-1352008,Courgette And Feta Salad,4,1200.0,[Salads],,"[zucchini, feta cheese, red chili peppers, zest, olive oil, sea salt, mint leaves]"
New-York-Style-Chopped-Salad-1328337,New York Style Chopped Salad,4,1200.0,[Salads],,"[greens, mixed greens, bibb lettuce, leaves, grape tomatoes, kidney beans, garbanzo beans, olives, diced bell pepper, hard-boiled egg, avocado, mushrooms, cheese, fresh mozzarella, cucumber, asparagus, sunflower seeds, sliced almonds]"
Classic-Tabouli-Salad-578581,Classic Tabouli Salad,3,1800.0,[Salads],,"[bulgar, fine sea salt, extra-virgin olive oil, fresh lemon juice, garlic, fresh mint, ground black pepper, flat leaf parsley, tomatoes, hothouse cucumber]"
BROCCOLI-SALAD-_RUBY-TUESDAYS-COPYCAT_-1309790,BROCCOLI SALAD (RUBY TUESDAY’S COPYCAT),4,7200.0,[Salads],,"[broccoli, white sugar, mayonnaise, hot water, cheddar cheese, crumbled bacon, white vinegar]"
Ham_-Couscous-and-Cranberry-Salad-1380268,"Ham, Couscous and Cranberry Salad",3,1500.0,[Salads],,"[wheat, luncheon meat, dried cranberries, green onions]"
Marinated-Beet-Salad-1370939,Marinated Beet Salad,4,3600.0,[Salads],,"[beets, garlic cloves, sherry vinegar, extra-virgin olive oil, kosher salt, freshly ground black pepper, fresh mint, goat cheese, walnuts]"
Melon-Salad-with-Honey-Drizzle-and-MInt-1370819,Melon Salad with Honey Drizzle and MInt,4,1800.0,[Salads],,"[watermelon, cantaloupe, honeydew melon, clover honey, fresh lime juice, lime zest, kosher salt, fresh mint]"
Brussels-Sprouts-Salad-991740,Brussels Sprouts Salad,3,1200.0,[Salads],,"[brussels sprouts, pecans, dried cranberries, goat cheese, extra-virgin olive oil, apple cider vinegar, honey, sea salt, greens]"
Rice-Salad-1372224,Rice Salad,4,3000.0,[Salads],,"[rice, mayonnaise, sour cream, garlic, celery, fresh tomatoes, pepper, scallions]"
Crunchy-fruit-salad-297844,Crunchy Fruit Salad,4,600.0,[Salads],,"[spring salad mix, mandarin oranges, fresh blueberries, salad, granola cereal]"
Skinny-Pasta-Salad-1374084,Skinny Pasta Salad,4,1500.0,[Salads],,"[whole wheat short pasta, greek yogurt, parmesan cheese, extra-virgin olive oil, salt, pepper flakes, ground pepper, cherry tomatoes, baby spinach, onions]"
Fresh-Mozzarella-and-Kumato-Tomato-Salad-1364477,Fresh Mozzarella and Kumato Tomato Salad,4,1200.0,[Salads],,"[extra-virgin olive oil, balsamic vinegar, Sugar In The Raw®, sea salt, ground black pepper, tomatoes, fresh mozzarella, balsamic vinaigrette salad dressing, balsamic reduction, fresh basil, salt, freshly ground black pepper]"
Madras-Chicken-Salad-1376672,Madras Chicken Salad,4,1500.0,[Salads],,"[paleo mayonnaise, curry powder, Diamond Crystal® Kosher Salt, freshly ground black pepper, fuji, lime, cooked chicken breasts, fresh cilantro, scallions, slivered almonds]"
Pomegranate-Fall-Salad-with-Ricotta-Salata-_-Hazelnuts-1378574,Pomegranate Fall Salad with Ricotta Salata & Hazelnuts,4,1200.0,[Salads],,"[hazelnuts, pomegranate, mixed greens, ricotta salata, Balsamico Bianco, hazelnut oil, kosher salt, freshly ground black pepper]"
Beautiful-Salad-Allrecipes,Beautiful Salad,5,600.0,"[Side Dishes, Salads]",,"[baby spinach leaves, purple onion, mandarin oranges, dried cranberries, honey, feta cheese crumbles, balsamic vinaigrette salad dressing]"
Avocado_-Tomato-and-Mozzarella-Salad-1374577,"Avocado, Tomato and Mozzarella Salad",3,600.0,[Salads],,"[avocado, tomatoes, mozzarella cheese, fresh basil leaves, olive oil, balsamic vinegar, salt, pepper]"
Warm-portobello-mushroom-salad-298081,Warm Portobello Mushroom Salad,4,960.0,"[Lunch and Snacks, Salads]",,"[wish bone red wine vinaigrett dress, sliced mushrooms, sliced green onions, mixed greens, ground black pepper]"
Chicken-Salad_-East-Carolina-Style-1356783,"Chicken Salad, East Carolina Style",3,2100.0,,,"[chicken breasts, celery ribs, dijon mustard, sweet pickle, dill pickles, mayonnaise]"
Beet-_-Mandarin-Orange-Salad-1372147,Beet & Mandarin Orange Salad,4,1800.0,[Salads],,"[beets, mandarin oranges, olive oil, vinegar, prepared mustard, pepper, salt, lemon zest]"
Bocconcini-Summer-Salad-1377476,Bocconcini Summer Salad,3,1380.0,[Salads],,"[mini bocconcini, canola oil, Balsamico Bianco, fresh dill, salt, freshly ground pepper, penne, grape tomatoes, watermelon balls, green grape, green onions]"
Creamy-Cilantro-Salad-Dressing-1370805,Creamy Cilantro Salad Dressing,4,2400.0,[Salads],,"[Anaheim chile, salt]"
Fig-and-Blackberry-Salad-with-Candied-Walnuts-1370512,Fig and Blackberry Salad with Candied Walnuts,4,600.0,[Salads],,"[figs, freshly ground pepper, balsamic vinegar, blackberries, goat cheese, candied walnuts, olive oil]"
ROASTED-BEET_-PEAR-_-WALNUT-SALAD-1021058,"ROASTED BEET, PEAR & WALNUT SALAD",5,3900.0,[Salads],,"[beets, olive oil, pears, walnuts, feta cheese, salad greens, cooked quinoa, sprouts, walnut oil, balsamic vinegar, honey, pepper, salt]"
Apple-Salad-1006294,Apple Salad,3,1200.0,[Salads],,"[apples, celery, low-fat vanilla yogurt, cinnamon, sunflower seeds, pineapple]"
Greek-Salad-1349467,Greek Salad,4,2400.0,[Salads],[Greek],"[extra-virgin olive oil, fresh lemon juice, red wine vinegar, dried oregano, dried basil, garlic, salt, ground black pepper, sugar, romaine lettuce, roma tomatoes, cucumber, purple onion, green bell pepper, feta cheese crumbles, kalamata]"
Warm-portobello-mushroom-salad-303466,Warm Portobello Mushroom Salad,4,1200.0,"[Lunch and Snacks, Salads]",,"[sliced mushrooms, sliced green onions, mixed greens, ground black pepper, olive oil, salad]"
Caramelized-Pear-Salad-1353895,Caramelized Pear Salad,4,1500.0,[Salads],,"[butter, pears, light brown sugar, mixed greens, purple onion, candied walnuts, crumbled blue cheese, rice vinegar, apple cider vinegar, shallots, honey, walnut oil, salt, pepper]"
Healthy-Tabouli-Salad-1376908,Healthy Tabouli Salad,4,2400.0,[Salads],,"[burghul, tomatoes, cucumber, garlic, parsley, mint leaves, sea salt, lemon juice, extra-virgin olive oil]"
Perfect-Pasta-Salad-1205942,Perfect Pasta Salad,4,1800.0,[Salads],,"[pasta spiral, italian salad dressing, seasoning mix, hard salami, colby jack cheese, cherry tomatoes, cucumber]"
Strawberry_-Feta_-and-Toasted-Almond-Salad-1372744,"Strawberry, Feta, and Toasted Almond Salad",4,420.0,[Salads],,"[slivered almonds, spinach, strawberries, feta cheese]"
Broccoli-Salad-Simply-Recipes-43153,Broccoli Salad,5,1200.0,[Salads],,"[salt, broccoli florets, toasted slivered almonds, bacon, purple onion, frozen peas, mayonnaise, apple cider vinegar, honey]"
Crunchy-Asian-Ramen-Noodle-Salad-1380108,Crunchy Asian Ramen Noodle Salad,4,2100.0,[Salads],,"[cole slaw mix, ramen noodles, green onions, roasted sesame seeds, cashew nuts, slivered almonds, sesame oil, vegetable oil, rice vinegar, sugar, salt, pepper, butter]"
Quinoa-Salad-with-Dried-Fruits-1357224,Quinoa Salad with Dried Fruits,4,1500.0,[Salads],,"[dried cranberries, dried sweet cherries, apricot halves, celery heart, toasted slivered almonds, fresh parsley, salt, extra-virgin olive oil]"
Cucumber-Salad-1323934,Cucumber Salad,4,900.0,[Salads],,"[cucumber, Kraft Miracle Whip Dressing, fresh dill]"
Cold-Lentil-Salad-1369704,Cold Lentil Salad,4,4200.0,[Salads],,"[green lentil, olive oil, heirloom cherry tomatoes, baby spinach, celery, purple onion, red bell pepper, chopped cilantro fresh, flat leaf parsley, freshly ground black pepper, feta cheese, lemon juice, apple cider vinegar, champagne, garlic cloves, shallots, kosher salt]"
Romanesco-and-Cauliflower-Salad-with-Pomegranate-1358105,Romanesco and Cauliflower Salad with Pomegranate,4,1500.0,[Salads],,"[cauliflower, romanesco, pomegranate, orange]"
Massaged-Raw-Kale-Salad-770994,Massaged Raw Kale Salad,4,900.0,[Salads],,"[kale, extra-virgin olive oil, kosher salt, lemon juice, grated parmesan cheese]"
Cucumber-Tomato-Avocado-Salad-1202793,Cucumber Tomato Avocado Salad,4,900.0,[Salads],,"[roma tomatoes, english cucumber, purple onion, avocado, extra-virgin olive oil, lemon, cilantro, sea salt, black pepper]"
Spinach-Salad-with-Warm-Bacon-Dressing-1353500,Spinach Salad with Warm Bacon Dressing,3,1800.0,[Salads],,"[baby spinach, sliced mushrooms, bacon, purple onion, red wine vinegar, dijon mustard, honey, salt, pepper, hard-boiled egg]"
Avocado-Lentil-Cranberry-Salad-1356391,Avocado Lentil Cranberry Salad,4,600.0,[Salads],,"[avocado, lentils, fresh cranberries, dried cranberries, chopped parsley, meyer lemon, extra-virgin olive oil, dijon mustard, shallots, salt, pepper]"
Autumn-Harvest-Salad-1379865,Autumn Harvest Salad,4,2700.0,[Salads],,"[olive oil, red beets, freshly ground black pepper, sea salt, red cabbage, vegan mayonnaise, sunflower oil, prepared horseradish, apple cider vinegar, maple syrup, long grain brown rice, dried fig, baby kale, baby spinach]"
Rainbow-Salad-1352003,Rainbow Salad,4,900.0,[Salads],,"[lettuce, red cabbage, plum tomatoes, orange bell pepper, carrots, cucumber, sweet corn]"
Broccoli-Salad-1167322,Broccoli Salad,4,1200.0,[Salads],,"[broccoli, Kraft Miracle Whip Dressing, sugar, purple onion, dried cranberries, shredded cheddar cheese, chia seeds]"
Winter-Salad-with-Roast-Pears-and-Vanilla-Vinaigrette-1364972,Winter Salad with Roast Pears and Vanilla Vinaigrette,4,1800.0,[Salads],,"[butter, Mexican vanilla extract, pears, pecans, brown sugar, cinnamon, kosher salt, cayenne pepper, extra-virgin olive oil, champagne vinegar, honey, salt, pepper, field lettuce, soft goat's cheese, prosciutto]"
Caesar-Salad-with-Home-Made-Caesar-Dressing-1190279,Caesar Salad with Home Made Caesar Dressing,4,900.0,[Salads],,"[caesar salad dressing, mayonnaise, garlic cloves, lemon juice, dijon mustard, worcestershire sauce, grated parmesan cheese, salt, ground black pepper, salad, croutons, parmesan cheese, olive oil]"
5-Ingredient-Pasta-Salad-1268670,5 Ingredient Pasta Salad,4,1500.0,[Salads],,"[bow-tie pasta, large tomato, green bell pepper, sliced black olives, italian salad dressing]"
Carrot-and-Raisin-Salad-1354127,Carrot and Raisin Salad,4,3900.0,[Salads],,"[shredded carrots, crushed pineapples in juice, pineapple juice, raisins, plain greek yogurt, sugar, fresh lemon juice]"
My-Mama_s-Potato-Salad-1088921,My Mama's Potato Salad,4,2700.0,[Salads],,"[boiling potatoes, hard-boiled egg, diced onions, Kraft Miracle Whip Dressing, mustard, sugar, salt, pepper]"
Quinoa-And-Lentil-Salad-Recipe-3-Points-_-1371246,Quinoa And Lentil Salad Recipe 3 Points +,3,2700.0,[Salads],,"[quinoa, green lentil, vegetables, olive oil, lime juice, red wine vinegar, dijon mustard, garlic cloves, purple onion, cilantro, lime, salt, pepper]"
BLT-Salad-1318759,BLT Salad,4,1200.0,[Salads],,"[pasta, chopped celery, green onions, large tomato, Hormel Real Bacon Pieces, ranch salad dressing mix, mayonnaise, freshly ground pepper]"
Tomato_-Basil-and-Feta-Cheese-Salad-recipe-64-calories-781528,"Tomato, Basil and Feta Cheese Salad recipe – 64 calories",4,900.0,[Salads],,"[tomatoes, feta cheese crumbles, sliced black olives, purple onion, fresh basil, lemon juice, salt]"
Lighter-Chinese-Chicken-Salad-1375588,Lighter Chinese Chicken Salad,4,1500.0,[Salads],,"[soy sauce, rice vinegar, honey, sesame oil, Sriracha, chicken breasts, napa cabbage, red cabbage, carrots, red bell pepper, edamame, cilantro]"
Killer-Southwest-Salad-1373884,Killer Southwest Salad,4,1200.0,[Salads],,"[black beans, whole kernel corn, drain, red pepper, purple onion, cilantro, fresh lime juice, white wine vinegar, paprika, salt, pepper]"
Caesar-Potato-Salad-with-Bacon-1323429,Caesar Potato Salad with Bacon,3,18000.0,[Salads],,"[red potato, celery, green onions, Oscar Mayer Real Bacon Bits, caesar salad dressing, nonfat greek yogurt]"
Summer-House-Lobster-Salad-1363311,Summer House Lobster Salad,3,3600.0,[Salads],,"[shallots, white wine vinegar, fresh dill, dijon mustard, kosher salt, freshly ground black pepper, vegetable oil, red potato, haricots verts, peas, large eggs, lobster, mixed greens, cherry tomatoes, red radishes]"
Shredded-Cabbage-and-Ginger-Salad-1373314,Shredded Cabbage and Ginger Salad,4,1200.0,[Salads],,"[shredded cabbage, carrots, daikon, ginger, rice vinegar, soy sauce, sesame oil, honey, sesame seeds, green onions, beef, soba noodles]"
Apple_-Fennel_-_-Avocado-Salad-1357088,"Apple, Fennel, & Avocado Salad",4,1200.0,[Salads],,"[fennel bulb, red apples, avocado, arugula, pink peppercorns, olive oil, lemon, red wine vinegar, salt]"
Skinny-Waldorf-Chicken-Salad-1042470,Skinny Waldorf Chicken Salad,4,1200.0,[Salads],,"[ranch dressing, honey, mustard, cooked chicken, seedless red grapes, apples, celery]"
Apple-Walnut-Goat-Cheese-Salad-1205418,Apple Walnut Goat Cheese Salad,4,360.0,[Salads],,"[spring greens, red apples, walnuts, crumbled goat cheese, poppy seed dressing]"
Red-Cabbage-Salad-with-Apples-Walnuts-and-Raisins-1377702,Red Cabbage Salad with Apples Walnuts and Raisins,4,1500.0,[Salads],,"[red cabbage, purple onion, apples, chopped walnuts, golden raisins, vinegar, salt, pepper, sugar, olive oil]"
Bulgur-Salad-1349214,Bulgur Salad,3,2100.0,[Salads],,"[water, bulgur wheat, pico de gallo, canned black beans, corn kernel whole, cilantro leaves]"
Zucchini-Noodles-_Zoodles_-Greek-Salad-1377480,Zucchini Noodles (Zoodles) Greek Salad,4,1500.0,[Salads],[Greek],"[juice, balsamic vinegar, olive oil, fresh oregano, kosher salt, pepper, medium zucchini, grape tomatoes, pitted kalamata olives, feta cheese crumbles]"
Cucumber-_-Feta-Salad-1312211,Cucumber & Feta Salad,4,900.0,[Salads],,"[english cucumber, purple onion, feta cheese, fresh dill, lemon, extra-virgin olive oil, coarse sea salt, ground black pepper]"
Tropical-Salad-1110548,Tropical Salad,4,2400.0,[Salads],,"[olive oil, red wine vinegar, lemon juice, honey, sesame seeds, poppy seeds, salt, sugar, salad, strawberries, mango, purple onion]"
Pomegranate_-Pear-and-Avocado-Salad-1361036,"Pomegranate, Pear and Avocado Salad",4,900.0,[Salads],,"[romaine lettuce, pears, avocado, shelled pistachios, crumbled goat cheese, diced red onions, pomegranate, citrus vinaigrette, orange juice, Balsamico Bianco, honey, kosher salt, freshly ground black pepper, olive oil]"
Barley-Salad-1369766,Barley Salad,4,3300.0,[Salads],,"[pearl barley, extra-virgin olive oil, red bell pepper, green bell pepper, cucumber, zucchini, green onions, purple onion, heirloom tomatoes, sun-dried tomatoes in oil, flat leaf parsley, raw almond, fresh lemon juice, kosher salt, freshly ground black pepper]"
Pea_-Fennel-and-Thyme-Salad-930846,"Pea, Fennel and Thyme Salad",4,1500.0,[Salads],,"[fennel, peas, fresh thyme, fresh coriander, olive oil, lime, salt]"
Awesome-Chicken-Salad-_with-grapes-and-walnuts_-1332048,Awesome Chicken Salad (with grapes and walnuts),4,600.0,"[Lunch and Snacks, Salads]",,"[cooked chicken, mayonnaise, red grape, celery, chopped walnuts, salt, pepper]"
German-Potato-Salad-1377773,German Potato Salad,4,2100.0,[Salads],,"[potatoes, yellow mustard, greek yogurt, sweet pickle relish, onions, celery, green pepper, hard-boiled egg, salt, freshly ground black pepper, paprika, garlic powder]"
Salad-1255608,Salad,4,600.0,[Salads],,"[lettuce, bell pepper, tomatoes, baby carrots, croutons, blue cheese dressing]"
Rainbow-Zoodle-Salad-1363718,Rainbow Zoodle Salad,4,600.0,[Salads],,"[cucumber, matchstick carrots, cherry tomatoes, radishes, corn, mozzarella cheese, lime juice, olive oil]"
Chopped-Kale-Salad-976341,Chopped Kale Salad,4,1500.0,[Salads],,"[kale, romaine lettuce, cooked bacon, green onions, red cabbage, blue cheese dressing]"
Detox-Kale-Salad-483012,Detox Kale Salad,4,1500.0,[Salads],,"[kale, dried cherry, pinenuts, olive oil, salt]"
Salmon-Salad-Sandwiches-on-Ciabatta-1362348,Salmon Salad Sandwiches on Ciabatta,3,1200.0,[Lunch and Snacks],,"[salmon fillets, green onions, fresh lemon juice, grated lemon peel, mayonnaise, ciabatta, arugula]"
Smoked-Salmon_-Avocado-and-Rocket-_Arugula_-Salad-541073,"Smoked Salmon, Avocado and Rocket (Arugula) Salad",4,900.0,[Salads],,"[rocket leaves, avocado, cucumber, smoked salmon, sesame seeds, lime, olive oil, salt, sesame oil]"
Healthy-Quinoa-Salad-_-VIDEO_-1374777,Healthy Quinoa Salad + VIDEO!,4,1200.0,[Salads],,"[spinach, quinoa, orange, almonds, scallions, dressing, olive oil, lime, salt, onion powder]"
Cilantro-Lime-Avocado-Chicken-Salad-1379820,Cilantro-Lime Avocado Chicken Salad,4,900.0,[Salads],,"[chicken, avocado, celery, cilantro, lime, nonfat greek yogurt, light mayonnaise, cumin, salt, pepper]"
Papaya-Salad-1370854,Papaya Salad,4,900.0,[Salads],,"[papaya, cucumber, grapefruit, cilantro, ginger, salted peanuts, honey, lime juice]"
Red-Beet-With-Figs-Salad-1366455,Red Beet With Figs Salad,4,900.0,[Salads],,"[balsamic vinegar, port, sugar, red beets, figs, mixed greens, fine salt, pinenuts, cherry tomatoes]"
Sweet-and-Savory-Winter-Salad-1369869,Sweet and Savory Winter Salad,3,900.0,[Salads],,"[extra-virgin olive oil, shallots, Balsamico Bianco, whole grain dijon mustard, salad greens, celery leaves, granny smith apples, fresh parsley]"
Apple-Cranberry-Salad-1374217,Apple-Cranberry Salad,3,9000.0,[Salads],,"[Kraft Mayonnaise, Knudsen Sour Cream, sugar, red delicious apples, golden delicious apples, walnuts, dried cranberries, celery, lettuce leaves]"
Teninas-Asian-Beef-Salad-1376981,Tenina’s Asian Beef Salad,4,2700.0,"[Salads, Main Dishes]",,"[soy sauce, honey, fish sauce, orange juice, lime juice, coriander, mint, red chili peppers, garlic, ginger, steak, rice vermicelli, roma tomatoes, mushrooms, purple onion, ruby red grapefruit, mixed greens, black beans, lime, olive oil, sesame oil]"
Deviled-egg-salad-302525,Deviled Egg Salad,5,1500.0,[Salads],,"[eggs, green onions, chopped celery, red bell pepper, dijon mustard, mayonnaise, cider, Tabasco Pepper Sauce, paprika, salt, black pepper]"
Creamy-Pasta-Salad-1285784,Creamy Pasta Salad,4,1500.0,[Salads],,"[pasta, broccoli, frozen peas, pepperoni, cheese sticks, carrots, ranch dressing]"
Spiralized-Apple-and-Parmesan-Salad-1364734,Spiralized Apple and Parmesan Salad,4,600.0,[Salads],,"[apples, shredded parmesan cheese, chives, lemon, olive oil, dijon mustard, garlic, salt]"
Chickpea-and-Edamame-Salad-1373304,Chickpea and Edamame Salad,4,900.0,[Salads],,"[chickpeas, edamame beans, radishes, purple onion, tahini, lemon juice, extra-virgin olive oil, kosher salt, freshly ground black pepper]"
Pear-and-Grape-Cabbage-Salad-1377514,Pear and Grape Cabbage Salad,4,1200.0,[Salads],,"[apple cider vinegar, dijon mustard, salt, pure maple syrup, olive oil, red cabbage, green cabbage, pears, seedless red grapes, seedless green grape, toasted walnuts, toasted almonds]"
Israeli-salad-310214,Israeli Salad,5,3300.0,[Salads],,"[tomatoes, seedless cucumber, flat leaf parsley, lemon juice, olive oil, salt]"
Salade-de-Pois-Chiches-_Chickpea-Salad_-1379718,Salade de Pois Chiches (Chickpea Salad),3,,,,"[kosher salt, garlic, olive oil, chopped parsley, fresh lemon juice, ground cumin, cayenne, chickpeas, shallots, freshly ground black pepper]"
Asian-Pear_-Blue-Cheese-and-Chicory-Salad-1355423,"Asian Pear, Blue Cheese and Chicory Salad",4,600.0,[Salads],,"[white wine vinegar, dijon mustard, extra-virgin olive oil, chicory, asian pear, blue cheese, pecans]"
Greens-with-Strawberries-and-Feta-Salad-1331064,Greens with Strawberries and Feta Salad,3,600.0,[Salads],,"[strawberries, vinaigrette, greens, herbs, feta cheese crumbles]"
Barley-Butternut-Squash-Salad-1365477,Barley Butternut Squash Salad,4,2400.0,[Side Dishes],,"[barley, water, butternut squash, extra-virgin olive oil, cinnamon, nutmeg, rosemary, brown sugar, salt, pepper, dried cranberries, pomegranate seeds, vinaigrette]"
Cucumber-Avocado-Salad-1346345,Cucumber-Avocado Salad,4,1200.0,[Salads],,"[cucumber, sweet onion, parsley, extra-virgin olive oil, salt, avocado]"
Bacon-Potato-Salad-1362832,Bacon Potato Salad,4,5700.0,[Salads],,"[dijon, sugar, apple cider vinegar, light mayonnaise, bacon, salt, pepper, eggs, potatoes]"
Easy-Pea-Salad-Allrecipes,Easy Pea Salad,4,3900.0,[Salads],,"[peas, cheddar cheese, sweet onion, sugar, salad dressing, Kraft Miracle Whip Dressing]"
Addictive-Brussels-Sprouts-Salad-757948,Addictive Brussels Sprouts Salad,4,1200.0,[Salads],,"[brussels sprouts, parmigiano reggiano cheese, toasted walnuts, extra-virgin olive oil, apples, dijon mustard, pepper, salt]"
Dressing-in-a-Bowl-Simple-Salad-with-Dried-Cranberries-1376092,Dressing-in-a-Bowl Simple Salad with Dried Cranberries,3,,,,"[salad greens, purple onion, oil, vinegar, salt, freshly ground black pepper, dried cranberries]"
BLT-Salad-with-Avocado-982428,BLT Salad with Avocado,4,900.0,[Salads],,"[center cut bacon, roma tomatoes, light mayonnaise, kosher salt, black pepper, romaine lettuce, hass avocado]"
Kale-Salad-with-Butternut-Squash_-Chickpeas-and-Tahini-Dressing-1380163,"Kale Salad with Butternut Squash, Chickpeas and Tahini Dressing",4,3900.0,[Salads],,"[kale, chopped cilantro, butternut squash, chickpeas, extra-virgin olive oil, curry powder, cayenne pepper, kosher salt, candied pecans, tahini, white wine vinegar, honey]"
Peri-Peri-Chicken-Salad-Keto-Friendly-1362373,Peri Peri Chicken Salad – Keto Friendly,4,1500.0,,,"[baby spinach, chicken breasts, avocado, low sodium bacon, piri-piri sauce]"
Caveman-style-Pumpkin-Salad-1353250,Caveman style Pumpkin Salad,4,2400.0,[Salads],,"[butternut squash, rucola, shiitake, feta cheese, balsamic vinegar, ham, sage, parsley]"
Cranberry-Apple-Salad-1355758,Cranberry Apple Salad,4,1200.0,[Salads],,"[fresh cranberries, seedless oranges, red apples, granny smith apples, crushed pineapple, walnuts, lemon juice, granulated sugar]"
Greek-Salad-1058502,Greek Salad,3,1200.0,[Salads],,"[salad, red bell pepper, green bell pepper, yellow bell pepper, tomatoes, mixed greens, yellow onion, scallions, cucumber, feta cheese, kalamata, dressing, olive oil, red wine vinegar, lemon, dried thyme, dried basil, cracked black pepper]"
Golden-Beet-and-Citrus-Salad-with-Spiced-Honey-Vinaigrette-1378771,Golden Beet and Citrus Salad with Spiced Honey Vinaigrette,4,1200.0,[Salads],,"[honey, cinnamon sticks, clove, white wine vinegar, fine sea salt, cracked black pepper, olive oil, golden beets, blood orange, Cara Cara orange, orange, red grapefruit, fennel, avocado, salt, black pepper, fresh dill]"
Simple-Spring-Salad-1019768,Simple Spring Salad,5,1500.0,[Salads],,"[orange juice, lemon juice, purple onion, extra-virgin olive oil, fine grain salt, salad greens, walnut halves, black olives]"
Roasted-Chickpea-Kale-Salad-1370695,Roasted Chickpea Kale Salad,4,2400.0,"[Salads, Side Dishes]",,"[lacinato kale, onions, sun-dried tomatoes, walnuts, sauce, olive oil, lemon, salt, chickpeas, smoked paprika, cayenne pepper]"
Waldorf-Salad-1297077,Waldorf Salad,3,1500.0,[Salads],,"[natural yogurt, lemon juice, dijon mustard, celery stick, apples, red grape, walnut halves, rocket leaves, chicory]"
Matildes-Tuna-Salad-1375405,Matilde’s Tuna Salad,3,1200.0,[Lunch and Snacks],,"[tuna packed in water, apples, celery ribs, onions, mayonnaise, black pepper, salt]"
Southwest-Style-Citrus-Salad-1370992,Southwest Style Citrus Salad,4,1800.0,[Salads],[Barbecue],"[boneless skinless chicken breasts, chili powder, light brown sugar, ground cumin, kosher salt, extra-virgin olive oil, mixed greens, canned black beans, corn kernels, avocado, orange, green onions, cilantro, lime wedges, orange juice, honey, balsamic vinegar, dijon mustard, dried oregano, freshly ground black pepper]"
Spinach_-Apple-and-Pecan-Salad-1006382,"Spinach, Apple and Pecan Salad",3,1500.0,[Salads],,"[cider vinegar, olive oil, sugar, prepared mustard, ground black pepper, salt, purple onion, golden delicious apples, toasted pecans, fresh spinach]"
Quinoa-Stuffed-Sweet-Potatoes-1330897,Quinoa Stuffed Sweet Potatoes,4,4800.0,[Side Dishes],,"[sweet potatoes, quinoa, vegetable broth, butter, olive oil, onions, kale, toasted slivered almonds, dried cranberries, salt, pepper]"
Roasted-Sweet-Potato-Salad-1165817,Roasted Sweet Potato Salad,3,3300.0,[Salads],,"[sweet potatoes, purple onion, ground black pepper, ground cinnamon, balsamic vinegar, honey, radishes, baby arugula, chopped fresh chives]"
Sweet-Potato_-Sprout-_-Beet-Salad-1361950,"Sweet Potato, Sprout & Beet Salad",4,3600.0,"[Side Dishes, Salads]",,"[sweet potatoes, beets, brussels sprouts, kale, chili flakes, olive oil, tahini, apple cider vinegar]"
Super-Salad-Dressing-991245,Super Salad Dressing,4,300.0,[Salads],,"[honey, dijon mustard, balsamic vinegar, olive oil, shallots, parsley, salt, freshly ground pepper]"
Roasted-Beet-Orange-Feta-and-Pistachio-Salad-with-Olives-1363006,Roasted Beet Orange Feta and Pistachio Salad with Olives,4,4200.0,[Salads],,"[red beets, blood orange, ripe olives, feta cheese crumbles, pistachios]"
Cold-Pasta-Salad-1350815,Cold Pasta Salad,4,2100.0,[Salads],,"[diced tomatoes, large garlic cloves, red pepper flakes, fresh basil, red wine vinegar, salt, rotini, cucumber, red pepper, yellow peppers, grape tomatoes, green onions, fresh parsley, pitted black olives, extra-virgin olive oil, feta cheese crumbles]"
Fall-Chopped-Salad-1363136,Fall Chopped Salad,4,600.0,[Salads],,"[baby spinach, baby kale, spinach, chard, apples, chopped pecans, crumbled blue cheese, pomegranate seeds, extra-virgin olive oil, cider vinegar, pure maple syrup, dijon mustard, salt, pepper]"
Fire-and-Ice-Salad-471371,Fire and Ice Salad,5,1800.0,[Salads],,"[tomatoes, cucumber, purple onion, water, white vinegar, sugar]"
Roasted-beet-and-red-onion-salad-314481,Roasted Beet and Red Onion Salad,5,3600.0,[Salads],,"[red beets, purple onion, extra-virgin olive oil, vinegar, salt, cumin, pepper]"
No-potato-salad-345554,No Potato Salad,5,1800.0,[Salads],,"[cauliflower, celery, onions, parsley, eggs, mayonnaise, dijon mustard, sea salt]"
Mason-Jar-Salads-1097041,Mason Jar Salads,4,1500.0,[Salads],,"[vinaigrette, sugar pea, cucumber, diced tomatoes, radishes, cooked quinoa, mixed greens]"
Egg-Salad-Sandwich-1327792,Egg Salad Sandwich,4,1200.0,[Lunch and Snacks],,"[eggs, mayonnaise, mustard, relish, dill pickle slices, bread]"
Mason-Jar-Loaded-Tuna-Salad-1339706,Mason Jar Loaded Tuna Salad,4,2400.0,[Salads],,"[fish, mayonnaise, pepper, salt, beets, kalamata, carrots, purple onion, sugar pea, apples, spring mix, roasted pumpkin seeds]"
No-Mayo-Mediteranean-Tuna-Salad-1323008,No Mayo Mediteranean Tuna Salad,4,900.0,"[Lunch and Snacks, Salads]",,"[extra-virgin olive oil, fresh lemon juice, light tuna, purple onion, roasted red peppers, fresh basil, black pepper]"
Crunchy-Carrot-Salad-with-Pumpkin-Seeds-1372501,Crunchy Carrot Salad with Pumpkin Seeds,4,1200.0,[Salads],,"[mayonnaise, sour cream, garlic, rice vinegar, carrots, pumpkin seeds, salt, pepper]"
BEET-AND-PARMESAN-ARUGULA-SALAD-1375670,BEET AND PARMESAN ARUGULA SALAD,4,600.0,[Salads],,"[beets, medium tomatoes, walnuts, honey, shaved parmesan cheese, arugula, olive oil, lemon juice, pepper, salt]"
Cilantro-Lime-Avocado-Chicken-Salad-1087736,Cilantro-Lime Avocado Chicken Salad,4,900.0,[Salads],,"[chicken, avocado, celery, cilantro, lime, nonfat greek yogurt, light mayonnaise, cumin, salt, pepper]"
Carrot-Salad-1078863,Carrot Salad,3,300.0,[Salads],,"[lemon juice, dijon mustard, olive oil, carrots, salt, ground black pepper, fresh parsley]"
Spicy-Lemongrass-Peanut-Thai-Quinoa-Salad-1357714,Spicy Lemongrass Peanut Thai Quinoa Salad,4,2700.0,[Salads],,"[quinoa, chicken broth, white quinoa, kosher salt, dressing, lemongrass, ginger, garlic, chili, agave nectar, peanut butter, rice vinegar, vegetable oil, salad, yellow bell pepper, red bell pepper, purple onion, cooked chicken, fresh mint, thai basil, salted roast peanuts, nappa cabbage]"
Pomegranate-Fennel-Quinoa-Salad-1373916,Pomegranate Fennel Quinoa Salad,4,2100.0,[Salads],,"[quinoa, fennel bulb, fennel fronds, celery, mint leaves, pomegranate, radishes, olive oil, apple cider vinegar, brown sugar, dijon, salt, pepper]"
Caprese-Salad-The-Pioneer-Woman-Cooks-_-Ree-Drummond-41155,Caprese Salad,5,2100.0,"[Lunch and Snacks, Side Dishes, Salads]","[Spanish, Italian]","[balsamic vinegar, tomatoes, mozzarella cheese, fresh basil leaves, olive oil, ground black pepper, kosher salt]"
Broccoli_-Avocado-and-Lime-Salad-1064867,"Broccoli, Avocado and Lime Salad",4,900.0,[Salads],,"[avocado, broccoli, fresh coriander, lime, tahini, olive oil, tamari soy sauce, honey, salt]"
Pomeganate-Orange-Spinach-Salad-1371064,Pomeganate Orange Spinach Salad,4,600.0,[Salads],,"[baby spinach, orange, pomegranate seeds, figs, feta cheese, pomegranate vinaigrette dressing, pomegranate juice, cider vinegar, honey, olive oil, poppy seeds]"
Crunchy-Asian-Salad-1168019,Crunchy Asian Salad,4,2100.0,[Salads],,"[salad, red cabbage, romaine lettuce, red pepper, green onions, ramen noodles, seasoning, slivered almonds, sesame seeds, butter, dressing, vegetable oil, rice vinegar, sugar, salt, ground black pepper, minced garlic]"
Green-Macaroni-Salad-1349786,Green Macaroni Salad,4,1020.0,[Salads],,"[pasta, broccolini, rocket leaves, basil leaves, greek yogurt, avocado, white vinegar]"
Mango-and-Avocado-Salad-1371782,Mango and Avocado Salad,4,1800.0,[Salads],,"[mango, purple onion, red pepper, roma tomatoes, avocado, cilantro, extra-virgin olive oil, lime juice, honey, balsamic vinegar, ginger root, salt, freshly ground black pepper]"
Chicken-Salad-1251212,Chicken Salad,3,1200.0,[Salads],,"[cooked chicken, diced celery, red grape, lemon juice, vegan mayonnaise, chopped walnuts, black pepper, sea salt]"
Bacon-and-Pepper-Jack-Salad-1357535,Bacon and Pepper Jack Salad,4,600.0,[Salads],,"[salad greens, carrots, cucumber, cherry tomatoes, scallions, bacon, pepper jack, basil, vinaigrette]"
Chinese-Chicken-Salad-with-Peanut-Dressing-1378464,Chinese Chicken Salad with Peanut Dressing,4,2700.0,[Salads],"[Chinese, Asian]","[salad, chicken breasts, green onions, ginger, dry sherry, salt, sugar, water, ice, chinese parsley, dressing, peanut butter, salad oil, shoyu, vinegar, sesame oil, chili pepper, onions]"
Shredded-Brussels-Sprouts-Salad-with-Toasted-Almonds-1379907,Shredded Brussels Sprouts Salad with Toasted Almonds,4,600.0,[Salads],,"[brussels sprouts, lacinato kale, almonds, grated parmesan cheese, lemon, apple cider vinegar, garlic cloves, dijon, extra-virgin olive oil, salt]"
Pomegranate-salad-345592,Pomegranate Salad,5,900.0,[Salads],,"[arugula, pomegranate seeds, olive oil, balsamic vinegar]"
Caesar-Salad-Simply-Recipes-42639,Caesar Salad,5,1800.0,[Salads],,"[extra-virgin olive oil, garlic, baguette, lemon juice, parmesan cheese, anchovy paste, eggs, ground black pepper, salt, romaine lettuce]"
Greek-Chicken-Salad-1353004,Greek Chicken Salad,4,900.0,[Salads],[Greek],"[salad leaves, plum tomatoes, cucumber, purple onion, black olives, feta cheese, cooked chicken breasts, olive oil]"
Southwestern-Salad-I-Adore-Food_-200344,Southwestern Salad,4,1500.0,[Salads],[Southwestern],"[mixed greens, cheddar cheese, black beans, corn, chicken breasts, salsa, olive oil, lime juice, garlic cloves, fresh cilantro, salt, ground chipotle chile pepper, cumin, avocado]"
Shredded-Brussel-Sprout-and-Kale-Salad-with-Maple-Pecan-Parmesan-1363460,Shredded Brussel Sprout and Kale Salad with Maple Pecan Parmesan,4,1500.0,[Salads],,"[salad, kale leaves, brussels sprouts, dried cranberries, lemon, extra-virgin olive oil, apple cider vinegar, dijon mustard, parmesan cheese, pecans, nutritional yeast, salt, smoked paprika, pure maple syrup]"
Cucumber-Salad-1323059,Cucumber Salad,4,600.0,[Salads],,"[cucumber, white onion, apple cider vinegar, olive oil, white sugar, salt, black pepper, cayenne pepper]"
Autumn-Spinach-Salad-1344272,Autumn Spinach Salad,4,900.0,[Salads],,"[baby spinach leaves, pears, pecan halves, crumbled blue cheese, purple onion, cider vinegar, splenda no calorie sweetener, dijon mustard, salt, pepper, olive oil]"
Spinach-Caprese-Salad-1364468,Spinach Caprese Salad,4,600.0,[Salads],,"[spinach, tomatoes, chees fresh mozzarella, olive oil, sea salt, ground black pepper, garlic powder, onion powder, italian seasoning, white wine vinegar, splenda, dijon mustard]"
Watermelon_-Cucumber-_-Feta-Salad-1127635,"Watermelon, Cucumber & Feta Salad",4,600.0,[Salads],,"[seedless watermelon, cucumber, purple onion, feta cheese crumbles, honey, fresh lime juice]"
My-Signature-Homemade-Salad-Dressing-756687,My Signature Homemade Salad Dressing,4,300.0,[Salads],,"[balsamic vinegar, dijon mustard, shallots, salt, ground pepper, olive oil]"
Creole-Potato-Salad-1371226,Creole Potato Salad,3,9600.0,[Salads],[Cajun & Creole],"[red potato, mayonnaise, sour cream, creole mustard, creole seasoning, granulated sugar, fresh tomatoes, sliced green onions]"
Strawberry_-Spinach_-Goat-Cheese-Salad-1175208,"Strawberry, Spinach, Goat Cheese Salad",4,300.0,[Salads],,"[baby spinach, goat cheese, sliced almonds, strawberries, poppy seed dressing]"
Super-Summer-Detox-Salad-1175573,Super Summer Detox Salad,4,1800.0,[Salads],,"[farro, olive oil, lemon juice, kosher salt, kale leaves, pitted cherries, chickpeas, purple onion, artichoke hearts, walnut halves]"
Panzanella-Bread-Salad-Simply-Recipes-42525,Panzanella Bread Salad,5,2700.0,[Salads],,"[tomatoes, crusty bread, cucumber, purple onion, fresh basil, olive oil, salt, pepper]"
Israeli-Salad-1228656,Israeli Salad,4,600.0,[Salads],,"[small tomatoes, yellow bell pepper, purple onion, english cucumber, fresh mint, fresh parsley, fresh cilantro, lemon, olive oil, kosher salt, pepper]"
Panzanella-Salad-Appetizer-Bites-1209430,Panzanella Salad Appetizer Bites,4,1200.0,"[Appetizers, Salads]",,"[crackers, pepper cheese, basil, grape tomatoes, bread ciabatta, italian salad dressing]"
Potato-Salad-442364,Potato Salad,5,2100.0,[Salads],,"[yukon gold potatoes, celery, purple onion, mayonnaise, pickle relish, chopped parsley, yellow mustard, kosher salt, ground black pepper, hard-boiled egg]"
Glowing-Skin-Shredded-Salad-1257530,‘Glowing Skin’ Shredded Salad,3,1200.0,[Salads],,"[beets, carrots, anjou pears, black sesame seeds, lime, sea salt]"
Succotash-salad-371655,Succotash Salad,5,1500.0,[Salads],,"[unsalted butter, sweet onion, beans, ear of corn, cherry tomatoes, lemon juice, feta cheese, basil, sea salt flakes, ground black pepper]"
Cucumber-Chickpea-Salad-1328508,Cucumber Chickpea Salad,4,2700.0,[Salads],,"[chickpeas, cucumber, celery ribs, purple onion, fresh dill, fresh parsley, mayonnaise, mustard]"
Arugula-Salad-with-Pomegranate-1353584,Arugula Salad with Pomegranate,3,600.0,[Salads],,"[shallots, red wine vinegar, dijon mustard, salt, orange marmalade, orange juice, oil, pepper, baby arugula, orange, pomegranate seeds, toasted walnuts]"
Carrot-Salad-1058813,Carrot Salad,4,300.0,[Salads],,"[shredded carrots, raisins, pineapple, mayonnaise]"
Brussel-Sprout-Kale-Salad-with-Pomegranate-Seeds_-Walnuts-_-Parmesan-1378567,"Brussel Sprout Kale Salad with Pomegranate Seeds, Walnuts & Parmesan",4,900.0,"[Side Dishes, Salads]",,"[Earthbound Farm Deep Green Blends Kale, brussels sprouts, pomegranate, walnut pieces, shaved parmesan cheese, olive oil, sea salt]"
Yogurt-Lime-Dressing-for-Savory-Salads-1373876,Yogurt Lime Dressing for Savory Salads,4,300.0,[Salads],,"[yoghurt, salt, pepper, mayonnaise, lime, chopped garlic]"
Buffalo-Ranch-Shrimp-Salad-1043515,Buffalo Ranch Shrimp Salad,4,600.0,[Salads],,"[large shrimp, buffalo sauce, butter, lettuce, carrots, celery, Hidden Valley® Original Ranch® Dressing]"
Spinach-Salad-1365189,Spinach Salad,4,3000.0,[Salads],,"[bacon, baby spinach, purple onion, crimini mushrooms, hard-boiled egg, grape tomatoes, balsamic vinegar, spicy brown mustard, garlic cloves, sea salt, freshly ground black pepper, olive oil]"
Tortellini-Salad-969893,Tortellini Salad,4,1620.0,[Salads],,"[cheese tortellini, broccoli, onions, tomatoes, shredded parmesan cheese, caesar salad dressing]"
Roasted-Beet_-Goat-Cheese_-and-Walnut-Salad-1368603,"Roasted Beet, Goat Cheese, and Walnut Salad",4,4800.0,[Salads],,"[beets, goat cheese, walnuts, spring mix, garlic, balsamic vinegar, olive oil, honey, cracked black pepper]"
Warm-Buckwheat-And-Mushroom-Salad-1372967,Warm Buckwheat And Mushroom Salad,4,2100.0,,,"[buckwheat, mushrooms, olive oil, feta cheese, pepper, salt, fresh basil, dried thyme]"
Simple-Pasta-Salad-With-Garlic-Vinaigrette-1364423,Simple Pasta Salad With Garlic Vinaigrette,3,900.0,[Salads],,"[rotini pasta, cook and drain, garlic, Balsamico Bianco, dijon mustard, honey, worcestershire sauce, olive oil, salt, pepper, cherry tomatoes, green olives, purple onion, parmesan cheese]"
Pear_-Goat-Cheese-and-Walnut-Salad-1364278,"Pear, Goat Cheese and Walnut Salad",4,300.0,[Salads],,"[baby greens, pears, goat cheese, chopped walnuts, vinaigrette]"
Chicken-Caesar-Salad-1020196,Chicken Caesar Salad,5,1200.0,[Salads],,"[mayonnaise, eggs, fresh lemon juice, dijon mustard, garlic cloves, worcestershire sauce, oil, extra-virgin olive oil]"
Taco-Salad-1300543,Taco Salad,4,2400.0,[Salads],,"[ground beef, red kidney beans, lettuce, large tomato, grating cheese, doritos, salad dressing]"
Chopped-Cobb-Salad-601921,Chopped Cobb Salad,3,1200.0,[Salads],,"[romaine lettuce, smoked bacon, chicken breasts, hard-boiled egg, diced tomatoes, avocado, crumbled blue cheese, ranch dressing]"
Beet-Salad-with-Walnuts-and-Goat-Cheese-1344440,Beet Salad with Walnuts and Goat Cheese,4,3900.0,[Salads],,"[beets, ground black pepper, kosher salt, red wine vinegar, extra-virgin olive oil, walnuts, arugula, escarole, goat cheese]"
Obsessively-Good-Avocado-Cucumber-Salad-1066048,Obsessively Good Avocado Cucumber Salad,4,900.0,[Salads],,"[seedless cucumber, scallions, avocado, mayonnaise, lime, salt, hot sauce, chopped cilantro]"
Creamy-Lemon-Salad-Dressing-1346384,Creamy Lemon Salad Dressing,4,360.0,[Salads],,"[whipping cream, dijon mustard, sugar, salt, ground pepper, white wine vinegar, lemon]"
Indian-Salad-1352905,Indian Salad,4,900.0,[Salads],,"[lettuce, cucumber, tomatoes, onions, coriander, red chili peppers, lemon, sea salt]"
Egg-Salad-1259426,Egg Salad,4,600.0,[Salads],,"[hard-boiled egg, celery, low-fat mayonnaise, dijon mustard, nonfat plain greek yogurt, purple onion, fresh dill, lemon, sea salt, freshly ground pepper]"
Broccoli-Salad-1003109,Broccoli Salad,4,1800.0,[Salads],,"[broccoli florets, broccoli slaw, Craisins, sunflower seeds, bacon, purple onion, mayonnaise, red wine vinegar, coarse ground mustard, kosher salt, cracked black pepper, white sugar]"
Persimmon-Salad-1367749,Persimmon Salad,4,1200.0,[Salads],,"[Fuyu persimmons, lime, ground cumin, serrano chile, kosher salt, walnut oil, pomegranate seeds, chopped walnuts, chopped cilantro]"
Fall-Harvest-Salad-1372834,Fall Harvest Salad,4,1200.0,[Salads],,"[radicchio, baby gem lettuce, apples, persimmon, radishes, cubed feta, Marcona almonds, pomegranate seeds, olive oil, balsamic vinegar, garlic, cracked black pepper, kosher salt]"
Caprese-Salad---Tomato-Mozzarella-Basil-1373871,Caprese Salad - Tomato Mozzarella Basil,4,300.0,[Salads],,"[tomatoes, mozzarella cheese, fresh basil, salt, pepper, extra-virgin olive oil]"
