id,recipeName,rating,totalTimeInSeconds,course,cuisine,ingredients
Garlic-Herb-Roasted-Salmon-1374862,Garlic Herb Roasted Salmon,4,1200.0,[Main Dishes],,"[salmon fillets, melted butter, garlic, Italian parsley leaves, salt, cayenne pepper, lemon juice, ground black pepper, lemon wedge]"
Pistachio-Lime-Baked-Salmon-1362588,Pistachio Lime Baked Salmon,4,1500.0,[Main Dishes],,"[salmon fillets, pistachio nuts, dark brown sugar, lime juice, dill weed, pepper]"
Honey-Cilantro-Glazed-Salmon-1375371,Honey-Cilantro Glazed Salmon,4,1200.0,[Main Dishes],,"[salmon fillets, lime juice, olive oil, honey, cilantro, Gourmet Garden garlic paste, ground black pepper]"
Glazed-Salmon-1335406,Glazed Salmon,4,1200.0,[Main Dishes],,"[salmon fillets, low sodium soy sauce, brown sugar, dijon mustard, olive oil]"
Maple-Salmon-1344488,Maple Salmon,4,3300.0,[Main Dishes],,"[maple syrup, soy sauce, garlic, garlic salt, ground black pepper, salmon]"
Honey-Lime-Glazed-Salmon-1376924,Honey Lime Glazed Salmon,4,1800.0,[Main Dishes],,"[salmon fillets, honey, lime zest, black pepper, salt]"
Blackened-Salmon-1355185,Blackened Salmon,4,1200.0,[Main Dishes],,"[salmon fillets, olive oil, fresh lemon, garlic cloves, paprika, cayenne pepper, fresh thyme, sea salt]"
Honey-Sriracha-Salmon-1364942,Honey Sriracha Salmon,4,5100.0,[Main Dishes],,"[salmon fillets, garlic cloves, low sodium soy sauce, honey, Sriracha, water, olive oil]"
Sesame-Garlic-Baked-Salmon-1369633,Sesame Garlic Baked Salmon,3,1920.0,[Main Dishes],,"[salmon fillets, low sodium soy sauce, sesame oil, fresh lemon juice, dark brown sugar, garlic cloves, fresh ginger, sesame seeds, red pepper flakes, steamed rice]"
Honey-and-Wasabi-Salmon-1378696,Honey and Wasabi Salmon,3,1800.0,[Main Dishes],[Asian],"[white wine, honey, coconut aminos, fresh ginger root, wasabi powder, coconut oil, salmon fillets]"
Baked-Salmon-1346296,Baked Salmon,4,3300.0,[Main Dishes],,"[salmon fillets, olive oil, lemon juice, salt, dried basil, dried parsley]"
Salmon-with-Lime_-Cumin_-_-Paprika-1375334,"Salmon with Lime, Cumin, & Paprika",4,2400.0,[Main Dishes],,"[salmon, ground cumin, ground paprika, sea salt, lime juice, olive oil]"
Baked-Salmon-1339360,Baked Salmon,4,1200.0,[Main Dishes],,"[salmon fillets, reduced sodium soy sauce, honey, olive oil spray]"
Best-Salmon-1367371,Best Salmon,4,2400.0,[Main Dishes],[Barbecue],"[salmon fillets, soy sauce, brown sugar, olive oil, lemon juice, garlic cloves, black pepper]"
Ginger-Chilli-Salmon-With-Noodles-1376132,Ginger Chilli Salmon With Noodles,3,1500.0,[Main Dishes],[Asian],"[kecap manis, garlic, ginger, water, chili flakes, sea salt flakes, salmon fillets, vegetable oil, brown mushroom, dried rice noodles, coriander]"
Blackened-Salmon-1317353,Blackened Salmon,3,1500.0,[Main Dishes],,"[paprika, cayenne, fresh thyme, oregano leaves, kosher salt, salmon, canola oil, lemon]"
Sizzling-Salmon-1364456,Sizzling Salmon,4,600.0,[Main Dishes],,"[salmon fillets, garlic, olive oil, salt, pepper]"
Wasabi-Salmon-1340616,Wasabi Salmon,3,1800.0,[Main Dishes],[Asian],"[low sodium soy sauce, wasabi powder, fresh ginger, dark sesame oil, skinless salmon fillets, cooking spray]"
Easy-Oven-Baked-Salmon-With-Arugula-Avocado-Salad-1373925,Easy Oven Baked Salmon With Arugula Avocado Salad,4,1500.0,"[Salads, Main Dishes]",,"[salmon fillets, lemon, garlic cloves, olive oil, salt, pepper, arugula, avocado, shallots, lemon juice, vinegar]"
Crispy-Salmon-604946,Crispy Salmon,3,900.0,[Main Dishes],,"[nonstick spray, salmon fillets, kosher salt, freshly ground pepper]"
Baked-Herbed-Salmon-1064708,Baked Herbed Salmon,4,1500.0,[Main Dishes],,"[salmon fillets, dill weed, dried rosemary, parsley, salt, pepper, lemon]"
Baked-Dill-Salmon-1338920,Baked Dill Salmon,4,1500.0,[Main Dishes],,"[salmon, salt, pepper, garlic, fresh dill]"
Grilled-Salmon-1349512,Grilled Salmon,4,2100.0,[Main Dishes],[Barbecue],"[salmon fillets, lemon pepper, garlic powder, salt, soy sauce, brown sugar, water, vegetable oil]"
World_s-Best-_and-Easiest_-Salmon-1346784,World's Best (and Easiest) Salmon,3,1200.0,[Main Dishes],,"[honey, pure maple syrup, soy sauce, minced garlic, salmon]"
Keto-Rosemary-Dill-Salmon-1368049,Keto Rosemary Dill Salmon,4,1500.0,[Main Dishes],,"[salmon fillets, seasoning, sour cream, mayonnaise, dill weed, garlic powder, onion powder]"
Salmon-Roasted-in-Butter-1377536,Salmon Roasted in Butter,3,2100.0,[Main Dishes],,"[butter, chervil, salmon fillets, freshly ground black pepper, salt, lemon wedge]"
Baked-Salmon-1180034,Baked Salmon,4,2400.0,[Main Dishes],,"[salmon fillets, olive oil, pepper, garlic paste, lemon wedge]"
Baked-Dijon-Salmon-1348042,Baked Dijon Salmon,4,1500.0,[Main Dishes],,"[butter, dijon mustard, honey, dry bread crumbs, chop fine pecan, fresh parsley, salmon, pepper, salt, lemon]"
Maple-Mustard-Salmon-1380167,Maple Mustard Salmon,4,1440.0,[Main Dishes],,"[salmon, salt, ghee, maple syrup, stone ground mustard, coconut aminos]"
Ginger-Apricot-Glazed-Salmon-1373935,Ginger-Apricot Glazed Salmon,4,2400.0,[Main Dishes],,"[soy sauce, peeled fresh ginger, apricot nectar, salmon fillets]"
Broiled-salmon-with-rosemary-352428,Broiled Salmon with Rosemary,5,1200.0,[Main Dishes],,"[salmon, olive oil spray, fresh lemon juice, rosemary, garlic, pepper, salt]"
Glazed-Salmon-1026062,Glazed Salmon,4,1200.0,[Main Dishes],,"[salmon fillets, low sodium soy sauce, brown sugar, dijon mustard, olive oil]"
Salmon-Scramble-1378030,Salmon Scramble,3,1500.0,[Breakfast and Brunch],,"[eggs, salmon, coconut milk, lemon, cooking fat, dill, salt, pepper]"
Caramelized-Salmon-499538,Caramelized Salmon,4,1500.0,[Main Dishes],,"[sugar, coarse sea salt, cracked black pepper, salmon, olive oil]"
Salmon-Teriyaki-1319902,Salmon Teriyaki,4,2700.0,[Main Dishes],[Japanese],"[salmon fillets, teriyaki sauce, corn starch, soy sauce, mirin, sake, sugar]"
How-to-Microwave-Salmon-763361,How to Microwave Salmon,4,900.0,[Main Dishes],,"[salmon fillets, pepper, salt, mayonnaise, Sriracha, lemon slices, parsley]"
Brown-Sugar-Salmon-1368385,Brown Sugar Salmon,4,2400.0,[Main Dishes],,"[skinless salmon fillets, vegetable oil, brown sugar, soy sauce, water, salt, lemon pepper, garlic powder, lemon slices, salmon fillets]"
Salmon-1025516,Salmon,4,2400.0,[Main Dishes],,"[salmon fillets, olive oil, seasoning, fresh dill, lemon slices, salmon, frozen shelled edamame, mushrooms, green onions, teriyaki sauce, lemon, black pepper]"
Oven-Roasted-Salmon-1334137,Oven Roasted Salmon,3,2100.0,[Main Dishes],,"[salmon fillets, butter, salt, black pepper, carrots, baby potatoes, canola oil, lemon juice]"
Salmon-And-Mushrooms-Casserole-1373491,Salmon And Mushrooms Casserole,4,2100.0,[Main Dishes],,"[salmon, mushrooms, onions, cream, salt, grating cheese]"
Mirin-Glazed-Salmon-Once-Upon-A-Chef-200003,Mirin Glazed Salmon,5,1200.0,[Main Dishes],,"[mirin, light brown sugar, soy sauce, salmon fillets, water, rice vinegar, scallions]"
Amazing-Salmon-676438,Amazing Salmon,3,,,,"[salmon fillets, zesty italian dressing]"
Feta-and-Herb-Crusted-Salmon-1350752,Feta and Herb Crusted Salmon,4,1500.0,[Main Dishes],,"[salmon fillets, feta cheese, fresh parsley, chopped fresh chives, lemon, salt, pepper]"
Baked-Salmon-1221588,Baked Salmon,4,2400.0,[Main Dishes],,"[salmon fillets, iodized salt, ground black pepper, garlic powder, lemon juice, spring mix, grape tomatoes, balsamic vinaigrette, feta cheese crumbles]"
Herb-Roasted-Salmon-1350053,Herb Roasted Salmon,4,1200.0,[Main Dishes],,"[salmon fillets, extra-virgin olive oil, parsley, lemon zest, lemon, garlic, sea salt, freshly ground pepper]"
Salmon-Mousse-1377932,Salmon Mousse,4,2100.0,,,"[eggs, cream cheese, smoked salmon, fresh lemon juice, lemon peel, cream, caviar]"
Roasted-Salmon-With-Potatoes-and-Mushrooms-1320351,Roasted Salmon With Potatoes and Mushrooms,3,2400.0,,,"[small new potatoes, button mushrooms, olive oil, black pepper, kosher salt, skinless salmon fillets, red wine vinegar, whole grain mustard, honey, flat leaf parsley]"
Apple-Cider-Glazed-Salmon-1376729,Apple Cider Glazed Salmon,4,2700.0,[Main Dishes],,"[apple cider vinegar, honey, skinless salmon fillets, olive oil, salt, pepper, lemon, butter, baby spinach, white wine]"
Delicious-Salmon-Allrecipes,Delicious Salmon,5,15720.0,[Main Dishes],,"[soy sauce, olive oil, brown sugar, lemon pepper, garlic, skin on salmon fillets]"
Salmon-teriyaki-308049,Salmon Teriyaki,5,3600.0,[Main Dishes],[Japanese],"[salmon, soy sauce, mirin, sugar, vegetable oil]"
Teriyaki-Salmon-757151,Teriyaki Salmon,3,3600.0,[Main Dishes],[Asian],"[salmon fillets, dark soy sauce, lime zest, chillies, maple syrup, garlic cloves, ginger, egg noodles, coriander, sesame oil, lime juice]"
Bourbon-glazed-salmon-333622,Bourbon Glazed Salmon,5,2700.0,[Main Dishes],[American],"[fresh salmon, sea salt, black pepper, bourbon whiskey, brown sugar, garlic cloves, apple cider vinegar, worcestershire sauce, honey, ground mustard]"
Blackened-Salmon-1176385,Blackened Salmon,4,1200.0,[Main Dishes],,"[chili powder, garlic powder, kosher salt, salmon, coconut oil]"
Miso-Glazed-Salmon-with-Wilted-Spinach-1366020,Miso-Glazed Salmon with Wilted Spinach,3,1500.0,[Main Dishes],[Asian],"[fish, white miso, mirin, rice vinegar, low sodium soy sauce, sugar, peeled fresh ginger, skinless salmon fillets, toasted sesame seeds, spinach, dark sesame oil, minced garlic, fresh spinach]"
Gingery-Salmon-With-Peaches-1379554,Gingery Salmon With Peaches,3,1200.0,[Main Dishes],[Barbecue],"[rice vinegar, fresh ginger, fresh thyme leaves, extra-virgin olive oil, kosher salt, pepper, purple onion, peaches, salmon steaks]"
Sauteed-Salmon-Martha-Stewart-192688,Sauteed Salmon,3,900.0,[Main Dishes],,"[canola oil, salmon fillets, fine sea salt, ground white pepper]"
Honey-teriyaki-salmon-314540,Honey-Teriyaki Salmon,5,2400.0,[Main Dishes],"[Japanese, Asian]","[low sodium soy sauce, mirin, sake, honey, salmon fillets, cooking oil]"
BBQ-Salmon-1270116,BBQ Salmon,4,1200.0,[Main Dishes],[Barbecue],"[salmon fillets, olive oil, salt, pepper, bbq sauce]"
Chili-Blackened-Salmon-1311164,Chili Blackened Salmon,4,900.0,[Main Dishes],,"[salmon fillets, chili powder, pepper, salt, fat]"
Crusted-Cayenne-_-Lemon-Salmon-1237743,Crusted Cayenne & Lemon Salmon,4,480.0,[Main Dishes],,"[salmon fillets, pepper, salt, lemon slices, butter]"
Peanut-Butter-_-Miso-Glazed-Salmon-1362350,Peanut Butter & Miso Glazed Salmon,4,3300.0,[Main Dishes],,"[salmon fillets, green onions, hot water, peanut butter, white miso, rice vinegar, soy sauce, ginger, garlic cloves]"
Salmon-kabayaki-345531,Salmon Kabayaki,5,900.0,[Main Dishes],,"[salmon, fillets, ume plum vinegar, agave nectar, olive oil]"
Szechuan-Blackened-Salmon-1358846,Szechuan Blackened Salmon,4,900.0,[Main Dishes],,"[oil, szechwan peppercorns, black peppercorns, paprika, salt, oregano, salmon fillets]"
Buffalo-Salmon-Epicurious,Buffalo Salmon,5,1800.0,[Main Dishes],[American],"[unsalted butter, hot sauce, panko, vegetable oil, salmon fillets]"
Spinach-_-Salmon-Rolls-1362387,Spinach & Salmon Rolls,3,600.0,,,"[garlic, crème fraîche, spinach leaves, smoked salmon, lemon juice]"
Mustard_Glazed-Salmon-Martha-Stewart_1,Mustard-Glazed Salmon,3,900.0,[Main Dishes],[American],"[olive oil, dijon mustard, fresh lemon juice, pepper, salt, salmon fillets, fresh dill]"
Poached-Salmon-Simply-Recipes-42955,Poached Salmon,5,900.0,[Main Dishes],,"[salmon fillets, salt, dry white wine, water, onions, shallots, fresh dill, fresh parsley, ground black pepper, fresh lemon]"
Rosemary-salmon-331871,Rosemary Salmon,3,3600.0,[Main Dishes],,"[salmon fillets, low sodium soy sauce, olive oil, dijon mustard, garlic cloves, rosemary, dark brown sugar, lemon]"
Maple-Salmon-1111795,Maple Salmon,4,3300.0,[Main Dishes],,"[salmon fillets, maple syrup, soy sauce, garlic, ground black pepper]"
Blackened-Salmon-1043029,Blackened Salmon,4,1200.0,[Main Dishes],,"[salmon fillets, olive oil, fresh lemon, garlic cloves, paprika, cayenne pepper, fresh thyme, sea salt]"
Perfect-Grilled-Bruschetta-Salmon-1217109,Perfect Grilled Bruschetta Salmon,3,3600.0,[Main Dishes],[Barbecue],"[tomatoes, sweet onion, garlic, Kraft Shredded Parmesan Cheese, Kraft Sun Dried Tomato Vinaigrette, skin on salmon fillets, fresh basil]"
Salmon-Tagliatelle-1373572,Salmon Tagliatelle,4,2100.0,[Main Dishes],,"[tagliatelle, olive oil, onions, salmon fillets, salt, pepper, pizza seasoning, white wine, cream, lemon, tomatoes]"
Easy-Salmon-Cakes-1378545,Easy Salmon Cakes,4,2400.0,,,"[coconut oil, canned salmon, diced onions, fresh cilantro, sweet potatoes, large eggs, red pepper flakes, kosher salt, freshly ground black pepper]"
Dijon-Crusted-Salmon-1174334,Dijon Crusted Salmon,4,600.0,[Main Dishes],,"[salmon fillets, bread crumbs, fresh dill, mayonnaise, dijon mustard, salt, pepper, cooking spray]"
Asiago-baked-salmon-334049,Asiago Baked Salmon,5,1800.0,[Main Dishes],,"[salmon fillets, plain greek yogurt, parsley, asiago, chopped garlic, shallots, salt, pepper]"
Soy-Peppered-Salmon-984781,Soy Peppered Salmon,3,2100.0,[Main Dishes],,"[soy sauce, garlic cloves, brown sugar, lime juice, salmon fillets, cracked black pepper, oil]"
Quick-_-Easy-Salmon-1346962,Quick & Easy Salmon,4,900.0,[Main Dishes],,"[garlic powder, dried basil, salt, salmon fillets, butter, lemon wedge]"
Garlic-dill-salmon-348790,Garlic-Dill Salmon,5,1200.0,[Main Dishes],,"[garlic cloves, fresh orange juice, fresh lemon juice, fresh dill, salmon fillets]"
Orange-Salmon-with-Noodles-1361993,Orange Salmon with Noodles,3,1200.0,[Main Dishes],,"[skinless salmon fillets, olive oil, balsamic vinegar, cracked black pepper, buckwheat, orange juice, orange, garlic, purple onion, anise seed, fennel fronds]"
World_s-Best-_and-Easiest_-Salmon-636603,World's Best (and Easiest) Salmon,3,1200.0,[Main Dishes],,"[honey, pure maple syrup, soy sauce, minced garlic, salmon]"
Smoked-Salmon-Eggs-Benedict-1377059,Smoked Salmon Eggs Benedict,4,600.0,[Breakfast and Brunch],,"[large eggs, large egg yolks, bread slices, smoked salmon, unsalted butter, lemon juice, water, kosher salt, cayenne pepper]"
Grilled-Salmon-637186,Grilled Salmon,3,8040.0,[Main Dishes],[Barbecue],"[salmon fillets, brown sugar, seasoning, lemon juice, lemon, soy sauce, water, olive oil]"
Panko-Crusted-Salmon-1258457,Panko Crusted Salmon,4,1200.0,[Main Dishes],,"[salmon fillets, dijon mustard, panko breadcrumbs, chopped parsley, olive oil, grated lemon zest, salt, pepper]"
Glazed-Salmon-1025775,Glazed Salmon,4,1200.0,[Main Dishes],,"[salmon fillets, low sodium soy sauce, brown sugar, dijon mustard, olive oil]"
Baked-Salmon-With-Garlic-897817,Baked Salmon With Garlic,3,1800.0,[Main Dishes],,"[garlic, fresh parsley, extra-virgin olive oil, ground black pepper, salt, lemon juice, salmon fillets, lemon wedge]"
Salmon-with-Mustard-Sauce-1369764,Salmon with Mustard Sauce,4,1200.0,[Main Dishes],,"[salmon fillets, garlic cloves, dijon mustard, whole grain mustard, fresh thyme, lemon juice, honey, extra-virgin olive oil, kosher salt, freshly ground black pepper, lemon wedge]"
Sweet-Citrus-Spiced-Salmon-1102262,Sweet Citrus Spiced Salmon,3,3600.0,[Main Dishes],,"[pineapple juice, fresh lemon juice, salmon fillets, brown sugar, lemon zest, chili powder, ground cumin, kosher salt, ground cinnamon]"
Salmon-Teriyaki-1322497,Salmon Teriyaki,4,3300.0,[Main Dishes],,"[salmon fillets, oil, Mizkan Oigatsuo Tsuyu Soup Base, seasoning, sake, sugar, corn starch]"
Salmon-with-Lentils-1371635,Salmon with Lentils,4,3600.0,[Main Dishes],,"[black lentil, purple onion, carrots, celery, bay leaves, thyme, garlic, salt, extra-virgin olive oil, bacon, whole grain mustard, red wine vinegar, kosher salt, salmon fillets]"
Alaskan-Salmon-with-Black-Quinoa-and-Spinach-1376103,Alaskan Salmon with Black Quinoa and Spinach,4,2400.0,[Main Dishes],,"[black quinoa, pink salmon, purple onion, chili, baby spinach, lemon, extra-virgin olive oil, coarse salt, freshly ground pepper]"
Slammin_-Salmon-Allrecipes,Slammin' Salmon,5,8280.0,[Main Dishes],[Barbecue],"[balsamic vinegar, lemon juice, soy sauce, salt, brown sugar, ground ginger, paprika, black pepper, crushed red pepper flakes, garlic, green onions, sesame oil, peanut oil, boneless salmon fillets]"
Teriyaki-Salmon-1356173,Teriyaki Salmon,4,900.0,[Main Dishes],[Japanese],"[salmon fillets, salt, freshly ground black pepper, flour, olive oil, butter, sake, mirin, sugar, soy sauce]"
Oven-Baked-Butter-Lemon-Salmon-894498,Oven Baked Butter Lemon Salmon,4,1200.0,[Main Dishes],,"[salmon fillets, butter, lemon juice, salt, pepper]"
Salmon-with-Brown-Butter-Sauce-1374979,Salmon with Brown Butter Sauce,4,2400.0,[Main Dishes],,"[salmon fillets, olive oil, salt, pepper, butter, capers]"
Baked-Salmon-with-Dill-1168188,Baked Salmon with Dill,3,1500.0,[Main Dishes],,"[salmon fillets, cooking spray, fresh dill, kosher salt, ground black pepper, lemon wedge]"
Mediterranean-Salmon-1280567,Mediterranean Salmon,4,1800.0,[Main Dishes],[Mediterranean],"[boneless salmon fillets, garlic, grape tomatoes, zucchini, green onions, lemon juice, salt, feta cheese, fresh basil, olives, navy beans, chickpeas, red bell pepper, olive oil]"
Bbq-spiced-salmon-333309,BBQ Spiced Salmon,5,2700.0,[Main Dishes],,"[fresh salmon, brown sugar, smoked paprika, onion powder, garlic powder, chili powder, salt, pepper, cayenne pepper, pineapple chunks, jalapeno chilies, purple onion, chopped cilantro, lime]"
Honey-Sriracha-Salmon-1337104,Honey Sriracha Salmon,4,1500.0,[Main Dishes],,"[salmon fillets, ground black pepper, salt, sesame seeds, green onions, marinade, honey, Sriracha, minced garlic, white wine vinegar, ground ginger]"
Miso-Glazed-Salmon-1109377,Miso-Glazed Salmon,4,1200.0,[Main Dishes],,"[skin on salmon fillets, white miso, mirin, rice vinegar]"
Five-C-Spiced-Salmon-1366346,Five C Spiced Salmon,4,900.0,[Main Dishes],,"[salmon fillets, cinnamon, coriander, cumin, ground cloves, cardamom, salt, lard, paleo mayonnaise, lime juice, dijon mustard]"
Quick-and-easy-pecan-crusted-dijon-salmon-309280,Quick and Easy Pecan-Crusted Dijon Salmon,5,3900.0,,,"[salmon fillets, rub, chop fine pecan, dijon mustard, mayonnaise, dijon]"
Cedar-Planked-Salmon-1365830,Cedar-Planked Salmon,3,3600.0,[Main Dishes],,"[extra-virgin olive oil, dijon mustard, honey, balsamic vinegar, grated orange, fresh thyme, salmon fillets, freshly ground black pepper, kosher salt]"
Mustard-Glazed-Salmon-1017058,Mustard-Glazed Salmon,4,1200.0,[Main Dishes],,"[salmon fillets, pepper, whole grain dijon mustard, honey, dried rosemary]"
Roasted-Honey-Mustard-Salmon-1197687,Roasted Honey-Mustard Salmon,4,1200.0,[Main Dishes],,"[salmon fillets, butter, dijon style mustard, honey, ground black pepper, salt]"
15-Minute-Sesame-Seared-Salmon-1203833,15 Minute Sesame Seared Salmon,4,900.0,[Main Dishes],,"[salmon fillets, toasted sesame oil, sea salt, cooking oil, sesame seeds]"
Dijon-Maple-Glazed-Salmon-1244642,Dijon Maple Glazed Salmon,4,1140.0,[Main Dishes],,"[salmon fillets, dijon mustard, maple syrup, pepper, salt]"
Salmon-Teriyaki-Noodles-1357352,Salmon Teriyaki Noodles,4,1320.0,[Main Dishes],"[Japanese, Asian]","[salmon, salt, ground black pepper, rice noodles, white sesame seeds, scallions, gluten free soy sauce, mirin, sugar]"
Salmon-Chowder-1361672,Salmon Chowder,4,3600.0,[Soups],,"[red potato, thick-cut bacon, olive oil, scallions, frozen corn, garlic, chopped fresh thyme, bay leaf, milk, heavy cream, salmon fillets, salt, black pepper, fresh lemon juice, chopped fresh chives, oyster crackers]"
Dijon-Salmon-1011134,Dijon Salmon,4,2100.0,[Main Dishes],,"[salmon, fresh parsley, garlic, dijon mustard, salt, black pepper, lemon juice, asparagus, olive oil]"
Maple-Grilled-Salmon-475285,Maple Grilled Salmon,4,2700.0,[Main Dishes],[Barbecue],"[rice vinegar, maple syrup, fresh orange juice, salmon fillets, pepper, salt]"
Magically-moist-adobo-salmon-296946,Magically Moist Adobo Salmon,4,900.0,[Main Dishes],,"[salmon, adobo seasoning, Best Food's Mayonnaise with Lime Juice, dri oregano leaves, crush, ground cumin]"
Easy-Baked-Salmon-in-Foil-1335125,Easy Baked Salmon in Foil,4,2400.0,[Main Dishes],,"[salmon fillets, olive oil, ground black pepper, salt, roma tomatoes, shallots, fresh lemon juice, dried oregano, dried thyme]"
Spanish-Salmon-Stew-_Marmitako-de-Salmon_-1375035,Spanish Salmon Stew (Marmitako de Salmón),4,3300.0,[Main Dishes],[Spanish],"[salmon fillets, tomatoes, potatoes, bell pepper, garlic, onions, fish broth, paprika, parsley, olive oil, freshly ground black pepper, salt]"
Honey-Sriracha-Salmon-1174655,Honey Sriracha Salmon,4,1200.0,[Main Dishes],,"[reduced sodium soy sauce, honey, rice vinegar, Sriracha, fresh ginger, minced garlic, salmon fillets, sesame oil, scallions]"
Quick-and-Easy-Balsamic-Salmon-1217668,Quick and Easy Balsamic Salmon,4,900.0,[Main Dishes],,"[salmon fillets, coconut oil, honey, balsamic vinegar, red pepper flakes, sea salt, ground black pepper]"
Rosemary-Ranch-Salmon-1125301,Rosemary Ranch Salmon,4,1800.0,[Main Dishes],,"[salmon fillets, kosher salt, lemon, pepper, fresh rosemary, ranch dressing]"
Ravioli-with-Salmon-and-Chives-1363364,Ravioli with Salmon and Chives,4,900.0,[Main Dishes],,"[ravioli, smoked salmon, chives, extra-virgin olive oil, salt, pepper]"
Blackened-Sockeye-Salmon-1057657,Blackened Sockeye Salmon,4,1500.0,[Main Dishes],,"[salmon fillets, canola oil, spices, dried thyme, garlic powder, dried oregano, paprika, black pepper, cayenne pepper, sea salt]"
Bourbon-Glazed-Salmon-1023418,Bourbon Glazed Salmon,4,900.0,[Main Dishes],,"[butter, brown sugar, salmon steaks, bourbon whiskey]"
Clean-Eating-Baked-Thai-Salmon-1111281,Clean Eating Baked Thai Salmon,4,1200.0,[Main Dishes],,"[salmon fillets, salt, sweet chili sauce, green onions, cooking spray]"
Citrus-Salmon-with-Broccoli-678054,Citrus Salmon with Broccoli,3,1500.0,[Main Dishes],,"[lemon, sugar, butter, skinless salmon fillets, salt, ground black pepper, snip fresh dill, olive oil, broccoli, garlic, lemon slices, fresh dill]"
Salmon-Patties-1350964,Salmon Patties,3,1800.0,[Main Dishes],,"[eggs, spicy brown mustard, dried dillweed, pepper, rice cereal, salmon]"
Salmon-With-Sriracha-Sauce-and-Lime-1347378,Salmon With Sriracha Sauce and Lime,3,1500.0,[Main Dishes],,"[lime, maple syrup, Sriracha, coarse sea salt, salmon fillets, chopped cilantro]"
Fried-Curry-Salmon-Skewers-1362869,Fried Curry Salmon Skewers,4,1800.0,[Main Dishes],,"[salmon fillets, curry powder, olive oil, salt, lemon wedge]"
Simply-Grilled-Salmon-1054122,Simply Grilled Salmon,4,7800.0,[Main Dishes],[Barbecue],"[salmon fillets, dried basil, dried oregano, black pepper, salt, extra-virgin olive oil, garlic, lemon]"
Chipotle-lime-salmon-345532,Chipotle Lime Salmon,5,1500.0,[Main Dishes],,"[fillets, salmon, olive oil, lime, sea salt, ground chipotle chile pepper]"
Quick-and-Easy-Balsamic-Salmon-999447,Quick and Easy Balsamic Salmon,4,900.0,[Main Dishes],,"[salmon fillets, coconut oil, honey, balsamic vinegar, red pepper flakes, sea salt, ground black pepper]"
Grilled-Salmon-with-Chimichurri-1362706,Grilled Salmon with Chimichurri,4,1500.0,[Main Dishes],[Barbecue],"[chimichurri, flat leaf parsley, cilantro, olive oil, white wine vinegar, chopped onion, garlic, salt, red pepper flakes, pepper, salmon, fresh salmon, kosher salt]"
Foiled-Lemon-Grilled-Salmon-1268204,Foiled Lemon Grilled Salmon,4,900.0,[Main Dishes],,"[salmon fillets, cayenne pepper, salt, pepper, olive oil, butter, lemon]"
Blackened-Salmon-1042518,Blackened Salmon,4,1500.0,[Main Dishes],,"[salmon fillets, paprika, cayenne pepper, onion powder, salt, ground white pepper, ground black pepper, thyme, basil, oregano, butter]"
Balsamic-Glazed-Salmon-768840,Balsamic Glazed Salmon,4,1800.0,[Main Dishes],,"[balsamic vinegar, white wine, honey, dijon mustard, fresh rosemary, garlic, salmon fillets, ground black pepper, salt, canola oil]"
Miso-Salmon-1261766,Miso Salmon,4,900.0,[Main Dishes],"[Japanese, Asian]","[skin on salmon fillets, marinade, white miso, sake, mirin, soy sauce, sesame oil, white sesame seeds, scallions]"
Salmon-Teriyaki-960947,Salmon Teriyaki,4,1200.0,[Main Dishes],"[Japanese, Asian]","[soy sauce, sake, sugar, ginger root, vegetable oil, salmon fillets]"
Baked-Salmon-897465,Baked Salmon,4,2100.0,[Main Dishes],,"[salmon, lemon, butter, salt, pepper]"
Japanese-Grilled-Miso-Salmon-1254745,Japanese Grilled Miso Salmon,4,900.0,[Main Dishes],"[Barbecue, Japanese]","[salmon steaks, marinade, canola oil cooking spray, mirin, sake, white miso, sugar]"
Panko-Crusted-Salmon-470249,Panko-Crusted Salmon,4,1800.0,[Main Dishes],,"[panko breadcrumbs, fresh parsley, lemon, extra-virgin olive oil, salmon fillets, dijon mustard, canola, lemon wedge]"
Pan-Seared-Salmon-with-Avocado-Remoulade-Simply-Recipes-42712,Pan Seared Salmon with Avocado Remoulade,5,1500.0,[Main Dishes],,"[avocado, lime juice, mild olive oil, shallots, parsley, dijon mustard, salt, pepper, salmon fillets, canola oil]"
Seared-Salmon-with-Sauteed-Pea-Shoots-1020071,Seared Salmon with Sautéed Pea Shoots,5,1800.0,[Main Dishes],,"[olive oil, fresh lime juice, soy sauce, fresh ginger, garlic, ground black pepper, fine sea salt, canola oil, pea shoots, garden peas, salmon fillets]"
Baked-Salmon-with-Parmesan-Herb-Crust-1060847,Baked Salmon with Parmesan Herb Crust,4,1020.0,[Main Dishes],,"[salmon fillets, garlic, chopped parsley, parmesan cheese]"
Honey-Glazed-Salmon-636875,Honey Glazed Salmon,3,1800.0,[Main Dishes],,"[salmon fillets, kosher salt, ground black pepper, all-purpose flour, honey, olive oil, lime, unsalted butter, garlic]"
Smoked-Salmon-Shooters-_SundaySupper-1359104,Smoked Salmon Shooters #SundaySupper,4,600.0,[Appetizers],,"[plain yogurt, purple onion, lemon zest, salt, fresh dill, seedless cucumber, smoked salmon, capers, bagel chips]"
Lemon-Dill-Salmon-950970,Lemon Dill Salmon,4,1500.0,[Main Dishes],,"[salmon fillets, lemon, dill, chopped parsley, extra-virgin olive oil, salt, ground black pepper]"
Basil-Salmon-MyRecipes-242918,Basil Salmon,3,2400.0,[Main Dishes],,"[fresh basil leaves, olive oil, minced garlic, pepper, lemon juice, salt, shredded parmesan cheese, salmon fillets]"
Herb-encrusted-grilled-salmon-309840,Herb-Encrusted Grilled Salmon,4,2400.0,,,"[salmon fillets, olive oil, herbs, fish, fennel, lemon pepper, sea salt]"
Teriyaki-Salmon-1221478,Teriyaki Salmon,4,1500.0,[Main Dishes],,"[salmon fillets, coconut aminos, brown sugar, lemon, extra-virgin olive oil, fresh ginger]"
Salmon-With-Lemon-Maple-Mustard-Sauce-1357880,Salmon With Lemon Maple Mustard Sauce,4,1500.0,[Main Dishes],,"[dijon mustard, lemon zest, lemon juice, maple syrup, kosher salt, black pepper, salmon fillets]"
Honey-and-Wasabi-Salmon-984663,Honey and Wasabi Salmon,3,1800.0,[Main Dishes],[Asian],"[white wine, honey, coconut aminos, fresh ginger root, wasabi powder, coconut oil, salmon fillets]"
Herbed-Salmon-Allrecipes,Herbed Salmon,4,1800.0,[Main Dishes],,"[salmon, dried sage, dried thyme, ground paprika, ground cayenne pepper]"
Lomi-Lomi-Salmon-480677,Lomi Lomi Salmon,4,2700.0,[Main Dishes],,"[tomatoes, serrano peppers, purple onion, salmon, lemon, chives]"
Grilled-Candied-Salmon-1127011,Grilled Candied Salmon,4,1620.0,,,"[coarse kosher salt, olive oil, maple syrup, soy sauce, salmon fillets, cracked black pepper]"
Maple-mustard-salmon-329762,Maple Mustard Salmon,3,1800.0,[Main Dishes],,"[salmon fillets, lemon, sea salt, cracked black pepper, olive oil, pure maple syrup, dijon mustard]"
Mark-Bittmans-Provencal-Salmon-1349138,Mark Bittman’s Provençal Salmon,3,2100.0,[Main Dishes],,"[salmon fillets, ground black pepper, salt, fennel seeds, fresh rosemary, orange zest, olive oil]"
Orange-Rosemary-Glazed-Salmon-1320424,Orange-Rosemary Glazed Salmon,4,1800.0,[Main Dishes],,"[olive oil, skinless salmon fillets, ground black pepper, salt, garlic, fresh rosemary, chicken broth, orange zest, fresh orange juice, fresh lemon juice, honey, corn starch]"
Roasted-salmon-with-balsamic-sauce-309887,Roasted Salmon with Balsamic Sauce,5,2400.0,[Main Dishes],,"[salmon fillets, olive oil, rub, stevia, balsamic vinegar, cracked black pepper]"
Pan-Seared-Salmon-with-Sage-Brown-Butter-Sauce-1337049,Pan Seared Salmon with Sage Brown Butter Sauce,4,1500.0,[Main Dishes],,"[olive oil, salmon fillets, sea salt, unsalted butter, raw honey, fresh sage, ground nutmeg]"
Salmon-Teriyaki-1285182,Salmon Teriyaki,4,1800.0,[Main Dishes],,"[salmon fillets, teriyaki sauce, cooked rice, fresh spinach, garlic, salt, pepper, sesame seeds, spring onions]"
Magically-moist-salmon-300105,Magically Moist Salmon,4,900.0,[Main Dishes],,"[salmon, hellmann' or best food real mayonnais, salt, ground black pepper]"
Grilled-Salmon-with-Citrus-Salsa-1369648,Grilled Salmon with Citrus Salsa,4,900.0,[Main Dishes],,"[orange peel, lemon zest, lemon juice, extra-virgin olive oil, fresh parsley, capers, freshly ground black pepper, salt, salmon fillets, honey]"
Grilled-salmon-with-maple-syrup-glaze-309714,Grilled Salmon with Maple Syrup Glaze,5,2700.0,[Main Dishes],[Barbecue],"[salmon fillets, maple syrup, olive oil spray, salt, sweet paprika, chile powder, ancho powder, ground cumin, brown sugar]"
Salmon-Tartare-931566,Salmon Tartare,3,2100.0,,,"[boneless salmon fillets, cucumber, fresh lime juice, fresh chives, fresh cilantro, vegetable oil, jalapeno chilies, shallots, peeled fresh ginger, sesame oil, lime zest, ground black pepper, kosher salt, potato chips]"
Grilled-Salmon-with-Sweet-Jalapeno-Glaze-1249753,Grilled Salmon with Sweet Jalapeño Glaze,4,1380.0,[Main Dishes],[Barbecue],"[lime, molasses, jalapeno chilies, skin on salmon fillets, salt and ground black pepper, vegetable oil]"
Dijon-Garlic-Salmon-Allrecipes,Dijon Garlic Salmon,4,2100.0,[Main Dishes],,"[salmon fillets, dijon mustard, garlic, purple onion, dried tarragon leaves, salt, pepper]"
Salmon-with-Coconut-Saffron-Sauce-1366499,Salmon with Coconut-Saffron Sauce,4,3600.0,[Main Dishes],,"[salmon fillets, olive oil, salt, pepper, cumin, butter, chopped onion, garlic cloves, chicken bouillon, coconut milk, heavy cream, saffron]"
Buffalo-Salmon-1173942,Buffalo Salmon,4,1200.0,[Main Dishes],,"[salmon, hot sauce, salted butter]"
Cinnamon-pecan-crusted-salmon-333834,Cinnamon Pecan Crusted Salmon,5,2100.0,[Main Dishes],,"[salmon, mustard sauce, pecans, cinnamon, olive oil]"
Maple-Salmon-749068,Maple Salmon,5,3600.0,[Main Dishes],,"[maple syrup, soy sauce, garlic, garlic salt, ground black pepper, salmon]"
Asian-Salmon-in-Foil-965623,Asian Salmon in Foil,4,1800.0,[Main Dishes],[Asian],"[honey, garlic, reduced sodium soy sauce, seasoned rice wine vinegar, sesame oil, ginger, Sriracha, ground black pepper, salmon, green onions, sesame seeds]"
Miso-Glazed-Salmon-1077104,Miso Glazed Salmon,4,2700.0,[Main Dishes],"[Japanese, Asian]","[red miso, sake, sugar, soy sauce, skinless salmon fillets]"
Tangy-Salmon-996616,Tangy Salmon,3,1200.0,[Main Dishes],,"[salmon fillets, soy sauce, honey, balsamic vinegar, brown sugar]"
Ginger-Salmon-Allrecipes,Ginger Salmon,4,2100.0,[Main Dishes],,"[olive oil, honey, dijon mustard, fresh ginger, salmon fillets]"
Clean-Eating-Salmon-With-Sweet-Potato-1357210,Clean Eating Salmon With Sweet Potato,4,1800.0,[Main Dishes],,"[sweet potatoes, mushrooms, broccoli, spinach leaves, salmon fillets, soy sauce, olive oil]"
Firecracker-Grilled-Alaska-Salmon-1347260,Firecracker Grilled Alaska Salmon,4,2100.0,[Main Dishes],,"[salmon, peanut oil, soy sauce, balsamic vinegar, green onions, brown sugar, garlic, ground ginger, crushed red pepper flakes, sesame oil, salt]"
Chili-Salmon-With-Veggies-1350277,Chili Salmon With Veggies,3,1200.0,[Main Dishes],,"[asparagus, salmon fillets, olive oil cooking spray, chili powder, dried oregano, salt, olive oil, sweet potatoes, nonfat plain greek yogurt]"
Japanese-style-glazed-pan-seared-salmon-346060,Japanese-style Glazed Pan Seared Salmon,5,900.0,[Main Dishes],[Japanese],"[salmon fillets, sea salt, cracked black pepper, grapeseed oil, sake, soy sauce, brown sugar, rice vinegar, ginger]"
Cucumber-Salmon-Bites-1356511,Cucumber Salmon Bites,4,1200.0,[Appetizers],,"[smoked salmon, ginger, chili pepper, avocado, cucumber, lemon juice, salt]"
How-To-Cook-Salmon-in-the-Oven-593107,How To Cook Salmon in the Oven,4,1800.0,[Main Dishes],,"[skin on salmon fillets, olive oil, salt, pepper, lemon wedge]"
Broiled-Salmon-with-Thai-Sweet-Chili-Glaze-Once-Upon-A-Chef-200053,Broiled Salmon with Thai Sweet Chili Glaze,5,1800.0,[Main Dishes],,"[salmon, sweet chili sauce, soy sauce, fresh ginger, scallions]"
Roasted-Salmon-Glazed-With-Brown-Sugar-and-Mustard-1356302,Roasted Salmon Glazed With Brown Sugar and Mustard,3,1500.0,[Main Dishes],,"[salmon fillets, dijon mustard, brown sugar, salt, black pepper]"
Grilled-Salmon-With-Tomato-and-Basil-1189271,Grilled Salmon With Tomato and Basil,3,1800.0,[Main Dishes],[Barbecue],"[garlic, kosher salt, extra-virgin olive oil, salmon fillets, fresh basil, medium tomatoes, freshly ground pepper]"
Balsamic-Orange-Salmon-MyRecipes-242929,Balsamic Orange Salmon,3,900.0,,,"[grated orange peel, balsamic vinegar, honey, salt, salmon fillets, orange juice, orange, sliced green onions]"
Lime-Ginger-Salmon-1206918,Lime Ginger Salmon,4,1800.0,[Main Dishes],,"[salmon fillets, olive oil, maple syrup, lime juice, ginger, salt, black pepper, cooking spray]"
Italian-Delicacy-Tagliatelle-with-Smoked-Salmon-1365344,Italian Delicacy – Tagliatelle with Smoked Salmon,4,1800.0,[Main Dishes],[Italian],"[tagliatelle, smoked salmon, cream, onions, lemon, garlic, olive oil, fresh parsley, salt, pepper]"
Lemon-Sriracha-Salmon-1222087,Lemon Sriracha Salmon,4,1200.0,[Main Dishes],,"[salmon, butter, lemon, Sriracha, garlic, salt, pepper]"
Teriyaki-Salmon-with-Zucchini-597431,Teriyaki Salmon with Zucchini,3,1800.0,[Main Dishes],,"[low sodium teriyaki sauce, salmon fillets, sesame seeds, zucchini, scallions, canola oil]"
Spicy-Ginger-_-Soy-Salmon-1044143,Spicy Ginger & Soy Salmon,3,3600.0,[Main Dishes],,"[salmon, soy sauce, agave nectar, garlic, fresh ginger, sesame seeds, red pepper flakes]"
Quick-_-Easy-Salmon-Cakes-1358703,Quick & Easy Salmon Cakes,4,1200.0,[Main Dishes],,"[wild salmon, eggs, shallots, garlic, green onions, mixed spice, gluten-free mustard, coconut flour, coconut oil, rosemary, sage, coarse sea salt, garlic powder, onion powder, paprika, black pepper, mayonnaise, dill pickles, fresh dill, freshly ground black pepper]"
Panko-Crusted-Salmon-1212717,Panko Crusted Salmon,4,1680.0,[Main Dishes],,"[salmon fillets, panko breadcrumbs, olive oil, unsalted butter, sea salt, lemon pepper, dill weed]"
Mediterranean-Salmon-1107015,Mediterranean Salmon,3,1800.0,[Main Dishes],[Mediterranean],"[salt, black pepper, skinless salmon fillets, cooking spray, cherry tomatoes, zucchini, capers, olive oil, ripe olives]"
Lemon-_-Dill-Salmon-1257040,Lemon & Dill Salmon,4,1200.0,[Main Dishes],,"[butter, salmon, lemon juice, dill, salt, pepper]"
Chipotle-Lime-Salmon-1336783,Chipotle Lime Salmon,4,1500.0,[Main Dishes],,"[fillets, salmon, olive oil, lime, sea salt, ground chipotle chile pepper]"
Grilled-Salmon-1065866,Grilled Salmon,4,1500.0,[Main Dishes],[Barbecue],"[soy sauce, rice vinegar, honey, fresh ginger, center-cut salmon fillet, toasted sesame seeds]"
Basil-Avocado-Baked-Salmon-576713,Basil-Avocado Baked Salmon,4,1200.0,[Main Dishes],,"[fresh basil, garlic, avocado, capers, lemon zest, salmon fillets, coconut oil]"
Horseradish-Salmon-1154062,Horseradish Salmon,3,1200.0,,,"[seedless cucumber, white vinegar, fresh dill, olive oil, panko, prepared horseradish, boneless salmon fillets, baby spinach]"
Honey-Vinegar-Glazed-Salmon-1040764,Honey Vinegar Glazed Salmon,4,1500.0,[Main Dishes],,"[olive oil, salmon fillets, vinegar]"
Honey-Mustard-Salmon-1349395,Honey Mustard Salmon,4,1800.0,[Main Dishes],,"[mayonnaise, dijon mustard, green onions, honey, apple cider vinegar, ground black pepper, salt, salmon fillets]"
Lemon-Dill-Salmon-1121218,Lemon Dill Salmon,4,1500.0,[Main Dishes],,"[salmon fillets, olive oil, lemon juice, salt, pepper, garlic powder, dill]"
Salmon-Roasted-In-Butter-1276969,Salmon Roasted In Butter,3,900.0,[Main Dishes],,"[butter, chervil, salmon fillets, ground black pepper, salt, lemon wedge]"
Apricot-Dijon-Glazed-Salmon-1049290,Apricot Dijon Glazed Salmon,4,900.0,[Main Dishes],,"[salmon fillets, apricot preserves, whole grain mustard, dijon mustard, low sodium soy sauce, lime juice, ginger, garlic]"
Parmesan--and-Panko-Crusted-Baked-Salmon-1342223,Parmesan- and Panko-Crusted Baked Salmon,4,1800.0,[Main Dishes],,"[salmon, panko breadcrumbs, olive oil, parmesan cheese, dijon mustard, dried parsley]"
Spicy-Honey-Glazed-Salmon-771806,Spicy Honey-Glazed Salmon,4,900.0,[Main Dishes],,"[garlic powder, chili powder, cumin, paprika, salt, black pepper, honey, cider vinegar, salmon fillets, olive oil]"
Bourbon-Glazed-Salmon-1128602,Bourbon-Glazed Salmon,3,3000.0,[Main Dishes],,"[brown sugar, bourbon whiskey, low sodium soy sauce, peeled fresh ginger, fresh lime juice, garlic cloves, ground black pepper, skinless salmon fillets, cooking spray, sliced green onions, sesame seeds]"
Broiled-Sockeye-Salmon-1359187,Broiled Sockeye Salmon,4,1380.0,[Main Dishes],,"[kosher salt, light brown sugar, smoked paprika, ground ginger, filet]"
Foil-Baked-Salmon-with-Basil-Pesto-and-Tomatoes-607123,Foil-Baked Salmon with Basil Pesto and Tomatoes,3,1500.0,[Main Dishes],,"[salmon fillets, olive oil, basil pesto sauce, tomatoes]"
Sticky-Maple-Salmon-1356242,Sticky Maple Salmon,4,1800.0,[Main Dishes],,"[salmon, fresh orange juice, maple syrup, olive oil, whole grain mustard, small potatoes, broccoli, salt, pepper]"
Lemon-Dill-Salmon-1111053,Lemon Dill Salmon,4,1200.0,[Main Dishes],,"[salmon fillets, fresh lemon juice, fresh dill, fine sea salt, pepper, cooking spray]"
Quick-broiled-ginger-salmon-335677,Quick Broiled Ginger Salmon,5,2400.0,[Main Dishes],,"[coho salmon, soy sauce, olive oil, brown sugar, garlic, ginger, freshly ground pepper, scallions]"
Grilled-Marinated-Salmon-960603,Grilled Marinated Salmon,4,2100.0,[Main Dishes],[Barbecue],"[salmon fillets, lemon pepper, garlic powder, salt, soy sauce, brown sugar, water, vegetable oil]"
Grilled-Salmon-TasteOfHome,Grilled Salmon,5,1500.0,[Main Dishes],,"[salmon fillets, canola oil, lemon juice, green onions, fresh parsley, fresh rosemary, salt, pepper]"
Salmon-Tartine-1369751,Salmon Tartine,4,1800.0,,,"[bread, salmon, red bell pepper, flat leaf parsley, kalamata, carrots, green onions, extra-virgin olive oil, olive oil mayonnaise, cucumber, roma tomatoes, sea salt, freshly ground black pepper]"
Honey-Sriracha-Salmon-with-Spicy-_-Sweet-Mayo-1358083,Honey Sriracha Salmon with Spicy & Sweet Mayo,4,1500.0,[Main Dishes],,"[salmon fillets, honey, soy sauce, brown sugar, Sriracha, garlic powder, onion powder, water, corn starch, mayonnaise]"
Exceptional-Salmon-633331,Exceptional Salmon,5,2700.0,[Main Dishes],,"[bacon, salmon fillets, salad greens, scallions, lemon juice, boiled eggs]"
Baked-Salmon-With-Couscous-1199493,Baked Salmon With Couscous,3,2400.0,[Main Dishes],,"[olive oil, salmon, lime, salt, black pepper, garlic powder, couscous, vegetable stock, butter, green onions, tomatoes]"
Quick-and-Easy-Balsamic-Salmon-1287637,Quick and Easy Balsamic Salmon,4,1200.0,[Main Dishes],,"[salmon fillets, coconut oil, honey, balsamic vinegar, red pepper flakes, sea salt, ground black pepper]"
Salmon-Chowder-1372414,Salmon Chowder,3,3300.0,[Soups],,"[skinless salmon fillets, cooking oil, shredded carrots, finely chopped onion, celery, water, reduced sodium chicken broth, red potato, frozen whole kernel corn, snip fresh dill, bay leaf, dried thyme, cayenne pepper, salt, whole milk, corn starch]"
Hot-Smoked-Salmon-Crostini-1356392,Hot Smoked Salmon Crostini,4,900.0,[Appetizers],,"[smoked salmon, olive oil, baguette, cream cheese, dill, cucumber]"
Rosemary-and-Garlic-Roasted-Salmon-769959,Rosemary and Garlic Roasted Salmon,3,1500.0,[Main Dishes],,"[garlic, rosemary, salmon fillets, extra-virgin olive oil, sea salt, ground pepper]"
Thai-Pumpkin-Curry-with-Salmon-and-Shrimp-1379142,Thai Pumpkin Curry with Salmon and Shrimp,4,3300.0,[Main Dishes],[Thai],"[coconut oil, onions, garlic, ginger, full fat organic coconut milk, Thai red curry paste, fish sauce, vegetable stock, pumpkin purée, pumpkin, green beans, salmon fillets, shrimp, frozen peas, lime, sea salt, red pepper flakes, fresh cilantro, broccoli, red bell pepper, spinach, greens, bok choy]"
Sweet-and-Sour-Salmon-517756,Sweet and Sour Salmon,4,1740.0,,,"[salmon fillets, duck sauce, ketchup, crushed red pepper flakes]"
2-Ingredient-Pesto-Salmon-1268014,2 Ingredient Pesto Salmon,4,1800.0,[Main Dishes],,"[salmon fillets, pesto]"
Honey-mustard-salmon-304520,Honey Mustard Salmon ,4,1500.0,[Main Dishes],[Barbecue],"[hellmann' or best food real mayonnais, Hellmanns Deli Mustard, sliced green onions, honey, red vinegar white white, wine,, ground black pepper, salt, salmon]"
Pastrami-Salmon-1347531,Pastrami Salmon,3,4200.0,[Main Dishes],,"[new potatoes, extra-virgin olive oil, black peppercorns, coriander seeds, skinless salmon fillets, molasses, kosher salt, paprika, cayenne pepper, chopped parsley]"
Garlic-Lime-Oven-Baked-Salmon-1270614,Garlic Lime Oven Baked Salmon,4,1320.0,[Main Dishes],,"[salmon fillets, olive oil, lime zest, garlic cloves, jalapeno chilies, salt, pepper]"
Salmon-Tango-Allrecipes,Salmon Tango,5,4980.0,[Main Dishes],[Barbecue],"[butter, brown sugar, soy sauce, lemon juice, white wine, salmon fillets]"
Maple-Baked-Salmon-1030308,Maple Baked Salmon,3,2700.0,[Main Dishes],,"[salmon fillets, maple syrup, soy sauce, ginger]"
Salmon-with-Zucchini-en-Papillote-_in-Parchment_-1355311,Salmon with Zucchini en Papillote (in Parchment),4,2700.0,[Main Dishes],,"[salmon fillets, zucchini, onions, lemon, butter, salt, black pepper]"
Honey_ginger-Grilled-Salmon-Allrecipes,Honey-Ginger Grilled Salmon,5,2400.0,[Main Dishes],[Barbecue],"[ground ginger, garlic powder, soy sauce, orange juice, honey, green onions, salmon fillets]"
Creamy-Fettucine-Salmon-Pasta-1280253,Creamy Fettucine Salmon Pasta,3,2100.0,[Main Dishes],,"[salmon fillets, fresh spinach, heavy cream, parsley, butter, noodles, lemon, salt, pepper]"
Baked-Pistachio-Lemon-Salmon-1339617,Baked Pistachio Lemon Salmon,4,1800.0,[Main Dishes],,"[salmon fillets, pistachio nuts, brown sugar, fresh lemon juice, dill weed, pepper, sea salt]"
Browned-Butter-and-Lime-Salmon-1164996,Browned Butter and Lime Salmon,4,2400.0,[Main Dishes],,"[salmon fillets, butter, lime, garlic, honey, salt, pepper, olive oil]"
Salmon-Bibimbap-1353941,Salmon Bibimbap,4,2700.0,[Main Dishes],,"[white rice, mild olive oil, carrots, salt, pepper, beansprouts, watercress, garlic, soy sauce, toasted sesame seeds, sesame oil, salmon steaks, eggs, kimchi, seaweed, Gochujang base]"
Miso-Salmon-673498,Miso Salmon,4,900.0,[Main Dishes],"[Japanese, Asian]","[skin on salmon fillets, marinade, white miso, sake, mirin, soy sauce, sesame oil, white sesame seeds, scallions]"
Baked-Salmon-with-Herbs-_-Lemon-1084268,Baked Salmon with Herbs & Lemon,5,4200.0,[Main Dishes],,"[salmon, shallots, chopped parsley, basil, dried dill, zest, olive oil, sea salt flakes]"
Russian-Salmon-Rolls-1356625,Russian Salmon Rolls,4,3300.0,[Appetizers],,"[smoked salmon, bread, cream cheese, dill]"
Maple-Miso-Dijon-Salmon-439539,Maple-Miso Dijon Salmon,5,2700.0,[Main Dishes],,"[salmon fillets, maple syrup, whole grain mustard, dijon mustard, white miso, rice vinegar, soy sauce, garlic]"
Lemon-Basil-Salmon-with-Spaghetti-1350529,Lemon Basil Salmon with Spaghetti,3,1200.0,[Main Dishes],,"[whole wheat spaghetti, garlic, oil, salt, pepper, salmon, fresh basil, capers, lemon, lemon juice, baby spinach leaves]"
Wasabi-pea-Dusted-Salmon-1340889,Wasabi-pea Dusted Salmon,4,1800.0,[Main Dishes],,"[peas, grapeseed oil, salmon fillets, gari]"
Salmon-Teriyaki-469851,Salmon Teriyaki,5,780.0,[Main Dishes],,"[fresh pineapple, fresh ginger, garlic cloves, soy sauce, brown sugar, sesame oil, fresh mint, olive oil, salmon fillets]"
Honey-Garlic-Sockeye-Salmon-1337184,Honey Garlic Sockeye Salmon,4,3600.0,[Main Dishes],,"[olive oil, butter, garlic cloves, minced ginger, honey, soy sauce, rice vinegar, salmon fillets]"
Parmesan-Crusted-Salmon-1244413,Parmesan Crusted Salmon,4,2700.0,[Main Dishes],,"[fresh salmon, parmesan cheese, panko breadcrumbs, mayonnaise, olive oil]"
Teriyaki-Salmon-1185972,Teriyaki Salmon,4,2400.0,[Main Dishes],,"[salmon fillets, green onions, sesame seeds, low sodium soy sauce, water, light brown sugar, honey, garlic, fresh ginger, fresh lemon juice, corn starch]"
Apricot-Horseradish-Salmon-1022398,Apricot Horseradish Salmon,4,1200.0,[Main Dishes],,"[apricot jam, horseradish sauce, apple cider vinegar, salmon fillets]"
Asian-Soy-Salmon-from-Chef-Binks-1331425,Asian Soy Salmon from Chef Binks,3,1800.0,[Main Dishes],[Asian],"[salmon fillets, ginger, low sodium soy sauce, olive oil, honey, green onions, garlic]"
Nori-Wrapped-Salmon-1291132,Nori Wrapped Salmon,4,1020.0,[Main Dishes],,"[salmon fillets, coconut aminos, kosher salt, black pepper, garlic powder, nori, olive oil cooking spray]"
Baked-Spiced-Salmon-1314091,Baked Spiced Salmon,4,1800.0,[Main Dishes],,"[salmon fillets, curry powder, paprika, ground turmeric, ground black pepper, olive oil, lemon juice, salt]"
Grandma_s-marinaded-salmon-326725,Grandma's Marinaded Salmon,5,1800.0,[Main Dishes],,"[salmon fillets, low sodium soy sauce, lemon juice, sugar, garlic, olive oil, ground black pepper, sea salt]"
Soy_Glazed-Salmon-Martha-Stewart,Soy-Glazed Salmon,4,1800.0,[Main Dishes],,"[light brown sugar, olive oil, soy sauce, fresh lemon juice, dry white wine, salmon fillets, lemon wedge]"
Pumpkin-Spice-Salmon-1351972,Pumpkin Spice Salmon,4,1500.0,[Main Dishes],,"[salmon fillets, pumpkin, brown sugar, pumpkin pie spice, apple cider vinegar, sea salt, pepitas]"
Roasted-Salmon-with-Parmesan-Dill-Crust-1187058,Roasted Salmon with Parmesan Dill Crust,4,720.0,[Main Dishes],,"[salmon, mayonnaise, grated parmesan cheese, dill weed, ground mustard]"
Ravioli-with-Salmon-and-Chives-1362443,Ravioli with Salmon and Chives,4,1200.0,[Main Dishes],,"[ravioli, smoked salmon, chives, extra-virgin olive oil, salt, pepper]"
Blt-salmon-tacos-333616,BLT Salmon Tacos,5,1500.0,"[Lunch and Snacks, Main Dishes]",,"[tortillas, salmon fillets, bacon, tomatoes, avocado, shredded lettuce, pepper, salt]"
Smoked-Salmon-Scramble-1350195,Smoked Salmon Scramble,4,1200.0,[Breakfast and Brunch],,"[eggs, heavy cream, butter, sourdough bread, smoked salmon, fresh dill, lemon slices]"
Smoked-Salmon-Mousse-1357429,Smoked Salmon Mousse,4,1200.0,[Appetizers],,"[smoked salmon, cream cheese, lemon juice, salt, pepper, baguette]"
Cedar-Plank-Grilled-Salmon-1009459,Cedar Plank Grilled Salmon,3,1200.0,[Main Dishes],[Barbecue],"[salmon fillets, fresh chives, fresh thyme, salt, ground black pepper, lemon]"
Superfood-Sesame-Teriyaki-Salmon-1351195,Superfood Sesame Teriyaki Salmon,3,1800.0,[Main Dishes],[Japanese],"[skinless salmon fillets, light soy sauce, mirin, sesame oil, brown sugar, honey, ginger, vegetable oil, broccolini, sesame seeds, spring onions, bean threads, Japanese Mayonnaise]"
Salmon-Cakes-with-Hearts-of-Palm-1358698,Salmon Cakes with Hearts of Palm,4,1800.0,[Main Dishes],,"[salmon, hearts of palm, chickpeas, eggs, lime juice, salt, old bay seasoning, gluten-free flour, extra-virgin olive oil, lime, mayonnaise, cilantro]"
Salmon-Soup-1373514,Salmon Soup,4,5100.0,[Soups],,"[salmon, carrots, onions, bay leaf, allspice, vegetable oil, tomatoes, capers, sea salt, black olives, lemon, parsley]"
Pistachio-Crusted-Salmon-1254080,Pistachio Crusted Salmon,4,1500.0,[Main Dishes],,"[salmon, dijon mustard, unsalted butter, honey, shelled pistachios, panko breadcrumbs, chives, parsley, kosher salt]"
Alaskan-Bbq-Salmon-Allrecipes,Alaskan BBQ Salmon,4,1620.0,[Main Dishes],[Barbecue],"[brown sugar, honey, flavoring, apple cider vinegar, salmon fillets]"
Baked-Salmon-with-Garlic-and-Dijon-623072,Baked Salmon with Garlic and Dijon,3,1500.0,[Main Dishes],,"[salmon fillets, parsley, garlic cloves, dijon mustard, salt, ground black pepper, mild olive oil, fresh lemon juice, lemon slices]"
Honey-Mustard-Salmon-1030172,Honey Mustard Salmon,3,2100.0,[Main Dishes],,"[salmon, orange, butter, lime, mustard, honey, rosemary, salt, pepper]"
Japanese-Sesame-Miso-Grilled-Salmon-1198712,Japanese Sesame Miso Grilled Salmon,3,1500.0,[Main Dishes],[Japanese],"[salmon fillets, dressing, salt, pepper, oil]"
Lemon-Garlic-Salmon-Allrecipes,Lemon Garlic Salmon,5,1800.0,[Main Dishes],,"[unsalted butter, minced garlic, lemon pepper, salmon, lemon]"
Salmon-Tacos-1016899,Salmon Tacos,3,1200.0,[Main Dishes],,"[salmon, lime juice, corn tortillas, shredded cabbage, sweet pepper, sour cream, fresh cilantro, lime wedges]"
Dilled-Salmon-984345,Dilled Salmon,4,1500.0,[Main Dishes],,"[salmon, plain yogurt, garlic, dried dill, ground pepper, salt]"
Coho-Salmon-with-Honey-Chipotle-Bourbon-Butter-1329901,Coho Salmon with Honey Chipotle Bourbon Butter,4,1200.0,[Main Dishes],,"[bourbon whiskey, honey, garlic, softened butter, coarse sea salt, chile paste, salmon fillets]"
Curried-Salmon-1110595,Curried Salmon,4,1500.0,[Main Dishes],,"[salmon fillets, salt, pepper, red curry paste, olive oil, light coconut milk, ground ginger, crushed red pepper, veggies]"
Breaded-Fried-Salmon-1176215,Breaded Fried Salmon,4,3600.0,[Main Dishes],,"[salmon fillets, light soy sauce, granulated white sugar, salt, worcestershire sauce, all-purpose flour, cooking oil]"
Easy-Cast-Iron-Skillet-Salmon-1363930,Easy Cast Iron Skillet Salmon,4,900.0,[Main Dishes],,"[salmon, fermented black beans, hoisin sauce, sugar, salt, pepper, shallots, rice wine]"
Baked-Salmon-with-Cajun-Brown-Sugar-Citrus-Rub-974387,Baked Salmon with Cajun Brown Sugar Citrus Rub,4,4500.0,,,"[skin on salmon fillets, light brown sugar, lemon, kosher salt, cracked black pepper, creole seasoning]"
Garlic-Butter-Baked-Salmon-In-Foil-1181033,Garlic Butter Baked Salmon In Foil,4,1800.0,[Main Dishes],,"[coho salmon, lemon juice, garlic, butter, salt, black pepper, italian seasoning, red pepper flakes, chopped parsley]"
Honey-Ginger-Salmon-1069985,Honey Ginger Salmon,4,1500.0,[Main Dishes],,"[olive oil, salmon fillets, honey, soy sauce, ground ginger]"
Applebees-Copycat-Cedar-Salmon-1183039,Applebee’s Copycat Cedar Salmon,3,4200.0,[Main Dishes],[Barbecue],"[salmon, green onions, soy sauce, vegetable oil, rice vinegar, fresh ginger root, minced garlic]"
Slim-Palates-Pistachio-Crusted-Salmon-632799,Slim Palate’s Pistachio-Crusted Salmon,3,1800.0,[Main Dishes],,"[salmon fillets, kosher salt, ground black pepper, dijon style mustard, chives, roasted pistachios]"
Easy-Honey-Mustard-Salmon-900319,Easy Honey Mustard Salmon,4,1800.0,[Main Dishes],,"[salmon fillets, dijon mustard, honey, lemon juice, freshly ground pepper]"
Tomato-Citrus-Salmon-MyRecipes-244111,Tomato-Citrus Salmon,4,2100.0,[Main Dishes],[American],"[navel oranges, salt, ground black pepper, salmon fillets, purple onion, plum tomatoes, pimento stuffed green olives]"
Sweet-And-Spicy-Salmon-1234708,Sweet And Spicy Salmon,4,2100.0,[Main Dishes],,"[salmon fillets, plums, Sriracha, sunflower seeds, hot pepper, cilantro, salt]"
Teriyaki-Salmon-1319190,Teriyaki Salmon,4,900.0,[Main Dishes],,"[light soy sauce, flour, dry white wine, honey, minced garlic, minced ginger, salmon fillets, olive oil spray, sesame seeds]"
Salmon-Marsala---Clean-Eating-Meal-Prep-1369307,Salmon Marsala - Clean Eating Meal Prep,4,2400.0,[Main Dishes],,"[olive oil, salmon fillets, sliced mushrooms, marsala wine, chicken stock, green beans, cooked brown rice, chives]"
Balsamic-And-Rosemary-Grilled-Salmon-Allrecipes,Balsamic and Rosemary Grilled Salmon,4,3000.0,[Main Dishes],[Barbecue],"[salmon fillets, sea salt, balsamic vinegar, olive oil, lemon juice, garlic, fresh rosemary]"
Easy-Crispy-Honey-Garlic-Salmon-677607,Easy Crispy Honey Garlic Salmon,4,1500.0,[Main Dishes],,"[honey, lemon, large garlic cloves, salt, ground black pepper, salmon fillets, coconut oil, green onions]"
Honey-Grilled-Salmon-Just-Like-Applebee_s-1183044,Honey Grilled Salmon Just Like Applebee's,3,3000.0,,[Barbecue],"[honey, soy sauce, dark brown sugar, pineapple juice, lemon juice, rice vinegar, olive oil, black pepper, chili powder, paprika, garlic salt, salmon fillets]"
Baked-Salmon-1237033,Baked Salmon,4,1500.0,,,"[lemon juice, salt, garlic powder, butter]"
Easy-Salmon-with-Curry-637905,Easy Salmon with Curry,3,1800.0,[Main Dishes],,"[salmon fillets, mayonnaise, curry powder]"
Firecracker-Grilled-Salmon-1179668,Firecracker Grilled Salmon,5,2100.0,[Main Dishes],[Barbecue],"[peanut oil, rice vinegar, green onions, low sodium soy sauce, fresh ginger, firmly packed brown sugar, sesame oil, crushed red pepper flakes, garlic, skinless salmon fillets, canola oil, jalapeno chilies]"
Salmon-with-Cilantro-Sauce-604875,Salmon with Cilantro Sauce,3,900.0,[Main Dishes],,"[salmon, lime juice, cilantro, olive oil, ground cumin, ground pepper, sea salt]"
Lemon-Panko-Crusted-Salmon-1229435,Lemon Panko Crusted Salmon,4,960.0,[Main Dishes],,"[salmon fillets, panko, lemon, fresh parsley, salt, pepper, olive oil, dijon mustard, lemon wedge]"
Four-Spice-Salmon-780314,Four-Spice Salmon,3,1200.0,[Main Dishes],,"[salmon fillets, salt, black pepper, coriander seeds, ground cloves, cumin seed, grated nutmeg, peanut oil]"
5-Ingredient-10-Minute-Creamy-Dill-Salmon-530120,5 Ingredient 10 Minute Creamy Dill Salmon,4,600.0,[Main Dishes],,"[salmon fillets, mayonnaise, fresh dill, garlic powder, salt, pepper]"
Perfectly-Baked-Salmon-__-eCookBook-News__-994198,Perfectly Baked Salmon {& eCookBook News!},4,1500.0,,,"[center-cut salmon fillet, extra-virgin olive oil, sea salt, lemon]"
Salmon-Carpaccio-1002781,Salmon Carpaccio,4,1800.0,,,"[salmon, dill, lemon juice, olive oil, salt, pink peppercorns]"
Brown-Sugar-_-Bourbon-Glazed-Salmon-1270571,Brown Sugar & Bourbon Glazed Salmon,4,2100.0,[Main Dishes],,"[salmon, bourbon whiskey, brown sugar, soy sauce, oil]"
Sriracha-Lime-Salmon-597133,Sriracha Lime Salmon,4,1200.0,[Main Dishes],,"[salmon fillets, olive oil, lime juice, chili powder, minced garlic, black pepper, Sriracha, garlic powder, honey, cilantro]"
Teriyaki-Salmon-1345162,Teriyaki Salmon,4,9000.0,[Main Dishes],,"[salmon fillets, garlic, marinade, seasoning, chili powder, dried parsley, ground ginger, salt, pepper, sauce]"
Kale-and-Barley-Salad-with-Teriyaki-Salmon-1375061,Kale and Barley Salad with Teriyaki Salmon,4,2700.0,[Main Dishes],,"[curly kale, soy sauce, ginger, runny honey, salmon fillets, cooked barley, lemon]"
Salmon-Stuffed-Avocado-1117378,Salmon Stuffed Avocado,3,1200.0,,,"[avocado, salmon, lettuce, cilantro, fresh lemon juice, olive oil, cumin, salt, pepper]"
Maple-Baked-Salmon-with-Chopped-Almonds-1336805,Maple Baked Salmon with Chopped Almonds,4,2100.0,[Main Dishes],,"[skinless salmon fillets, almonds, maple syrup, orange juice, fresh lemon juice, light soy sauce, garlic]"
Pecan-Crusted-Salmon-1006393,Pecan Crusted Salmon,4,2100.0,[Main Dishes],,"[salmon fillets, milk, chop fine pecan, flour, brown sugar, seasoning salt, pepper]"
Sweet-Glazed-Salmon-1271558,Sweet Glazed Salmon,4,1200.0,[Main Dishes],,"[salmon fillets, low sodium soy sauce, water, olive oil, brown sugar, salt]"
Salmon-Salad-Sandwiches-on-Ciabatta-1362348,Salmon Salad Sandwiches on Ciabatta,3,1200.0,[Lunch and Snacks],,"[salmon fillets, green onions, fresh lemon juice, grated lemon peel, mayonnaise, ciabatta, arugula]"
Asian-Apple-Glazed-Salmon-with-Kale-Quinoa-1359543,Asian Apple Glazed Salmon with Kale Quinoa,4,2400.0,[Main Dishes],,"[chicken broth, quinoa, kale, scallions, roasted pecans, salt, pepper, apple butter, fresh ginger, soy sauce, garlic, salmon fillets]"
Honey-mustard-salmon-304622,Honey Mustard Salmon,4,1500.0,[Main Dishes],[Barbecue],"[hellmann' or best food light mayonnais, Hellmanns Deli Mustard, sliced green onions, honey, red vinegar white white, wine,, ground black pepper, salt, salmon]"
Barbecue-Roasted-Salmon-1359640,Barbecue Roasted Salmon,3,5160.0,[Main Dishes],,"[pineapple juice, fresh lemon juice, salmon fillets, brown sugar, chili powder, grated lemon zest, ground cumin, salt, ground cinnamon, cooking spray, lemon wedge]"
Perfect-Baked-Salmon-1048296,Perfect Baked Salmon,4,900.0,[Main Dishes],,"[salmon fillets, brown sugar, garlic salt, fresh parsley, lemon]"
Sweet-Sesame-Salmon-1175987,Sweet Sesame Salmon,4,3600.0,[Main Dishes],,"[teriyaki sauce, salmon fillets, olive oil, sesame seeds]"
Grilled-blueberry-bbq-salmon-333525,Grilled Blueberry BBQ Salmon,5,2700.0,[Main Dishes],[American],"[salmon fillets, salt, pepper, fresh blueberries, ketchup, apple cider vinegar, balsamic vinegar, brown sugar, garlic powder, onion powder, ground mustard, worcestershire sauce]"
Salmon-with-Thyme-Butter-Serious-Eats-198239,Salmon with Thyme Butter,5,2100.0,[Main Dishes],,"[butter, thyme, shallots, salmon, salt, pepper]"
Salmon-with-Leeks-Martha-Stewart,Salmon with Leeks,5,2400.0,[Main Dishes],,"[leeks, olive oil, freshly ground pepper, coarse salt, salmon fillets, lemon wedge]"
Broiled-Salmon-with-Lemongrass-and-Ginger-1374701,Broiled Salmon with Lemongrass and Ginger,4,1500.0,[Main Dishes],[Asian],"[salmon steaks, lemongrass, basil leaves, garlic, ginger, salt, olive oil, lime, patis, brown sugar, vegetable oil, bird chile, sweetened coconut flakes, mango, beansprouts, peanuts]"
Baked-Dijon-Salmon-Allrecipes,Baked Dijon Salmon,5,2100.0,[Main Dishes],,"[butter, dijon mustard, honey, dry bread crumbs, chop fine pecan, fresh parsley, salmon, salt, pepper, lemon]"
Salmon-with-Capers-and-Dill-601293,Salmon with Capers and Dill,3,1800.0,[Main Dishes],,"[butter, salmon fillets, ground black pepper, salt, capers, lemon juice, fresh dill]"
Balsamic-Glazed-Oregano-And-Nutmeg-Salmon-Fillets-1350538,Balsamic-Glazed Oregano And Nutmeg Salmon Fillets,3,1500.0,[Main Dishes],,"[salmon fillets, olive oil, garlic, white wine, honey, soy sauce, balsamic vinegar, dijon mustard, salt, pepper, oregano, nutmeg]"
Oven-Roasted-Maple-BBQ-Salmon-1174676,Oven Roasted Maple BBQ Salmon,4,1500.0,[Main Dishes],,"[salmon fillets, maple syrup, lemon juice, paprika, chili powder, garlic powder, cumin, salt, black pepper]"
Sesame-Ginger-Salmon-573945,Sesame Ginger Salmon,4,3900.0,[Main Dishes],,"[olive oil, soy sauce, rice vinegar, sesame oil, brown sugar, garlic, fresh ginger, sesame seeds, green onions, salmon fillets, honey, Sriracha]"
Mark-Bittmans-Provencal-Salmon-1233761,Mark Bittman’s Provençal Salmon,3,1200.0,[Main Dishes],,"[salmon fillets, ground black pepper, salt, fennel seeds, fresh rosemary, orange zest, olive oil]"
Grilled-Salmon-with-Lemon-and-Dill-458872,Grilled Salmon with Lemon and Dill,4,1800.0,[Main Dishes],[Barbecue],"[skin on salmon fillets, olive oil, kosher salt, freshly ground pepper, lemon, dill tips, spring vegetable ragout]"
Mustard-and-Molasses-Glazed-Salmon-with-Lentil-Salad-1369987,Mustard and Molasses Glazed Salmon with Lentil Salad,3,1500.0,[Main Dishes],,"[whole grain mustard, light molasses, cayenne, salmon fillets, lentils, purple onion, extra-virgin olive oil, fresh parsley, red wine vinegar]"
Broiled-Salmon-with-Honey-and-Garlic-985956,Broiled Salmon with Honey and Garlic,4,1200.0,[Main Dishes],,"[salmon fillets, garlic cloves, honey, thyme leaves, vegetable oil, ground black pepper, kosher salt]"
Sous-Vide-Salmon-1285826,Sous Vide Salmon,4,5700.0,[Main Dishes],,"[skin on salmon fillets, ice water, olive oil, kosher salt]"
Maple-Smoked-Salmon-1331274,Maple Smoked Salmon,4,3000.0,[Main Dishes],,"[salmon fillets, dry white wine, water, maple syrup, kosher salt, brown sugar, black pepper]"
Orange-Mustard-Salmon-_4-ingredients_-1354884,Orange Mustard Salmon (4 ingredients),4,900.0,[Main Dishes],,"[salmon fillets, coconut oil, dijon mustard, orange, salt, pepper]"
Mustard-Encrusted-Broiled-Salmon-676562,Mustard-Encrusted Broiled Salmon,3,1200.0,[Main Dishes],,"[dijon mustard, red wine, olive oil, sea salt, pepper, salmon fillets, lemon wedge]"
Salmon-with-Magical-Butter-Sauce-759440,Salmon with Magical Butter Sauce,4,1200.0,[Main Dishes],,"[butter, preserves, balsamic vinegar, salt, pepper, herbs, skinless salmon fillets, vegetable oil]"
Charbroiled-Salmon-Allrecipes,Charbroiled Salmon,4,8100.0,[Main Dishes],[Barbecue],"[soy sauce, red wine, ground ginger, ground black pepper, salmon steaks, fresh parsley, lemon]"
Chili_rubbed-Salmon-My-Recipes,Chili-Rubbed Salmon,4,1800.0,[Main Dishes],[American],"[chili powder, dried oregano, kosher salt, pork tenderloin, salmon fillets, olive oil]"
Crab-stuffed-salmon-328118,Crab Stuffed Salmon,5,2100.0,[Main Dishes],,"[salmon fillets, lump crab meat, garlic cloves, fresh parsley, lemon, salt, pepper]"
Perfect-Grilled-Salmon-1106390,Perfect Grilled Salmon,4,1500.0,[Main Dishes],[Barbecue],"[skin on salmon fillets, kosher salt, olive oil]"
Honey-Lime-Salmon-1305913,Honey Lime Salmon,4,4500.0,[Main Dishes],,"[salmon fillets, honey, lime juice, lime zest, teriyaki sauce, olive oil, garlic]"
Baked-Salmon-with-Tomatoes_-Spinach-_-Mushrooms-1266805,"Baked Salmon with Tomatoes, Spinach & Mushrooms",3,2700.0,[Main Dishes],,"[skin on salmon fillets, fresh spinach leaves, fresh mushrooms, tomatoes, Kraft Sun Dried Tomato Vinaigrette]"
Broiled-Salmon-with-Miso-Glaze-1345207,Broiled Salmon with Miso Glaze,4,3600.0,[Main Dishes],,"[miso paste, maple syrup, tamari soy sauce, rice vinegar, hot chili sauce, skinless salmon fillets]"
Bourbon-Glazed-Salmon-1207012,Bourbon-Glazed Salmon,3,3000.0,[Main Dishes],,"[brown sugar, bourbon whiskey, low sodium soy sauce, peeled fresh ginger, fresh lime juice, garlic cloves, ground black pepper, skinless salmon fillets, cooking spray, sliced green onions, sesame seeds]"
Honey-Balsamic-Pan-Seared-Salmon-1165853,Honey Balsamic Pan Seared Salmon,4,1800.0,[Main Dishes],,"[salmon fillets, balsamic vinegar, raw honey, red pepper flakes, olive oil, salt, pepper]"
Roasted-Salmon-With-Maple-Mustard-Glaze-1029428,Roasted Salmon With Maple-Mustard Glaze,3,1800.0,[Main Dishes],,"[salmon fillets, whole grain mustard, maple syrup, black pepper, lemon wedge]"
Ginger-Soy-Salmon-1201817,Ginger Soy Salmon,4,1500.0,[Main Dishes],,"[fresh salmon, soy sauce, brown sugar, garlic, fresh ginger]"
Apricot-Glazed-Salmon-1026963,Apricot Glazed Salmon,3,1320.0,[Main Dishes],,"[salmon, soy sauce, white wine, apricot jam, sesame seeds, chives]"
Easy-Sesame-Salmon-1261237,Easy Sesame Salmon,4,3000.0,[Main Dishes],,"[garlic, low sodium soy sauce, rice vinegar, ginger root, chili flakes, salmon fillets, white sesame seeds]"
Coriander-Salmon-TasteOfHome,Coriander Salmon,4,1200.0,[Main Dishes],,"[salt, pepper, ground coriander, salmon fillets, olive oil, garlic cloves, lime juice, hot pepper sauce]"
Roasted-Salmon-with-Potatoes-and-Mushrooms-1198396,Roasted Salmon with Potatoes and Mushrooms,3,3300.0,,,"[small new potatoes, button mushrooms, olive oil, black pepper, kosher salt, skinless salmon fillets, red wine vinegar, whole grain mustard, honey, flat leaf parsley]"
Pistachio-Crusted-Salmon-772299,Pistachio-Crusted Salmon,4,1800.0,[Main Dishes],,"[wild salmon, meat, orange, garlic cloves, flat leaf parsley, black pepper, salt]"
Roasted-Salmon-Glazed-With-Brown-Sugar-and-Mustard-1355495,Roasted Salmon Glazed With Brown Sugar and Mustard,3,1500.0,[Main Dishes],,"[salmon fillets, dijon mustard, brown sugar, salt, black pepper]"
Slow-Roasted-Salmon-476703,Slow-Roasted Salmon,5,2700.0,[Main Dishes],,"[salmon fillets, extra-virgin olive oil, ground pepper, sea salt, fresh chives, fresh chervil, flat leaf parsley, lemon wedge]"
Salmon-Provencal-Simply-Recipes-42960,Salmon Provencal,5,2100.0,[Main Dishes],,"[plum tomatoes, shallots, fresh tarragon, fresh basil, chopped fresh chives, fresh lemon juice, balsamic vinegar, salt, olive oil, salmon fillets, ground black pepper]"
Salmon-with-Dijon-Sauce-517674,Salmon with Dijon Sauce,4,1500.0,[Main Dishes],,"[fat, pepper, dijon mustard, min, lemon juice, olive oil, salmon, sauce, salt, Season Salmon, minced garlic]"
Grilled-Miso-Salmon-1017991,Grilled Miso Salmon,4,29700.0,[Main Dishes],[Japanese],"[white miso, mirin, sake, sugar, soy sauce, salmon fillets]"
Pickled-Salmon-632190,Pickled Salmon,4,2400.0,[Main Dishes],,"[salmon fillets, sea salt, black peppercorns, bay leaves, fresh parsley, fresh thyme, clove, sweet paprika, virgin olive oil, apple cider vinegar, white wine]"
Asian-Sticky-Salmon-1299109,Asian Sticky Salmon,3,1800.0,[Main Dishes],[Asian],"[salmon, lime wedges, red chili peppers, coriander, soy sauce, hoisin sauce, star anise, spices, garlic cloves]"
Pepper-Crusted-Maple-Glazed-Salmon-753023,Pepper-Crusted Maple-Glazed Salmon,4,1500.0,[Main Dishes],[Barbecue],"[maple syrup, soy sauce, salmon fillets, cracked black pepper]"
Triple-Mustard-Salmon-571532,Triple-Mustard Salmon,3,1200.0,[Main Dishes],,"[toasted wheat germ, yellow mustard seeds, skinless salmon fillets, salt, freshly ground pepper, dijon mustard, dry mustard, canola oil]"
Hollandaise-Salmon-and-Asparagus-1350524,Hollandaise Salmon and Asparagus,3,5400.0,[Main Dishes],,"[salmon, minced garlic, oil, dried basil, sea salt, pepper, lemon juice, parsley, salmon fillets, hollandaise sauce, butter, large egg yolks, fresh lemon juice, salt, cayenne pepper, hot water, asparagus, water]"
Easy-Baked-Salmon-with-Green-Beans-1212165,Easy Baked Salmon with Green Beans,4,1500.0,[Main Dishes],,"[salmon fillets, dried tarragon leaves, salt, green beans, lemon, black pepper]"
Wrapped-Salmon-Allrecipes,Wrapped Salmon,4,2700.0,[Main Dishes],,"[salmon, phyllo dough, melted butter, salt, ground black pepper, dijon mustard]"
Baked-Strawberry-Salmon-MyRecipes-242877,Baked Strawberry Salmon,4,1500.0,[Main Dishes],,"[soy sauce, lemon juice, dijon mustard, pepper, salmon fillets, strawberry preserves]"
Gently-Smoked-Salmon-1249563,Gently Smoked Salmon,3,1800.0,[Main Dishes],,"[kosher salt, sugar, rice, oolong tea leaves, cooking oil, salmon fillets, ground black pepper, extra-virgin olive oil]"
Barbecued-Salmon-MyRecipes-242928,Barbecued Salmon,4,3300.0,[Main Dishes],[American],"[lemon juice, canola oil, worcestershire sauce, salmon fillets, seasoning salt, fresh thyme, chips]"
Honey-Mustard-Baked-Salmon-1206834,Honey Mustard Baked Salmon,3,900.0,[Main Dishes],,"[flour, mayonnaise, dijon mustard, honey, ground red pepper, salmon fillets, fresh parsley]"
Salmon-with-Quinoa-and-Parsley-Vinaigrette-767300,Salmon with Quinoa and Parsley Vinaigrette,3,2100.0,[Main Dishes],,"[water, salt, quinoa, salmon fillets, olive oil, freshly ground pepper, red wine vinegar, dijon mustard, flat leaf parsley]"
Balsamic-Glazed-Salmon-with-Quinoa-and-Butternut-Squash-1369327,Balsamic Glazed Salmon with Quinoa and Butternut Squash,4,3600.0,[Main Dishes],,"[butternut squash, extra-virgin olive oil, thyme, salt, pepper, balsamic vinegar, maple syrup, dijon mustard, minced garlic, vegetable broth, quinoa, salmon fillets, dried cranberries, baby spinach]"
Rosemary-Garlic-Salmon-769105,Rosemary Garlic Salmon,4,900.0,[Main Dishes],,"[salmon fillets, olive oil, melted butter, seasoning, black pepper]"
Chipotle-Lime-Salmon-1089347,Chipotle Lime Salmon,4,900.0,[Main Dishes],,"[oil, lime juice, chipotle chile, adobo sauce, cumin, garlic, salt, pepper, salmon fillets]"
Smoked-Salmon-Rolls-967939,Smoked Salmon Rolls,4,360.0,,,"[sesame seeds, smoked salmon, chives, cucumber]"
Baked-Salmon-With-Dill-1003525,Baked Salmon With Dill,4,1800.0,[Main Dishes],,"[salmon fillets, cooking spray, fresh dill, kosher salt, ground black pepper, mayonnaise, lemon juice, dill weed]"
Ginger-Lemongrass-Salmon-1177971,Ginger Lemongrass Salmon,4,3600.0,[Main Dishes],,"[salmon fillets, soy sauce, fish sauce, ginger, lime, lemongrass, fresh coriander]"
10-Minute-Soy-Ginger-Salmon-1348113,10-Minute Soy-Ginger Salmon,4,900.0,[Main Dishes],,"[salmon fillets, sauce, wheat free soy sauce, olive oil, water, arrowroot powder, fresh ginger, red pepper flakes, scallions]"
Salmon-Primavera-629623,Salmon Primavera,3,1800.0,[Main Dishes],,"[salmon fillets, olive oil, butter, tagliatelle, ragu, basil leaves]"
Candied-Salmon-Allrecipes,Candied Salmon,4,1800.0,,,"[butter, garlic, salmon fillets, onions, white vinegar, brown sugar]"
Seared-Salmon-with-Linguine-and-Ramp-Pesto-1051643,Seared Salmon with Linguine and Ramp Pesto,3,1800.0,[Main Dishes],,"[olive oil, asiago, Marcona almonds, fresh tarragon, linguine, salmon fillets]"
Quick-and-Easy-Baked-Salmon-Steaks-1359256,Quick and Easy Baked Salmon Steaks,3,1200.0,[Main Dishes],,"[salmon steaks, unsalted butter, lemon juice, scallions, fresh parsley, garlic salt, lemon pepper seasoning]"
Salmon-and-Green-Apple-Tartare-1373527,Salmon and Green Apple Tartare,4,1800.0,,,"[salmon fillets, granny smith apples, cilantro leaves, olive oil, fresh lemon juice, Tabasco Pepper Sauce, whole grain mustard, sea salt, cracked black pepper, arugula]"
Grilled-Salmon-Fillet-634258,Grilled Salmon Fillet,3,1500.0,[Main Dishes],,"[salmon fillets, lemon juice, salt, black pepper, powdered garlic, olive oil]"
Salmon-In-The-Oven-1123143,Salmon In The Oven,4,300.0,[Main Dishes],,"[salmon steaks, white wine, onions, garlic, pepper, olive oil, salt]"
Honey-Mustard-Baked-Salmon-1256634,Honey Mustard Baked Salmon,4,1500.0,[Main Dishes],,"[honey, whole grain mustard, organic soy sauce, butter, salmon, salt, pepper]"
Seared-Salmon-with-Linguine-and-Ramp-Pesto-Epicurious-53885,Seared Salmon with Linguine and Ramp Pesto,5,,[Main Dishes],,"[olive oil, bulb, asiago, almonds, fresh tarragon, linguine, salmon fillets]"
Simple-Seared-Salmon-950978,Simple Seared Salmon,4,900.0,[Main Dishes],,"[garlic powder, dried basil, salt, salmon fillets, butter, lemon wedge]"
Hoisin-Glazed-Salmon-643724,Hoisin Glazed Salmon,3,3900.0,[Main Dishes],,"[hoisin sauce, soy sauce, lemon, sugar, garlic cloves, salmon fillets]"
Greek-salmon-cooked-in-a-grill-pan-309892,Greek Salmon Cooked in a Grill Pan,5,1500.0,[Main Dishes],,"[salmon, olive oil, greek seasoning, garlic puree, garlic cloves, lemon zest, lemon]"
Salmon-Patties-1202997,Salmon Patties,4,1200.0,[Main Dishes],,"[canned salmon, bread crumbs, italian seasoning, eggs, pepper, paprika, olive oil, burgers, vegetable oil]"
Grilled-salmon-with-garlic-basil-butter-for-easy-entertaining-318949,Grilled Salmon with Garlic-Basil Butter for Easy Entertaining,3,2700.0,[Main Dishes],,"[salmon fillets, unsalted butter, olive oil, garlic cloves, basil leaves, pepper, salt]"
Honey-Miso-Dijon-Salmon-1326432,Honey Miso Dijon Salmon,3,1500.0,[Main Dishes],,"[salmon fillets, dijon mustard, honey, stone ground mustard, white miso, lemon]"
Baked-Rosemary-Salmon-in-Foil-1312127,Baked Rosemary Salmon in Foil,4,1500.0,[Main Dishes],,"[salmon fillets, olive oil, lemon, rosemary sprigs, Himalayan salt, ground peppercorn, nonstick spray]"
Ginataang-Salmon-1213180,Ginataang Salmon,4,2400.0,[Main Dishes],,"[salmon steaks, coconut cream, crushed garlic, minced ginger, green chilies, thai chile, yellow onion, cane vinegar, fish sauce, ground black pepper, water]"
BBQ-Salmon-_-Kale-Tacos-1271715,BBQ Salmon & Kale Tacos,4,900.0,[Main Dishes],,"[soft corn tortillas, salmon fillets, barbecue sauce, kale, avocado oil, fresh lime juice, black beans]"
Broiled-Salmon-514430,Broiled Salmon,4,2700.0,[Main Dishes],[American],"[salmon fillets, soy sauce, yuzu juice, broiled salmon, hand, sesame seeds, shiso, sake, sugar, ginger]"
Maple-Glazed-Salmon-1083731,Maple Glazed Salmon,4,900.0,[Main Dishes],,"[wild salmon, chili powder, paprika, coconut sugar, sea salt, pure maple syrup]"
Roasted-Miso-Glazed-Salmon-573790,Roasted Miso-Glazed Salmon,4,2400.0,[Main Dishes],"[Japanese, Asian]","[salmon fillets, white miso, sake, soy sauce, brown sugar, sesame oil, sliced green onions]"
Foil-Packet-Lemon-Salmon-1297277,Foil Packet Lemon Salmon,4,3300.0,[Main Dishes],,"[lemon, fresh green bean, salmon fillets, olive oil, garlic, salt, pepper, butter]"
Easy-Pickled-Salmon-894700,Easy Pickled Salmon,4,2700.0,,,"[salmon fillets, pickling spices, yellow onion, water, white sugar, white vinegar, kosher salt, bay leaves, black peppercorns, vegetable oil]"
1-2-3-Grilled-Salmon-MyRecipes-242930,1-2-3 Grilled Salmon,3,2100.0,[Main Dishes],,"[olive oil, reduced sodium soy sauce, dijon mustard, minced garlic, salmon fillets]"
Ancho-Citrus-Salmon-1278376,Ancho Citrus Salmon,4,1500.0,[Main Dishes],,"[salmon fillets, lemon juice, honey, ancho powder, cumin, sea salt, ground coriander, cayenne, frozen orange juice concentrate, cooking spray]"
Glazed-Grilled-Salmon-1341082,Glazed Grilled Salmon,4,1860.0,[Main Dishes],[Barbecue],"[salmon fillets, lemon pepper, garlic powder, salt, soy sauce, brown sugar, water, vegetable oil]"
Cream-Cheese-and-Delicious-Smoked-Salmon-1344914,Cream Cheese and Delicious Smoked Salmon,3,300.0,,,"[crispbreads, cream cheese, smoked salmon, parsley, lemon juice]"
Mustard-Glazed-Salmon-1178293,Mustard-Glazed Salmon,4,1200.0,[Main Dishes],,"[salmon fillets, pepper, whole grain dijon mustard, honey, dried rosemary]"
Salmon-with-anchovy-olive-tapenade-345618,Salmon with Anchovy Olive Tapenade,5,2100.0,[Main Dishes],,"[wild salmon, lemon juice, salted anchovies, rosemary, kalamata, garlic, olive oil]"
Honey-glazed-Salmon-1200900,Honey-glazed Salmon,3,1200.0,[Main Dishes],,"[salmon fillets, honey, soy sauce, cayenne pepper]"
Honey-and-Pecan-Glazed-Salmon-977998,Honey and Pecan-Glazed Salmon,4,2100.0,[Main Dishes],,"[honey, chop fine pecan, soy sauce, salmon fillets, salt, black pepper]"
Grilled-salmon-with-citrus-salsa-304273,Grilled Salmon With Citrus Salsa,4,1800.0,[Main Dishes],,"[tomatoes, orange, sliced green onions, chopped cilantro fresh, hot pepper sauce, salmon, i can't believ it' not butter! sprai origin]"
Honey-Lime-Crusted-Salmon-1055831,Honey Lime Crusted Salmon,4,600.0,[Main Dishes],,"[salmon fillets, lime juice, lime, honey, salt, white pepper, garlic, white flour, black pepper, olive oil]"
Honey-Garlic-Salmon-and-Vegetables-Sheet-Pan-Dinner-1364004,Honey Garlic Salmon and Vegetables Sheet Pan Dinner,4,2400.0,[Main Dishes],,"[honey, olive oil, soy sauce, dijon mustard, garlic, kosher salt, ground black pepper, red potato, green beans, black pepper, salmon fillets, green onions]"
Cedar-Plank-Grilled-Salmon-with-Lemon-Chive-Butter-1361011,Cedar Plank Grilled Salmon with Lemon Chive Butter,4,300.0,[Main Dishes],[Barbecue],"[filet, kosher salt, freshly ground black pepper, salted butter, lemon, chives]"
Grilled-cedar-plank-salmon-371329,Grilled Cedar Plank Salmon,5,3900.0,[Main Dishes],[Barbecue],"[salmon fillets, water, brown sugar, olive oil, italian seasoning, smoked paprika, kosher salt]"
Simple-Pan-Seared-Salmon-1068364,Simple Pan Seared Salmon,4,1080.0,[Main Dishes],,"[salmon fillets, soy sauce, canola, brown rice vinegar, honey, garlic powder, ginger]"
Grilled-_-Glazed-Wild-Copper-River-Sockeye-Salmon-683975,Grilled & Glazed Wild Copper River Sockeye Salmon,4,660.0,[Main Dishes],[Barbecue],"[salmon fillets, olive oil, freshly ground pepper, kosher salt, dijon mustard, horseradish, honey, dried mint flakes]"
Baked-Salmon-Ii-Allrecipes,Baked Salmon II,5,7200.0,[Main Dishes],,"[garlic, mild olive oil, dried basil, salt, ground black pepper, lemon juice, fresh parsley, salmon]"
Baked-Salmon-with-Honey-Dijon-and-Garlic-971549,Baked Salmon with Honey Dijon and Garlic,4,1200.0,[Main Dishes],,"[fresh salmon, garlic, parsley, honey dijon mustard, lemon, salt, olive oil]"
Salmon-Cakes-1288792,Salmon Cakes,3,1500.0,,,"[skinless salmon fillets, scallions, panko breadcrumbs, dijon mustard, olive oil, sour cream]"
Smothered-salmon-349176,Smothered Salmon,3,2400.0,[Main Dishes],,"[plum tomatoes, onions, jalapeno chilies, garlic, extra-virgin olive oil, salt, pepper, green olives, salmon fillets, couscous]"
Baked-Herb-Salmon-979094,Baked Herb Salmon,3,600.0,[Main Dishes],,"[salmon fillets, fresh chives, fresh thyme, ground black pepper, salt, lemon]"
Honey-Garlic-Salmon-1285094,Honey Garlic Salmon,4,1200.0,[Main Dishes],,"[salmon, salt, black pepper, cayenne pepper, honey, warm water, apple cider vinegar, olive oil, garlic, lemon]"
Baked-Salmon-with-Creamy-Yogurt-Topping-1067831,Baked Salmon with Creamy Yogurt Topping,3,3000.0,[Main Dishes],,"[Hidden Valley® Greek Yogurt Original Ranch® Dressing Mix, plain greek yogurt, milk, salmon fillets, chopped nuts]"
Ginger-Sesame-Salmon-1260363,Ginger Sesame Salmon,3,2400.0,[Main Dishes],,"[shredded carrots, salmon fillets, fresh ginger, seasoned rice wine vinegar, sesame oil, fresh spinach leaves]"
Baked-Lemon-Pepper-Salmon-1069114,Baked Lemon Pepper Salmon,4,2100.0,[Main Dishes],,"[salmon fillets, extra-virgin olive oil, lemon pepper, butter, garlic, lemon]"
Teriyaki-Salmon-661908,Teriyaki Salmon,4,900.0,[Main Dishes],,"[soy sauce, dry sherry, toasted sesame oil, fresh ginger, green onions, light brown sugar, salmon fillets]"
Easy-Ginger_-Chili-and-Lemon-Salmon-746724,"Easy Ginger, Chili and Lemon Salmon",4,3600.0,[Main Dishes],,"[salmon fillets, lemon, ginger, chili pepper, garlic, olive oil, fine sea salt]"
Moroccan-Salmon-with-Nectarine-Couscous-490296,Moroccan Salmon with Nectarine Couscous,3,1500.0,[Main Dishes],[Moroccan],"[paprika, ground cumin, ground ginger, ground cardamom, ground black pepper, sea salt, boneless salmon fillets, cooking oil, whole wheat couscous, green onions, yellow bell pepper, pinenuts, nectarines]"
Balsamic-Glazed-Salmon-1010646,Balsamic Glazed Salmon,4,1200.0,[Main Dishes],,"[salmon fillets, olive oil, garlic, balsamic vinegar, honey, dijon mustard, kosher salt, black pepper, fresh parsley]"
Teriyaki-Salmon-1037705,Teriyaki Salmon,4,1200.0,[Main Dishes],"[Japanese, Asian]","[mirin, soy sauce, sake, brown sugar, ginger, garlic, salmon fillets, oil, sesame seeds]"
Cedar-Planked-Salmon-Allrecipes,Cedar Planked Salmon,5,2100.0,[Main Dishes],"[Barbecue, Asian]","[vegetable oil, rice vinegar, sesame oil, soy sauce, green onions, fresh ginger root, minced garlic, salmon fillets]"
Smoked-Salmon-Avocado-Toasts-750190,Smoked Salmon Avocado Toasts,4,600.0,[Appetizers],,"[whole grain bread, avocado, lemon, smoked salmon]"
Green-Harissa-Salmon-1088952,Green Harissa Salmon,4,1800.0,[Main Dishes],,"[salmon fillets, harissa, lemon, kosher salt, raw sugar]"
Light-Philly-20_minute-Skillet-Salmon-Allrecipes,Light PHILLY 20-Minute Skillet Salmon,5,1200.0,[Main Dishes],,"[oil, salmon fillets, skim milk, herbs, cucumber, fresh dill]"
