id,recipeName,rating,totalTimeInSeconds,course,cuisine,ingredients
Fajita-Chicken-Cheesesteak-Sandwiches-1374825,Fajita Chicken Cheesesteak Sandwiches,4,1800.0,[Lunch and Snacks],,"[olive oil, purple onion, pepper, lime juice, salt, chicken, monterey jack, sandwich rolls, chopped cilantro, lime wedges]"
Cranberry-Cheese-and-Prosciutto-Sandwich-1376041,Cranberry Cheese and Prosciutto Sandwich,4,600.0,[Lunch and Snacks],,"[bread, chèvre, arugula, prosciutto, honey, butter]"
Traditional-Egg-Sandwich-1330131,Traditional Egg Sandwich,3,300.0,"[Lunch and Snacks, Breakfast and Brunch]",,"[cheese, eggs, bread, sandwiches, milk, white bread, salt, pepper, American cheese]"
Make-Ahead-Breakfast-Sandwiches-1361159,Make Ahead Breakfast Sandwiches,4,1500.0,[Breakfast and Brunch],,"[large eggs, water, pepper, salt, butter, English muffins, black forest ham, sharp cheddar cheese]"
Turkey_-Cranberry-and-Cream-Cheese-Sandwich-1353312,"Turkey, Cranberry and Cream Cheese Sandwich",3,900.0,[Lunch and Snacks],,"[roast turkey, light cream cheese, jelly, mixed greens, sandwich thins]"
Cucumber-_-Cream-Cheese-Tea-Sandwiches-1348232,Cucumber & Cream Cheese Tea Sandwiches,4,600.0,[Lunch and Snacks],,"[cream cheese, orange marmalade, sweet relish, english cucumber, apples, sandwich bread]"
Ultimate-Grilled-Cheese-Sandwich-1281102,Ultimate Grilled Cheese Sandwich,4,2100.0,[Lunch and Snacks],,"[butter, onions, bacon, mayonnaise, hot sauce, sandwich bread, hard-boiled egg, salt, pepper, cheese]"
BBQ-Jack-Sandwiches-1344971,BBQ Jack Sandwiches,4,1020.0,[Lunch and Snacks],,"[olive oil, water, green chile, barbecue sauce, tamari soy sauce, yellow mustard, smoked paprika, liquid smoke, onion powder, salt and ground black pepper, sandwich rolls]"
Costco-Turkey-Provolone-Pesto-Sandwich-Melt-1376460,Costco Turkey Provolone Pesto Sandwich Melt,4,900.0,[Lunch and Snacks],,"[sandwich rolls, pesto, mayonnaise, turkey breast, large tomato, purple onion, provolone cheese]"
The-Ultimate-Breakfast-Sandwich-1366225,The Ultimate Breakfast Sandwich,3,1200.0,[Breakfast and Brunch],,"[unsalted butter, English muffins, large eggs, whole milk, kosher salt, cheddar cheese, bacon]"
Slow-Cooker-Orange-BBQ-Pulled-Pork-Sandwiches-1377562,Slow-Cooker Orange-BBQ Pulled Pork Sandwiches,3,30000.0,"[Lunch and Snacks, Main Dishes]",,"[KRAFT Original Barbecue Sauce, orange, boneless pork shoulder, sandwich rolls, Kraft Mayonnaise]"
Grilled-Caprese-Sandwich-1372814,Grilled Caprese Sandwich,4,600.0,[Lunch and Snacks],,"[bread, fresh mozzarella, tomatoes, basil pesto sauce, butter, salt, pepper]"
Pressed-Picnic-Sandwiches-1195184,Pressed Picnic Sandwiches,4,1500.0,[Lunch and Snacks],,"[bread ciabatta, pesto, sweet sopressata, prosciutto, provolone cheese, mozzarella cheese, basil leaves, sandwiches]"
Korean-BBQ-Pork-Sandwich-1376775,Korean BBQ Pork Sandwich,3,2100.0,[Lunch and Snacks],,"[pork, korean barbecue sauce, onions, sandwich bread, lettuce]"
Pulled-Chicken-Sandwiches-1378473,Pulled Chicken Sandwiches,4,1500.0,[Lunch and Snacks],,"[boneless chicken skinless thigh, salt, freshly ground black pepper, tomato sauce, apple cider vinegar, dark brown sugar, worcestershire sauce, garlic, onions, vegetable oil, ketchup, hot sauce, apple cider, butter, sandwich rolls, coleslaw]"
The-Ultimate-Egg-Sandwich-1233349,The Ultimate Egg Sandwich,4,900.0,"[Lunch and Snacks, Breakfast and Brunch]",,"[bacon, large eggs, sandwich bread, sharp cheddar cheese, strawberry jam]"
Hawaiian-Crockpot-Ham-Sandwiches-1361651,Hawaiian Crockpot Ham Sandwiches,4,15000.0,[Lunch and Snacks],[Hawaiian],"[cooked ham, sweet onion, crushed pineapple, pineapple, brown sugar, dijon mustard, buns, mozzarella cheese, cheese]"
Avocado-Salsa-Sandwich-1328779, Avocado Salsa Sandwich,4,900.0,[Lunch and Snacks],,"[sandwich bread, avocado, sea salt, purple onion, sliced tomatoes, cilantro leaves, shredded lettuce]"
Killer-Club-Sandwich-The-Pioneer-Woman-Cooks-_-Ree-Drummond-41175,Killer Club Sandwich,5,1500.0,[Lunch and Snacks],,"[sandwich bread, mayonnaise, basil pesto sauce, sundried tomato pesto, bacon, ham, turkey, avocado, cheese, romaine lettuce]"
Avocado-Grilled-Cheese-Sandwich-1353631,Avocado Grilled Cheese Sandwich,3,1500.0,[Lunch and Snacks],,"[sourdough bread, mozzarella cheese, sliced tomatoes, avocado, salt, pepper]"
Hot-Roast-Beef-Party-Sandwiches-1356701,Hot Roast Beef Party Sandwiches,4,3000.0,[Lunch and Snacks],,"[chop fine pecan, dinner rolls, peach preserves, mustard mayonnaise, beef deli roast slice thinli, havarti cheese]"
Thanksgiving-Leftovers-Club-Sandwich-1370493,Thanksgiving Leftovers Club Sandwich,4,900.0,[Lunch and Snacks],,"[cheddar cheese, mayonnaise, sour cream, sandwich bread, bread, olive oil, roast turkey, mashed potatoes, spinach leaves]"
Classic-Monte-Cristo-Sandwich-1326631,Classic Monte Cristo Sandwich,4,1200.0,[Lunch and Snacks],,"[white sandwich bread, ham, gouda, mayonnaise, large eggs, milk, paprika, salt, pepper, butter]"
A-Darn-Good-Tuna-Sandwich-1377447,A Darn Good Tuna Sandwich,4,600.0,[Lunch and Snacks],,"[albacore tuna in water, light mayonnaise, pickle relish, wheat bread, spicy brown mustard, sliced tomatoes, lettuce leaves]"
Cranberry-Croissant-Sandwiches-1361071,Cranberry Croissant Sandwiches,4,600.0,[Lunch and Snacks],,"[Neufchâtel, cranberry sauce, walnuts, honey, ground cinnamon, lettuce, cream cheese spread, croissants, turkey breast, sandwiches]"
Baked-Ham-_-Cheese-Sandwiches-1379281,Baked Ham & Cheese Sandwiches,3,13200.0,[Lunch and Snacks],,"[hawaiian rolls, ham, swiss cheese, butter, dijon mustard, worcestershire sauce, onions, poppy seeds]"
Roasted-Sweet-Potato-Soup-with-Grilled-Cheese-Croutons-1359722,Roasted Sweet Potato Soup with Grilled Cheese Croutons,4,2100.0,[Soups],,"[sweet potatoes, canola oil, chopped onion, crushed red pepper, low-sodium fat-free chicken broth, fresh thyme, salt, whole grain bread, sharp cheddar cheese]"
Slow-Cooker-Buffalo-Chicken-Sandwiches-1371141,Slow Cooker Buffalo Chicken Sandwiches,4,3000.0,[Lunch and Snacks],,"[boneless skinless chicken breasts, wing sauce, ranch dressing, butter, hamburger buns]"
Grilled-Mozzarella-Sandwiches-Martha-Stewart,Grilled Mozzarella Sandwiches,4,2100.0,[Lunch and Snacks],,"[mozzarella cheese, white sandwich bread, large eggs, heavy cream, fresh thyme leaves, coarse salt, nutmeg, extra-virgin olive oil, unsalted butter]"
Chicken-Parmesan-Sandwich-1362012,Chicken Parmesan Sandwich,4,1800.0,"[Lunch and Snacks, Main Dishes]",,"[boneless skinless chicken breasts, panko, Italian seasoned breadcrumbs, parmesan cheese, eggs, milk, extra-virgin olive oil, ragu, sandwich rolls, mozzarella cheese, basil leaves]"
Slow-Cooker-Hawaiian-Pulled-Chicken-Sandwiches-1378280,Slow Cooker Hawaiian Pulled Chicken Sandwiches,4,2400.0,"[Lunch and Snacks, Main Dishes]",[Hawaiian],"[boneless skinless chicken breasts, crushed pineapple, diced onions, low sodium soy sauce, minced garlic, hot dog bun, barbecue sauce, red pepper]"
BBQ-Tofu-Sandwiches-1360276,BBQ Tofu Sandwiches,4,2700.0,[Lunch and Snacks],,"[extra firm tofu, olive oil, green chile, barbecue sauce, tamari soy sauce, prepared mustard, smoked paprika, liquid smoke, onion powder, salt, pepper, sandwich rolls, lettuce, green onions, slaw]"
Baked-Falafel-Sandwich-1361180,Baked Falafel Sandwich,4,2700.0,[Lunch and Snacks],,"[coconut oil, garbanzo beans, onions, garlic, lemon juice, cumin, coriander, cayenne pepper, flour, baking powder, salt, pepper, olive oil, bread rolls]"
Grilled-Margherita-Sandwiches-589845,Grilled Margherita Sandwiches,4,1500.0,[Lunch and Snacks],,"[Italian bread, large garlic cloves, mozzarella cheese, plum tomatoes, fresh basil, garlic pepper seasoning, extra-virgin olive oil]"
Broccoli_-Bacon-and-Grilled-Cheese-Sandwiches_-1347284,"Broccoli, Bacon and Grilled Cheese Sandwiches.",4,1260.0,[Lunch and Snacks],,"[bread, butter, grating cheese, cheese, broccoli, bacon]"
Grilled-Peanut-Butter-and-Jelly-Sandwich-1267446,Grilled Peanut Butter and Jelly Sandwich,4,600.0,[Lunch and Snacks],,"[Jif Peanut Butter, bread, butter, peanut butter, sandwiches]"
The-Marlboro-Man-Sandwich-1315406,The Marlboro Man Sandwich,4,1800.0,[Lunch and Snacks],,"[onions, butter, cube steaks, seasoning salt, worcestershire sauce, Tabasco Pepper Sauce, deli rolls]"
Baked-Ham-Sandwiches---Left-Over-Make-Over-Dinner-1372016,Baked Ham Sandwiches - Left Over Make Over Dinner,4,1500.0,[Lunch and Snacks],,"[dinner rolls, ham, provolone cheese, American cheese, dijon mustard, mayonnaise, butter, minced garlic, chopped parsley, shredded mozzarella cheese, salt, sesame seeds]"
Pilgrim-Butty-_-Thanksgiving-Leftover-Sandwich-1379481,Pilgrim Butty ~ Thanksgiving Leftover Sandwich,4,900.0,[Lunch and Snacks],,"[French bread loaves, butter, cream cheese, turkey, cider, olives, french fried onions, turkey gravy]"
Chicken-Salad-Sandwiches-791835,Chicken Salad Sandwiches,3,900.0,[Lunch and Snacks],,"[cooked chicken, celery, onions, mayonnaise, salt, pepper, bread]"
Turkey-and-Hummus-Club-Sandwich-1376686,Turkey and Hummus Club Sandwich,4,1200.0,[Lunch and Snacks],,"[hummus, sweet chili sauce, mayonnaise, paprika, arugula, turkey meat, multigrain bread]"
Turkey-Sandwich-With-Cream-Cheese-and-Bacon-1380026,Turkey Sandwich With Cream Cheese and Bacon,3,600.0,[Lunch and Snacks],,"[bacon, bread, cream cheese, roast turkey]"
Meatloaf-Sandwiches-1377289,Meatloaf Sandwiches,4,3600.0,[Main Dishes],,"[ground beef, olive oil, purple onion, carrots, bell pepper, garlic, eggs, bread crumbs, chili flakes, sea salt, ground black pepper, italian seasoning, bbq sauce, baguette, cheddar cheese]"
Sausage-Hash-Grilled-Breakfast-Sandwich-1368002,Sausage Hash Grilled Breakfast Sandwich,4,1800.0,[Breakfast and Brunch],,"[potatoes, breakfast sausages, onions, red bell pepper, shredded parmesan cheese, sourdough bread, butter, garlic parmesan sandwich spread]"
Sirloin-Steak-Sandwiches-1289743,Sirloin Steak Sandwiches,3,900.0,[Lunch and Snacks],,"[olive oil, onions, light brown sugar, balsamic vinegar, butter, sirloin steak, sandwich rolls, goat cheese, baby spinach leaves]"
Hot-Ham-and-Cheese-Sandwiches-1261118,Hot Ham and Cheese Sandwiches,4,780.0,[Lunch and Snacks],,"[sandwich bread, olive oil, red wine vinegar, dried oregano, dried basil, sliced ham, provolone cheese]"
Classic-Reuben-Sandwich-1374195,Classic Reuben Sandwich,4,2100.0,[Lunch and Snacks],,"[mayonnaise, sweet relish, cocktail sauce, sauerkraut, cider vinegar, brown sugar, rye bread, butter, shredded swiss cheese, corned beef]"
Cheesy-Steak-Sandwich-1362297,Cheesy Steak Sandwich,4,1500.0,[Lunch and Snacks],,"[sirloin steak, olive oil, salt, pepper, green pepper, onions, pepper jack, hot dog bun, garlic, cilantro]"
French-Dip-Sandwiches-1360364,French Dip Sandwiches,4,29400.0,[Lunch and Snacks],,"[round steaks, onion soup mix, au jus gravy mix, beef broth, water, hoagie rolls, provolone cheese]"
Waffle-Sandwich-1355634,Waffle Sandwich,4,3600.0,"[Lunch and Snacks, Breakfast and Brunch]",,"[all-purpose flour, cornmeal, baking powder, baking soda, greek yogurt, melted butter, pure maple syrup, egg yolks, egg whites, ham, grating cheese, apples, dijon mustard, nonstick spray]"
Croque-Madame-Sandwiches-Martha-Stewart-196579,Croque Madame Sandwiches,5,1200.0,[Lunch and Snacks],,"[unsalted butter, white sandwich bread, gruyere cheese, thin deli ham, coarse salt, ground pepper, large eggs]"
Turkey-Club-Sandwich-512518,Turkey Club Sandwich,5,,[Lunch and Snacks],[American],"[white sandwich bread, mayonnaise, turkey breast, thick-cut bacon, tomatoes, lettuce]"
Bacon-and-Sriracha-Chicken-Sandwich-1376331,Bacon and Sriracha Chicken Sandwich,4,900.0,[Lunch and Snacks],,"[avocado, bread, cooked bacon, mayonnaise, Sriracha, cooked chicken, baby spinach]"
Turkey_-Bacon-And-Cream-Cheese-Sandwich-1371132,"Turkey, Bacon And Cream Cheese Sandwich",4,1200.0,[Lunch and Snacks],,"[bacon, bread, cream cheese, roast turkey]"
Jalapeno-Popper-Sandwich-1340719,Jalapeno Popper Sandwich,4,2400.0,[Lunch and Snacks],,"[jalapeno chilies, cream cheese, bacon, monterey jack, cheddar cheese, Italian bread, cilantro, butter]"
The-Breakfast-Sandwich-1379822,The Breakfast Sandwich,4,1500.0,[Breakfast and Brunch],,"[olive oil, baby spinach, garlic cloves, salt, sun-dried tomatoes in oil, white cheddar cheese, ciabatta buns, avocado, prosciutto, eggs]"
The-Best-Grilled-Cheese-Ever-_Gruyere_-Spinach_-Avocado-_-Tomato_-1361705,"The Best Grilled Cheese Ever {Gruyere, Spinach, Avocado & Tomato}",4,1200.0,[Lunch and Snacks],,"[rye bread, gruyere cheese, bread, avocado, baby spinach, tomatoes, cracked black pepper, sea salt]"
Breakfast-BLT-Sandwich-960098,Breakfast BLT Sandwich,4,2100.0,"[Lunch and Snacks, Breakfast and Brunch]",,"[bread, bacon, eggs, avocado, tomatoes, lettuce leaves, mayonnaise, sandwich spread]"
Next-Day-Turkey-Sandwiches-1380027,Next Day Turkey Sandwiches,3,900.0,"[Lunch and Snacks, Main Dishes]",,"[roast turkey, cranberry sauce, stuffing, crusty country bread, salt, freshly ground black pepper, mayonnaise, lettuce]"
Crockpot-Italian-Beef-Sandwiches-1358294,Crockpot Italian Beef Sandwiches,4,29100.0,[Lunch and Snacks],,"[beef roast, giardiniera, pepperoncini, beef broth, beef seasoning, mozzarella cheese, french rolls]"
Turkey-and-Hummus-Club-Sandwich-1376085,Turkey and Hummus Club Sandwich,4,1200.0,[Lunch and Snacks],,"[hummus, sweet chili sauce, mayonnaise, paprika, arugula, turkey meat, multigrain bread]"
Ultimate-Grilled-Cheese-Sandwich-1347108,Ultimate Grilled Cheese Sandwich,4,900.0,[Lunch and Snacks],,"[bacon, unsalted butter, large eggs, pepper, salt, sandwich bread, shredded sharp cheddar cheese, avocado, muenster]"
BBQ-Brisket-Sandwiches-456378,BBQ Brisket Sandwiches,5,1200.0,[Lunch and Snacks],,"[barbecue sauce, brisket, crusty sandwich rolls]"
Pumpkin-Spice-Chocolate-Hazelnut-Shortbread-Sandwiches-1378598,Pumpkin Spice Chocolate Hazelnut Shortbread Sandwiches,4,1800.0,[Desserts],,"[all-purpose flour, chopped hazelnuts, salt, pumpkin pie spice, butter, powdered sugar, creamer, chocolate-hazelnut spread]"
Chicken-and-Waffle-Sandwiches-1330576,Chicken and Waffle Sandwiches,4,9000.0,"[Lunch and Snacks, Main Dishes]",,"[chicken, buttermilk, hot sauce, chicken breasts, all-purpose flour, salt, ground black pepper, baking powder, cayenne pepper, oil, sandwiches, waffle, arugula, tomatoes]"
Pizza-Grilled-Cheese-Sandwich-1008185,Pizza Grilled Cheese Sandwich,4,900.0,[Lunch and Snacks],,"[bread, butter, shredded mozzarella cheese, pepperoni, marinara sauce]"
Mozzacado-Sandwich-1112094,Mozzacado Sandwich,4,900.0,[Lunch and Snacks],,"[sourdough bread, avocado, tomatoes, mozzarella cheese, fresh basil leaves, sea salt flakes, ground black pepper]"
Best-grilled-cheese-sandwich-306791,Best Grilled Cheese Sandwich,5,1800.0,[Lunch and Snacks],,"[purple onion, bread, cheddar cheese, unsalted butter]"
Mini-Sandwiches-Martha-Stewart,Mini Sandwiches,3,1500.0,[Lunch and Snacks],,"[cream cheese, soften, ground black pepper, coarse salt, sandwich bread, roast turkey, cucumber]"
Vegan-Humdinger-Hummus_-Carrot_-Cucumber_-Avocado_-and-Alfalfa-Sprouts-Sandwich-1359583,"Vegan Humdinger – Hummus, Carrot, Cucumber, Avocado, and Alfalfa Sprouts Sandwich",3,900.0,[Lunch and Snacks],,"[bread, hummus, carrots, cucumber, avocado, alfalfa sprouts, sea salt, freshly ground pepper]"
Skinny-Grilled-Cheese-and-Scrambled-Egg-Whites-Breakfast-Sandwich-1344691,Skinny Grilled Cheese and Scrambled Egg Whites Breakfast Sandwich,4,1080.0,"[Lunch and Snacks, Breakfast and Brunch]",,"[butter, egg whites, sandwiches, preserves, tomatoes, cheese]"
Grilled-Macaroni-and-Cheese-Sandwich-1091253,Grilled Macaroni and Cheese Sandwich,4,1500.0,[Lunch and Snacks],,"[sandwich bread, butter, cheddar cheese, cheese]"
Sausage_-Egg-and-Cheese-Breakfast-Roll-Ups-1362494,"Sausage, Egg and Cheese Breakfast Roll-Ups",3,2100.0,[Breakfast and Brunch],,"[eggs, Pillsbury™ Refrigerated Crescent Dinner Rolls, breakfast sausage links, cheddar cheese, salt, pepper]"
Breakfast-Sandwich-1363909,Breakfast Sandwich,4,1800.0,[Breakfast and Brunch],,"[eggs, pepper, shredded cheese, turkey bacon, Pam Cooking Spray, English muffins]"
Club-Sandwich-Stromboli-1367000,Club Sandwich Stromboli,4,1500.0,[Lunch and Snacks],,"[pizza doughs, flour, bacon, turkey breast deli meat, thin deli ham, sandwiches, cheese, eggs, dipping sauces]"
Egg-Salad-Sandwich-1327792,Egg Salad Sandwich,4,1200.0,[Lunch and Snacks],,"[eggs, mayonnaise, mustard, relish, dill pickle slices, bread]"
Super-Healthy_-Freezer-Friendly-Chicken-Sandwiches-1371391,"Super Healthy, Freezer Friendly Chicken Sandwiches",4,1500.0,[Lunch and Snacks],,"[boneless skinless chicken breasts, garlic, shredded carrots, onions, eggs, sea salt, coconut oil, shortening]"
Indian-Toastie-Sandwich-512775,Indian Toastie Sandwich,5,1500.0,[Lunch and Snacks],,"[white sandwich bread, salted butter, mung beans, tomatoes, chutney, monterey jack]"
Sweet-Potato-Grilled-Cheese-Sandwich-With-Kale-Pesto-1350209,Sweet Potato Grilled Cheese Sandwich With Kale Pesto,4,1500.0,[Lunch and Snacks],,"[olive oil, sweet potatoes, sandwich bread, goat cheese, purple onion, arugula, salt, pepper]"
Chicken-BLT-Sandwiches-604867,Chicken BLT Sandwiches,3,1800.0,[Lunch and Snacks],,"[vegetable oil, boneless skinless chicken breast halves, thousand island dressing, wheat sandwich rolls, lettuce leaves, tomatoes, bacon]"
The-Elena-Ruz-Sandwich-1375139,The Elena Ruz Sandwich,4,900.0,[Lunch and Snacks],,"[hoagie rolls, turkey, cream cheese, unsalted butter, strawberry jam]"
Eat-More-Copycat-Chick-Fil-A-Sandwiches-1351674,Eat More Copycat Chick-Fil-A Sandwiches,3,4200.0,[Lunch and Snacks],,"[chicken breasts, pickle juice, eggs, milk, flour, powdered sugar, garlic salt, celery salt, basil, peanut oil, buns, paprika, salt, pepper]"
Crab-Cakes-BLT-Sandwiches-1370796,Crab Cakes BLT Sandwiches,4,3600.0,[Lunch and Snacks],,"[white sandwich bread, flat leaf parsley, large egg yolks, lemon juice, worcestershire sauce, Tabasco Pepper Sauce, dijon mustard, paprika, chopped fresh thyme, celery seed, freshly ground black pepper, olive oil, chopped onion, chopped green bell pepper, red bell pepper, Dungeness crabmeat, bacon, bread, butter, mayonnaise, prepared horseradish, grated lemon zest, kosher salt]"
The-gobbler-sandwich-349290,The Gobbler Sandwich,5,900.0,[Lunch and Snacks],[American],"[mayonnaise, sandwich bread, turkey, romaine lettuce leaves, tomatoes, stuffing, cranberry sauce]"
Laura_s-Ritz-Chocolate-Sandwiches-1371016,Laura's Ritz Chocolate Sandwiches,4,3600.0,"[Lunch and Snacks, Desserts]",,"[Ritz Crackers, chocolate-hazelnut spread, almonds, sprinkles]"
Grilled-Turkey_-Bacon_-Radicchio_-and-Blue-Cheese-Sandwiches-1349633,"Grilled Turkey, Bacon, Radicchio, and Blue Cheese Sandwiches",3,1500.0,[Lunch and Snacks],,"[applewood smoked bacon, mayonnaise, blue cheese, country white bread, radicchio, cooked turkey, butter]"
Beat-breakfast-sandwich-327745,BEAT Breakfast Sandwich,3,1800.0,[Breakfast and Brunch],,"[thick-cut bacon, hass avocado, lemon juice, fine sea salt, cherry tomatoes, sandwich bread, eggs, ground black pepper]"
Ricotta_-Tomato-and-Basil-Tea-Sandwiches-1364320,"Ricotta, Tomato and Basil Tea Sandwiches",4,1200.0,[Lunch and Snacks],,"[bread, ricotta cheese, garlic, diced tomatoes, fresh basil leaves]"
Sushi-Sandwiches-1325990,Sushi Sandwiches,3,1800.0,[Lunch and Snacks],,"[whole wheat sandwich bread, tuna, capers, mayonnaise, dijon mustard, cucumber, carrots]"
Salmon-Salad-Sandwiches-on-Ciabatta-1362348,Salmon Salad Sandwiches on Ciabatta,3,1200.0,[Lunch and Snacks],,"[salmon fillets, green onions, fresh lemon juice, grated lemon peel, mayonnaise, ciabatta, arugula]"
Vegetarian-Muffuletta-Sandwich-1376462,Vegetarian Muffuletta Sandwich,3,4200.0,[Lunch and Snacks],,"[garlic, red bell pepper, eggplant, olive tapenade, red wine vinegar, ciabatta, pepperoncini, artichokes, swiss chard, provolone cheese, sea salt, ground black pepper, extra-virgin olive oil]"
French-Toast-Sandwiches-1027486,French Toast Sandwiches,4,900.0,"[Lunch and Snacks, Breakfast and Brunch]",,"[large eggs, milk, salt, sandwich bread, butter, bacon, fresh mozzarella]"
Nut-Butter-and-Apple-Sandwich-1370779,Nut Butter and Apple Sandwich,4,900.0,[Lunch and Snacks],,"[apples, nut butter, cinnamon]"
Deviled-Egg-Salad-Sandwich-1379828,Deviled Egg Salad Sandwich,4,1200.0,[Lunch and Snacks],,"[hard-boiled egg, mayonnaise, paprika, garlic powder, salt, pepper, green leaf lettuce]"
Avocado-Tuna-Sandwich-964648,Avocado Tuna Sandwich,4,300.0,[Lunch and Snacks],,"[wheat bread, avocado, purple onion, tuna, black pepper, salt, lemon juice]"
Smoked-Turkey-Corn-Quesadilla-Slider-1294692,Smoked Turkey Corn Quesadilla Slider,3,1200.0,[Lunch and Snacks],,"[Mission® Extra Thin Yellow Corn Tortillas, pepper jack, roma tomato slices, turkey breast, alfalfa sprouts, avocado slices, sandwiches]"
Thomas-Keller_s-Breakfast-Sandwich-1055123,Thomas Keller's Breakfast Sandwich,4,900.0,"[Lunch and Snacks, Breakfast and Brunch]",,"[bacon, monterey jack, sourdough bread, mayonnaise, sliced tomatoes, spinach, unsalted butter, large eggs]"
Tofu-and-Kale-Pesto-Sandwich-1368973,Tofu and Kale Pesto Sandwich,4,900.0,[Lunch and Snacks],,"[kale, walnuts, garlic, nutritional yeast, olive oil, spices, salt, black pepper, tofu, zucchini, carrots, lettuce, whole wheat buns]"
Steak-and-cheese-sandwiches-with-onions-and-mushrooms-352333,Steak and Cheese Sandwiches with Onions and Mushrooms,5,900.0,[Lunch and Snacks],,"[sandwich steak, onions, olive oil, sliced mushrooms, cooking spray, garlic powder, salt, cracked black pepper, french bread, cheese slices]"
Slow-Cooker-French-Dip-Sandwiches-1305771,Slow Cooker French Dip Sandwiches,4,29700.0,[Lunch and Snacks],,"[chuck roast, onion soup mix, au jus gravy mix, low sodium beef broth, sub buns, provolone cheese]"
Crispy-shrimp-sandwiches-333329,Crispy Shrimp Sandwiches,5,1800.0,[Lunch and Snacks],,"[shrimp, flour, salt, pepper, smoked paprika, chili powder, garlic powder, bacon, avocado, lettuce, sandwich rolls, mayonnaise, grated parmesan cheese, tarragon]"
Egg-Salad-Tea-Sandwiches-Real-Simple-199046,Egg Salad Tea Sandwiches,4,900.0,"[Lunch and Snacks, Appetizers]","[Southern & Soul Food, American]","[large eggs, mayonnaise, kosher salt, black pepper, white sandwich bread]"
Grilled-Cheese-Sandwich-1072039,Grilled Cheese Sandwich,3,900.0,[Lunch and Snacks],,"[bread, butter, mayonnaise, shredded cheddar cheese]"
Caramelized-onions_-pesto_-and-grilled-mozzarella-sandwich-302559,"Caramelized Onions, Pesto, and Grilled Mozzarella Sandwich",5,2400.0,[Lunch and Snacks],,"[pesto, onions, tomatoes, mozzarella cheese, crusty bread, olive oil]"
Classic-American-Sandwich-Bread-1372695,Classic American Sandwich Bread,4,10200.0,[Breads],,"[all-purpose flour, table salt, milk, water, unsalted butter, honey, instant yeast]"
Chive-Fried-Egg-and-Bacon-Sandwich-1328351,Chive Fried Egg and Bacon Sandwich,4,1200.0,"[Lunch and Snacks, Breakfast and Brunch]",,"[sandwiches, thick-cut bacon, unsalted butter, large eggs, chopped fresh chives, whole grain bread, ground black pepper, sea salt]"
Lasagna-Sandwich-1046671,Lasagna Sandwich,4,600.0,[Lunch and Snacks],,"[bread, ricotta, mozzarella cheese, marinara sauce, sliced tomatoes, ground black pepper, olive oil]"
Shredded-Beef-Sandwich-1358579,Shredded Beef Sandwich,4,3300.0,[Lunch and Snacks],,"[sirloin tip roast, water, bouillon cube, salt, pepper, gravy, buns]"
Philly-Cheesesteak-Sandwiches-1372961,Philly Cheesesteak Sandwiches,4,1800.0,[Lunch and Snacks],,"[onions, green pepper, button mushrooms, pepper, salt, top sirloin steak, canola oil, hoagie rolls, american cheese slices, mayonnaise, chipotles in adobo, sauce, lime juice]"
Brie_-Apple-and-Cranberry-Grilled-Cheese-1373732,"Brie, Apple and Cranberry Grilled Cheese",4,1680.0,[Lunch and Snacks],,"[sourdough bread, butter, Barefoot Sauvignon Blanc, brie cheese, Honeycrisp apples, whole cranberry sauce]"
Korean-Pulled-Jackfruit-Sandwiches-1380451,Korean Pulled Jackfruit Sandwiches,4,5100.0,[Lunch and Snacks],,"[jackfruit, soy sauce, hoisin sauce, ketchup, rice vinegar, brown rice syrup, garlic, ginger, sesame oil, star anise, bbq sauce, Asian slaw, crusty buns, canola oil, onions, tomato paste, tomato purée, molasses, Gochujang base, kosher salt, liquid smoke, mirin, ponzu, nappa cabbage, carrots, asian pear, sesame seeds]"
Cuban-Sandwich-1364440,Cuban Sandwich,4,660.0,[Lunch and Snacks],[Cuban],"[butter, hawaiian bread, ham, pork, havarti cheese, pickle slices, mayonnaise, dijon mustard, coarse ground mustard, honey]"
Currywurst-Sandwich-1360436,Currywurst Sandwich,3,1800.0,[Lunch and Snacks],,"[sausages, onions, mushrooms, garlic powder, ketchup, curry powder, salt, pepper, hot dog bun, lettuce leaves, cheese]"
Breakfast-grilled-cheese-sandwich-with-maple-syrup-350794,Breakfast Grilled Cheese Sandwich with Maple Syrup,5,900.0,[Breakfast and Brunch],,"[butter, bread, cheese, maple syrup]"
Cheesy-Ham-and-Egg-Sandwiches-1064433,Cheesy Ham and Egg Sandwiches,3,1800.0,[Lunch and Snacks],,"[hard-boiled egg, shredded cheddar cheese, ham, mayonnaise, sandwich buns, salt, pepper]"
Amazing-Meatball-Sandwich-1183061,Amazing Meatball Sandwich,3,4200.0,[Lunch and Snacks],,"[ground beef, sandwich rolls, onions, butter, crushed tomatoes, diced tomatoes, beef broth, garlic, italian seasoning, cheese slices, salt, pepper]"
Cajeta-Shortbread-Sandwiches-1380782,Cajeta Shortbread Sandwiches,4,50400.0,[Desserts],,"[sweetened condensed milk, unsalted butter, confectioners sugar, vanilla extract, cinnamon, all-purpose flour, yellow corn meal, sea salt]"
Cowboy-Breakfast-Sandwiches-The-Pioneer-Woman-41387,Cowboy Breakfast Sandwiches,5,2100.0,"[Lunch and Snacks, Breakfast and Brunch]",,"[breakfast sausages, eggs, half & half, salt, pepper, jalapeno chilies, butter, Texas toast bread, sandwich spread, cheese slices]"
Sushi-Sandwiches-1029677,Sushi Sandwiches,3,300.0,[Lunch and Snacks],,"[whole wheat sandwich bread, tuna, capers, mayonnaise, dijon mustard, cucumber, carrots]"
Vegetable-Hummus-Sandwich-473357,Vegetable Hummus Sandwich,5,300.0,[Lunch and Snacks],,"[sandwiches, hummus, lettuce, lemon cucumber, sliced tomatoes, green pepper, fresh basil]"
Thanksgiving-Leftovers-_Turkey_-Sandwich-1374133,"Thanksgiving Leftovers ""Turkey"" Sandwich",4,1200.0,[Lunch and Snacks],,"[dinner rolls, cutlet, brie cheese, sauce]"
Turkey-BLT-Martha-Stewart,Turkey BLT Sandwich,4,900.0,[Lunch and Snacks],,"[mayonnaise, white sandwich bread, iceberg lettuce, sliced tomatoes, crispy bacon, sliced turkey]"
Pulled-Bison-Sandwiches-1356228,Pulled Bison Sandwiches,3,4800.0,[Lunch and Snacks],,"[onions, garlic, bbq sauce, vinegar, salt, pepper]"
Simple-Vegetarian-Pita-Sandwiches-1304751,Simple Vegetarian Pita Sandwiches,4,600.0,[Lunch and Snacks],,"[pita bread, hummus, baby spinach, bell pepper, cucumber]"
Cran-Raspberry-Brie-Grilled-Cheese-Sandwiches-1378658,Cran-Raspberry Brie Grilled Cheese Sandwiches,4,1080.0,[Lunch and Snacks],,"[dried cranberries, red wine, brioche, butter, raspberry jam, brie cheese]"
Slow-Cooker-French-Dip-Sandwiches-1367439,Slow Cooker French Dip Sandwiches,4,3300.0,[Lunch and Snacks],,"[boneless beef roast, low sodium soy sauce, bay leaf, black peppercorns, dried rosemary, dried thyme, garlic powder, beef broth, french rolls, provolone cheese, butter]"
Havarti-Veggie-Sandwich-1325923,Havarti Veggie Sandwich,3,300.0,[Lunch and Snacks],,"[sandwich bread, vegan mayonnaise, havarti cheese, avocado, cucumber, vine tomatoes, green leaf lettuce, sprouts]"
Classic-Tuna-Salad-Sandwich-1075013,Classic Tuna Salad Sandwich,3,300.0,[Lunch and Snacks],,"[tuna, mayonnaise, diced celery, diced red onions, red bell pepper, capers, lemon juice, kosher salt, ground black pepper, sandwich bread]"
Ground-Beef-Philly-Sandwiches-1366251,Ground Beef Philly Sandwiches,4,2700.0,"[Lunch and Snacks, Main Dishes]",,"[ground beef, salt, pepper, onions, green pepper, sliced mushrooms, steak sauce, beef broth, brat buns, provolone cheese]"
Monte-cristo-sandwiches-369575,Monte Cristo Sandwiches,4,1800.0,[Lunch and Snacks],,"[large eggs, milk, white sandwich bread, turkey breast, swiss cheese, ham, unsalted butter, confectioners sugar, raspberry jam]"
Toasted-monkey-sandwiches-303618,Toasted Monkey Sandwiches,4,540.0,[Lunch and Snacks],,"[Skippy Creamy Peanut Butter, raisins, bananas]"
Cucumber-Watercress-Tea-Sandwiches-457006,Cucumber-Watercress Tea Sandwiches,5,,"[Afternoon Tea, Lunch and Snacks]",[English],"[hothouse cucumber, unsalted butter, white sandwich bread, watercress, radishes, fleur de sel, coarse salt]"
Easy-Chicken-Salad-Sandwich-1307713,Easy Chicken Salad Sandwich,4,1200.0,[Lunch and Snacks],,"[sandwiches, cooked chicken, mayonnaise, salt, olive oil, lettuce, green chilies, black pepper, cucumber]"
So-Delicious-and-Dairy-Free-Frozen-Brownie-Sandwich-1378683,So Delicious and Dairy Free Frozen Brownie Sandwich,4,2700.0,[Desserts],,"[oil, eggs, sugar, cocoa powder, salt, vanilla, flour, almond milk, vanilla beans]"
Golden-zucchini-sandwich-310185,Golden Zucchini Sandwich,5,900.0,[Lunch and Snacks],,"[olive oil, garlic, salt, zucchini, ground black pepper, basil, mayonnaise, sourdough bread, white cheddar cheese]"
Best-blt-sandwich-306811,Best BLT Sandwich,5,1200.0,[Lunch and Snacks],,"[double smoked bacon, heirloom tomatoes, baby spinach, whole grain bread, mayonnaise, chipotles in adobo, fresh cilantro]"
Ham-and-Cheese-Sandwich-1053291,Ham and Cheese Sandwich,4,1500.0,[Lunch and Snacks],,"[bread, cheese, chives, garlic cloves, olive oil]"
Chicken-Club-Sandwich-1081272,Chicken Club Sandwich,4,3300.0,[Lunch and Snacks],,"[bone-in chicken breasts, cheese dip, tomatoes, leaves, sandwich bread, salt]"
Breakfast-Dagwood-Sandwich-1347591,Breakfast Dagwood Sandwich,4,1200.0,"[Lunch and Snacks, Breakfast and Brunch]",,"[kaiser rolls, sausage links, eggs, shredded cheddar cheese, bacon, sliced ham]"
Slow-Cooker-Beef-Dip-Sandwich-1378811,Slow Cooker Beef Dip Sandwich,4,29700.0,[Lunch and Snacks],,"[chuck roast, water, light soy sauce, dried rosemary, dried thyme, garlic powder, bay leaves, peppercorns, french rolls]"
Kinda-Like-Chick-Fil-A-Sandwiches-1373563,Kinda Like Chick-Fil-A Sandwiches,4,1500.0,[Lunch and Snacks],,"[oil, eggs, milk, flour, powdered sugar, pepper, salt, chicken breast halves]"
Cucumber-and-Avocado-Sandwich-489063,Cucumber and Avocado Sandwich,4,900.0,[Lunch and Snacks],,"[whole grain bread, laughing cow, avocado, cucumber, salt]"
Bacon-wrapped-egg-sandwich-350107,Bacon-Wrapped Egg Sandwich,5,1200.0,"[Lunch and Snacks, Breakfast and Brunch]",,"[eggs, butter, sandwich bread, bacon]"
Best-ever-breakfast-sandwich-297290,Best Ever Breakfast Sandwich,4,900.0,"[Breakfast and Brunch, Lunch and Snacks]",,"[I Can't Believe It's Not Butter!® Spread, kaiser rolls, eggs, fresh spinach leaves, rins and pat dry, tomatoes]"
Ultimate-Steak-Sandwich-1356244,Ultimate Steak Sandwich,4,1800.0,[Lunch and Snacks],,"[butter, onions, sliced mushrooms, garlic, flat iron steaks, brown sugar, flour, ground cumin, black pepper, salt, beef broth, french bread, monterey jack, crumbled gorgonzola]"
Hot-Pastrami-Sandwich-1324798,Hot Pastrami Sandwich,4,900.0,[Lunch and Snacks],,"[pastrami, provolone cheese, arugula, rye bread, butter, horseradish, balsamic vinegar]"
Epic-Breakfast-Grilled-Cheese-Sandwich-1103666,Epic Breakfast Grilled Cheese Sandwich,4,2400.0,"[Lunch and Snacks, Breakfast and Brunch]",,"[frozen tater tots, chorizo sausage, colby jack cheese, butter, bread]"
Scrumptious-Crockpot-Steak-Sandwich-1118362,Scrumptious Crockpot Steak Sandwich,3,11100.0,[Lunch and Snacks],,"[steak, onions, green bell pepper, beef broth, pepper, cumin, french rolls]"
Appetizer-Sandwiches-1199712,Appetizer Sandwiches,4,3300.0,"[Lunch and Snacks, Appetizers]",,"[sandwiches, dinner rolls]"
Smoked-Salmon-and-Dill-Tea-Sandwiches-Serious-Eats-280884,Smoked Salmon and Dill Tea Sandwiches,5,1500.0,[Lunch and Snacks],,"[cream cheese, fresh dill, lemon, ground black pepper, kosher salt, whole wheat sandwich bread, white sandwich bread, smoked salmon, purple onion]"
Cheesy-Sandwiches-Martha-Stewart-197683,Cheesy Sandwiches,3,1200.0,[Lunch and Snacks],,"[broccoli florets, ricotta cheese, red bell pepper, carrots, whole wheat bread crusts removed]"
_WeekdaySupper-Italian-Pressed-Sandwich-1247337,#WeekdaySupper Italian Pressed Sandwich,4,1500.0,[Lunch and Snacks],[Italian],"[sandwiches, pesto, pepperoni, ham, salami, fresh mozzarella, fresh basil, tomatoes]"
Philly-Cheese-Steak-Sandwiches-488742,Philly Cheese Steak Sandwiches,4,2400.0,[Lunch and Snacks],,"[hoagie rolls, butter, white onion, rib eye steaks, pepper, salt, havarti cheese]"
Eggplant-caponata-sandwiches-307994,Eggplant Caponata Sandwiches,5,3300.0,[Lunch and Snacks],,"[olive oil, eggplant, green bell pepper, onions, white mushrooms, garlic, black olives, tomato paste, red wine vinegar, sugar, dried oregano, ground black pepper, salt, baguette, sandwiches, fresh basil leaves]"
Pumpkin-Spice-Cookie-Sandwiches-with-Cream-Cheese-Filling-1379912,Pumpkin Spice Cookie Sandwiches with Cream Cheese Filling,4,,,,"[cookie mix, eggs, unsalted butter, white chocolate chips, dried cranberries, cream cheese, milk]"
Crockpot-Reuben-Sandwiches-1336010,Crockpot Reuben Sandwiches,4,2400.0,[Lunch and Snacks],,"[cream cheese, thousand island dressing, corned beef]"
The-Perfect-Grilled-Cheese-Sandwich-1088249,The Perfect Grilled Cheese Sandwich,4,4200.0,,,"[butter, white sandwich bread, monterey jack, neutral oil]"
Wrap-Sandwich-with-Turkey-_-Cukes-1325943,Wrap Sandwich with Turkey & Cukes,3,900.0,[Lunch and Snacks],,"[shells, cream cheese spread, cucumber, turkey]"
Chipped-Ham-BBQ-Sandwiches-482382,Chipped Ham BBQ Sandwiches,4,2700.0,[Lunch and Snacks],,"[ham, hard-boiled egg, Velveeta, chili sauce, sandwich buns]"
Brie-and-Apple-Sandwich-1275912,Brie and Apple Sandwich,4,1200.0,[Lunch and Snacks],,"[crusty bread, dijon mustard, brie cheese, apples]"
Eggplant-Sandwiches-Allrecipes,Eggplant Sandwiches,5,1800.0,[Lunch and Snacks],[American],"[eggplant, olive oil, mayonnaise, garlic, french sandwich rolls, tomatoes, feta cheese crumbles, fresh basil leaves]"
Ham_-Bacon-_-Roasted-Apple-Grilled-Cheese-Sandwich-1343450,"Ham, Bacon & Roasted Apple Grilled Cheese Sandwich",4,2400.0,[Lunch and Snacks],,"[white bread, American cheese, ham, crispy bacon, apples, sweet cream butter]"
Whole-Wheat-Stir-and-Pour-Sandwich-Bread-1377186,Whole Wheat Stir-and-Pour Sandwich Bread,4,4200.0,[Breads],,"[whole wheat flour, yeast, sucanat, sea salt, eggs, heavy cream, warm water]"
Thanksgiving-Leftovers-Party-Tips-and-a-Turkey-_-Sweet-Potato-RITZwich-1378373,Thanksgiving Leftovers Party Tips and a Turkey & Sweet Potato RITZwich,4,900.0,,,"[Ritz Crackers, sweet potatoes, roasted turkey breast, whole cranberry sauce]"
Hot-roast-beef-sandwiches-345284,Hot Roast Beef Sandwiches,5,1800.0,[Lunch and Snacks],[American],"[dinner rolls, roast beef, cheese, mayonnaise, onions, poppy seeds, mustard, horseradish mayonnaise, worcestershire sauce, dressing]"
Egg-in-a-Hole-Sandwich-with-Bacon-and-Cheddar-1380631,Egg-in-a-Hole Sandwich with Bacon and Cheddar,3,1500.0,"[Lunch and Snacks, Breakfast and Brunch]",,"[thick-cut bacon, sourdough bread, large eggs, freshly ground pepper, kosher salt, unsalted butter, cheddar cheese, hot sauce, cookies]"
The-Best-Sandwich-EVER-1332658,The Best Sandwich EVER,4,300.0,[Lunch and Snacks],,"[sourdough bread, mayonnaise, honey mustard, dill pickle slices, roasted red peppers, ham, pepper jack]"
Tune-Up-Tuna-Sandwich-600991,Tune Up Tuna Sandwich,4,1200.0,[Lunch and Snacks],,"[diced celery, Hidden Valley® Original Ranch® Dressing, green onions, albacore, sandwich bread]"
Veggie-and-Hummus-Sandwich-993558,Veggie and Hummus Sandwich,3,600.0,[Lunch and Snacks],,"[whole grain bread, hummus, cucumber, tomatoes, avocado, alfalfa sprouts, carrots]"
Saucy-Pulled-Pork-Sandwich-1183065,Saucy Pulled Pork Sandwich,3,2700.0,"[Lunch and Snacks, Main Dishes]",,"[pork tenderloin, bbq sauce, chili powder, garlic cloves, onions, black pepper, salt]"
Balsamic-Roast-Beef-French-Dip-Sandwich-969936,Balsamic Roast Beef French Dip Sandwich,4,600.0,[Lunch and Snacks],,"[roast beef, gravy, sandwich rolls]"
Slow-Cooker-Cheese-Steak-Sandwiches-1344711,Slow Cooker Cheese Steak Sandwiches,4,2100.0,[Lunch and Snacks],,"[steak, beef broth, worcestershire sauce, Burgundy wine, minced garlic, butter, onions, bell pepper, sliced mushrooms, hoagie rolls, provolone cheese, mayonnaise]"
Copycat-Subway-Meatball-Sandwich-1117790,Copycat Subway Meatball Sandwich,3,3300.0,[Lunch and Snacks],,"[ground beef, sandwich rolls, onions, butter, crushed tomatoes, diced tomatoes, beef broth, garlic, italian seasoning, cheese slices, salt, pepper]"
Easy-Meatball-Sub-Sandwiches-1092039,Easy Meatball Sub Sandwiches,4,840.0,[Lunch and Snacks],,"[sandwich buns, pasta sauce, mozzarella cheese, frozen meatballs]"
Waffle-Baker-Grilled-Cheese-Sandwich-1328937,Waffle Baker Grilled Cheese Sandwich,3,600.0,[Lunch and Snacks],,"[sandwich bread, cheddar cheese, salted butter]"
Watercress-Tea-Sandwiches-How-To-Make-Tea-Sandwiches---Tea-Sandwich-Recipes-1367064,Watercress Tea Sandwiches How To Make Tea Sandwiches - Tea Sandwich Recipes,4,600.0,,,"[watercress leaves, salt, white bread, unsalted butter]"
A-surprisingly-good-sandwich-327835,A Surprisingly Good Sandwich,3,1800.0,[Lunch and Snacks],,"[sandwich rolls, dijon, mustard, crispy bacon, pears, roasted red peppers, cheese]"
Grilled-Pepperoni-Pizza-Sandwich-1360984,Grilled Pepperoni Pizza Sandwich,4,1800.0,[Lunch and Snacks],,"[pasta sauce, Texas toast bread, pepperoni slices, cheese slices]"
Cheesesteak-Sandwiches-1113397,Cheesesteak Sandwiches,4,1800.0,[Lunch and Snacks],,"[rib eye steaks, green pepper, onions, portabello mushroom, provolone cheese, salt, pepper, sub rolls]"
Strawberry-And-Cream-Cheese-Waffle-Sandwiches-569930,Strawberry And Cream Cheese Waffle Sandwiches,4,1500.0,"[Lunch and Snacks, Breakfast and Brunch]",,"[light cream cheese, honey, sandwich bread, strawberries, low-fat granola, sunflower kernels, nonstick spray]"
Open-Faced-Avocado-_-Tomato-Egg-Sandwich-1309993,Open Faced Avocado & Tomato Egg Sandwich,4,600.0,"[Lunch and Snacks, Breakfast and Brunch]",,"[avocado, bread, tomatoes, eggs, sea salt, ground black pepper]"
Pepperoncini-Beef-Sandwiches-1315336,Pepperoncini Beef Sandwiches,4,3000.0,"[Lunch and Snacks, Main Dishes]",,"[kosher salt, ground black pepper, olive oil, beef roast, garlic, pepperoncini, italian salad dressing, crusty sandwich rolls, provolone cheese]"
Dairy-Free-Freezer-Cake-1368280,Dairy Free Freezer Cake,4,,,,"[vanilla beans, frozen desserts, cookie crumbs, full fat coconut milk, powdered sugar, pure vanilla extract]"
Cinnamon-Apple-Morning-Sandwich-1248407,Cinnamon-Apple Morning Sandwich,3,1020.0,[Lunch and Snacks],,"[cinnamon raisin bread, Philadelphia Fat Free Cream Cheese, apple slice, ground cinnamon, margarine]"
Apple-Cinnamon-Grilled-Cheese-Sandwiches-1033864,Apple-Cinnamon Grilled Cheese Sandwiches,5,1200.0,[Lunch and Snacks],,"[sandwich bread, sharp cheddar cheese, apples, ground cinnamon, sea salt, butter, maple syrup]"
Copycat-Starbucks-Egg-Salad-Sandwich-1333365,Copycat Starbucks Egg Salad Sandwich,3,1500.0,[Lunch and Snacks],,"[eggs, mayonnaise, dijon mustard, chives, pepper, salt, wheat bread, arugula]"
Avocado-Lettuce-Tomato-Sandwich-_ALT_-590427,Avocado Lettuce Tomato Sandwich (ALT),4,600.0,[Lunch and Snacks],,"[whole grain bread, avocado, lettuce, fresh tomatoes, kosher salt, mayonnaise]"
Cheesy-Meatball-Sandwiches-1231254,Cheesy Meatball Sandwiches,4,600.0,[Lunch and Snacks],,"[hamburger buns, jack cheese, cheese, mozzarella cheese, meatballs, butter]"
Pizza-Grilled-Cheese-Sandwich-1315283,Pizza Grilled Cheese Sandwich,4,900.0,[Lunch and Snacks],,"[pizza sauce, french bread, pepperoni slices, monterey jack, butter]"
Fried-Green-Tomato-Sandwich-1368167,Fried Green Tomato Sandwich,4,1500.0,[Lunch and Snacks],,"[green tomatoes, eggs, yellow corn meal, cooking oil, butter, pickled jalapenos, pepper jack, tomatoes, sourdough bread]"
Pear_-Honey_-Cheese-and-Caramelized-Onion-Sandwiches-1328100,"Pear, Honey, Cheese and Caramelized Onion Sandwiches",4,900.0,[Lunch and Snacks],,"[bread, goat cheese, arugula, onions, bartlett pears, honey, butter]"
Steak-Sandwich-1199946,Steak Sandwich,4,1800.0,[Lunch and Snacks],,"[sirloin steak, yellow onion, havarti cheese, parmesan cheese, butter, garlic, dill, baguette, oil]"
Hot-Ham-And-Cheese-Sandwiches-1322936,Hot Ham And Cheese Sandwiches,4,2100.0,[Lunch and Snacks],,"[hawaiian rolls, sliced ham, swiss cheese, stone ground mustard, poppy seeds, melted butter, worcestershire sauce]"
Goetta-Breakfast-Sandwich-1373711,Goetta Breakfast Sandwich,4,3600.0,[Breakfast and Brunch],,"[refrigerated buttermilk biscuits, hash brown, eggs, salt, black pepper, butter, corn starch, asiago, breakfast sausages]"
Cucumber-Sandwich-678555,Cucumber Sandwich,3,900.0,[Lunch and Snacks],,"[crust, mayonnaise, cucumber, butter, salt, pepper]"
Apple-Peanut-Butter-Sandwich-1358826,Apple Peanut Butter Sandwich,4,240.0,[Lunch and Snacks],,"[apples, peanut butter, bread slices]"
VIP-Club-Sandwich-518536,VIP Club Sandwich,4,1800.0,[Lunch and Snacks],[American],"[sandwich bread, bacon, chicken cutlets, tomatoes, mayonnaise, lettuce, cheese, virginia ham]"
Balsamic-Chicken-Salad-Sandwiches-1375231,Balsamic Chicken Salad Sandwiches,4,600.0,[Lunch and Snacks],,"[grilled chicken breasts, granny smith apples, dried cranberries, feta cheese crumbles, honey, purple onion, mayonnaise, Balsamico Bianco, sugar, kosher salt, cracked black pepper, rolls]"
Breakfast-Sandwiches-To-Go-1302014,Breakfast Sandwiches To-Go,4,2100.0,[Breakfast and Brunch],,"[English muffins, large eggs, cooking spray, cheddar cheese, bacon, sausages, ham, canadian bacon, baby spinach]"
Braised-BBQ-Beef-Sandwich-Simply-Recipes-42600,Braised BBQ Beef Sandwich,5,3900.0,"[Lunch and Snacks, Main Dishes]",,"[chuck roast, onions, olive oil, tomatoes, barbecue sauce, ground black pepper, salt, sandwich buns]"
Pulled-Buffalo-Chicken-Sandwiches-644052,Pulled Buffalo Chicken Sandwiches,4,600.0,[Lunch and Snacks],,"[diced chicken, Frank's® RedHot® Original Cayenne Pepper Sauce, butter, ranch dressing, sandwich buns]"
Mediterranean-Breakfast-Sandwiches-962521,Mediterranean Breakfast Sandwiches,3,1500.0,[Breakfast and Brunch],[Mediterranean],"[sandwich thins, olive oil, fresh rosemary, eggs, baby spinach leaves, tomatoes, feta cheese, kosher salt, ground black pepper]"
The-BLT-Club-Sandwich-1207184,The BLT Club Sandwich,4,1800.0,[Lunch and Snacks],,"[bacon, bread, tomatoes, turkey, cheese, lettuce, purple onion, mayonnaise, butter]"
Shrimp-Sandwich-with-Cilantro-Lime-Slaw-1356090,Shrimp Sandwich with Cilantro Lime Slaw,4,1320.0,[Lunch and Snacks],,"[hoagie rolls, shrimp, shredded cabbage, chopped cilantro, lime, canola oil]"
Buffalo-Chicken-Grilled-Cheese-Sandwich-Closet-Cooking-54891,Buffalo Chicken Grilled Cheese Sandwich,5,1200.0,[Lunch and Snacks],,"[chicken, hot sauce, mayonnaise, carrots, celery, green onions, blue cheese, cheddar cheese, bread, butter]"
Bama-Steak-and-Cheese-Sandwiches-471368,Bama Steak and Cheese Sandwiches,5,1800.0,[Lunch and Snacks],,"[roast beef deli meat, cheese, margarine, onions, bell pepper, sauce, deli rolls]"
Bacon-Grilled-Cheese-Sandwich-456069,Bacon Grilled Cheese Sandwich,5,1500.0,[Lunch and Snacks],,"[country white bread, olive oil, low-fat cheddar cheese, bacon slices, low fat monterey jack cheese]"
French-Dip-Sandwich-1349456,French Dip Sandwich,4,4200.0,[Lunch and Snacks],,"[boneless beef roast, soy sauce, beef stock cubes, bay leaf, black peppercorns, dried rosemary, dried thyme, garlic powder, french bread, provolone cheese]"
Pretzel-Bun-Breakfast-Sandwich-1315475,Pretzel Bun Breakfast Sandwich,4,1800.0,"[Lunch and Snacks, Breakfast and Brunch]",,"[bacon, eggs, pretzel hamburger buns, sharp cheddar cheese]"
Simple-greek-avocado-sandwich-344622,Simple Greek Avocado Sandwich,5,600.0,[Lunch and Snacks],,"[whole wheat bread, avocado, pesto, red bell pepper, cucumber, purple onion, pitted kalamata olives, spring mix, balsamic reduction, balsamic vinegar]"
Cornbread-Pan-Sandwiches-471133,Cornbread Pan Sandwiches,5,3000.0,[Lunch and Snacks],,"[corn mix muffin, american cheese slices, luncheon meat, onions, spicy brown mustard]"
Fruity-Pebble-Marshmallow-Treat-Ice-Cream-Sandwich-1374565,Fruity Pebble Marshmallow Treat Ice Cream Sandwich,3,28800.0,[Desserts],,"[ice cream, butter, mini marshmallows, cereal, cookies, marshmallows, vanilla bean ice cream, mint chocolate chip ice cream, peanut butter cookies]"
Benedictine-Sandwiches-1112123,Benedictine Sandwiches,3,1500.0,[Lunch and Snacks],,"[cucumber, yellow onion, cream cheese, salt, sandwich bread]"
Shredded-Short-Rib-Sandwich-1378884,Shredded Short Rib Sandwich,4,10680.0,"[Lunch and Snacks, Main Dishes]",,"[beef rib short, freshly ground black pepper, kosher salt, all-purpose flour, canola oil, yellow onion, chopped celery, minced garlic, cajun seasoning, hot sauce, red wine, beef stock, butter, sourdough bread, pepper jack, microgreens]"
Grilled-Brie-and-Pear-Sandwiches-1238581,Grilled Brie and Pear Sandwiches,4,1200.0,[Lunch and Snacks],,"[light butter, wheat bread, brie cheese, arugula, pears, honey]"
The-Perfect-Grilled-Cheese-Sandwich-Closet-Cooking-198403,The Perfect Grilled Cheese Sandwich,5,1200.0,[Lunch and Snacks],,"[butter, bread, cheese]"
Choc-Chip-S_more-Cookie-Sandwich-1369212,Choc Chip S'more Cookie Sandwich,4,1680.0,"[Desserts, Lunch and Snacks]",,"[butter, brown sugar, caster sugar, eggs, vanilla extract, plain flour, baking powder, baking soda, chocolate chips, sea salt, marshmallows, dark chocolate]"
Cucumber-Sandwiches-1290812,Cucumber Sandwiches,3,3000.0,[Lunch and Snacks],,"[butter, bread, vegetables, cucumber, salt, herb vinegar, fresh tarragon, fresh chervil, wheat]"
Melted-Cheese-Sandwiches-1370840,Melted Cheese Sandwiches,4,1800.0,[Lunch and Snacks],,"[ciabatta loaf, basil pesto sauce, heirloom tomatoes, balsamic vinegar, freshly ground black pepper, kosher salt, fontina cheese, fresh basil leaves, grated parmesan cheese, toasted pine nuts, garlic cloves, extra-virgin olive oil]"
Nuevo-Cubano-Sandwiches-499465,Nuevo Cubano Sandwiches,4,1200.0,[Lunch and Snacks],,"[chopped cilantro fresh, fresh lime juice, chili powder, garlic cloves, black beans, ham, provolone cheese, mango, wheat bread]"
Cajun-Turkey-Sandwiches-1275607,Cajun Turkey Sandwiches,3,3300.0,[Lunch and Snacks],,"[garlic powder, seasoning salt, smoked paprika, dried oregano, ground black pepper, onion powder, cayenne pepper, cutlet, butter, olive oil, sandwich bread]"
Turkey-Club-Sandwiches-with-Herb-Mayonnaise-1104941,Turkey Club Sandwiches with Herb Mayonnaise,3,900.0,[Lunch and Snacks],,"[reduced fat mayonnaise, basil leaves, fresh parsley, chopped fresh thyme, salt, pepper, white sandwich bread, turkey breast, tomatoes, bacon, romaine lettuce leaves]"
Butternut-Squash-and-Balsamic-Onion-Sandwich-1368793,Butternut Squash and Balsamic Onion Sandwich,4,3000.0,[Lunch and Snacks],,"[butternut squash, olive oil, salt, pepper, purple onion, balsamic vinegar, whole wheat bread, smoked gouda]"
Grilled-Summer-Squash-and-Brie-Sandwiches-1379576,Grilled Summer Squash and Brie Sandwiches,3,1800.0,[Lunch and Snacks],[Barbecue],"[zucchini, extra-virgin olive oil, coarse sea salt, freshly ground black pepper, country bread, large garlic cloves, brie cheese, large tomato, radishes]"
Thanksgiving-Leftovers-Sandwich-1361491,Thanksgiving Leftovers Sandwich,3,300.0,[Lunch and Snacks],,"[whole grain bread, turkey, stuffing, sweet potatoes]"
Bbq-sandwiches_-368649,BBQ Sandwiches!,4,3300.0,"[Lunch and Snacks, Main Dishes]",,"[beef brisket, liquid smoke, salt, paprika, garlic powder, dry mustard, sandwich rolls, bbq sauce, vegetable oil, onions, minced garlic, cumin, cayenne pepper, ketchup, malt vinegar, soy sauce, dark brown sugar, worcestershire sauce]"
Microwave-Egg-and-Vegetable-Breakfast-Sandwich-551204,Microwave Egg and Vegetable Breakfast Sandwich,4,900.0,[Breakfast and Brunch],,"[everything bagels, egg whites, fresh spinach, herbs, tomatoes, avocado, kosher salt, Cholula Hot Sauce]"
Sausage-Pepper-Sandwiches-TasteOfHome,Sausage Pepper Sandwiches,4,22500.0,[Lunch and Snacks],,"[sausage links, green pepper, onions, tomato sauce, pepper, sandwich buns]"
Grilled-Pineapple-Pork-Sandwiches-622946,Grilled Pineapple Pork Sandwiches,3,2700.0,"[Lunch and Snacks, Main Dishes]",,"[pork shoulder butt, minced garlic, purple onion, red bell pepper, jalapeno chilies, pineapple juice, soy sauce, sandwich buns, pineapple, fresh cilantro]"
Club-Sandwiches-1198172,Club Sandwiches,4,1500.0,[Lunch and Snacks],,"[bread, turkey breast deli meat, deli ham, colby jack cheese, cooked bacon, tomatoes, romaine lettuce, mayonnaise, mustard]"
Grilled-Caprese-Sandwich-1078035,Grilled Caprese Sandwich,4,600.0,[Lunch and Snacks],,"[bread, fresh mozzarella, tomatoes, basil pesto sauce, butter, salt, pepper]"
Creamy-Avocado-Tuna-Sandwich-1048133,Creamy Avocado Tuna Sandwich,4,600.0,[Lunch and Snacks],,"[canned tuna, avocado, lemon, parsley, lettuce leaves, salt, olive oil]"
Chicken-Parmesan-Sandwiches-My-Recipes,Chicken Parmesan Sandwiches,4,2100.0,"[Lunch and Snacks, Main Dishes]",[Italian],"[large egg whites, seasoned bread crumbs, grated parmesan cheese, chicken breast tenders, unsalted butter, sandwich rolls, tomatoes, provolone cheese]"
Philly-Cheese-_-Veggie-Sandwich-1000951,Philly Cheese & Veggie Sandwich,4,1800.0,[Lunch and Snacks],,"[olive oil, portabello mushroom, vidalia onion, green bell pepper, red bell pepper, black pepper, sea salt, provolone cheese, rolls]"
A-Very-Gouda-Grilled-Cheese-1374243,A Very Gouda Grilled Cheese,4,660.0,[Lunch and Snacks],,"[bread, jam, gouda, prosciutto, apples, arugula, butter]"
Copycat-Starbucks-Egg-Sandwich-1221107,Copycat Starbucks Egg Sandwich,3,600.0,"[Lunch and Snacks, Breakfast and Brunch]",,"[unsalted butter, English muffins, ham, large eggs, salt, ground black pepper, cheddar cheese]"
Chicken-Salad-Sandwich-with-Cranberries_-Apples_-and-Pecans-1337712,"Chicken Salad Sandwich with Cranberries, Apples, and Pecans",4,900.0,[Lunch and Snacks],,"[mayonnaise, plain greek yogurt, dijon mustard, dried cranberries, chopped pecans, granny smith apples, chicken breasts, pepper, salt, baby spinach leaves, croissants]"
Roasted-Strawberry_-Dark-Chocolate_-and-Brie-Grilled-Cheese-Sandwich-1357153,"Roasted Strawberry, Dark Chocolate, and Brie Grilled Cheese Sandwich",4,3300.0,[Lunch and Snacks],,"[maple syrup, extra-virgin olive oil, fine sea salt, strawberries, port wine, salted butter, bread, brie cheese, dark chocolate]"
Low-Carb-Sub-Sandwiches-1201101,Low Carb Sub Sandwiches,3,1200.0,[Lunch and Snacks],,"[romaine lettuce leaves, roast beef, swiss cheese, mayonnaise, black pepper]"
Feta-Basil-Sandwich-1260572,Feta Basil Sandwich,4,300.0,[Lunch and Snacks],,"[feta cheese crumbles, fresh basil, black olives, fat-free mayonnaise, ground black pepper, white bread, tomatoes]"
Prosciutto_-arugula-and-balsamic-sandwich-352500,"Prosciutto, Arugula and Balsamic Sandwich",5,,,,"[french bread, arugula, prosciutto, balsamic vinegar, extra-virgin olive oil, pepper]"
Rachel-Sandwich-_aka-Roast-Turkey-Reuben-Sandwich_-Closet-Cooking-54980,The Rachel Sandwich (aka Roast Turkey Reuben Sandwich),5,900.0,"[Lunch and Snacks, Main Dishes]",,"[butter, rye, swiss cheese, turkey, coleslaw, dress russian]"
The-perfect-fall-sandwich-308955,The perfect Fall sandwich,5,900.0,[Lunch and Snacks],,"[baguette, apple butter, honey glazed ham, gruyere cheese, arugula, mustard]"
California-Grilled-Veggie-Sandwich-1368156,California Grilled Veggie Sandwich,4,2100.0,[Lunch and Snacks],[Barbecue],"[mayonnaise, garlic, lemon juice, olive oil, red bell pepper, feta cheese crumbles, bread, yellow squash, purple onion, zucchini]"
Egg-salad-sandwich-_the-only-one-i_ll-eat_-308994,Egg Salad Sandwich (the only one I'll eat),5,2400.0,[Lunch and Snacks],,"[large eggs, mayonnaise, salt, pepper, lemon juice, celery, chives, lettuce, whole grain bread]"
Cucumber-Sandwiches-1005677,Cucumber Sandwiches,4,600.0,[Lunch and Snacks],,"[cream cheese, italian salad dressing, sandwich bread]"
Parmesan-Pesto-Veggie-Sandwich-499189,Parmesan Pesto Veggie Sandwich,4,1200.0,[Lunch and Snacks],,"[rolls, zucchini, summer squash, tomatoes, parmesan cheese, pesto]"
_McDonald_s-McRib-Sandwich_-1289133,"""McDonald's McRib Sandwich""",3,1500.0,[Lunch and Snacks],,"[pork, sandwich- bun, barbecue sauce, white onion, dill pickles]"
California-Ranch-Club-Sandwich-1262131,California Ranch Club Sandwich,4,900.0,[Lunch and Snacks],,"[sandwich thins, ranch dressing, baby spinach leaves, sliced turkey, large tomato, monterey jack, cooked bacon, avocado]"
Slow-Cooker-French-Dip-Sandwiches-_Gluten-free_-1353388,Slow Cooker French Dip Sandwiches {Gluten-free},4,2700.0,[Lunch and Snacks],,"[boneless beef roast, gluten free soy sauce, beef bouillon, garlic powder, water, french rolls, cheese]"
Pancake-Breakfast-Sandwiches-1327577,Pancake Breakfast Sandwiches,4,1500.0,[Breakfast and Brunch],,"[Bisquick Baking Mix, milk, eggs, sliced ham, swiss cheese, maple syrup, jam]"
Banana-bliss-breakfast-sandwiches-297581,Banana Bliss Breakfast Sandwiches,4,900.0,"[Breakfast and Brunch, Lunch and Snacks]",,"[I Can't Believe It's Not Butter!® Spread, brown dark firmli pack sugar, ground cinnamon, whole grain bread, bananas]"
Mozzarella-Cheese-Dream-Sandwich-441840,Mozzarella Cheese Dream Sandwich,5,1200.0,[Lunch and Snacks],,"[olive oil, fresh mozzarella, sourdough bread, aleppo pepper]"
Turkey-Melt-Martha-Stewart,Turkey Melt Sandwich,4,1500.0,[Lunch and Snacks],,"[mashed potatoes, cheddar cheese, sliced turkey, whole wheat sandwich bread, butter]"
Ricotta-and-Honey-Sandwich-442072,Ricotta and Honey Sandwich,5,900.0,[Lunch and Snacks],,"[bread, ricotta cheese, honey, crushed red pepper flakes]"
Pressed-Mozzarella-Sandwiches-Martha-Stewart,Pressed Mozzarella Sandwiches,4,1800.0,[Lunch and Snacks],,"[sandwich bread, olive oil, fresh mozzarella, coarse salt, ground pepper, pesto, tapenade, roasted red peppers]"
Triple-Decker-California-Club-Sandwich-1325085,Triple Decker California Club Sandwich,4,600.0,[Lunch and Snacks],,"[Texas toast bread, mayonnaise, cooked bacon, lettuce leaves, medium tomatoes, sliced turkey, Haas avocados]"
Crock-Pot-Coca-Cola-Pulled-Pork-Sandwiches-1237696,Crock Pot Coca-Cola Pulled Pork Sandwiches,4,29700.0,"[Lunch and Snacks, Main Dishes]",,"[blade roast, salt, pepper, onions, diced green chilies, coca-cola, Sriracha, sandwich buns]"
Funfetti-Sandwich-Cookies-1368101,Funfetti Sandwich Cookies,4,1800.0,[Desserts],,"[cake mix, egg whites, oil, sprinkles, buttercream frosting]"
Perfect-BLT-Sandwich-528643,Perfect BLT Sandwich,3,900.0,[Lunch and Snacks],,"[white sandwich bread, unsalted butter, romaine lettuce, vine ripened tomatoes, basil leaves, bacon, mayonnaise, freshly ground pepper, coarse salt]"
Arepas----Cuban-Corn-_Pancake_-Sandwiches-1324284,"Arepas -- Cuban Corn ""Pancake"" Sandwiches",4,1500.0,,,"[milk, butter, frozen corn kernels, arepa flour, salt, sugar, mozzarella cheese, water, swiss cheese]"
Cordon-Bleu-Turkey-Sliders-1368584,Cordon Bleu Turkey Sliders,4,1800.0,[Lunch and Snacks],,"[slider buns, swiss cheese, smoked turkey breast, black forest ham, purple onion, mustard, sour cream, mayonnaise, salt]"
Fried-Egg-Grilled-Cheese-Sandwich-1079253,Fried Egg Grilled Cheese Sandwich,4,2100.0,"[Lunch and Snacks, Breakfast and Brunch]",,"[sourdough bread, spinach, bacon, monterey jack, butter]"
Cranberry-Basil-Turkey-Sandwich-1258995,Cranberry Basil Turkey Sandwich,4,300.0,[Lunch and Snacks],,"[crusty bread, cranberry sauce, mayonnaise, turkey breast, baby spinach, basil leaves, cracked black pepper]"
Cuban-Sandwich-_Cubano_-1253945,Cuban Sandwich (Cubano),4,600.0,[Lunch and Snacks],[Cuban],"[bread, butter, ham, pork, swiss cheese, dill pickles]"
Avocado-Chickpea-Salad-Sandwiches-1225584,Avocado Chickpea Salad Sandwiches,4,900.0,[Lunch and Snacks],,"[chickpeas, avocado, nonfat plain greek yogurt, fresh lime juice, green onions, cilantro, salt, pepper, whole wheat bread]"
Chicken-tuscan-sandwich-297995,Chicken Tuscan Sandwich,4,600.0,"[Lunch and Snacks, Main Dishes]",[Italian],"[hellmann' or best food light mayonnais, bread, green leaf lettuce, cooked chicken, tomatoes, cheese, purple onion]"
Slow-Cooker-Cowboy-Beef-and-BBQ-Bean-Sandwiches-1351673,Slow-Cooker Cowboy Beef and BBQ Bean Sandwiches,3,36600.0,"[Lunch and Snacks, Main Dishes]",,"[onions, beef, baked beans, barbecue sauce, chili, kaiser rolls, prepared coleslaw]"
Grilled-Cheese-Sandwich-Allrecipes,Grilled Cheese Sandwich,5,1200.0,[Lunch and Snacks],[American],"[white bread, butter, cheddar cheese]"
Sandwich-on-a-stick-297692,Sandwich On A Stick,4,900.0,[Lunch and Snacks],,"[whole grain bread, cooked turkey, low-fat cheddar cheese, cherry tomatoes, cucumber, torn romain lettuc leav, wish bone ranch dress]"
The-Nicest-Egg-Salad-Sandwich-1353019,The Nicest Egg Salad Sandwich,4,900.0,[Lunch and Snacks],,"[bread, hard-boiled egg, dessert, English mustard, spring onions, lettuce leaves, cracked black pepper]"
Campfire-Sandwich-1282233,Campfire Sandwich,4,2700.0,[Lunch and Snacks],,"[roast beef, cheese, rolls]"
White-Bean-and-Avocado-Sandwich-554835,White Bean and Avocado Sandwich,4,900.0,[Lunch and Snacks],,"[white beans, lemon, salt, pepper, sandwich bread, avocado, sandwiches, alfalfa sprouts]"
Grilled-cheese-sandwich_-Bama-style_-471499,"Grilled cheese sandwich, Bama style!",5,1500.0,[Lunch and Snacks],,"[bacon, eggs, cheese, wheat bread, mayonnaise]"
Italian-combo-sandwich-296592,Italian Combo Sandwich,4,600.0,[Lunch and Snacks],[Italian],"[turkey breast deli meat, bacon, crisp-cooked and crumbled, shredded Monterey Jack cheese, avocado, whole grain bread, hellmann' or best food light mayonnais, arugula]"
Buffalo-club-sandwiches-348440,Buffalo Club Sandwiches,3,2100.0,[Lunch and Snacks],,"[bacon, crème fraîche, crumbled blue cheese, garlic, dijon mustard, flat leaf parsley, chives, extra-virgin olive oil, turkey breast cutlets, salt, pepper, butter, hot pepper sauce, sandwich bread, green leaf lettuce, tomatoes, carrot sticks]"
Grilled-Cuban-Sandwiches-My-Recipes_1,Grilled Cuban Sandwiches,3,1500.0,[Lunch and Snacks],[Cuban],"[dijon mustard, french bread, reduced fat swiss cheese, sliced ham, sandwiches, cooking spray]"
Reuben-Sandwich-471209,Reuben Sandwich,5,900.0,[Lunch and Snacks],,"[sauerkraut, corned beef, swiss cheese, rye bread, ketchup, mayonnaise]"
Gluten-Free-Egg-Salad-Sandwiches-1334787,Gluten Free Egg Salad Sandwiches,4,1200.0,[Lunch and Snacks],,"[eggs, mayonnaise, salt, pepper]"
Italian-Turkey-Sandwich-with-Marinated-Zucchini-and-Onion-1365214,Italian Turkey Sandwich with Marinated Zucchini and Onion,4,2100.0,[Lunch and Snacks],,"[medium zucchini, onions, italian salad dressing, red bell pepper, turkey, sub rolls, provolone cheese, basil leaves, olive oil, butter]"
Egg-White-and-Avocado-Breakfast-Sandwich-1328287,Egg White and Avocado Breakfast Sandwich,4,600.0,"[Lunch and Snacks, Breakfast and Brunch]",,"[bread, egg whites, avocado, pepper jack, salt, pepper]"
Hundreds-and-Thousands-Sandwich-441808,Hundreds and Thousands Sandwich,5,900.0,[Lunch and Snacks],,"[white bread, butter, rainbow sprinkles]"
Cauliflower-Crusted-Grilled-Cheese-Sandwiches-1283422,Cauliflower Crusted Grilled Cheese Sandwiches,4,1800.0,[Lunch and Snacks],,"[cauliflower, large eggs, shredded parmesan cheese, italian seasoning, white cheddar cheese]"
Toasted-Turkey-Cranberry-Arugula-Sandwich-Simply-Recipes-43079,Toasted Turkey Cranberry Arugula Sandwich,5,900.0,[Lunch and Snacks],,"[bread, mayonnaise, dijon mustard, turkey breast, cranberry sauce, rocket leaves]"
Roasted-tomato-and-egg-grilled-cheese-sandwich-302256,Roasted Tomato and Egg Grilled Cheese Sandwich,5,3900.0,[Lunch and Snacks],,"[roma tomatoes, olive oil, salt, garlic, basil leaves, eggs, mozzarella cheese, bread]"
Classic-Egg-Salad-Sandwiches-1123239,Classic Egg Salad Sandwiches,4,1500.0,[Lunch and Snacks],,"[large eggs, mayonnaise, dijon mustard, pepper, salt, croissants]"
Dutch-Style-Chocolate-Sprinkle-Sandwiches-1353904,Dutch Style Chocolate Sprinkle Sandwiches,4,300.0,[Lunch and Snacks],,"[bread, butter, chocolate sprinkles]"
Toasted-Breakfast-Sandwich-460914,Toasted Breakfast Sandwich,5,1200.0,[Breakfast and Brunch],,"[country style bread, unsalted butter, shredded cheddar cheese, vegetable oil, eggs, kosher salt, freshly ground pepper, bacon slices, arugula]"
Schnitzel-Sandwich-1329936,Schnitzel Sandwich,4,1800.0,[Lunch and Snacks],,"[pork loin, all-purpose flour, bread crumbs, eggs, water, tomatoes, bibb lettuce]"
_Leftover_-Pot-Roast-_-Cheddar-Grilled-Cheese-Sandwich-1350091,{Leftover} Pot Roast + Cheddar Grilled Cheese Sandwich,4,1650.0,[Lunch and Snacks],,"[yellow onion, kosher salt, butter, whole grain bread, white cheddar cheese, pot roast]"
Cucumber-Sandwiches-1052905,Cucumber Sandwiches,4,900.0,[Lunch and Snacks],,"[bread, cream cheese, ranch dressing, cucumber, dried dill]"
Turkey-Avocado-Sandwich-1292614,Turkey Avocado Sandwich,4,900.0,[Lunch and Snacks],,"[whole wheat bread, turkey, avocado, balsamic vinegar]"
Egg-Salad-Sandwich-1011747,Egg Salad Sandwich,4,1500.0,[Lunch and Snacks],,"[hard-boiled egg, relish, mayonnaise, dijon mustard, rosemary, green onions, ground pepper]"
Crab-Sandwich-Martha-Stewart-193881,Crab Sandwich,3,600.0,[Lunch and Snacks],[American],"[mayonnaise, lemon juice, crab meat, ground black pepper, coarse salt, brioche, Boston lettuce, plum tomatoes]"
Cucumber-Sandwiches-1251354,Cucumber Sandwiches,4,1200.0,[Lunch and Snacks],,"[cream cheese, mayonnaise, italian seasoning, seedless cucumber, bread, dill weed]"
Frozen-Chocolate-Cookie-Sandwiches-1368817,Frozen Chocolate Cookie Sandwiches,4,2100.0,[Desserts],,"[chocolate chips, coconut oil, gluten free blend, baking powder, salt, large eggs, brown sugar, vanilla]"
Provencal-Tuna-Sandwich-898896,Provençal Tuna Sandwich,3,900.0,[Lunch and Snacks],,"[tuna, artichoke hearts, Niçoise olives, olive oil, paprika, kosher salt, sandwich rolls, hard-boiled egg, pepper, lettuce]"
Cuban-Sandwiches-Martha-Stewart-196177,Cuban Sandwiches,5,2100.0,[Lunch and Snacks],[Cuban],"[baguette, pork roast, mustard, mayonnaise, ham, swiss cheese, pickle spears]"
Easy-Slow-Cooked-Roast-Beef-Sandwiches-1336801,Easy Slow-Cooked Roast Beef Sandwiches,3,25800.0,"[Lunch and Snacks, Main Dishes]",,"[beef roast, worcestershire sauce, soy sauce, onion soup mix, cheddar cheese, sandwich buns, romaine lettuce leaves]"
Chocolate-Chip-Ice-Cream-Sandwiches-1358246,Chocolate Chip Ice Cream Sandwiches,4,3600.0,[Desserts],,"[butter, sugar, eggs, coffee creamer, buttermilk, all-purpose flour, chocolate chips]"
Chopped-Steak-Grilled-Cheese-Sandwich-556652,Chopped Steak Grilled Cheese Sandwich,4,1800.0,[Lunch and Snacks],,"[leftover steak, white bread, butter, sharp cheddar cheese]"
Easy-warm-dinner-sandwich-299860,Easy Warm Dinner Sandwich,4,2100.0,[Lunch and Snacks],,"[bread, hellmann' or best food real mayonnais, American cheese, cooked ham, tomatoes, Wish-Bone Balsamic Italian Vinaigrette Dressing]"
Fontina-_-blackberry-basil-smash-grilled-cheese-sandwiches-333362,Fontina + Blackberry Basil Smash Grilled Cheese Sandwiches,5,1200.0,[Lunch and Snacks],,"[multigrain bread, blackberries, fresh basil leaves, fontina cheese, olive oil]"
Reuben-Sandwich-512559,Reuben Sandwich,5,,[Lunch and Snacks],[American],"[rye bread, thousand island dressing, pastrami, swiss cheese, sauerkraut, butter]"
Pinwheel-Sandwiches-with-rocket-and-ham-1361550,Pinwheel Sandwiches with rocket and ham,4,900.0,[Lunch and Snacks],,"[bread, cheese, rocket leaves, parma ham]"
NYC-Deli-Breakfast-Sandwich---Low-Carb_-Gluten-Free_-Ketogenic-1348430,"NYC Deli Breakfast Sandwich - Low Carb, Gluten Free, Ketogenic",4,1500.0,[Breakfast and Brunch],,"[buns, cheddar cheese, eggs, bacon, butter, salt, pepper]"
Homemade-Freezer-Breakfast-Sandwiches-990142,Homemade Freezer Breakfast Sandwiches,4,1500.0,[Breakfast and Brunch],,"[large eggs, English muffins, sliced ham, cheese]"
Chic-Club-Sandwich-with-Smoked-Salmon-and-Avocado-1053672,Chic Club Sandwich with Smoked Salmon and Avocado,4,900.0,[Lunch and Snacks],,"[bread, olive oil, fresh chevre, smoked salmon, avocado, sprouts]"
Smashed-Chickpea-Avocado-Salad-Sandwich-with-Cranberries-_-Lemon-1327441,Smashed Chickpea Avocado Salad Sandwich with Cranberries + Lemon,4,300.0,"[Lunch and Snacks, Salads]",,"[chickpeas, avocado, lemon juice, dried cranberries, pepper, salt, whole grain bread, arugula, spinach, purple onion]"
Medianoche-Sandwich-1257415,Medianoche Sandwich,4,600.0,[Lunch and Snacks],,"[bread, butter, ham, pork, swiss cheese, dill pickles]"
Reuben-Sandwiches-997222,Reuben Sandwiches,3,2400.0,[Lunch and Snacks],,"[thousand island dressing, rye bread, swiss cheese, sauerkraut, corned beef, butter]"
Dutch-Style-Ham-And-Cheese-Toasted-Sandwich-1353917,Dutch Style Ham And Cheese Toasted Sandwich,4,600.0,[Lunch and Snacks],,"[tiger bread, butter, Edam, wafer, dijon mustard, cornichons]"
Grilled-Cheese-Sandwich-With-Garlic-Confit-And-Baby-Arugula-1019724,Grilled Cheese Sandwich With Garlic Confit And Baby Arugula,5,1800.0,[Lunch and Snacks],,"[country rye bread, olive oil, aged cheddar cheese, baby arugula, sea salt, ground black pepper, clove]"
Satisfying-Grilled-Chicken-Sandwich-1183063,Satisfying Grilled Chicken Sandwich,3,900.0,[Lunch and Snacks],,"[sandwich buns, chicken breasts, shredded lettuce, cherry tomatoes, balsamic vinegar]"
California-Sandwich-574151,California Sandwich,5,1200.0,[Lunch and Snacks],,"[buttermilk, sour cream, mayonnaise, chives, chopped parsley, garlic powder, onion powder, kosher salt, ground black pepper, sandwich bread, monterey jack, alfalfa sprouts, avocado, tomatoes]"
The-Pilgrim-Sandwich-1336427,The Pilgrim Sandwich,4,900.0,[Lunch and Snacks],,"[bread, turkey breast, dressing, cranberry sauce, gravy]"
Thanksgiving-Turkey_-Cranberry-_-Brie-Biscuit-Sandwiches-1366733,"Thanksgiving Turkey, Cranberry & Brie Biscuit Sandwiches",4,900.0,[Lunch and Snacks],,"[biscuits, roast turkey, cranberry sauce, brie cheese, gravy]"
Bacon_-Egg_-and-Smoked-Gouda-Sandwich-1335249,"Bacon, Egg, and Smoked Gouda Sandwich",4,1500.0,"[Lunch and Snacks, Breakfast and Brunch]",,"[English muffins, butter, smoked gouda, cooked bacon, eggs, watercress]"
Pear-Honey-Sandwiches-1304450,Pear Honey Sandwiches,4,900.0,[Lunch and Snacks],,"[Philadelphia Cream Cheese, cinnamon raisin bread, chop fine pecan, pears, alfalfa sprouts, honey]"
Achiote-Grilled-Fish-Sandwich-with-California-Avocado-and-Roasted-Pineapple-Jalapeno-Spread-1370082,Achiote Grilled Fish Sandwich with California Avocado and Roasted Pineapple-Jalapeño Spread,3,3600.0,[Lunch and Snacks],[Barbecue],"[achiote paste, orange, cumin, oregano, salt, black pepper, filet, canola oil, sandwich rolls, green cabbage, lime, cilantro leaves, mayonnaise, california avocado, jalapeno chilies, pineapple, olive oil]"
Tea-Sandwiches-460649,Tea Sandwiches,5,2100.0,[Lunch and Snacks],,"[sandwich bread, cream cheese, horseradish, freshly ground pepper, salt, smoked salmon, fresh lemon juice, red wine vinegar, extra-virgin olive oil, cucumber, radishes, unsalted butter, fresh chives, boneless skinless chicken breast halves, mayonnaise, celery ribs, green onions]"
Tlt-sandwich-308816,TLT Sandwich,5,3900.0,[Lunch and Snacks],,"[olive oil, sauce, balsamic vinegar, brown sugar, chipotle peppers, adobo sauce, tempeh, cherry tomatoes, salt, romaine lettuce, avocado, whole grain bread]"
Cowboy-Breakfast-Sandwiches-1344718,Cowboy Breakfast Sandwiches,4,1200.0,[Breakfast and Brunch],,"[breakfast sausage patty, eggs, half & half, salt, butter, garlic butter, Texas toast bread, american cheese slices, unsalted butter, garlic]"
Ham-and-Egg-Grilled-Cheese-Sandwich-1256356,Ham and Egg Grilled Cheese Sandwich,4,2400.0,[Lunch and Snacks],,"[butter, bread, eggs, ham, pepper jack, salt, pepper]"
Saturday-Morning-Breakfast-Sandwich-1059528,Saturday Morning Breakfast Sandwich,4,600.0,[Breakfast and Brunch],,"[bread, vegan mayonnaise, spinach, tomatoes, cucumber, avocado]"
Crisp-Grilled-Cheese-Sandwich-Serious-Eats-200330,Crisp Grilled Cheese Sandwich,5,1200.0,[Lunch and Snacks],,"[Texas toast bread, unsalted butter, grated parmesan cheese, sharp cheddar cheese]"
Slow-cooked-pulled-pork-sandwiches-347494,Slow-Cooked Pulled Pork Sandwiches,5,29700.0,"[Lunch and Snacks, Main Dishes]",,"[vegetable oil, boneless pork shoulder roast, Campbell's Condensed French Onion Soup, ketchup, cider vinegar, brown sugar, sandwich rolls]"
Breakfast-Sandwich-Martha-Stewart,Breakfast Sandwich,4,600.0,"[Lunch and Snacks, Breakfast and Brunch]",,"[whole wheat english muffins, butter, canadian bacon, swiss cheese, tomatoes, coarse salt, ground pepper]"
Ice-cream-sandwich-dessert-369889,Ice Cream Sandwich Dessert,4,1500.0,[Desserts],,"[sandwiches, frozen whipped topping, hot fudge topping, salted peanuts]"
Copycat-Panera-Mediterranean-Breakfast-Sandwich-1328916,Copycat Panera Mediterranean Breakfast Sandwich,4,600.0,[Breakfast and Brunch],,"[ciabatta, egg whites, cracked black pepper, tomatoes, prepar pesto, white cheddar cheese, baby spinach]"
Killer-Club-Sandwich-628513,Killer Club Sandwich,3,1200.0,[Lunch and Snacks],,"[sandwich bread, mayonnaise, basil pesto sauce, sundried tomato pesto, bacon, ham, turkey, avocado, cheese, romaine lettuce]"
Turkey-finger-sandwiches-303501,Turkey Finger Sandwiches,4,600.0,[Lunch and Snacks],,"[whole grain bread, hellmannâ€™ or best food canola cholesterol free mayonnais, tomatoes, turkey breast deli meat, low-fat cheddar cheese, torn romain lettuc leav]"
Katsu-Sando-_Japanese-Pork-Cutlet-Sandwich_-1338423,Katsu Sando (Japanese Pork Cutlet Sandwich),3,1800.0,[Lunch and Snacks],[Japanese],"[hard-boiled egg, Kewpie Mayonnaise, dijon mustard, cornichons, ground black pepper, pork chops, kosher salt, all-purpose flour, large eggs, canola oil, white sandwich bread]"
Perfect-Turkey-_-Cheese-Slider-Sandwiches-1340321,Perfect Turkey & Cheese Slider Sandwiches,4,2400.0,[Lunch and Snacks],,"[sweet rolls, turkey breast, provolone cheese, margarine, honey mustard, sugar, poppy seeds]"
10-minute-french-dip-sandwiches-365091,10 Minute French Dip Sandwiches,5,1200.0,[Lunch and Snacks],,"[beef broth, roast beef, rolls, mayonnaise, italian seasoning, provolone cheese]"
Turkey-cuban-sandwich-352567,Turkey Cuban Sandwich,5,,"[Lunch and Snacks, Main Dishes]",[Cuban],"[french bread, turkey breast, ham, swiss cheese, pickles, mustard, Pam Cooking Spray]"
The-Southern-Bird-Dog-Sandwich-1269071,The Southern Bird Dog Sandwich,4,1500.0,[Lunch and Snacks],,"[hot dog bun, bacon, chicken fingers, shredded cheese, honey mustard]"
Crispy-Beer-Battered-Fish-Sandwich-Closet-Cooking-54978,Crispy Beer Battered Fish Sandwich,5,2400.0,[Lunch and Snacks],,"[beer, flour, baking powder, large eggs, cod fillets, salt, pepper, oil, sandwiches, baguette, coleslaw, tartar sauce]"
Halloumi_-Sun-dried-Tomato-And-Rocket-Sandwich-1192326,"Halloumi, Sun-dried Tomato And Rocket Sandwich",4,600.0,[Lunch and Snacks],,"[halloumi cheese, white bread, mayonnaise, arugula, sun-dried tomatoes, black pepper]"
Hazelnut-Macaroon-Sandwiches-457747,Hazelnut Macaroon Sandwiches,5,900.0,,,"[egg whites, cream of tartar, superfine sugar, vanilla extract, ground hazelnuts, confectioners sugar, ganache]"
Monte-Cristo-Sandwiches-1076104,Monte Cristo Sandwiches,3,1320.0,[Lunch and Snacks],,"[honey mustard, white bread, swiss cheese, smoked ham, fat free milk, large egg whites, cooking spray, powdered sugar, seedless raspberry jam]"
Corned-beef-cuban-grilled-cheese-sandwich-351490,Corned Beef Cuban Grilled Cheese Sandwich,5,1200.0,"[Lunch and Snacks, Main Dishes]",,"[buns, mustard, swiss, pork, corned beef, pickles]"
Wendys-Spicy-Chicken-Filet-Sandwich-1317126,Wendy’s Spicy Chicken Filet Sandwich,3,1500.0,[Lunch and Snacks],,"[vegetable oil, filet, hot sauce, water, flour, salt, pepper, cayenne pepper, onion powder, paprika, garlic powder, hamburger buns, mayonnaise, lettuce, sliced tomatoes]"
Guiltless-egg-and-bacon-sandwich-351911,Guiltless Egg and Bacon Sandwich,5,300.0,"[Breakfast and Brunch, Lunch and Snacks]",,"[egg whites, turkey bacon, green pepper, cooking oil, pepper, salt, wheat, pita pockets]"
Breakfast-Grilled-Cheese-Sandwich-with-Ham_-Egg-_-Apple-Butter-1311838,"Breakfast Grilled Cheese Sandwich with Ham, Egg & Apple Butter",4,1200.0,"[Lunch and Snacks, Breakfast and Brunch]",,"[cinnamon raisin bread, unsalted butter, english cheddar cheese, large eggs, white vinegar, sandwiches, apple butter]"
Jalapeno-cheddar-chicken-meatball-sandwiches-333243,Jalapeño Cheddar Chicken Meatball Sandwiches,5,3600.0,"[Lunch and Snacks, Main Dishes]",,"[ground chicken, lean ground chicken breast, salt, pepper, large eggs, panko breadcrumbs, garlic cloves, jalapeno chilies, sharp cheddar cheese, wheat sandwich rolls]"
Loose-Meat-Sandwiches-1332431,Loose Meat Sandwiches,4,2700.0,[Lunch and Snacks],,"[ground beef, chopped onion, beef broth, salt, garlic powder, pepper, hamburger buns]"
Sandwich-Bread-Pizza-1206852,Sandwich Bread Pizza,4,1500.0,[Lunch and Snacks],,"[minced onion, tomatoes, green bell pepper, tomato ketchup, salt, bread, oregano, cheese, butter]"
Apple-Cinnamon-Swirl-Grilled-Cheese-Sandwich-Closet-Cooking-54970,Apple Cinnamon Swirl Grilled Cheese Sandwich,5,1800.0,[Lunch and Snacks],,"[cinnamon, butter, cheddar cheese, apples]"
Deep-fried-Nutella-jaffle-ice-cream-sandwich-1375945,Deep-fried Nutella jaffle ice cream sandwich,3,1800.0,[Desserts],,"[white bread, unsalted butter, Nutella, buffalo mozzarella, mozzarella cheese, sunflower oil, plain flour, eggs, panko breadcrumbs, vanilla ice cream, powdered sugar]"
Beef-Gravy-Sandwich-1304496,Beef Gravy Sandwich,3,1800.0,[Lunch and Snacks],,"[gravy, beef, onion rings, crusty bread]"
Tic-tac-toe-sandwich-299211,Tic-tac-toe Sandwich,4,600.0,[Lunch and Snacks],,"[whole grain bread, Skippy Creamy Peanut Butter, bananas, honey]"
Philly-Portobello-Steak-Sandwich-1024240,Philly Portobello Steak Sandwich,4,2100.0,[Lunch and Snacks],,"[portabello mushroom, green bell pepper, red bell pepper, spinach, sweet onion, cherries, chopped garlic, parsley, oil, brown rice flour, broth, salt and ground black pepper, wheat, sandwich rolls]"
Cheddar_-Cucumber-and-Marmalade-Sandwiches-1324132,"Cheddar, Cucumber and Marmalade Sandwiches",3,1200.0,[Lunch and Snacks],,"[pumpernickel bread, butter, orange marmalade, cheddar cheese, sliced cucumber]"
Thanksgiving-leftover-breakfast-sandwiches-333256,Thanksgiving Leftover Breakfast Sandwiches,5,900.0,[Breakfast and Brunch],,"[biscuits, buns, cranberry sauce, mashed potatoes, turkey, eggs]"
Peanut-Butter_-Banana-and-Honey-Sandwiches-1290727,"Peanut Butter, Banana and Honey Sandwiches",4,600.0,[Lunch and Snacks],,"[bread, bananas, honey]"
The-Hangover-Sandwich-1280835,The Hangover Sandwich,4,1200.0,[Lunch and Snacks],,"[wheat bread, cheese, butter, eggs, green onions, cherry tomatoes, canola oil]"
Blackened-Tempeh-Sandwiches-1265489,Blackened Tempeh Sandwiches,4,900.0,[Lunch and Snacks],,"[sandwich bread, tempeh, olive oil, balsamic vinegar, blackening seasoning, roasted red peppers, arugula, vegan mayonnaise, horseradish mustard, hot sauce, garlic cloves, paprika, cayenne pepper]"
Benedictine-Tea-Sandwiches-1322688,Benedictine Tea Sandwiches,4,1500.0,[Lunch and Snacks],,"[gluten-free bread, brown rice, vegan cream cheese, vegan mayonnaise, chopped onion, salt, pepper]"
Salmon-Salad-Sandwiches-628071,Salmon Salad Sandwiches,3,1200.0,[Lunch and Snacks],,"[sandwich rolls, ranch dressing, salmon, tomatoes, cucumber, shredded carrots]"
Campfire-Sandwich-1074220,Campfire Sandwich,4,2700.0,[Lunch and Snacks],,"[roast beef, cheese, rolls]"
Grilled-veggie-sandwiches-300015,Grilled Veggie Sandwiches,4,1800.0,[Lunch and Snacks],,"[portabello mushroom, red bell pepper, chees fresh mozzarella, fresh basil leaves, Wish-Bone Light Italian Dressing, hellmann' or best food light mayonnais]"
Tuna-Salad-Sandwich-1330886,Tuna Salad Sandwich,4,900.0,[Lunch and Snacks],,"[tuna in oil, mayonnaise, salt, pepper, diced onions, white bread]"
Avocado-breakfast-sandwiches-299565,Avocado Breakfast Sandwiches,4,1080.0,"[Breakfast and Brunch, Lunch and Snacks]",,"[hellmann' or best food light mayonnais, nonfat yogurt plain, dijon mustard, lime juice, knorr chipotl minicub, large eggs, avocado, whole grain bread]"
The-Best-Breakfast-Sandwich_-461453,The Best Breakfast Sandwich!,5,2100.0,[Breakfast and Brunch],,"[bacon, English muffins, olive oil, baby spinach, butter, eggs, flour, milk, Velveeta]"
Marshmallow-PEEPS-Cookie-Sandwiches-1351251,Marshmallow PEEPS Cookie Sandwiches,4,2100.0,"[Desserts, Lunch and Snacks]",,"[unsalted butter, dark brown sugar, granulated sugar, large eggs, vanilla extract, all-purpose flour, corn starch, baking soda, salt, M&M's Candy, sprinkles, marshmallow candies]"
BBQ-Chicken-Sausage-_-Pepper-Sandwich-1356561,BBQ Chicken Sausage & Pepper Sandwich,4,2100.0,[Lunch and Snacks],,"[olive oil, orange bell pepper, yellow peppers, onions, chicken sausage, mozzarella cheese, bbq sauce, soft rolls, butter]"
Pepperoni-Pizza-Grilled-Cheese-Sandwiches-_BertolliTuscanTour-1345806,Pepperoni Pizza Grilled Cheese Sandwiches #BertolliTuscanTour,4,1200.0,[Lunch and Snacks],,"[butter, bread slices, pasta sauce, pepperoni slices, mozzarella cheese]"
Lemony-Cucumber-Cream-Cheese-Sandwiches-1186983,Lemony Cucumber Cream Cheese Sandwiches,4,1800.0,[Lunch and Snacks],,"[cream cheese, fresh dill, lemon, salted butter, kosher salt, ground black pepper, whole grain bread, cucumber]"
Ploughman_s-Sandwich-1288241,Ploughman's Sandwich,3,5400.0,[Lunch and Snacks],,"[multigrain bread, jam, whole grain mustard, sharp cheddar cheese, apples, watercress, kosher salt, ground black pepper]"
Mozzarella-caprese-sandwich-325881,Mozzarella Caprese Sandwich,3,1500.0,[Lunch and Snacks],,"[jam, fresh mozzarella, baguette, fresh basil, salt, pepper, olive oil, balsamic vinegar]"
Spinach-_-Avocado-Turkey-Sandwich-1035662,Spinach & Avocado Turkey Sandwich,4,1200.0,[Lunch and Snacks],,"[rye bread, roasted turkey breast, avocado, spinach leaves, purple onion, lemon juice]"
Beef-Short-Rib-Steak-Sandwich-1044233,Beef Short Rib Steak Sandwich,4,1200.0,"[Lunch and Snacks, Main Dishes]",,"[beef rib short, onions, bell pepper, salt, white pepper, paprika, olive oil, sub buns, cheese, mayonnaise]"
Grilled-Mozzarella-Cheese-Sandwiches-566736,Grilled Mozzarella Cheese Sandwiches,4,900.0,[Lunch and Snacks],,"[white sandwich bread, Kraft Mozzarella Cheese, butter, basil, marinara sauce]"
The-Ultimate-Breakfast-Sandwich-1243358,The Ultimate Breakfast Sandwich,4,900.0,[Breakfast and Brunch],,"[bacon, hash brown, eggs, bread, mayonnaise, bbq sauce]"
Barbecue-Mac-Grilled-Cheese-Sandwiches-1264329,Barbecue Mac Grilled Cheese Sandwiches,4,2400.0,"[Lunch and Snacks, Main Dishes]",,"[chuck roast, beef, macaroni, sourdough bread, butter, cheddar cheese slices]"
Grilled-chicken-sandwich-with-avocado-and-tomato-351908,Grilled Chicken Sandwich with Avocado and Tomato,5,,[Lunch and Snacks],,"[ciabatta, avocado, chicken breasts, tomatoes, salt, pepper]"
Reduced-Fat-Oreo-Cheesecake-1377812,Reduced Fat Oreo Cheesecake,3,4500.0,[Desserts],,"[OREO® Cookies, butter, egg whites, fat free cream cheese, granulated sugar, all-purpose flour, vanilla extract]"
Sourdough-Reuben-Sandwich-1236056,Sourdough Reuben Sandwich,4,1800.0,[Lunch and Snacks],,"[sourdough bread, swiss cheese, pastrami, butter, thousand island dressing, sauerkraut, ground mustard, pickles]"
Smashed-Avocado-Sandwich-_glutenfree-_vegan-1183064,Smashed Avocado Sandwich – #glutenfree #vegan,4,900.0,[Lunch and Snacks],,"[avocado, gluten-free bread, salt, pepper]"
Grilled-Fat-Elvis-Sandwich-1071906,Grilled Fat Elvis Sandwich,4,600.0,[Lunch and Snacks],,"[bread, butter, cooked bacon, bananas, peanut butter]"
Freezer-Breakfast-Sandwiches-1003324,Freezer Breakfast Sandwiches,4,1500.0,[Breakfast and Brunch],,"[large eggs, salt, pepper, English muffins, sharp cheddar cheese, deli ham]"
Tuna-Melt-Sandwiches-TasteOfHome,Tuna Melt Sandwiches,5,1800.0,[Lunch and Snacks],,"[chopped celery, cheddar cheese, tuna, onions, mayonnaise, salt, butter, hamburger buns]"
Easy-and-healthy-egg-salad-sandwich-365399,Easy and Healthy Egg Salad Sandwich,5,900.0,[Lunch and Snacks],,"[eggs, mayonnaise, purple onion, prepared mustard, dried dillweed, paprika, pepper, salt]"
Hummus-Vegetable-Sandwich-Martha-Stewart,Hummus Vegetable Sandwich,4,900.0,[Lunch and Snacks],,"[whole wheat bread, hummus, tapenade, cucumber, grated carrot]"
Homemade-Breakfast-Sandwiches-1038205,Homemade Breakfast Sandwiches,3,1800.0,[Breakfast and Brunch],,"[eggs, bacon, cheese, biscuits, salt, pepper]"
Marinated-Roasted-Red-Pepper-Grilled-Cheese-Sandwich-Closet-Cooking-54954,Marinated Roasted Red Pepper Grilled Cheese Sandwich,5,1500.0,[Lunch and Snacks],[American],"[multigrain bread, olive oil, roasted red peppers, fresh mozzarella, basil]"
My-Favorite-Sandwich-1273664,My Favorite Sandwich,4,600.0,[Lunch and Snacks],,"[whole grain bread, vegan mayonnaise, mayonnaise, lettuce, sliced tomatoes, cucumber, avocado]"
The-Ultimate-Veggie-Sandwich-1020781,The Ultimate Veggie Sandwich,4,1200.0,[Lunch and Snacks],,"[bread, spinach, pepper jack, swiss cheese, fresh lemon juice, avocado, salt, cucumber, roma tomatoes, alfalfa sprouts, sunflower seeds, cream cheese, nonfat plain greek yogurt, green onions, chopped fresh chives, onion powder, garlic powder]"
Easy-Banh-Mi-Sandwich-1329459,Easy Banh Mi Sandwich,4,1500.0,[Lunch and Snacks],,"[meatballs, ground pork, chopped cilantro, scallions, garlic, chili, fish sauce, sugar, corn starch, pepper, salt, sandwiches, rice vinegar, sesame oil, cole slaw mix, jalapeno chilies, mayonnaise, Sriracha, rolls]"
Frico-Grilled-Cheese-Sandwich-439760,Frico Grilled Cheese Sandwich,5,300.0,[Lunch and Snacks],[Kid-Friendly],"[bread, butter, shredded cheddar cheese]"
Tropical-_Funeral-Sandwiches_-1348903,"Tropical ""Funeral Sandwiches""",4,30600.0,[Lunch and Snacks],,"[hawaiian rolls, sliced ham, swiss cheese, pineapple, unsalted butter, worcestershire sauce, mustard, brown sugar, onion powder]"
Chickpea-Salad-Sandwich-1083618,Chickpea Salad Sandwich,4,1200.0,[Lunch and Snacks],,"[chickpeas, celery, onions, capers, vegan mayonnaise, mustard, salt, pepper, sandwiches, bread]"
Turkey-Grilled-Cheese-Sandwich-with-Pickled-Onions-Simply-Recipes-42464,Turkey Grilled Cheese Sandwich with Pickled Onions,5,900.0,[Lunch and Snacks],,"[rye bread, butter, turkey, monterey jack, arugula, pickled onion, sweet pickle]"
Roasted-Mushroom-and-Gruyere-Sandwich-1226657,Roasted Mushroom and Gruyère Sandwich,3,1800.0,[Lunch and Snacks],,"[mushrooms, extra-virgin olive oil, fresh thyme leaves, salt, freshly ground pepper, whole grain bread, garlic cloves, chives, arugula, grated Gruyère cheese]"
Garlic-_-Herb-Pork-Sandwich-1318105,Garlic & Herb Pork Sandwich,4,6600.0,[Lunch and Snacks],,"[garlic, provolone cheese, extra-virgin olive oil, spinach, kaiser rolls]"
No-Bake-BUTTERFINGER-Cream-Pie-_-an-Easy-Holiday-Meal-Solution-1364118,No-Bake BUTTERFINGER® Cream Pie & an Easy Holiday Meal Solution,4,1500.0,[Desserts],,"[crumb crust, melted butter, cream cheese, whipped topping, powdered sugar, almond extract, butterfinger]"
Meatloaf-_-Cheese-Sandwiches-with-Cucumber-Salad-1366925,Meatloaf & Cheese Sandwiches with Cucumber Salad,4,1800.0,[Lunch and Snacks],,"[english cucumber, lemon juice, olive oil, chopped fresh mint, salt, lettuce leaves, mustard, prepared horseradish, whole wheat bread, meatloaf, sliced tomatoes, swiss cheese]"
