id,recipeName,rating,totalTimeInSeconds,course,cuisine,ingredients
Steak-Bites-1353195,Steak Bites,4,44100.0,,,"[rib eye steaks, kosher salt, ground black pepper, fresh thyme, unsalted butter]"
Steak-Bites-1283837,Steak Bites,4,900.0,,,"[sirloin steak, kosher salt, ground black pepper, butter]"
Herb-Crusted-Strip-Steak-1373651,Herb Crusted Strip Steak,4,2100.0,[Main Dishes],,"[new york strip steaks, olive oil, salt, steak]"
Classic-Pan-Seared-Rib-Eye-Steak-1363563,Classic Pan-Seared Rib-Eye Steak,4,1800.0,[Main Dishes],,"[rib eye steaks, peanut oil, coarse kosher salt, cracked black pepper, thyme sprigs, garlic cloves, butter]"
Slow-Cooked-Steak-with-Creamy-Mushroom-Sauce-1376774,Slow Cooked Steak with Creamy Mushroom Sauce,4,18300.0,[Main Dishes],,"[beef steak, beef stock, cooking cream, mushrooms, corn flour]"
Spicy-Cuban-Flank-Steak-1373998,Spicy Cuban Flank Steak,3,33600.0,[Main Dishes],[Cuban],"[onions, ground cumin, ground black pepper, granulated garlic, onion powder, dried oregano, crushed red pepper, salt, flank steak, low sodium beef broth, lime juice, french rolls, relish]"
Savory-Garlic-Marinated-Steaks-1342060,Savory Garlic Marinated Steaks,4,1800.0,[Main Dishes],,"[balsamic vinegar, soy sauce, minced garlic, honey, olive oil, ground black pepper, worcestershire sauce, onion powder, salt, flavoring, cayenne pepper, rib eye steaks]"
Tuna-Steak-1341169,Tuna Steak,4,600.0,[Main Dishes],,"[tuna steaks, kosher salt, black pepper, coconut oil]"
The-Perfect-Steak-1376740,The Perfect Steak,3,3000.0,[Main Dishes],[Barbecue],"[steak, garlic, worcestershire sauce, balsamic vinegar, freshly ground pepper, dijon mustard, soy sauce, olive oil]"
Pan-Fried-Ribeye-Steak-1337837,Pan-Fried Ribeye Steak,4,900.0,[Main Dishes],,"[rib eye steaks, Lawrys Seasoned Salt, lemon, kosher salt, ground black pepper, olive oil, butter]"
Spanish-Steaks-1357638,Spanish Steaks,4,6300.0,[Main Dishes],,"[steak, salt, freshly ground black pepper, garlic, yellow onion, yellow bell pepper, lemon, ketchup, worcestershire sauce, water]"
Brazilian-Skirt-Steak-with-Golden-Garlic-Butter-1360703,Brazilian Skirt Steak with Golden Garlic Butter,3,1800.0,[Main Dishes],,"[garlic, kosher salt, skirt steak, freshly ground black pepper, canola oil, unsalted butter, flat leaf parsley]"
Butter-Steak-1123535,Butter Steak,3,,,,"[rib eye steaks, garlic, coarse sea salt, cracked black pepper, paprika, butter, fresh parsley]"
Garlic-Stuffed-Flank-Steak-1332391,Garlic Stuffed Flank Steak,4,3000.0,[Main Dishes],,"[olive oil, flank steak, cream cheese, seasoning, pepper, baby spinach, red pepper]"
Black-Pepper-Crusted-Steak-1376527,Black Pepper Crusted Steak,4,1500.0,[Main Dishes],,"[lean steak, freshly ground black pepper, worcestershire sauce, salt]"
Skirt-Steak-969803,Skirt Steak,4,2160.0,[Main Dishes],,"[skirt steak, extra-virgin olive oil, soy sauce, ground ginger, garlic powder, pepper, rice vinegar]"
Six-Minute-Seared-Ahi-Tuna-Steaks-1377630,Six-Minute Seared Ahi Tuna Steaks,4,360.0,[Main Dishes],,"[ahi tuna steaks, soy sauce, olive oil, salt, black pepper, cayenne pepper, green onions, salad greens]"
Oven-Grilled-Steak-1363237,Oven Grilled Steak,4,1800.0,[Main Dishes],,"[top sirloin steak, olive oil, coarse sea salt, ground pepper]"
Butter-Steak-1104268,Butter Steak,3,1200.0,[Main Dishes],,"[rib eye steaks, garlic, coarse sea salt, cracked black pepper, paprika, Challenge Butter, fresh parsley]"
The-Best-Pepper-Steak-517856,The Best Pepper Steak,4,1380.0,,,"[prime rib steaks, brown sugar, coars ground black pepper, mustard powder, soy sauce, oil]"
Spanish-Steak-1335948,Spanish Steak,4,4500.0,[Main Dishes],,"[round steaks, tomato soup, onions, carrots, green pepper]"
Steak-Frites-1286766,Steak Frites,4,1800.0,,,"[steak, garlic, potatoes, olive oil, butter, salt, pepper]"
Chicken-Fried-Steak-StripsYum-1371523,Chicken Fried Steak StripsYum,4,1800.0,[Main Dishes],,"[steak, whole wheat flour, garlic powder, milk, oil]"
Porterhouse-Steak-442002,Porterhouse Steak,5,3000.0,[Main Dishes],,"[porterhouse steaks, olive oil, ground black pepper, salt]"
Grilled-Steak-1058974,Grilled Steak,4,2520.0,[Main Dishes],[Barbecue],"[steak, coarse salt, ground black pepper, olive oil]"
Buttered-Steak-592549,Buttered Steak,4,1500.0,[Main Dishes],,"[salted butter, chopped fresh herbs, vegetable oil, boneless rib eye steaks, ground pepper, coarse salt]"
Herbed-Halibut-Steaks-1370384,Herbed Halibut Steaks,4,1500.0,[Main Dishes],,"[halibut steak, olive oil, salt, lemon, fish]"
Swiss-steaks-350929,Swiss Steaks,5,15600.0,[Main Dishes],,"[diced tomatoes, worcestershire sauce, green bell pepper, yellow onion, garlic, dried thyme, round steaks, sea salt, black pepper, flour]"
Pepper-steak-351932,Pepper Steak,5,600.0,[Main Dishes],,"[fat, top round steak, soy sauce, rice wine, corn starch, vegetable oil, onions, bell pepper, black pepper, crushed red pepper flakes]"
Perfect-Pan-Seared-Steak-1353840,Perfect Pan-Seared Steak,4,600.0,[Main Dishes],,"[boneless rib eye steaks, salt, ground black pepper, extra-virgin olive oil, butter, garlic cloves, fresh parsley, stock, wine, potato wedges]"
Cowboy-Steak-990081,Cowboy Steak,4,2400.0,[Main Dishes],,"[bone-in ribeye steak, kosher salt, black pepper, unsalted butter, canola oil, sliced shallots]"
Steak-Pie-1358934,Steak Pie,3,1800.0,[Main Dishes],,"[stewing steak, freshly ground black pepper, plain flour, olive oil, onions, fresh parsley, chopped fresh thyme, salt, beef stock, shortcrust pastry, free-range eggs]"
Steak-caprese-371780,Steak Caprese,5,1500.0,[Main Dishes],,"[boneless steak, olive oil, cherry tomatoes, mozzarella balls, fresh basil leaves, salt, pepper]"
Crazy-Quick-Chicken-Fried-Steak-1299979,Crazy-Quick Chicken Fried Steak,3,1500.0,[Main Dishes],,"[steak, eggs, milk, flour, salt, pepper, oil]"
Steak-1019998,Steak,5,2400.0,[Main Dishes],[Barbecue],"[skirt steak, kosher salt, brown sugar, paprika, cayenne pepper, ground black pepper, vegetable oil, purple onion, sherry vinegar, cherry tomatoes, celery heart, green olives, olive brine, prepared horseradish, worcestershire sauce, hot pepper sauce, celery seed, extra-virgin olive oil]"
Country-Fried-Steak-1321518,Country Fried Steak,4,900.0,[Main Dishes],,"[cube steaks, salt, all-purpose flour, cooking oil]"
Flank-Steak-Pinwheels-1356644,Flank Steak Pinwheels,4,2580.0,,,"[flank steak, mozzarella cheese, fresh spinach, italian seasoning]"
Crockpot-Pepper-Steak-1337454,Crockpot Pepper Steak,3,3900.0,[Main Dishes],,"[round steaks, vegetable oil, soy sauce, onions, garlic cloves, granulated sugar, salt, pepper, ground ginger, tomatoes, green bell pepper, cold water, corn starch, cooked rice]"
Spanish-Steaks-1320243,Spanish Steaks,4,6300.0,[Main Dishes],,"[steak, ground black pepper, salt, garlic, yellow onion, yellow bell pepper, lemon, ketchup, worcestershire sauce, water]"
Korean-Steak-513239,Korean Steak,5,4200.0,[Main Dishes],,"[soy sauce, coca-cola, toasted sesame oil, hoisin sauce, garlic, scallions, rib eye steaks]"
Swiss-Steak-1360128,Swiss Steak,4,6000.0,[Main Dishes],,"[butter, onions, green pepper, cube steaks, salt, pepper, flour, vegetable oil, stewed tomatoes, water, beef stock cubes, worcestershire sauce, black pepper, garlic powder, seasoning salt]"
Swiss-Steak-Trivia-1371614,Swiss Steak Trivia,4,4800.0,[Main Dishes],,"[minute steaks, all purpose unbleached flour, oil, chopped tomatoes, water, onions, carrots, thyme]"
Crock-Pot-Chicken-Philly-Cheese-Steak-1366812,Crock Pot Chicken Philly Cheese Steak,4,2700.0,[Main Dishes],,"[boneless skinless chicken breasts, light butter, onions, green pepper, reduced fat provolone cheese, garlic cloves, steak seasoning, rolls, salt, pepper]"
Weeknight-Pepper-Steak-1005953,Weeknight Pepper Steak,3,1620.0,[Main Dishes],,"[mccormick brown gravy mix, cold water, soy sauce, McCormick Ground Ginger, vegetable oil, boneless beef sirloin steak, onions, red bell pepper]"
Peppercorn-Steak-Simply-Recipes-42574,Peppercorn Steak,5,2700.0,[Main Dishes],,"[steak, salt, grapeseed oil, black peppercorns, shallots, cognac, beef broth, heavy cream, chopped parsley]"
Cuban-flank-steak-309919,Cuban Flank Steak,5,2400.0,[Main Dishes],[Cuban],"[flank steak, fresh lime juice, olive oil, ground cumin, dried oregano, onion powder, garlic powder, soy sauce, chipotle chile powder, lime zest]"
Steak-and-Guinness-pie-1379818,Steak and Guinness pie,4,30000.0,[Main Dishes],,"[stewing steak, onions, carrots, celery, tomato purée, beef stock, Guinness Beer, olive oil, salt, pepper, puff pastry, beaten eggs]"
Soy-Garlic-Steak-Allrecipes,Soy Garlic Steak,5,12300.0,[Main Dishes],[Barbecue],"[vegetable oil, soy sauce, white vinegar, ketchup, crushed garlic, flank steak]"
Asian-Steak-Bites-987661,Asian Steak Bites,4,1500.0,,[Asian],"[flank steak, soy sauce, honey, chili paste, olive oil]"
Stuffed-Baked-Steak-1335916,Stuffed Baked Steak,4,2700.0,[Main Dishes],,"[sirloin tip center steak, gluten free panko breadcrumbs, egg yolks, garlic cloves, italian seasoning, ground black pepper, kosher salt, manchego cheese, roasted red peppers, extra virgin coconut oil]"
Cast-Iron-Steak-1357445,Cast-Iron Steak,3,3300.0,[Main Dishes],,"[coarse salt, beef steak, rib eye steaks, black pepper]"
Chipotle-Steak-Wrap-1340972,Chipotle Steak Wrap,4,1500.0,[Lunch and Snacks],,"[skirt steak, mushrooms, cheddar cheese, ranch dressing, tortillas, salsa]"
Pan-Seared-Strip-Steak-1076297,Pan-Seared Strip Steak,3,3060.0,[Main Dishes],,"[new york strip steaks, kosher salt, black pepper, olive oil, butter, thyme sprigs, garlic cloves]"
Rosemary-Rubbed-Rib-Eye-Steak-513627,Rosemary Rubbed Rib-Eye Steak,5,1500.0,[Main Dishes],[Barbecue],"[rib eye steaks, kosher salt, ground black pepper, rosemary, garlic powder, olive oil, unsalted butter]"
Asian-flank-steak-skewers-352625,Asian Flank Steak Skewers,5,5400.0,[Main Dishes],[Asian],"[flank steak, reduced sodium soy sauce, minced garlic, fresh ginger, sesame oil, lime]"
Ribeye-Steak-alla-Pizzaiola-1359203,Ribeye Steak alla Pizzaiola,4,1200.0,[Main Dishes],,"[rib eye steaks, tomatoes, olive oil, garlic cloves, capers, filet, white wine, dried oregano, salt, pepper]"
Cabbage-Steaks-1354985,Cabbage Steaks,4,2400.0,,,"[red cabbage, green cabbage, unsalted butter, ground black pepper, salt, caraway seeds]"
Easy-Steak-Pie-1359950,Easy Steak Pie,4,2700.0,[Main Dishes],,"[steak, carrots, large potatoes, gravy, onions, other vegetables, salt, pepper]"
Panfried-Flank-Steak-442137,Panfried Flank Steak,5,2100.0,[Main Dishes],,"[butter, garlic, flank steak, salt, freshly ground pepper, olive oil, curly parsley]"
Xavier-Steak-AllRecipes,Xavier Steak,4,3000.0,[Main Dishes],[Barbecue],"[new york strip steaks, pepper, salt, worcestershire sauce, asparagus spears, olive oil, swiss cheese]"
Perfect-Porterhouse-Steak-604614,Perfect Porterhouse Steak,3,2400.0,[Main Dishes],,"[porterhouse steaks, vegetable oil, ground black pepper, kosher salt, unsalted butter]"
Apple-Bourbon-Fried-Steak-1006681,Apple Bourbon Fried Steak,4,750.0,[Main Dishes],,"[bourbon whiskey, apples, red bell pepper, steak, cinnamon, beef broth]"
Sicilian-Steak-459243,Sicilian Steak,5,2400.0,[Main Dishes],,"[fresh rosemary, chopped fresh thyme, kosher salt, ground black pepper, red pepper flakes, minced garlic, olive oil, boneless rib eye steaks]"
Steak-Chimichurri-513855,Steak Chimichurri,5,10200.0,[Main Dishes],[Barbecue],"[rib eye steaks, chimichurri, freshly ground pepper, salt]"
Cheesy-Steak-Sandwich-1362297,Cheesy Steak Sandwich,4,1500.0,[Lunch and Snacks],,"[sirloin steak, olive oil, salt, pepper, green pepper, onions, pepper jack, hot dog bun, garlic, cilantro]"
Barbequed-Steak-Allrecipes,Barbequed Steak,4,7200.0,[Main Dishes],[Barbecue],"[top sirloin steak, vegetable oil, steak spice seasoning mix]"
Steak-Bites-683089,Steak Bites,4,1500.0,,,"[sirloin steak, kosher salt, ground black pepper, butter]"
Balsamic-Marinated-Skirt-Steak-Martha-Stewart-195265,Balsamic Marinated Skirt Steak,5,2400.0,[Main Dishes],[Barbecue],"[balsamic vinegar, light brown sugar, garlic cloves, dried rosemary, coarse salt, ground pepper, skirt steak, oil]"
Smothered-Steak-1279492,Smothered Steak,4,3600.0,[Main Dishes],,"[t-bone steak, diced onions, sliced mushrooms, balsamic vinegar, montreal steak seasoning, cayenne pepper, salt, brown sugar, olive oil, water]"
The-Classic-Caprese-Salad-Recipe-An-All-Rounder_-1379649,The Classic Caprese Salad Recipe — An All Rounder!,3,1200.0,[Appetizers],,"[tomatoes, mozzarella cheese, basil leaves, olive oil, balsamic vinegar, salt]"
Pepper-Steak-1113091,Pepper Steak,3,2100.0,[Main Dishes],,"[boneless beef top sirloin steaks, vegetable oil, salt, ground pepper, bell pepper, onions, garlic, beef broth, water, corn starch, soy sauce, tomatoes, cooked rice]"
Jalapeno-Steak-Allrecipes,Jalapeno Steak,5,29700.0,[Main Dishes],[Barbecue],"[jalapeno chilies, garlic, cracked black pepper, coarse salt, lime juice, dried oregano, top sirloin steak]"
Oven-Baked-Cajun-Pork-Steaks-1333405,Oven Baked Cajun Pork Steaks,4,3900.0,[Main Dishes],,"[pork steaks, ketchup, brown sugar, soy sauce, vinegar, cajun seasoning]"
Tangy-Crockpot-Steaks-1319171,Tangy Crockpot Steaks,4,1500.0,[Main Dishes],,"[round steaks, red wine vinegar, sauce, onions, pepper]"
Italian-Party-Flank-Steak-1366228,Italian Party Flank Steak,4,9600.0,[Main Dishes],[Italian],"[olive oil, red wine vinegar, garlic, chopped parsley, black pepper, flank steak, red bell pepper, prosciutto, fresh basil leaves, grated parmesan cheese, freshly ground pepper, watercress]"
Kansas-City-Steak-Soup-1374468,Kansas City Steak Soup,4,3300.0,[Soups],,"[beef sirloin, onions, celery, lower sodium beef broth, diced tomatoes, frozen mixed vegetables, steak sauce, worcestershire sauce, salt, ground black pepper, all-purpose flour]"
Swiss-Steak-with-Mushrooms-1070783,Swiss Steak with Mushrooms,4,7200.0,[Main Dishes],,"[round steaks, flour, salt, pepper, onions, oil, sliced mushrooms]"
Chicken-Fried-Steaks-1027419,Chicken Fried Steaks,4,2700.0,[Main Dishes],,"[cube steaks, fat-free buttermilk, flour, salt, montreal steak seasoning, oil, skim milk]"
Marinated-flank-steak-309575,Marinated Flank Steak,5,,,,"[flank steak, balsamic vinegar, fresh lemon juice, dijon mustard, worcestershire sauce, garlic, dried oregano, dried basil, dried thyme, paprika, cayenne pepper, olive oil]"
Whiskey-Balsamic-Steak-1125348,Whiskey Balsamic Steak,4,8400.0,[Main Dishes],[Barbecue],"[boneless sirloin steak, bourbon whiskey, balsamic vinegar, olive oil, dijon mustard, brown sugar, ground pepper]"
Swiss-Steak-1272783,Swiss Steak,4,4200.0,[Main Dishes],,"[round steaks, garlic powder, salt, pepper, all-purpose flour, vegetable oil, garlic, diced tomatoes, onions, bell pepper]"
Maria_s-Pepper-Steak-Allrecipes,Maria's Pepper Steak,5,3000.0,[Main Dishes],,"[olive oil, onions, bell pepper, garlic, soy sauce, honey, red wine vinegar, flank steak]"
Quick-and-Easy-Baked-Salmon-Steaks-1359256,Quick and Easy Baked Salmon Steaks,3,1200.0,[Main Dishes],,"[salmon steaks, unsalted butter, lemon juice, scallions, fresh parsley, garlic salt, lemon pepper seasoning]"
Salisbury-Steak-Meatballs-1355432,Salisbury Steak Meatballs,4,4500.0,[Main Dishes],,"[meatballs, lean ground beef, seasoned bread crumbs, ground mustard, beef bouillon, worcestershire sauce, ketchup, salt, pepper, gravy, onions, sliced mushrooms, beef broth, Kitchen Bouquet, corn starch]"
Steak-Bites-1046173,Steak Bites,4,2100.0,,,"[sirloin steak, ground black pepper, kosher salt, butter]"
Best-Marinade-for-Steak-I-Adore-Food-55282,Best Marinade for Steak,4,3000.0,,[American],"[worcestershire sauce, soy sauce, liquid smoke, onion powder, garlic powder, lime juice, lime, chili powder, flank steak, fresh cilantro]"
Mamas-Cube-Steak-with-Gravy-1330571,Mama’s Cube Steak with Gravy,4,2400.0,[Main Dishes],,"[flour, salt, pepper, cube steaks, canola oil, water]"
Perfect-Grill-less-Steak-1221389,Perfect Grill-less Steak,3,2100.0,[Main Dishes],,"[steak, olive oil, kosher salt, freshly ground pepper]"
Grilling-steak-and-seasonings-371323,Grilling Steak and Seasonings,5,2100.0,[Main Dishes],,"[steak, seasoning]"
Philly-Cheese-Steak-Sandwiches-488742,Philly Cheese Steak Sandwiches,4,2400.0,[Lunch and Snacks],,"[hoagie rolls, butter, white onion, rib eye steaks, pepper, salt, havarti cheese]"
Barbequed-Steaks-1122760,Barbequed Steaks,4,2400.0,[Main Dishes],[Barbecue],"[steak, mustard, barbecue sauce, worcestershire sauce, molasses, honey, steak sauce, pepper, salt]"
The-Perfect-Medium-Rare-Steak-991691,The Perfect Medium Rare Steak,4,1200.0,[Main Dishes],,"[steak, salt, freshly ground pepper, grapeseed oil, butter]"
Steak-Mock-Frites-1362462,Steak Mock Frites,3,3600.0,[Main Dishes],,"[kosher salt, potatoes, neutral oil, unsalted butter, thyme leaves, shallots, lemon juice, champagne vinegar, beef steak, freshly ground black pepper]"
Steak-Rolls-1007427,Steak Rolls,4,1800.0,[Main Dishes],,"[flank steak, steak marinade, red bell pepper, green beans, white onion]"
Coffee-and-Chili-Rubbed-Steaks-1282720,Coffee and Chili Rubbed Steaks,4,600.0,[Main Dishes],,"[coffee, chile powder, dark brown sugar, smoked paprika, cumin, sea salt, steak]"
Country-Fried-Steak-1214141,Country Fried Steak,4,900.0,[Main Dishes],,"[cube steaks, salt, all-purpose flour, cooking oil]"
Hanger-Steak-with-Shallots-Simply-Recipes-42721,Hanger Steak with Shallots,5,2100.0,[Main Dishes],,"[canola oil, hanger steak, salt, freshly ground pepper, unsalted butter, shallots, red wine vinegar, red wine, flat leaf parsley]"
Panda-Express_-Shanghai-Angus-Steak-1375445,Panda Express' Shanghai Angus Steak,4,3300.0,[Main Dishes],,"[sirloin steak, fresh asparagus, onions, white mushrooms, garlic, corn starch, sesame oil, chinese rice wine, soy sauce, kecap manis, worcestershire sauce, black pepper]"
Juicy-Steak-Allrecipes,Juicy Steak,4,1200.0,[Main Dishes],,"[butter, rib eye steaks, worcestershire sauce, meat tenderizer, garlic, salt, black pepper]"
Dijon-Ham-Steak-1021837,Dijon Ham Steak,4,1800.0,[Main Dishes],,"[ham steak, dijon mustard, pure maple syrup, rice vinegar, chicken broth]"
Slow-Cooked-Swiss-Steak-1349984,Slow-Cooked Swiss Steak,3,2400.0,[Main Dishes],,"[all-purpose flour, salt, pepper, round steaks, onions, celery ribs, tomato sauce]"
Keto-Philly-Cheese-Steak-1353257,Keto Philly Cheese Steak,4,1200.0,[Main Dishes],,"[shaved steak, mayonnaise, dijon mustard, provolone cheese, romaine lettuce]"
Grilled-Marinated-Flank-Steak-Simply-Recipes-42974,Grilled Marinated Flank Steak,5,1800.0,[Main Dishes],[Barbecue],"[olive oil, garlic, red wine vinegar, soy sauce, honey, ground black pepper, flank steak]"
Spicy-Sugar-Steaks-1219104,Spicy Sugar Steaks,4,7800.0,,,"[beef steak, dark brown sugar, paprika, chili powder, kosher salt, cracked black pepper, cajun seasoning, garlic powder, onion powder]"
Orange-Miso-Steak-513686,Orange Miso Steak,5,2100.0,[Main Dishes],,"[rib eye steaks, cooking oil, salt, beef stock, miso, mirin, sesame oil, orange]"
Spinach-and-Feta-Stuffed-Flank-Steak-1347801,Spinach and Feta Stuffed Flank Steak,4,4200.0,[Main Dishes],,"[flank steak, frozen chopped spinach, sun-dried tomatoes, pitted kalamata olives, feta cheese crumbles, fresh basil, fresh parsley, garlic salt, black pepper, salt, egg yolks, olive oil]"
Pepper-Steak-TasteOfHome,Pepper Steak,5,1500.0,[Main Dishes],,"[boneless beef sirloin steak, soy sauce, sugar, garlic cloves, canola oil, green pepper, onions, water, corn starch, cooked rice]"
Marinated-Skirt-Steak-with-Cilantro-Lime-Ghee-1379185,Marinated Skirt Steak with Cilantro-Lime Ghee,4,8100.0,[Main Dishes],[Barbecue],"[unsalted butter, extra-virgin olive oil, fresh lime juice, garlic, sea salt flakes, freshly ground black pepper, skirt steak, ghee, fresh cilantro, lime zest, cumin, cayenne pepper]"
30-Minute-Steak-and-Quinoa-Burrito-Bowl-1368528,30 Minute Steak and Quinoa Burrito Bowl,4,1800.0,[Main Dishes],,"[sirloin steak, olive oil, quinoa, veggies, green pepper, onions, frozen corn, black beans, lime juice, cilantro, salt, pepper, hot sauce, vine tomatoes, purple onion]"
Grilled-Fish-Steaks-1360416,Grilled Fish Steaks,4,4200.0,[Main Dishes],[Barbecue],"[garlic, olive oil, dried basil, salt, ground black pepper, fresh lemon juice, fresh parsley, fish fillets]"
Grilled-Flatiron-Steak-with-Toasted-Spice-Vinaigrette-611039,Grilled Flatiron Steak with Toasted Spice Vinaigrette,3,1500.0,[Main Dishes],[Barbecue],"[skirt steak, olive oil, freshly ground pepper, kosher salt, heirloom tomatoes, vinaigrette]"
Steak-Bites-1006872,Steak Bites,4,2100.0,,,"[steak, soy sauce, vegetable oil, pineapple juice, honey, Sriracha, minced garlic]"
Sandwich-Steaks-1192630,Sandwich Steaks,4,3300.0,[Main Dishes],,"[steak, onions, olive oil, salt, pepper]"
Country-fried-steak-recipe-with-gravy-306991,Country Fried Steak Recipe With Gravy,5,2700.0,[Main Dishes],,"[steak, eggs, buttermilk, flour, vegetable oil, pan drippings, whole milk]"
Oven-Baked-Smothered-Cube-Steak-993895,Oven Baked Smothered Cube Steak,4,3900.0,[Main Dishes],,"[steak, onions, pepper, salt, decaffeinated coffee, flour, olive oil]"
Swiss-steak-324894,Swiss Steak,3,5100.0,[Main Dishes],,"[round steaks, stewed tomatoes, onions, bell pepper, flour, salt, pepper, olive oil]"
How-To-Make-Chinese-Pepper-Steak-1368209,How To Make Chinese Pepper Steak,4,2700.0,[Main Dishes],[Chinese],"[flank steak, soy sauce, dry sherry, sugar, water, corn starch, vegetable oil, ginger root, scallions, onions, green bell pepper, garlic cloves, sliced mushrooms]"
Stuffed-Flank-Steak-1374380,Stuffed Flank Steak,3,23100.0,[Main Dishes],,"[stuffing, chopped onion, chopped celery, fresh parsley, egg substitute, beef broth, butter, seasoning salt, pepper, flank steak]"
Chicken-Fried-Steak-with-White-Gravy-1356028,Chicken Fried Steak with White Gravy,4,1800.0,[Main Dishes],[Southern & Soul Food],"[cube steaks, all-purpose flour, baking powder, baking soda, black pepper, salt, buttermilk, eggs, hot sauce, garlic powder, vegetable shortening, milk, pepper]"
Hamburger-Steaks-471120,Hamburger Steaks,5,2100.0,[Main Dishes],,"[ground beef, beef broth, all-purpose flour, vidalia onion]"
Korean-Barbecue-Flank-Steak-625782,Korean Barbecue Flank Steak,3,22920.0,[Main Dishes],[Barbecue],"[reduced sodium soy sauce, brown sugar, toasted sesame oil, fresh ginger, flank steak, green onions]"
MaMas-Crock-Pot-Cube-Steak-1367475,MaMa’s Crock Pot Cube Steak,4,1800.0,[Main Dishes],,"[cube steaks, onions, cream of mushroom soup, beef broth, fresh mushrooms, flour, salt, pepper, olive oil, sour cream, noodles]"
Peppered-Steak-977766,Peppered Steak,4,2700.0,[Main Dishes],,"[olive oil, flank steak, soy sauce, hoisin sauce, brown sugar, garlic, ginger, black pepper, corn starch, bell pepper, white onion]"
How-to-Cook-Tenderloin-Steak-on-the-Stove-967808,How to Cook Tenderloin Steak on the Stove,3,1800.0,[Main Dishes],,"[tenderloin steaks, ground pepper, salt, olive oil]"
Breaded-Steaks-MyRecipes-237347,Breaded Steaks,4,,[Main Dishes],,"[steak, all-purpose flour, eggs, milk, salt, pepper, seasoned bread crumbs, canola oil]"
Pan-Seared-Oven-Roasted-Strip-Steak-1013086,Pan Seared Oven Roasted Strip Steak,4,1080.0,[Main Dishes],,"[steak, salt, pepper, garlic powder]"
Asian-Steak-Kebabs-1228591,Asian Steak Kebabs,4,2400.0,[Main Dishes],[Barbecue],"[steak, honey, soy sauce, ground ginger, garlic powder]"
Asian-Style-Steak-1074312,Asian Style Steak,4,2520.0,[Main Dishes],[Asian],"[steak, onions, teriyaki sauce, Sriracha, corn starch]"
Pan-Fried-Garlic-Steak-966683,Pan-Fried Garlic Steak,3,1800.0,[Main Dishes],,"[rib eye steaks, olive oil, salt and ground black pepper, garlic, butter, cannellini beans, flat leaf parsley]"
Steak-Dinner-MyRecipes-266446,Steak Dinner,0,1800.0,[Main Dishes],[American],"[yukon gold potatoes, olive oil, flank steak, kosher salt, black pepper, sour cream, fresh lemon juice, cider vinegar, chopped fresh chives, arugula]"
Steak-with-Herb-Butter-496532,Steak with Herb Butter,4,2400.0,[Main Dishes],,"[filet mignon steaks, salt, butter, olive oil, garlic, shallots, herbs]"
Easy-Baked-Salmon-Steaks-1366756,Easy Baked Salmon Steaks,4,2100.0,[Main Dishes],,"[salmon steaks, freshly ground black pepper, salt, lemon slices, fresh parsley, lemon, olive oil]"
Caribbean-jerk-beef-steak-304463,Caribbean Jerk Beef Steak,4,12660.0,[Main Dishes],,"[Wish-Bone Italian Dressing, worcestershire sauce, firmly packed brown sugar, jalapeno chilies, ground allspice, ground ginger, steak]"
Country-Fried-Steak-1213886,Country Fried Steak,4,2100.0,[Main Dishes],,"[rib eye steaks, milk, eggs, flour, seasoning salt, canola oil, cold milk, ground black pepper, kosher salt]"
Smothered-Steak-Epicurious_1,Smothered Steak,5,7200.0,[Main Dishes],,"[bacon slices, vegetable oil, chuck eye steak, all-purpose flour, onions, water]"
Rosemary-Blue-Cheese-Steak-1175614,Rosemary Blue Cheese Steak,4,1500.0,[Main Dishes],,"[steak, crumbled blue cheese, fresh rosemary, kosher salt, cracked black pepper]"
Grilled-Flank-Steak-1333519,Grilled Flank Steak,4,1800.0,[Main Dishes],[Barbecue],"[flank steak, marinade, soy sauce, ruby port, peanut oil, dried thyme, dried oregano]"
Philly-Cube-Steak-931995,Philly Cube Steak,4,1800.0,[Main Dishes],,"[steak, onions, mozzarella cheese, provolone cheese, butter, olive oil, salt, black pepper]"
Tangy-Ham-Steak-TasteOfHome,Tangy Ham Steak,4,900.0,[Main Dishes],,"[ketchup, pickle relish, cider vinegar, brown sugar, cayenne pepper, ham steak]"
Steak-Taco-Bowl-1357803,Steak Taco Bowl,4,2700.0,[Main Dishes],,"[sour cream, chili powder, lime, salt, flank steak, oregano, olive oil, onions, orange bell pepper, cremini mushrooms, medium zucchini, avocado, queso fresco]"
Asian-Sesame-Grilled-Tuna-Steak-1310033,Asian Sesame Grilled Tuna Steak,4,2100.0,[Main Dishes],[Asian],"[tuna steaks, garlic, lemon juice, soy sauce, sesame oil, sesame seeds, scallions]"
Mexican-style-grilled-steak-303215,Mexican-style Grilled Steak,4,3300.0,[Main Dishes],,"[Wish-Bone Italian Dressing, chopped cilantro fresh, lime juice, steak]"
Philly-Cheese-Steak-Egg-Rolls-1364923,Philly Cheese Steak Egg Rolls,4,2700.0,[Appetizers],,"[egg roll wrappers, sirloin steak, green bell pepper, purple onion, butter, garlic powder, provolone cheese, canola oil, eggs, light mayonnaise, milk, horseradish, cracked black pepper]"
Buttery-cilantro-steak-304639,Buttery Cilantro Steak,4,1200.0,[Main Dishes],,"[boneless sirloin steak, chopped cilantro fresh, i can't believ it' not butter! sprai origin]"
Chicken-Fried-Steak-1241992,Chicken Fried Steak,4,2400.0,[Main Dishes],,"[cube steaks, whole milk, gravy, large eggs, all-purpose flour, kosher salt, ground black pepper, garlic powder, cayenne, canola oil]"
Bbq-Steak-Allrecipes,BBQ Steak,5,12600.0,[Main Dishes],"[Barbecue, American]","[onions, garlic, olive oil, vinegar, soy sauce, fresh rosemary, dijon, salt, black pepper, tri-tip steak]"
Baked-steak-with-gravy-339076,Baked Steak with Gravy,4,5100.0,[Main Dishes],,"[all-purpose flour, salt, pepper, steak, butter, golden mushroom soup, water, sliced mushrooms]"
Pan-Seared-Steak-1072298,Pan-Seared Steak,3,3000.0,[Main Dishes],,"[rib eye steaks, peanut oil, butter, garlic, fresh thyme]"
Asian-Steak-Kebabs-1255862,Asian Steak Kebabs,4,2400.0,[Main Dishes],[Barbecue],"[steak, honey, soy sauce, ground ginger, garlic powder]"
Mediterranean-grilled-steak-297525,Mediterranean Grilled Steak,4,3000.0,[Main Dishes],[Mediterranean],"[wish-bone, garlic, sprig fresh rosemary, torn into piec, steak]"
Pork-Steaks-Allrecipes,Pork Steaks,5,2700.0,[Main Dishes],,"[butter, soy sauce, green onions, garlic, steak]"
Tony_s-Steak-Epicurious-296346,Tony's Steak,5,4200.0,[Main Dishes],,"[scallions, garlic cloves, soy sauce, fresh lime juice, olive oil, light brown sugar, hot pepper sauce, toasted sesame oil, flank steak, kosher salt]"
Grilled-Flank-Steak-with-Chimichurri-Butter-1083699,Grilled Flank Steak with Chimichurri Butter,4,1200.0,[Main Dishes],[Barbecue],"[vegetables, salt, light brown sugar, soy sauce, red wine vinegar, crushed red pepper flakes, flank steak, flat leaf parsley, fresh oregano, garlic cloves, Land O Lakes® Butter]"
Beef-Sirloin-Steak-with-Baby-Spinach-1305305,Beef Sirloin Steak with Baby Spinach,4,2100.0,[Main Dishes],,"[olive oil, boneless beef sirloin steak, onions, red pepper, garlic, cream of mushroom soup, water, balsamic vinegar, rosemary leaves, baby spinach]"
Steak-Fajitas-1336362,Steak Fajitas,4,2400.0,[Main Dishes],[Mexican],"[flank steak, olive oil, worcestershire sauce, lime juice, garlic, cumin, chili powder, red pepper flakes, salt, black pepper, sugar, onions, red bell pepper, orange bell pepper, green bell pepper, slice, yellow bell pepper, oil, flour tortillas, cheese, salsa, sour cream, cilantro leaves]"
Marinated-Grilled-Steak-1180582,Marinated Grilled Steak,3,1080.0,[Main Dishes],[Barbecue],"[steak, soy sauce, vegetable oil, worcestershire sauce, dijon mustard, garlic, balsamic vinegar, crushed red pepper flakes]"
Salt-and-Pepper-Rib-Eye-Steak-628627,Salt-and-Pepper Rib Eye Steak,3,6600.0,[Main Dishes],[Barbecue],"[bone-in ribeye steak, kosher salt, black peppercorns, vegetable oil, coarse sea salt]"
Comforting-Cube-Steaks-Allrecipes,Comforting Cube Steaks,4,4200.0,[Main Dishes],,"[steak, cajun seasoning, ground black pepper, lemon-lime soda, condensed cream of mushroom soup, onion soup mix]"
Pan-fried-London-Broil-Steak-1356804,Pan-fried London Broil Steak,4,1500.0,[Main Dishes],,"[steak, kosher salt, dry mustard, pepper, butter]"
Steak-Pizzaiola-1331517,Steak Pizzaiola,3,3300.0,[Main Dishes],,"[new york strip steaks, medium zucchini, onions, button mushrooms, garlic, diced tomatoes, red wine, italian seasoning, olive oil, pepper, salt]"
Excellent-Pepper-Steak-590232,Excellent Pepper Steak,3,2400.0,[Main Dishes],,"[steak, onions, green pepper, green beans, canned tomatoes, hot water, beef bouillon, soy sauce, corn starch, cold water]"
Slow-Cooker-Cheese-Steak-Sandwiches-1344711,Slow Cooker Cheese Steak Sandwiches,4,2100.0,[Lunch and Snacks],,"[steak, beef broth, worcestershire sauce, Burgundy wine, minced garlic, butter, onions, bell pepper, sliced mushrooms, hoagie rolls, provolone cheese, mayonnaise]"
Balsamic-Steak-Skewers-1312884,Balsamic Steak Skewers,4,1200.0,[Main Dishes],[Barbecue],"[balsamic vinegar, barbecue sauce, dijon mustard, sirloin steak, cherry tomatoes]"
Quick-skillet-steak-with-onions-and-mushrooms-352544,Quick Skillet Steak with Onions and Mushrooms,5,2400.0,[Main Dishes],,"[sandwich steak, onions, olive oil, sliced mushrooms, cooking spray, garlic powder, salt, cracked black pepper]"
Beefy-chipotle-steak-299853,Beefy Chipotle Steak,4,11700.0,[Main Dishes],,"[boneless sirloin steak, garlic, Knorr® Beef Bouillon, chipotles in adobo, olive oil]"
Easy-Pepper-Steak-670606,Easy Pepper Steak,4,2700.0,[Main Dishes],,"[soy sauce, water, rice vinegar, corn starch, cracked black pepper, flank steak, olive oil, sweet mini bells, scallions, fresh ginger, garlic cloves]"
Steak-Quesadillas-644087,Steak Quesadillas,4,2100.0,[Main Dishes],,"[flank steak, all purpose seasoning, red bell pepper, purple onion, butter, jack cheese, guacamole, flour tortillas]"
Broiled-new-york-steak-307584,Broiled New York Steak,5,3000.0,,,"[new york strip steaks, mustard, powdered garlic, sea salt, seasoning salt, pepper, olive oil]"
Chicken-Fried-Steak-with-Gravy-1323425,Chicken Fried Steak with Gravy,4,2100.0,[Main Dishes],,"[steak, chicken, buttermilk, large eggs, all-purpose flour, potato flakes, cumin, paprika, cayenne, pepper, salt, canola oil, butter, gravy, garlic, milk, chicken broth, parsley, ground black pepper]"
Sirloin-Steak-Sandwiches-1289743,Sirloin Steak Sandwiches,3,900.0,[Lunch and Snacks],,"[olive oil, onions, light brown sugar, balsamic vinegar, butter, sirloin steak, sandwich rolls, goat cheese, baby spinach leaves]"
Brazilian-Skirt-Steak-with-Golden-Garlic-Butter-1002370,Brazilian Skirt Steak with Golden Garlic Butter,3,1800.0,[Main Dishes],,"[garlic, kosher salt, skirt steak, ground black pepper, canola oil, unsalted butter, flat leaf parsley]"
Jack-_-Coke-Steaks-1295051,Jack & Coke Steaks,4,2100.0,[Main Dishes],,"[jack daniels, coca-cola, light soy sauce, lemon juice, worcestershire sauce, hot sauce, brown sugar, garlic, black pepper, new york strip steaks]"
Cheese-Steak-Panini-1035770,Cheese Steak Panini,3,2400.0,[Lunch and Snacks],,"[rib eye steaks, onions, orange bell pepper, paprika, garlic powder, cayenne pepper, black pepper, salt, cream cheese, shredded cheese, french rolls]"
Skirt-Steak-with-Chimichurri-1079693,Skirt Steak with Chimichurri,4,1500.0,[Main Dishes],,"[fresh parsley leaves, fresh basil leaves, cilantro leaves, extra-virgin olive oil, garlic cloves, white wine vinegar, lime juice, ground coriander, ground cumin, salt, ground black pepper, chili powder, black pepper, ground cayenne pepper, skirt steak]"
Pork-Steak-with-Seasoned-Potatoes-1225906,Pork Steak with Seasoned Potatoes,3,4800.0,[Main Dishes],,"[pork steaks, worcestershire sauce, rosemary, garlic, russet potatoes, olive oil]"
Perfectly-Cooked-Steaks---Without-a-Grill-1236884,Perfectly Cooked Steaks - Without a Grill,4,900.0,[Main Dishes],,"[sirloin steak, canola oil, steak seasoning]"
Chaliapin-Steak-1249963,Chaliapin Steak,4,3300.0,[Main Dishes],,"[purple onion, steak, soy sauce, Sriracha, honey, balsamic vinegar, unsalted butter, chives]"
Fried-Round-Steak-1329301,Fried Round Steak,3,900.0,[Main Dishes],,"[steak, all-purpose flour, seasoning salt, ground black pepper, salt, canola oil, butter]"
Grilled-T-Bone-Steak-with-Garlic-Herb-Butter-1316578,Grilled T-Bone Steak with Garlic Herb Butter,3,3000.0,[Main Dishes],[Barbecue],"[butter, chopped fresh thyme, minced garlic, lemon zest, porterhouse steaks, ground black pepper, kosher salt]"
Chili-rubbed-steak-303250,Chili-rubbed Steak,4,900.0,[Main Dishes],,"[Knorr® Beef flavored Bouillon Cube, water, firmly packed brown sugar, chili powder, dri oregano leaves, crush, ground cumin, sirloin steak]"
How-to-make-lobster-steak-306777,How to Make Lobster Steak,5,5400.0,[Main Dishes],,"[lobster, shrimp, softened butter, chives, lemon zest, pepper, salt, wondra flour]"
Blake_s-Best-Steak-Allrecipes,Blake's Best Steak,4,2700.0,[Main Dishes],[Barbecue],"[rib eye steaks, olive oil, ground black pepper, salt, garlic, fresh rosemary]"
Pan-Seared-Steak-with-Chimichurri-1352470,Pan-Seared Steak with Chimichurri,3,960.0,,,"[flat leaf parsley, minced garlic, fresh oregano, red wine vinegar, red pepper flakes, kosher salt, cracked black pepper, extra-virgin olive oil, flat iron steaks, sugar, unsalted butter, garlic butter]"
Steak-with-Kimchi-Butter-514105,Steak with Kimchi Butter,5,2100.0,[Main Dishes],,"[kimchi, miso paste, butter, steak, fresh mushrooms, soy sauce, fresh chives]"
Salmon-Steak-on-the-Grill-1198454,Salmon Steak on the Grill,4,840.0,[Main Dishes],[Barbecue],"[salmon steaks, extra-virgin olive oil, salt, freshly ground pepper]"
Fabio_s-Fabulous-Flank-Steak-1057705,Fabio's Fabulous Flank Steak,4,1500.0,[Main Dishes],,"[fresh pineapple, red bell pepper, green onions, jalapeno chilies, lime, fresh basil leaves, salt, flank steak, Bertolli® Classico Olive Oil]"
Cuban-Marinated-Steak-970533,Cuban Marinated Steak,4,3900.0,[Main Dishes],"[Barbecue, Cuban]","[cumin seed, orange juice, vegetable oil, steak seasoning, lime juice, dried oregano, rib eye steaks]"
Finger-Steaks-AllRecipes,Finger Steaks,4,16200.0,[Main Dishes],[American],"[all-purpose flour, seasoning salt, ground black pepper, eggs, buttermilk, beer, hot pepper sauce, flat iron steaks, vegetable oil]"
Asian-Barbequed-Steak-Allrecipes,Asian Barbequed Steak,5,12300.0,[Main Dishes],"[Barbecue, Thai, Asian]","[chili sauce, fish sauce, dark sesame oil, fresh ginger root, garlic, flank steak]"
Crockpot-Steak-Tips-1305827,Crockpot Steak Tips,4,2700.0,,,"[sirloin tip steak, worcestershire sauce, garlic powder, onion powder, bbq sauce]"
Rolled-Flank-Steak-460517,Rolled Flank Steak,5,5100.0,[Main Dishes],,"[bread crumb fresh, olive oil, kosher salt, freshly ground pepper, baby spinach, roasted garlic, flank steak, ras el hanout, leeks]"
Butter-basted-pan-seared-thick-cut-steaks-304965,Butter-Basted Pan-Seared Thick-Cut Steaks,5,2100.0,,,"[rib eye steaks, bone in, ground black pepper, kosher salt, vegetable oil, butter, thyme, shallots]"
Slow-Cooker-Swiss-Steak-1299282,Slow Cooker Swiss Steak,4,1800.0,[Main Dishes],,"[round steaks, salt, pepper, onion soup mix, stewed tomatoes]"
Veri-Veri-Honey-Lime-Steak-636764,Veri Veri Honey Lime Steak,4,3600.0,[Main Dishes],[Barbecue],"[Soy Vay® Veri Veri Teriyaki® Marinade & Sauce, flank steak, honey, lime, red pepper flakes]"
Amazing-Steak-and-Chicken-Marinade-1355781,Amazing Steak and Chicken Marinade,4,1500.0,[Main Dishes],,"[soy sauce, olive oil, fresh lemon juice, worcestershire sauce, garlic powder, dried basil, parsley flakes, pepper, garlic]"
Slow-Cooker-Steak-with-Gravy-1333438,Slow Cooker Steak with Gravy,4,21900.0,[Main Dishes],,"[flat iron steaks, onion soup mix, water, cream of mushroom soup]"
Easy-Crock-Pot-Pepper-Steak-1052549,Easy Crock Pot Pepper Steak,4,540.0,[Main Dishes],,"[steak, beef stew meat, beef broth, pepper, soy sauce, garlic cloves, corn starch, salt]"
Philly-Cheese-Steak-AllRecipes,Philly Cheese Steak,5,1800.0,[Main Dishes],,"[steak, yellow onion, marinade, soft sandwich rolls, cheese spread]"
Steak-Teriyaki-894939,Steak Teriyaki,4,1500.0,[Main Dishes],"[Japanese, Asian]","[sirloin steak, salt, vegetable oil, cremini mushrooms, shallots, sake, mirin, dark soy sauce, scallions, white sesame seeds]"
Steak-with-Parmesan-Butter-1342272,Steak with Parmesan Butter,4,1200.0,[Main Dishes],,"[butter, grated parmesan cheese, ground pepper, steak]"
Pan-Seared-Sirloin-Steak-1043270,Pan-Seared Sirloin Steak,3,900.0,[Main Dishes],,"[boneless beef sirloin steak, lemon pepper seasoning, grated lemon peel, soy sauce, olive oil]"
Grilled-Ribeye-Steak-with-Onion-Blue-Cheese-Sauce-The-Pioneer-Woman-Cooks-_-Ree-Drummond-41322,Grilled Ribeye Steak with Onion Blue Cheese Sauce,5,2100.0,[Main Dishes],,"[rib eye steaks, butter, salt, pepper, yellow onion, heavy cream, crumbled blue cheese]"
Skirt-Steak-with-Chimichurri-Sauce-1352157,Skirt Steak with Chimichurri Sauce,4,1200.0,[Main Dishes],,"[skirt steak, salt, pepper, parsley leaves, cilantro leaves, olive oil, red wine vinegar, garlic, red pepper flakes]"
Pepper-steak-349124,Pepper Steak,3,2100.0,[Main Dishes],,"[shell steak, salt, pepper, flour, extra-virgin olive oil, shallots, green peppercorns, cognac, beef broth, heavy cream, steak sauce, potatoes]"
Steak-bites-346452,Steak Bites,5,2700.0,[Appetizers],[American],"[seasoning salt, pepper, garlic salt, new york strip steaks, extra-virgin olive oil, low-fat mayonnaise, prepared horseradish, dijon mustard, baguette, flat leaf parsley]"
Flank-Steak-Epicurious-53458,Flank Steak,5,4200.0,[Main Dishes],,"[dry red wine, soy sauce, garlic, flat leaf parsley, cracked black pepper, flank steak]"
Tremendously-Delicious-Marinated-Steak-The-Pioneer-Woman-287113,Tremendously Delicious Marinated Steak,5,,[Main Dishes],,"[rib eye steaks, ground nutmeg, ground cumin, ground cinnamon, ground ginger, chili powder, ground turmeric, garlic salt, olive oil]"
Grilled-Balsamic-Garlic-Steak-624931,Grilled Balsamic-Garlic Steak,3,1200.0,[Main Dishes],[Barbecue],"[balsamic vinegar, worcestershire sauce, garlic, kosher salt, black pepper, olive oil, fresh rosemary, steak]"
Wine-Glazed-Steak-997943,Wine-Glazed Steak,3,2100.0,[Main Dishes],,"[top sirloin steak, olive oil, fresh mushrooms, garlic, crushed red pepper, cranberry juice, dry red wine, balsamic vinegar, reduced sodium soy sauce, honey]"
Philly-Cheese-Steak-Dip-980086,Philly Cheese Steak Dip,4,2100.0,[Appetizers],,"[shoulder steak, olive oil, diced onions, green pepper, cream cheese, mayonnaise, provolone cheese]"
Passover-Steaks-517800,Passover Steaks,4,1200.0,,,"[pawpaw, red wine vinegar, sugar, ginger, rib eye steaks, oil, salt, ground black pepper]"
Midwest-Pepper-Steak-1317782,Midwest Pepper Steak,4,3300.0,[Main Dishes],,"[flank steak, honey, red wine vinegar, soy sauce, worcestershire sauce, olive oil, green bell pepper, onions, garlic, red pepper flakes, corn starch, mashed potatoes]"
Homemade-Salisbury-Steak-for-Two-1375236,Homemade Salisbury Steak for Two,4,2400.0,[Main Dishes],,"[onions, small red potato, canola oil, salt, pepper, lean ground beef, worcestershire sauce, dry mustard, onion powder, garlic powder]"
California-Style-Garlic-Pepper-Steak-636913,California Style Garlic Pepper Steak,4,1140.0,,,"[McCormick® California Style Garlic Pepper with Red Bell and Black Pepper, salt, flank steak]"
Balsamic-Seasoned-Steak-MyRecipes-237320,Balsamic-Seasoned Steak,3,1500.0,[Main Dishes],,"[balsamic vinegar, steak sauce, top sirloin steak, ground pepper, reduced fat swiss cheese]"
Sonia_s-Special-Steaks-My-Recipes,Sonia's Special Steaks,4,1800.0,[Main Dishes],,"[large garlic cloves, olive oil, balsamic vinegar, soy sauce, rib eye steaks, ground black pepper, kosher salt]"
Southern-Slow-Steaks-1229770,Southern Slow Steaks,4,15300.0,[Main Dishes],,"[sirloin steak, salt, pepper, olive oil, garlic powder, onion powder, beef stock cubes, beef broth, water, all-purpose flour]"
Ultimate-Steak-Sandwich-1356244,Ultimate Steak Sandwich,4,1800.0,[Lunch and Snacks],,"[butter, onions, sliced mushrooms, garlic, flat iron steaks, brown sugar, flour, ground cumin, black pepper, salt, beef broth, french bread, monterey jack, crumbled gorgonzola]"
Scrumptious-Crockpot-Steak-Sandwich-1118362,Scrumptious Crockpot Steak Sandwich,3,11100.0,[Lunch and Snacks],,"[steak, onions, green bell pepper, beef broth, pepper, cumin, french rolls]"
Fried-Round-Steak-961294,Fried Round Steak,5,1500.0,[Main Dishes],,"[cube steaks, all-purpose flour, seasoning salt, ground black pepper, salt, canola oil, butter]"
Grilled-Ribeye-Steak-with-Gorgonzola-Butter-483093,Grilled Ribeye Steak with Gorgonzola Butter,4,1500.0,[Main Dishes],,"[rib eye steaks, salt, butter, gorgonzola, chopped parsley, garlic]"
Crock-Pot-Pepper-Steak-1282330,Crock Pot Pepper Steak,4,2700.0,[Main Dishes],,"[flank steak, onion slices, bell pepper, soy sauce, sesame oil, brown sugar, garlic, rice]"
Skillet-Steaks-with-Gorgonzola-Herb-Butter-1004594,Skillet Steaks with Gorgonzola Herb Butter,4,2700.0,[Main Dishes],,"[new york strip steaks, black pepper, kosher salt, olive oil, butter, gorgonzola, fresh parsley]"
Steak-Promodoro-1305268,Steak Promodoro,4,2700.0,[Main Dishes],,"[tri-tip steak, garlic, olive oil, balsamic vinegar, Italian herbs, diced tomatoes, onions, fresh basil, garlic salt, pasta]"
Korean-Style-Marinated-Boneless-Shell-Steak-1002877,Korean-Style Marinated Boneless Shell Steak,4,3300.0,[Main Dishes],,"[shell steak, fresh ginger, garlic, sugar, soy sauce, balsamic vinegar, sesame oil]"
Rolled-Flank-Steak-Martha-Stewart-191935,Rolled Flank Steak,4,6000.0,[Main Dishes],,"[flank steak, olive oil, balsamic vinegar, garlic, shredded mozzarella cheese, scallions, roasted red peppers, freshly ground pepper, coarse salt]"
Balsamic-Steak-Rolls-574411,Balsamic Steak Rolls,3,3000.0,[Main Dishes],,"[skirt steak, carrots, bell pepper, zucchini, green onions, garlic, dried oregano, dried basil, cooking fat, ground black pepper, sea salt, ghee, shallots, balsamic vinegar, honey, beef stock]"
Rosemary-garlic-steak-315024,Rosemary Garlic Steak,5,1200.0,[Main Dishes],,"[rib eye steaks, olive oil, garlic, rosemary, salt, pepper]"
Grilled-_and-marinated_-Flank-Steak-1331719,Grilled (and marinated) Flank Steak,4,2100.0,[Main Dishes],[Barbecue],"[flank steak, maldon sea salt, ground black pepper, extra-virgin olive oil, balsamic vinegar, red wine vinegar, garlic cloves, red pepper flakes, soy sauce, rosemary]"
Marinated-Steak-Tips-1034630,Marinated Steak Tips,4,1800.0,,,"[water, soy sauce, brown sugar, crushed garlic, ground cinnamon, worcestershire sauce, onion powder]"
Citrus-Garlic-Marinated-Steak-998008,Citrus-Garlic Marinated Steak,4,3300.0,[Main Dishes],,"[steak, lime, orange, lemon, olive oil, garlic cloves, salt, smoked paprika, pepper]"
Broiled-miso-steak-349055,Broiled Miso Steak,5,1800.0,[Main Dishes],,"[red miso, worcestershire sauce, sesame oil, sugar, sirloin steak]"
Vietnamese-Style-Steak-781148,Vietnamese-Style Steak,3,3300.0,[Main Dishes],,"[Maggi, canola oil, ground black pepper, garlic cloves, top sirloin steak, rice]"
Coffee-and-Smoked-Paprika-Rubbed-Steak-with-Buttermilk-Dressing-1374059,Coffee and Smoked Paprika-Rubbed Steak with Buttermilk Dressing,3,1500.0,[Main Dishes],,"[flank steak, brown sugar, instant espresso powder, smoked paprika, garlic powder, salt, freshly ground black pepper, medium zucchini, cherry tomatoes, mushrooms, dressing]"
Coffee-Marinated-Skirt-Steak-760924,Coffee-Marinated Skirt Steak,3,4200.0,[Main Dishes],[Barbecue],"[garlic cloves, coffee, balsamic vinegar, dijon mustard, light brown sugar, olive oil, ground black pepper, shallots, skirt steak, kosher salt]"
Steak-Sandwich-1199946,Steak Sandwich,4,1800.0,[Lunch and Snacks],,"[sirloin steak, yellow onion, havarti cheese, parmesan cheese, butter, garlic, dill, baguette, oil]"
Barbeque-Halibut-Steaks-Allrecipes,Barbeque Halibut Steaks,5,1500.0,[Main Dishes],[Barbecue],"[butter, brown sugar, garlic, lemon juice, soy sauce, ground black pepper, halibut steak]"
Saikoro-Steak-1073026,Saikoro Steak,4,1200.0,[Main Dishes],,"[tenderloin steaks, salt, black pepper, daikon, oil, garlic, dry sherry, green onions, korean chili threads, ponzu]"
Chunky-Steak-Pie-1351555,Chunky Steak Pie,4,1200.0,[Main Dishes],,"[chuck steaks, onions, cream of chicken soup, beef stock cubes, gravox, minced garlic, pepper, tomato sauce, worcestershire sauce]"
Crockpot-Cubed-Steaks-with-Gravy-824703,Crockpot Cubed Steaks with Gravy,3,30600.0,[Main Dishes],,"[flour, cube steaks, vegetable oil, onions, water, brown gravy, gravy, onion gravy]"
Rock_s-T_Bone-Steaks-AllRecipes,Rock's T-Bone Steaks,5,900.0,[Main Dishes],[Barbecue],"[salt, paprika, ground black pepper, onion powder, garlic powder, cayenne pepper, ground coriander, ground turmeric, t-bone steak]"
Skirt-Steak-Fajitas-1364424,Skirt Steak Fajitas,4,4800.0,[Main Dishes],,"[marinade, garlic, extra-virgin olive oil, coconut aminos, cumin, chili powder, cilantro, lime, skirt steak, sea salt, black pepper, red bell pepper, yellow bell pepper, green bell pepper, slice, onions, jalapeno chilies, avocado, beefsteak tomatoes]"
Smothered-Steak-Tips-With-Creamy-Mushrooms-And-Onions-1367856,Smothered Steak Tips With Creamy Mushrooms And Onions,4,2100.0,[Main Dishes],,"[sirloin steak, soy sauce, brown sugar, montreal steak seasoning, green onions, garlic, olive oil, cremini mushrooms, vidalia onion, salt, fresh thyme, heavy cream]"
Mexicali-Steak-1220807,Mexicali Steak,3,1500.0,[Main Dishes],,"[I Can't Believe It's Not Butter!® Spread, flank steak, Knorr® Fiesta Sides™ - Mexican Rice, cherry tomatoes, avocado, shredded cheddar cheese]"
_Slow-Cooker_-Steak-Soup-1371910,{Slow Cooker} Steak Soup,4,3600.0,"[Soups, Main Dishes]",,"[sirloin tip roast, flour, salt, ground pepper, canola oil, onion soup mix, beef broth, tomato paste, worcestershire sauce, medium egg noodles]"
Chicken-Fried-Steak-1338401,Chicken Fried Steak,4,3900.0,[Main Dishes],,"[bottom round, kosher salt, ground black pepper, all-purpose flour, eggs, vegetable oil, chicken broth, whole milk, fresh thyme leaves]"
Grilled-Skirt-Steak-Epicurious,Grilled Skirt Steak,5,2400.0,[Main Dishes],,"[black peppercorns, skirt steak, coarse sea salt]"
Balsamic-Whiskey-Steak-985772,Balsamic-Whiskey Steak,4,5400.0,[Main Dishes],,"[porterhouse steaks, balsamic vinegar, whiskey, honey, salt, pepper, olive oil, butter]"
Steak-Tacos-with-Guacamole-459374,Steak Tacos with Guacamole,0,,[Main Dishes],[American],"[corn tortillas, flank steak, avocado, fresh tomato salsa, lime, freshly ground pepper, romaine lettuce]"
Skillet-Swiss-Steak-1350373,Skillet Swiss Steak,4,1260.0,[Main Dishes],,"[butter, flour, salt, pepper, cube steaks, celery ribs, onions, garlic cloves, diced tomatoes in juice, worcestershire sauce, all purpose unbleached flour, thyme]"
Skillet-Skirt-Steak-with-Balsamic-Cherry-Tomatoes-634395,Skillet Skirt Steak with Balsamic Cherry Tomatoes,3,1500.0,[Main Dishes],,"[olive oil, skirt steak, salt, pepper, cherry tomatoes, garlic, balsamic vinegar]"
Onion-glazed-steak-303943,Onion-glazed Steak,4,1380.0,[Main Dishes],,"[olive oil, steak, red wine vinegar, water, Lipton® Recipe Secrets® Onion Soup Mix]"
Best-Steak-Marinade-in-Existence-1347254,Best Steak Marinade in Existence,4,900.0,,,"[soy sauce, olive oil, fresh lemon juice, worcestershire sauce, garlic powder, dried basil, parsley flakes, ground white pepper, hot pepper sauce, dried minced garlic]"
_Authentic_-Philly-Steak-Sliders-599805,"""Authentic"" Philly Steak Sliders",4,1800.0,[Main Dishes],,"[rib eye steaks, sweet onion, butter, salt, pepper, cheeze, slider buns]"
Cauliflower-Steaks-1107683,Cauliflower Steaks,3,900.0,,,"[cauliflower, shredded cheddar cheese, scallions, salt, pepper]"
Oven-Baked-Steak-and-Potatoes-1004799,Oven-Baked Steak and Potatoes,3,6300.0,[Main Dishes],,"[potatoes, onions, olive oil, round steaks, salt, pepper]"
London-Broil-1375016,London Broil,3,1500.0,[Main Dishes],[Barbecue],"[steak, soy sauce, garlic, fresh ginger, brown sugar]"
Texas-Seasoned-Rib-Eye-Steak-1018744,Texas Seasoned Rib Eye Steak,4,4500.0,[Main Dishes],[Barbecue],"[steak seasoning, granulated garlic, salt, black pepper, white pepper, thyme, ground coriander, ground chipotle chile pepper, cayenne pepper, oil, pepper]"
Dirty-Steak-Epicurious-54113,Dirty Steak,5,1500.0,[Main Dishes],,"[rib eye steaks, strip steaks, fine sea salt, ground black pepper, unsalted butter, lemon]"
Seared-Ahi-Tuna-Steaks-Allrecipes,Seared Ahi Tuna Steaks,5,1020.0,[Main Dishes],,"[ahi tuna steaks, kosher salt, cayenne pepper, butter, olive oil, whole peppercorn]"
Perfect-Grilled-Skirt-Steak-511648,Perfect Grilled Skirt Steak,5,6300.0,[Main Dishes],,"[canola oil, meat seasoning, garlic, lemon juice, skirt steak]"
Super-Tender-Steak-749713,Super-Tender Steak,3,3300.0,[Main Dishes],,"[chuck steaks, pepper, coarse salt, extra-virgin olive oil, cider vinegar]"
Country-Swiss-Steak_-1227245,Country Swiss Steak!,4,4200.0,[Main Dishes],,"[round steaks, flour, seasoning salt, garlic salt, black pepper, vegetable oil, sweet onion, green bell pepper, tomatoes, water, beef bouillon granules]"
Whiskey-Sirloin-Steak-and-Cranberries-1352271,Whiskey Sirloin Steak and Cranberries,4,4500.0,[Main Dishes],,"[dried cranberries, whiskey, brown sugar, sirloin steak, canola oil]"
Texas-Barbecue-Steak-1286821,Texas Barbecue Steak,4,900.0,[Main Dishes],[Barbecue],"[steak sauce, water, worcestershire sauce, soy sauce, apple cider vinegar, tomato paste, olive oil, brown sugar, chili powder, minced garlic, onion powder, salt, black pepper]"
Steak-Pizzaiolo-1157945,Steak Pizzaiolo,3,1800.0,[Main Dishes],,"[olive oil, beef steak, salt, red pepper, onions, diced tomatoes, greens]"
Lime-Chili-Rubbed-Steak-1001949,Lime-Chili Rubbed Steak,4,1200.0,[Main Dishes],,"[chili powder, granulated garlic, cumin, coriander, oregano, cayenne pepper, salt, black pepper, lime, extra-virgin olive oil, flank steak]"
Quick-and-Easy-Pan-Fried-Flank-Steak-781146,Quick and Easy Pan-Fried Flank Steak,5,3000.0,[Main Dishes],,"[flank steak, dry mustard, ground black pepper, softened butter, salt]"
Cabernet-Filet-Mignon-Steak-896953,Cabernet Filet Mignon Steak,4,2100.0,,,"[filet mignon, wine, butter, olive oil]"
Hoisin-Glazed-Flank-Steak-1246622,Hoisin Glazed Flank Steak,4,1020.0,[Main Dishes],,"[flank steak, hoisin sauce, fresh ginger root, lime]"
Juicy-Butt-Steaks-Allrecipes,Juicy Butt Steaks,5,15000.0,[Main Dishes],[American],"[steak, onions, ketchup, water, pepper, salt, garlic powder]"
Cowboy-Steaks-1092836,Cowboy Steaks,4,3600.0,[Main Dishes],,"[rib eye steaks, kosher salt, black pepper, extra-virgin olive oil, shallots, garlic cloves, tomato paste, Guinness Beer, beef stock, worcestershire sauce, unsalted butter]"
Philly-Cheese-Steak-Omelette-1312794,Philly Cheese Steak Omelette,4,1500.0,[Breakfast and Brunch],,"[eggs, rib eye steaks, green bell pepper, slice, onions, provolone cheese, salt, pepper, butter]"
Autumn-Spice-Ham-Steak-Allrecipes,Autumn Spice Ham Steak,5,1500.0,[Main Dishes],,"[butter, ham steak, red apples, green apples, pancake syrup, ground cinnamon]"
St_-Louis-Pork-Steaks-Allrecipes,St. Louis Pork Steaks,4,2940.0,[Main Dishes],"[Barbecue, American]","[steak, seasoning salt, pepper, apple cider vinegar, water]"
Spice_roasted-Porterhouse-Steaks-Epicurious,Spice-Roasted Porterhouse Steaks,4,3000.0,[Main Dishes],[American],"[porterhouse steaks, olive oil, rub]"
Skirt-Steak-Fajitas-1353236,Skirt Steak Fajitas,4,4500.0,[Main Dishes],,"[garlic, extra-virgin olive oil, coconut aminos, cumin, chili powder, cilantro, lime, skirt steak, sea salt, black pepper, red bell pepper, yellow bell pepper, green bell pepper, slice, onions, jalapeno chilies, avocado, beefsteak tomatoes]"
Swiss-Steak-1168239,Swiss Steak,3,3900.0,[Main Dishes],,"[chuck steaks, garlic cloves, all-purpose flour, salt, black pepper, vegetable oil, onions, water]"
Steak-Pizzaiola-1374232,Steak Pizzaiola,4,3000.0,[Main Dishes],,"[chuck, flour, olive oil, dry red wine, garlic, oregano, thyme, salt, black pepper, crushed tomatoes]"
Grilled-breakfast-steak-over-fried-egg-and-beans-334169,Grilled Breakfast Steak Over Fried Egg and Beans,5,2100.0,[Breakfast and Brunch],[Barbecue],"[breakfast steak, extra-virgin olive oil, kosher salt, ground black pepper, ancho powder, large eggs, black beans]"
No-Fun-Steaks-Allrecipes,No Fun Steaks,4,8220.0,[Main Dishes],[Barbecue],"[soy sauce, hot sauce, orange juice, garlic, grated orange, steak]"
Better-than-restaurant-quality-New-York-Strip-Steaks___-624230,Better than restaurant quality New York Strip Steaks...,3,2700.0,[Main Dishes],,"[new york strip steaks, worcestershire sauce, montreal steak seasoning, butter, fresh thyme, olive oil]"
Grilled-Latin-Style-Skirt-Steak-Martha-Stewart-195091,Grilled Latin-Style Skirt Steak,5,4200.0,[Main Dishes],,"[garlic, fresh oregano, salt, black pepper, extra-virgin olive oil, fresh lime juice, sugar, skirt steak]"
Riad-and-Lee_s-Steak-Martha-Stewart-195540,Riad and Lee's Steak,3,900.0,[Main Dishes],,"[steak, freshly ground pepper, coarse salt, vegetable oil, butter]"
Bourbon-Butter-Venison-Steak-_Tips_-818366,"Bourbon Butter Venison Steak ""Tips""",4,1620.0,,,"[venison steaks, bourbon whiskey, maple syrup, cider vinegar, unsalted butter, chili pepper flakes, chopped fresh chives]"
Garlic-skirt-steak-303225,Garlic Skirt Steak,4,1500.0,[Main Dishes],,"[Country Crock® Spread, onions, jalapeno chilies, garlic, steak, chopped cilantro fresh, flour tortillas, tomatoes, avocado]"
Grilled-flank-steak-with-portobello-mushrooms-300145,Grilled Flank Steak With Portobello Mushrooms,4,12120.0,[Main Dishes],,"[Wish-Bone Balsamic Italian Vinaigrette Dressing, steak, sliced mushrooms, mixed greens, purple onion, tomatoes]"
Grilled-Tropical-Tuna-Steaks-Allrecipes,Grilled Tropical Tuna Steaks,4,4980.0,[Main Dishes],[Barbecue],"[pineapple, hoisin sauce, lime juice, chopped cilantro fresh, fresh ginger, sesame oil, tuna steaks]"
Golden-glazed-flank-steak-303632,Golden Glazed Flank Steak,4,1800.0,[Main Dishes],,"[Lipton® Recipe Secrets® Onion Soup Mix, preserves, water, steak, green bell pepper, slice, regular or convert rice]"
Philly-Cheese-Steak-Sandwiches-989214,Philly Cheese Steak Sandwiches,4,4200.0,[Lunch and Snacks],,"[skirt steak, sub rolls, vegetable oil, salt, pepper, grated parmesan cheese, American cheese]"
Bloody-good-steak-325678,Bloody Good Steak,3,1500.0,[Main Dishes],,"[flank steak, black peppercorns, extra-virgin olive oil, kosher salt, balsamic vinegar]"
Smothered-balsamic-onion-steak-300183,Smothered Balsamic Onion Steak,4,1800.0,[Main Dishes],,"[I Can't Believe It's Not Butter!® Spread, sweet onion, balsamic vinegar, water, Knorr® Au Jus gravy mix, brown dark firmli pack sugar, sirloin steak]"
Grilled-Thai-Coconut-Lime-Skirt-Steak-1171143,Grilled Thai Coconut Lime Skirt Steak,4,16200.0,[Main Dishes],[Thai],"[lite coconut milk, coconut sugar, lime zest, lime juice, Thai fish sauce, ginger root, skirt steak, coarse kosher salt]"
Pan-fried-London-Broil-Steak-1348208,Pan-fried London Broil Steak,4,1500.0,[Main Dishes],,"[steak, kosher salt, dry mustard, pepper, butter]"
Swiss-Steak-1040626,Swiss Steak,4,4800.0,[Main Dishes],,"[round steaks, salt, nonstick spray, all-purpose flour, low sodium tomato, celery, onions, frozen corn, oregano]"
Seven-Spiced-Shark-Steaks-Allrecipes,Seven Spiced Shark Steaks,4,3000.0,[Main Dishes],,"[steak, soy sauce, worcestershire sauce, onion powder, garlic salt, chopped fresh thyme, ground black pepper, chili powder]"
Broiled-Salmon-Steaks-781125,Broiled Salmon Steaks,3,1200.0,[Main Dishes],,"[salmon steaks, olive oil, ground black pepper, kosher salt, salsa, roasted poblano]"
Sous-Vide-Steaks-596413,Sous-Vide Steaks,3,2700.0,[Main Dishes],,"[steak, ground black pepper, kosher salt, thyme, garlic cloves, shallots, canola oil]"
Chicken-Fried-Steak-with-Cream-Gravy-1196965,Chicken Fried Steak with Cream Gravy,3,2400.0,[Main Dishes],,"[rib eye steaks, milk, eggs, flour, seasoning salt, ground black pepper, canola oil, cold milk, kosher salt]"
Sesame-Crusted-Tuna-Steaks-682497,Sesame-Crusted Tuna Steaks,4,900.0,[Main Dishes],[Asian],"[tuna steaks, white sesame seeds, black sesame seeds, toasted sesame oil, soy sauce, ground black pepper, vegetable oil]"
Skillet-Steak-Bites-1353525,Skillet Steak Bites,3,1200.0,[Main Dishes],,"[beef sirloin, salt, pepper, unsalted butter, sauce, dry red wine, worcestershire sauce]"
Marinated-Flank-Steak-1008708,Marinated Flank Steak,4,900.0,[Main Dishes],[Barbecue],"[olive oil, soy sauce, red wine vinegar, garlic, honey, black pepper, flank steak]"
Hamburger-Steak-Bento-511002,Hamburger Steak Bento,4,900.0,[Main Dishes],,"[japanese rice, hamburger steak, broccoli, tomatoes, celery, corn, furikake]"
Tequila-Steak-Allrecipes,Tequila Steak,4,1200.0,[Main Dishes],[Barbecue],"[tequila, worcestershire sauce, cayenne pepper, garlic, steak]"
Black-pepper-steak-314998,Black Pepper Steak,5,3000.0,[Main Dishes],[Asian],"[beef tenderloin, cooking oil, garlic, fresh ginger, green bell pepper, red bell pepper, onions, ground black pepper, salt, soy sauce, oyster sauce, worcestershire sauce, chinese rice wine, corn starch, sesame oil, sugar]"
Steak-Parmesan-1212788,Steak Parmesan,4,2100.0,,,"[bacon fat, Italian seasoned breadcrumbs, shredded parmesan cheese, kosher salt, pepper, cajun seasoning, eggs, milk, steak, marinara sauce]"
Ginger-Miso-Salmon-Steaks-1191746,Ginger Miso Salmon Steaks,4,1500.0,[Main Dishes],,"[salmon steaks, miso paste, maple syrup, ginger, garlic cloves, green onions]"
Chicken-Fried-Steak-_from-my-dad_-530753,Chicken-Fried Steak (from my dad),5,1500.0,[Main Dishes],,"[top round steak, flour, large eggs, milk, kosher salt, black pepper, cayenne, country gravy]"
Parmesan-Horseradish-Crusted-Steak-561580,Parmesan Horseradish Crusted Steak,4,2700.0,[Main Dishes],,"[unsalted butter, grated parmesan cheese, panko breadcrumbs, bread crumbs, prepared horseradish, tenderloin steaks, salt, pepper]"
Flank-Steak-Pinwheels-1225516,Flank Steak Pinwheels,4,1500.0,[Main Dishes],[Barbecue],"[flank steak, olive oil, kosher salt, ground black pepper, lemon, rosemary, garlic, Italian parsley leaves, shaved parmesan cheese]"
Copycat-Applebee_s-Smothered-Steak-Skillet-1332345,Copycat Applebee's Smothered Steak Skillet,3,5100.0,[Main Dishes],,"[garlic, olive oil, potatoes, milk, cream, butter, salt, ground pepper, yellow onion, cremini mushrooms, sirloin steak, mozzarella cheese]"
Pan-Fried-Steak-Martha-Stewart-195567,Pan-Fried Steak,5,1800.0,[Main Dishes],,"[steak, coarse salt, ground black pepper, unsalted butter]"
Tandoori-Steak-779141,Tandoori Steak,3,1800.0,[Main Dishes],[Barbecue],"[mustard seeds, fennel seeds, black peppercorns, grains of paradise, coarse sea salt, pepper flakes, cayenne pepper, new york strip steaks, extra-virgin olive oil]"
Philly-Cheese-Steak-Bombs-1300458,Philly Cheese Steak Bombs,4,2400.0,[Main Dishes],,"[olive oil, onions, green bell pepper, roast beef deli meat, garlic powder, montreal steak seasoning, worcestershire sauce, shredded mozzarella cheese, crescent rolls]"
Italian-steak-pinwheels-348313,Italian Steak Pinwheels,4,1560.0,[Main Dishes],[Italian],"[flank steak, salt, pepper, roasted bell peppers, fresh basil leaves, fresh mozzarella, extra-virgin olive oil]"
Rosemary-Steak-Allrecipes,Rosemary Steak,4,11760.0,[Main Dishes],,"[red wine, salt, fresh rosemary, new york strip steaks]"
Steak-With-Bell-Peppers-590228,Steak With Bell Peppers,3,1800.0,[Main Dishes],,"[olive oil, boneless beef sirloin steak, red pepper, onions, garlic, dri oregano leaves, crush, beef broth, water]"
Balsamic-Steak-Marinade-_great_-1103105,Balsamic Steak Marinade (great),4,1500.0,[Main Dishes],,"[olive oil, balsamic vinegar, tamari soy sauce, dijon mustard, garlic, chili powder, paprika, salt, pepper, steak]"
Perfect-Rib-Eye-Steak-684919,Perfect Rib Eye Steak,4,1920.0,[Main Dishes],[Barbecue],"[rib eye steaks, kosher salt, ground black pepper, orange, garlic cloves, onion powder, dill seed]"
Stir-Fried-Steak-with-Black-Garlic-1226862,Stir-Fried Steak with Black Garlic,4,1500.0,[Main Dishes],,"[new york strip steaks, soy sauce, toasted sesame oil, ground black pepper, black garlic, scallions]"
Vietnamese-Flank-Steak-1272565,Vietnamese Flank Steak,4,2880.0,[Main Dishes],,"[fish sauce, soy sauce, lime, brown sugar, garlic, fresh ginger, jalapeno chilies, flank steak]"
Steak-with-Burgundy-Mushroom-Sauce-The-Pioneer-Woman-Cooks-_-Ree-Drummond-41278,Steak with Burgundy Mushroom Sauce,5,1200.0,[Main Dishes],,"[steak, butter, white mushrooms, garlic, green onions, red wine, salt, pepper, fresh parsley]"
Chicken-fried-steak-340021,Chicken Fried Steak,3,2400.0,[Main Dishes],,"[round steaks, eggs, water, flour, salt, pepper]"
Copycat-Chili_s-Steak-Fajitas-1217129,Copycat Chili's Steak Fajitas,3,7800.0,[Main Dishes],,"[sirloin steak, water, lime juice, salt, pepper, onions, green pepper, tomatoes, vegetable oil]"
Salmon-Steaks-With-Hoisin-Glaze-Martha-Stewart,Salmon Steaks With Hoisin Glaze,5,1080.0,[Main Dishes],,"[fresh orange juice, hoisin sauce, honey, salmon steaks, coarse salt, ground pepper]"
Soy_Marinated-Flank-Steak-Martha-Stewart,Soy-Marinated Flank Steak,4,1500.0,[Main Dishes],[American],"[soy sauce, light brown sugar, cider vinegar, worcestershire sauce, dijon mustard, red pepper flakes, ground pepper, flank steak, vegetable oil]"
Stockholm-Steak-with-Capers-1088273,Stockholm Steak with Capers,4,1200.0,,,"[steak, salt, pepper, olive oil, dry white wine, garlic, shallots, butter, fresh chives, capers, brandy, caper brine]"
Balsamic-Marinated-Skirt-Steak-Martha-Stewart-196669,Balsamic Marinated Skirt Steak,4,,[Main Dishes],"[Barbecue, American]","[balsamic vinegar, olive oil, rosemary sprigs, garlic, skirt steak, freshly ground pepper, coarse salt]"
Spinach-Stuffed-Flank-Steak-977885,Spinach-Stuffed Flank Steak,3,1200.0,[Main Dishes],,"[dried tomatoes, flank steak, salt, pepper, frozen chopped spinach, grated parmesan cheese, fresh basil]"
Leftover-Steak-and-Spinach-Quesadilla-with-Provolone-1222134,Leftover Steak and Spinach Quesadilla with Provolone,4,900.0,[Main Dishes],,"[extra-virgin olive oil, flank steak, spinach, tortillas, provolone cheese]"
Italian-cheese-steaks-298145,Italian Cheese Steaks,4,900.0,[Main Dishes],[Italian],"[sirloin steak, vegetable oil, chunky pasta sauce, crushed red pepper flakes, shredded mozzarella cheese]"
Adobo-Peppered-Steak-634537,Adobo Peppered Steak,3,2400.0,[Main Dishes],,"[rib eye steaks, purple onion, garlic cloves, coconut aminos, apple cider vinegar, bay leaves, kosher salt, cracked black pepper, bell pepper, cooking fat]"
Hanger-Steak-with-Red-Wine-Sauce-1345691,Hanger Steak with Red Wine Sauce,4,2700.0,[Main Dishes],,"[hanger steak, cracked black pepper, salt, oil, shallots, butter, dry red wine, beef stock, whole grain mustard]"
Caprese-Pasta-and-Steak-1051259,Caprese Pasta and Steak,3,1200.0,[Main Dishes],,"[rigatoni, basil pesto sauce, tri-tip steak, roma tomatoes, chees fresh mozzarella, fresh basil leaves]"
Grilled-Marinated-Sirloin-Flap-Steaks-Epicurious_1,Grilled Marinated Sirloin Flap Steaks,5,2700.0,[Main Dishes],,"[soy sauce, balsamic vinegar, pure maple syrup, garlic cloves, sirloin tip]"
Sous-Vide-Kahlua-Marinated-Flank-Steak-1037108,Sous Vide Kahlua-Marinated Flank Steak,3,2700.0,[Main Dishes],,"[flank steak, kosher salt, ground black pepper, kahlua, extra-virgin olive oil]"
Cast-Iron-Steak-793456,Cast-Iron Steak,3,3600.0,[Main Dishes],,"[coarse salt, beef steak, rib eye steaks, black pepper]"
Grilled-Steak-with-Arugula-Salad-1060289,Grilled Steak with Arugula Salad,3,1260.0,[Main Dishes],,"[skirt steak, salt, pepper, unsalted butter, minced garlic, chopped fresh chives, fresh lemon juice, dijon mustard, baby arugula, fresh parmesan cheese]"
Stuffed-Flank-Steak-1014425,Stuffed Flank Steak,3,1200.0,[Main Dishes],,"[flank steak, frozen chopped spinach, crumbled blue cheese, roast red peppers, drain, seasoned bread crumbs, egg yolks, garlic salt, ground black pepper, olive oil]"
