id,recipeName,rating,totalTimeInSeconds,course,cuisine,ingredients,dish
Simple-Apple-Tart-1368386,Simple Apple Tart,4,2400.0,[Desserts],,"[pie crust, apples, tart apples, melted butter, turbinado, apple pie spice]",tart
Fresh-Fruit-Tarts-1374898,Fresh Fruit Tarts,4,9000.0,[Desserts],,"[flour, sugar, salt, butter, eggs, milk, large egg yolks, corn starch, whole milk, vanilla, fruit]",tart
Lemon-Tart-1369745,Lemon Tart,4,6300.0,"[Desserts, Afternoon Tea]",,"[unsalted butter, powdered sugar, kosher salt, all-purpose flour, large eggs, vanilla extract, tart shells, sugar, fresh lemon juice, grated lemon zest, heavy cream]",tart
Spinach_-Artichoke_-Brie_-and-Sundried-Tomato-Stuffing-1379178,"Spinach, Artichoke, Brie, and Sundried Tomato Stuffing",4,5400.0,[Side Dishes],,"[extra-virgin olive oil, frozen spinach, yellow onion, garlic, fresh thyme, fresh rosemary, salt, freshly ground black pepper, artichoke hearts, sun-dried tomatoes, large eggs, and fat free half half, vegetable broth, lemon juice, french bread, brie cheese, freshly grated parmesan, fresh parsley leaves]",tart
Holly-Tarts-_for-the-Holidays_-1376756,Holly Tarts [for the Holidays],4,1500.0,[Desserts],,"[tart shells, cream cheese, sweetened condensed milk, lemon juice, raspberries, fresh mint, berry preserves]",tart
Mini-Apple-Tarts-1375415,Mini Apple Tarts,3,1020.0,[Desserts],,"[tart shells, granny smith apples, lemon, butter, brown sugar, caramel ice cream topping, whipped cream]",tart
Lemon-Tartlets-1373072,Lemon Tartlets,4,2700.0,[Desserts],,"[butter, sugar, egg whites, flour, eggs, lemon zest, lemon juice, powdered sugar]",tart
Mixed-Nut-Tarts-1374998,Mixed Nut Tarts,4,2100.0,[Desserts],,"[unsalted butter, brown sugar, sugar, heavy cream, honey, vanilla, mini phyllo dough shells]",tart
Red-Berry-and-Frangipane-Tarts-1375554,Red Berry and Frangipane Tarts,4,1500.0,[Desserts],,"[flour, powdered sugar, butter, lemon zest, vanilla essence, small eggs, sugar, eggs, ground almonds, almond extract, raspberries, sliced almonds]",tart
Lemon-Tart-510460,Lemon Tart,5,,,,"[lemon juice, lemon, sugar, butter, large eggs, large egg yolks, tart shells]",tart
Whole-lemon-tart-307092,Whole Lemon Tart,5,3300.0,[Desserts],,"[tart shells, lemon, sugar, unsalted butter, large eggs, corn starch, table salt]",tart
White-Chocolate-and-Blueberry-Tarts-1356949,White Chocolate and Blueberry Tarts,4,2100.0,[Desserts],,"[tart shells, white chocolate, cream, blueberries, powdered sugar]",tart
Butter-Tarts-Allrecipes,Butter Tarts,5,3000.0,[Desserts],,"[brown sugar, eggs, butter, raisins, heavy cream, chopped walnuts, tart shells]",tart
No-Bake-Dark-Chocolate-Cherry-Tart-1344366,No-Bake Dark Chocolate Cherry Tart,3,3000.0,[Desserts],,"[Ghirardelli® Unsweetened Cocoa Powder, graham cracker crumbs, butter, Ghirardelli 100% Cacao Unsweetened Chocolate Baking Bar, Ghirardelli 60% Cacoa Bittersweet Chocolate Baking Chips, heavy cream, confectioners sugar, morello cherries, heavy whipping cream, cream cheese, cherries, cacao]",tart
Tarte-Aux-Pommes-1367642,Tarte Aux Pommes,4,4500.0,[Desserts],,"[apples, lemon, sugar, water, butter, glaze, tart shells, apricot preserves]",tart
Flaky-French-Pastry-Shop-Apple-Tart-1377806,Flaky French Pastry Shop Apple Tart,3,4200.0,[Desserts],,"[butter, sugar, vanilla extract, flour, cream cheese, eggs, apples, cinnamon]",tart
Spicy-Sausage-_-Cheese-Tarts-1375828,Spicy Sausage & Cheese Tarts,4,1500.0,[Appetizers],,"[pork sausages, shredded cheddar cheese, spicy ranch salad dressing, mini phyllo dough shells]",tart
Cinnamon-Ginger-Kabocha-Squash-Soup-with-Tart-Cherry-Drizzle-1373409,Cinnamon Ginger Kabocha Squash Soup with Tart Cherry Drizzle,4,5400.0,[Soups],,"[kabocha squash, coconut oil, small yellow onion, garlic, fresh ginger, cinnamon, red pepper flakes, chicken broth, 2% reduced-fat milk, tart cherries, pecans, dried tart cherries]",tart
Apricot-Tart-Tatin-1365635,Apricot Tart Tatin,4,4800.0,[Desserts],,"[flour, butter, salt, water, apricots, brown sugar]",tart
Rustic-Peach-Tart-1353474,Rustic Peach Tart,3,5100.0,[Desserts],,"[all-purpose flour, salt, unsalted butter, cold water, peaches, sugar, fresh lime juice, corn starch, eggs, apricot preserves, water]",tart
Little-Chick-Lemon-Tarts-1360674,Little Chick Lemon Tarts,4,3000.0,[Desserts],,"[white sugar, eggs, fresh lemon juice, lemon, butter, tart shells, mini candy button eyes, candy sprinkles, sprinkles, orange]",tart
Over-the-Top-Mini-Pecan-Pie-Tarts-1375096,Over the Top Mini Pecan Pie Tarts,4,3600.0,[Desserts],,"[pie crust, all-purpose flour, salt, dairy free butter, ice water, egg substitute, dark brown sugar, maple syrup, saltines, ground cinnamon, pecans, vanilla extract, pecan halves, soy milk powder, sugar, water, shredded coconut]",tart
Maple-Pecan-Tarts-_Without-Corn-Syrup_-1362848,Maple Pecan Tarts (Without Corn Syrup),4,11400.0,[Desserts],,"[confectioners sugar, salt, unsalted butter, Equal Sweetener, large egg whites, sugar, large eggs, maple syrup, pecans]",tart
Blueberry-Lemon-Tart-Smoothie-1369344,Blueberry Lemon Tart Smoothie,3,600.0,[Beverages],,"[blueberries, lemon juice, vanilla, water, spinach]",tart
Treacle-Tart-1378160,Treacle Tart,4,900.0,[Desserts],,"[butter, powdered sugar, egg yolks, plain flour, golden syrup, cream, eggs, lemon juice, salt, bread crumb fresh]",tart
Butterscotch-Pecan-Mini-Tarts-1380089,Butterscotch-Pecan Mini Tarts,3,15000.0,[Desserts],,"[flour, Planters Pecans, sugar, butter, Bakers Semi-Sweet Baking Chocolate Bar, butterscotch flavor instant pudding, cold milk, cool whip]",tart
Macaron-Tips-and-Tricks-and-a-1370211,Macaron Tips and Tricks and a,4,4200.0,[Desserts],[French],"[large egg whites, cream of tartar, sugar, salt, powdered sugar, almond flour]",tart
Onion-Tart-1380360,Onion Tart,3,6300.0,,,"[all-purpose flour, unsalted butter, cold water, yellow onion, olive oil, egg yolks, cream, grated nutmeg, sea salt, freshly ground black pepper, tart]",tart
Tarts-1376923,Tarts,4,2700.0,[Desserts],,"[almond flour, quinoa flakes, cocoa powder, salt, cinnamon, instant espresso powder, brown sugar, eggs, coconut oil, vanilla extract, powdered gelatin, water, lemon juice, frozen blackberries, frozen raspberries, maple syrup, egg whites, heavy cream]",tart
Chocolate-Tart-1358056,Chocolate Tart,4,3000.0,[Desserts],,"[heavy whipping cream, semi-sweet chocolate morsels, eggs, pie crust]",tart
Copycat-Trader-Joe_s-Cranberry-Walnut-Tart-1377801,Copycat Trader Joe's Cranberry Walnut Tart,3,5100.0,[Desserts],,"[butter, confectioners sugar, all-purpose flour, baking powder, fresh cranberries, orange, zest, chopped walnuts, eggs, dark corn syrup, sugar]",tart
Apple-or-Pear-Fruit-Tarts-1368612,Apple or Pear Fruit Tarts,3,4500.0,[Desserts],,"[Pepperidge Farm Puff Pastry Shells, sugar, ground cinnamon, ground ginger, apples, caramel topping, vanilla ice cream]",tart
Snickers-Brownie-Tart-1373337,Snickers Brownie Tart,4,88800.0,[Desserts],,"[chocolate pie crust, brownies, cream, caramel sauce, almond meal, coconut flour, unsweetened cocoa powder, salt, baking soda, coconut oil, maple syrup, eggs, vanilla extract, sweet potatoes, cocoa, coconut cream, peanut butter, gelatin]",tart
Homemade-Sweet-Tarts-1367894,Homemade Sweet Tarts,3,2100.0,[Desserts],,"[soda, gelatin, powdered sugar, citric acid, extract, food colouring, lemon zest]",tart
Snickerdoodles-1372020,Snickerdoodles,4,2400.0,[Desserts],,"[butter, shortening, white sugar, eggs, vanilla extract, all-purpose flour, cream of tartar, baking soda, salt, ground cinnamon]",tart
Apple-Rose-Tart-1364272,Apple Rose Tart,3,4500.0,[Desserts],,"[pecan halves, granulated sugar, all-purpose flour, salt, unsalted butter, egg yolks, vanilla, milk, heavy cream, ground cinnamon, cinnamon sticks, vanilla beans, corn starch, red apples, lemon juice, apple jelly, water]",tart
Homemade-pop-tarts-305704,Homemade Pop Tarts,5,4800.0,[Afternoon Tea],,"[all-purpose flour, sugar, salt, unsalted butter, large eggs, milk, filling, tart, brown sugar, ground cinnamon, jam, cold water, corn starch, caramels, chocolate chips, Nutella]",tart
Mini-Pear-Tarts-1379029,Mini Pear Tarts,4,2400.0,[Desserts],,"[all-purpose flour, powdered sugar, unsalted butter, bosc pears, brown sugar, ground cinnamon, grated nutmeg, ground cloves, salt, whipped cream]",tart
Apple-or-Pear-Fruit-Tarts-1369074,Apple or Pear Fruit Tarts,3,4500.0,[Desserts],,"[Pepperidge Farm Puff Pastry Shells, sugar, ground cinnamon, ground ginger, apples, caramel topping, vanilla ice cream]",tart
Tart-Cherry-Vodka-Sour-1364546,Tart Cherry Vodka Sour,4,600.0,[Beverages],,"[flavored vodka, cherry juice, limeade, tonic water]",tart
Chocolate-Butterscotch-Pecan-Tart-1359230,Chocolate Butterscotch Pecan Tart,4,1500.0,[Desserts],,"[tart crust, pecan halves, butterscotch sauce, chocolate chips, butterscotch chips, whipped cream]",tart
Fried-Apples-1366179,Fried Apples,4,1800.0,[Side Dishes],,"[cooking apples, butter, lemon, light brown sugar, salt, cinnamon, grated nutmeg]",tart
Easy-Butter-Tarts-968596,Easy Butter Tarts,4,1500.0,[Desserts],,"[dark corn syrup, melted butter, brown sugar, eggs, lemon juice, vanilla, pecans, raisins, tart shells]",tart
Quick-Pumpkin-Tarts-1377376,Quick Pumpkin Tarts,3,2400.0,[Desserts],,"[crust, walnuts, coconut, maple syrup, coconut oil, salt, pumpkin purée, almond milk, medjool date, vanilla, cinnamon, ground ginger, ground cloves]",tart
Chocolate-tart-310690,Chocolate Tart,5,,,,"[sugar, coffee, unsalted butter, sea salt, semisweet chocolate, unsweetened chocolate, large eggs, flour, dark rum, tart shells]",tart
Elegant-Apple-Tart-1349677,Elegant Apple Tart,3,,[Desserts],,"[all-purpose flour, almond flour, powdered sugar, salt, unsalted butter, eggs, vanilla beans, apples, butter, sugar, water, tart]",tart
Apple-Tart-1179814,Apple Tart,4,5100.0,[Desserts],,"[tart crust, frangipane, apples, melted butter, cinnamon sugar]",tart
Fall-Dried-Fruit-Tart-1363421,Fall Dried Fruit Tart,4,4500.0,[Desserts],,"[refrigerated piecrusts, apple juice, plums, dried apricot, dried tart cherries, light brown sugar, flour, ground cinnamon, ground nutmeg, apples, pecans, whipped cream]",tart
Egg-Tart-1377944,Egg Tart,4,3600.0,[Desserts],,"[butter, plain flour, corn flour, sugar, eggs, salt, vanilla essence, milk, condensed milk, vanilla extract]",tart
Lazy-Turtle-Tart-1353492,Lazy Turtle Tart,3,1680.0,[Desserts],,"[pretzels, chocolate, chopped pecans]",tart
Chocolate-Orange-Tart-1379957,Chocolate Orange Tart,4,6300.0,[Desserts],,"[plain flour, butter, caster sugar, cocoa powder, large eggs, cream, dark chocolate, Grand Marnier, orange zest]",tart
Simple-Apple-Galette-1368574,Simple Apple Galette,4,5400.0,[Desserts],[French],"[all-purpose flour, sugar, salt, unsalted butter, cold water, granny smith apples]",tart
Apple-Butter-Crumble-Tart-1380032,Apple Butter Crumble Tart,4,3240.0,[Desserts],,"[puff pastry, apples, unsalted butter, plain flour, dark brown sugar, rolled oats, apple butter, eggs]",tart
Old-Fashioned-Butter-Tarts-1063568,Old Fashioned Butter Tarts,4,3000.0,[Desserts],,"[tart shells, all-purpose flour, sugar, salt, butter, cold water, tart filling, brown sugar, corn syrup, eggs, vanilla]",tart
Snickerdoodles-1375180,Snickerdoodles,3,2700.0,[Desserts],,"[butter, sugar, baking soda, cream of tartar, salt, eggs, vanilla, all-purpose flour, ground cinnamon]",tart
Apple-Raspberry-Tart-1362856,Apple Raspberry Tart,4,4500.0,[Desserts],,"[all-purpose flour, granulated sugar, cinnamon, butter, eggs, ice water, apples, lemon juice, fresh raspberries]",tart
Mini-nutella-tarts-335413,Mini Nutella Tarts,5,2700.0,[Desserts],,"[cool whip, Nutella, white chocolate, heavy cream, large egg whites, sugar, unsalted butter, salt, tart shells, confectioners sugar]",tart
Whipped-Mocha-Tart-1287755,Whipped Mocha Tart,4,3600.0,[Desserts],,"[caramels, tart crust, milk chocolate, heavy cream, coffee granules, salt]",tart
Lemon-Cookie-Tarts-1369141,Lemon Cookie Tarts,4,3000.0,[Desserts],,"[sugar, butter, powdered sugar, vegetable oil, eggs, almond extract, baking soda, cream of tartar, flour, lemon curd, sweetened condensed milk]",tart
Super-Simple-Blueberry-Tarts-1242943,Super Simple Blueberry Tarts,4,1800.0,[Desserts],,"[tart shells, fresh blueberries, sugar, corn starch, salt, lemon juice]",tart
Salted-Pistachio-Chocolate-Tart-1353178,Salted Pistachio Chocolate Tart,4,1800.0,[Desserts],,"[flour, cocoa powder, butter, sugar, powdered sugar, whipping cream, dark chocolate chip]",tart
Asiago-Mushroom-Tart-1358010,Asiago Mushroom Tart,3,4500.0,,,"[dried porcini mushrooms, boiling water, pie crust, pies, unsalted butter, cremini mushrooms, purple onion, garlic, dried thyme, pepper, dry sherry, worcestershire sauce, shredded asiago cheese, heavy cream, large eggs]",tart
Millionaire-Chocolate-Ganache-Tart-1348247,Millionaire Chocolate Ganache Tart,4,6300.0,[Desserts],,"[plain flour, butter, caster sugar, large eggs, double cream, dark chocolate]",tart
Charred-Blood-Orange-Tart-1349660,Charred Blood Orange Tart,4,2940.0,[Desserts],,"[flour, butter, vegetable shortening, granulated sugar, heavy cream, zest, juice, lemon juice, eggs, egg yolks, sugar, sour cream, salt, coulis, frosting, water, light corn syrup]",tart
Classic-Apple-Pie-1368367,Classic Apple Pie,4,5400.0,[Desserts],,"[pie dough, tart apples, granulated sugar, corn starch, ground cinnamon, lemon juice, unsalted butter, eggs, cold water]",tart
Apple-Tart-Pastries-1374992,Apple Tart Pastries,4,3600.0,[Desserts],,"[frozen pastry puff sheets, granny smith apples, sugar, butter, apricot jelly, water]",tart
Caramel-Chess-Tart-489956,Caramel Chess Tart,4,4740.0,[Desserts],,"[tart, unsalted butter, light brown sugar, large eggs, all-purpose flour, buttermilk, salt, vanilla extract]",tart
Lemon-Tart-1207323,Lemon Tart,4,6300.0,[Desserts],,"[plain flour, butter, sea salt, water, lemon juice, medium eggs, egg yolks, caster sugar, tart]",tart
Holiday-Cobbler-with-Cinnamon-Ice-Cream-1377607,Holiday Cobbler with Cinnamon Ice Cream,3,3900.0,[Desserts],,"[cranberries, cherries, water, granulated sugar, all-purpose flour, plums, quick rolled oats, brown sugar, baking powder, salt, cream of tartar, butter, milk, cinnamon ice cream]",tart
Gluten-Free-Tart-Crust-1375503,Gluten Free Tart Crust,4,1200.0,[Desserts],,"[blanched almond flour, sea salt, coconut oil, large eggs]",tart
Toasted-Almond-_-Caramel-Tart-1374321,Toasted Almond & Caramel Tart,3,15600.0,[Desserts],,"[all-purpose flour, powdered sugar, sliced almonds, salt, Land O Lakes Unsalted Butter, almond extract, sugar, water, Land O Lakes Heavy Whipping Cream, honey, vanilla]",tart
Bittersweet-Chocolate-Pumpkin-Tart-1378264,Bittersweet Chocolate Pumpkin Tart,4,7200.0,[Desserts],,"[cooki vanilla wafer, pecans, light brown sugar, ground cinnamon, kosher salt, unsalted butter, heavy cream, whole milk, pumpkin purée, chocolate, large eggs, ground ginger, ground cloves, grated nutmeg, bourbon whiskey]",tart
Jam-Tarts-1361715,Jam Tarts,4,2700.0,[Desserts],,"[flour, corn flour, baking powder, butter, egg yolks, milk, egg whites, sugar, coconut]",tart
Egg-Tarts-1023513,Egg Tarts,4,3000.0,[Desserts],,"[butter, sugar, eggs, vanilla, flour, salt, water, whole milk, vanilla extract]",tart
Tart-Cherries-And-Cream-Popsicles-1228628,Tart Cherries And Cream Popsicles,4,1800.0,[Desserts],,"[tart cherries, sugar, water, heavy whipping cream, pure vanilla extract, salt]",tart
Cranberry-and-Brown-Sugar-Custard-Tart-1366728,Cranberry and Brown Sugar Custard Tart,3,6300.0,[Desserts],,"[tart shells, butter, sugar, large egg yolks, vanilla extract, salt, flour, water, cranberries, large eggs, brown sugar, half & half, almond extract, confectioners sugar]",tart
Lemonade-tarts-308180,Lemonade Tarts,5,2700.0,[Desserts],,"[egg yolks, sweetened condensed milk, lemon zest, lemon juice, pure vanilla extract, shells, fresh raspberries]",tart
Cranberry-Pecan-Tart-1378343,Cranberry Pecan Tart,4,9000.0,[Desserts],,"[unbaked pie crusts, frozen cranberries, toasted pecans, large eggs, honey, unsalted butter, kosher salt, pure vanilla extract]",tart
Bakewell-tart-305459,Bakewell Tart,5,,[Desserts],"[German, Irish]","[tart shells, chopped almonds, all-purpose flour, sugar, unsalted butter, large eggs, large egg whites, almond extract, orange zest, raspberry jam, sliced almonds]",tart
Ginger-Pumpkin-Meringue-Pie-1377725,Ginger Pumpkin Meringue Pie,3,5340.0,[Desserts],,"[gingersnap, pumpkin, sugar, ground ginger, salt, ground cinnamon, eggs, milk, maple syrup, meringue, egg whites, vanilla, cream of tartar, brown sugar, crushed graham crackers, butter]",tart
Maria-Jaramillo-1378903,Maria Jaramillo,3,2100.0,[Desserts],,"[sugar, water, large egg whites, cream of tartar, unsalted butter, vanilla extract]",tart
Traditional-Egg-Custard-Tart-1376761,Traditional Egg Custard Tart,4,3600.0,[Desserts],,"[shortcrust pastry, regular sugar, eggs, milk, grated nutmeg]",tart
TAFFY-APPLE-TARTLETS-1376443,TAFFY APPLE TARTLETS,4,2100.0,[Desserts],,"[dry roasted peanuts, granny smith apples, caramel sauce, all-purpose flour, refrigerated piecrusts, caramels]",tart
Apple-Tart-761596,Apple Tart,4,5100.0,[Desserts],,"[flour, sugar, butter, cold water, eggs, cinnamon, apples]",tart
Whole-Lemon-Tart-_Tarte-au-Citron_-1019915,Whole-Lemon Tart (Tarte au Citron),5,2100.0,[Desserts],[French],"[tart shells, pastry cream, strawberries, whole milk, vanilla extract, vanilla beans, large egg yolks, sugar, corn starch, unsalted butter]",tart
Pizza-Tarts-762741,Pizza Tarts,4,3600.0,,,"[frozen pastry puff sheets, pizza sauce, shredded mozzarella cheese, red pepper, purple onion, italian seasoning, fresh oregano]",tart
_Nightlock_-Berry-Cupcakes-with-Berry-Frosting-1374971,"""Nightlock"" Berry Cupcakes with Berry Frosting",4,5160.0,[Desserts],,"[butter, vegetable oil, granulated sugar, vanilla extract, lemon extract, eggs, buttermilk, all-purpose flour, baking powder, baking soda, salt, blackberries, raspberries, powdered sugar, candy melts]",tart
Brown-Butter-Apple-Tart-1370682,Brown Butter Apple Tart,4,5100.0,[Desserts],,"[wheat flour, sugar, salt, unsalted butter, ice water, vanilla beans, vanilla extract, granny smith apples, Honeycrisp apples, salted butter, turbinado, cinnamon]",tart
Nutella-Brownies-1374177,Nutella Brownies,4,2400.0,[Desserts],,"[unsalted butter, Nutella, dark chocolate, granulated sugar, coarse kosher salt, pure vanilla extract, large eggs, all-purpose flour]",tart
Lemon-Tart-1067293,Lemon Tart,4,3600.0,[Desserts],,"[butter, granulated sugar, vanilla extract, all-purpose flour, large eggs, lemon, lemon juice, powdered sugar]",tart
Bet-You-Can_t-Eat-Just-One-Sugar-Cookies-1373606,Bet You Can't Eat Just One Sugar Cookies,3,2400.0,[Desserts],,"[butter, cooking oil, granulated sugar, powdered sugar, baking soda, cream of tartar, salt, eggs, vanilla, all-purpose flour, decorating sugars, edible glitter]",tart
Walnut-tartlets-307256,Walnut Tartlets,5,4800.0,[Desserts],,"[tart shells, whipping cream, sugar, golden brown sugar, honey, grated orange peel, anise, walnuts, salt]",tart
Cinnamon-apple-tart-with-pecan-crust-345334,Cinnamon Apple Tart with Pecan Crust,5,5100.0,[Desserts],,"[Jonagolds, fresh lemon juice, arrowroot powder, honey, ground cinnamon, tart crust]",tart
Sweet-Lemon-Meringue-Tart-1080583,Sweet Lemon Meringue Tart,3,4800.0,[Desserts],,"[tart, pudding powder, egg yolks, egg whites, cream of tartar, sugar, vanilla extract]",tart
Lemon-Layered-Chiffon-Cake-1379162,Lemon Layered Chiffon Cake,3,3000.0,[Desserts],,"[flour, baking powder, salt, granulated sugar, vegetable oil, large eggs, cold water, lemon juice, lemon zest, cream of tartar]",tart
Glazed-Fig-Tart-with-Dairy-Free-Chocolate-Ganache-1379625,Glazed Fig Tart with Dairy-Free Chocolate Ganache,3,3000.0,[Desserts],,"[figs, water, brown sugar, almonds, coconut cream, bittersweet chocolate, pie crust, tart, salted mixed nuts]",tart
Pumpkin-Meringue-Tarts-with-Whole-Wheat-Shortbread-Crust-1368567,Pumpkin Meringue Tarts with Whole Wheat Shortbread Crust,4,4200.0,[Desserts],,"[whole wheat pastry flour, sucanat, unsalted butter, kosher salt, pumpkin purée, ground cinnamon, ground ginger, ground cloves, large eggs, heavy cream, egg whites, pure maple syrup]",tart
Watermelon-Tarts-517762,Watermelon Tarts,4,,,,"[vanilla pudding, tart shells, seedless watermelon, cream sweeten whip, toasted slivered almonds]",tart
Cream-Cheese-Tarts-1356813,Cream Cheese Tarts,4,2100.0,[Desserts],,"[cream cheese, salted butter, flour, raspberry jam]",tart
Bonkers-Bread-_-Butter-Panettone-Pudding-Tart-1373317,Bonkers Bread & Butter Panettone Pudding Tart,3,3000.0,[Desserts],,"[unsalted butter, demerara sugar, panettone, vanilla pods, double cream, whole milk, large free range egg, golden caster sugar, dark chocolate, orange marmalade]",tart
Semisweet-Chocolate-Tart-with-Candied-Pistachios-_BloggerCLUE-1371847,Semisweet Chocolate Tart with Candied Pistachios #BloggerCLUE,4,4800.0,[Desserts],,"[butter, sugar, orange zest, vanilla extract, salt, flour, half & half, semisweet chocolate, eggs, Grand Marnier, shelled pistachios, fine sea salt]",tart
Blueberry-Crisp-Tart-with-Oat-Crust-_Gluten-Free_-Vegan_-1374038,"Blueberry Crisp Tart with Oat Crust (Gluten Free, Vegan)",4,4200.0,[Desserts],,"[fresh blueberries, honey, tapioca starch, almond flour, old-fashioned oats, baking powder, salt, coconut oil, chopped pecans]",tart
Cherry-Cream-Cheese-Tarts-1323810,Cherry Cream Cheese Tarts,4,2400.0,[Desserts],,"[cream cheese, sugar, pure vanilla extract, eggs, vanilla wafers, cherry pie filling]",tart
Pomegranate-Tart-1314196,Pomegranate Tart,4,6300.0,[Desserts],,"[unsalted butter, confectioners sugar, all-purpose flour, salt, tart, heavy whipping cream, semi-sweet chocolate morsels, Nutella, rum, pomegranate seeds]",tart
Lemon-Tart-1354589,Lemon Tart,4,6300.0,[Desserts],,"[coconut, unsalted butter, powdered sugar, eggs, vanilla, salt, all purpose unbleached flour, lemon juice, lemon zest, sugar, large eggs, heavy whipping cream]",tart
Classic-Butter-Tart-759415,Classic Butter Tart,4,3300.0,[Desserts],,"[refrigerated piecrusts, raisins, butter, brown sugar, salt, corn syrup, eggs, vanilla]",tart
Fig-_-Honey-Goat-Cheese-Tart-1378478,Fig & Honey Goat Cheese Tart,4,2400.0,[Desserts],,"[chex, gluten-free flour, granulated sugar, unsalted butter, goat cheese, light cream cheese, fig jam, honey, figs]",tart
Homemade-Pop-Tarts-683574,Homemade Pop Tarts,4,5100.0,"[Afternoon Tea, Desserts]",,"[all-purpose flour, salt, granulated sugar, unsalted butter, ice water, strawberry preserves, powdered sugar, half & half, vanilla extract]",tart
Lemon-Lavender-Tarts-_-Bouchon-Pate-Sucree-1356171,Lemon Lavender Tarts + Bouchon Pâte Sucrée,4,7080.0,[Desserts],,"[flour, powdered sugar, almond flour, unsalted butter, vanilla beans, eggs, dried beans, lemon juice, large eggs, egg yolks, sugar, heavy cream, vanilla extract, table salt, oil, honey, egg whites, tart, icing]",tart
Apple-_-Fennel-Slaw-1373351,Apple & Fennel Slaw,3,2700.0,,,"[fresh lemon juice, tart apples, fennel, purple onion, extra-virgin olive oil, flat leaf parsley, salt, freshly ground pepper]",tart
Mini-Pecan-Pies-1371089,Mini Pecan Pies,4,3900.0,[Desserts],,"[chopped pecans, sugar, dark corn syrup, large eggs, melted butter, vanilla extract, salt, tart shells]",tart
Pecan-Tassies-1372965,Pecan Tassies,3,4500.0,[Desserts],,"[butter, cream cheese, all-purpose flour, firmly packed brown sugar, chopped pecans, large eggs, vanilla extract, salt]",tart
How-To-Make-Pate-Sablee-for-Tarts-and-Pastries-1367394,How To Make Pâte Sablée for Tarts and Pastries,4,6300.0,[Desserts],,"[unsalted butter, powdered sugar, large egg yolks, salt, all-purpose flour, cream]",tart
Easy-French-Apple-Tart-1332695,Easy French Apple Tart,3,4800.0,[Desserts],,"[tart apples, ground cinnamon, ground nutmeg, sugar substitute, and fat free half half, biscuit mix, large eggs, egg substitute, canola oil, walnuts, brown sugar, margarine]",tart
Chocolate-_-Salted-Caramel-Tart-1373245,Chocolate & Salted Caramel Tart,3,3900.0,[Desserts],,"[shortcrust pastry, eggs, unsalted butter, dark chocolate, double cream, brown sugar, golden syrup, sea salt, chocolate bars]",tart
Chocolate-Salted-Caramel-Tart-996719,Chocolate Salted Caramel Tart,4,5400.0,[Desserts],,"[flour, ground almonds, unsweetened cocoa powder, sugar, salt, unsalted butter, vanilla extract, eggs, ice water, water, heavy cream, bittersweet chocolate, sea salt crystals]",tart
Gluten-Free-No-Bake-Fruit-Tart-1316694,Gluten Free No Bake Fruit Tart,4,1200.0,[Desserts],,"[pecans, raw almond, dates, greek yogurt, fruit, tart]",tart
Cranberry-Brie-Mini-Tarts-1368964,Cranberry Brie Mini Tarts,4,780.0,[Appetizers],,"[phyllo, brie cheese, cranberry sauce]",tart
Butter-Tart-Squares-931876,Butter Tart Squares,4,2100.0,[Desserts],,"[butter, powdered sugar, all-purpose flour, brown sugar, eggs, white vinegar, vanilla, raisins]",tart
Home-Made-Pop-Tarts-1364729,Home Made Pop Tarts,4,2400.0,[Desserts],,"[pie crust, strawberry jam, chocolate chips, bananas, heavy cream]",tart
Chocolate_Raspberry-Tart-Martha-Stewart,Chocolate-Raspberry Tart,4,3600.0,[Desserts],[American],"[chocolate wafer cookies, sugar, coarse salt, unsalted butter, semi-sweet chocolate morsels, heavy cream, fresh raspberries]",tart
Rainier-Cherry-Almond-Tart-1056720,Rainier Cherry Almond Tart,3,3300.0,"[Afternoon Tea, Desserts]",,"[tart, unsalted butter, sugar, eggs, almond extract, almond flour, all-purpose flour, cherries]",tart
French-Apple-Tart-1345957,French Apple Tart,3,6300.0,[Desserts],[French],"[all-purpose flour, kosher salt, sugar, unsalted butter, ice water, granny smith apples, apricot jelly, calvados]",tart
Mary-Berrys-treacle-tart-with-woven-lattice-top-1370671,Mary Berry’s treacle tart with woven lattice top,3,7200.0,[Desserts],,"[plain flour, butter, golden syrup, bread crumbs, lemon zest, free-range eggs]",tart
Tart-Cherry-Pre-Workout-Gummies-1369417,Tart Cherry Pre-Workout Gummies,3,2400.0,[Desserts],,"[water, cherry juice, agar agar flakes, sugar]",tart
Turtle-Tart-1330850,Turtle Tart,4,2580.0,[Desserts],,"[unsalted butter, firmly packed light brown sugar, vanilla, all-purpose flour, chop fine pecan, salt, water, caramels, heavy cream, bittersweet chocolate, chopped pecans]",tart
Candy-Cane-Fudge-1377548,Candy Cane Fudge,4,3000.0,[Desserts],,"[butter, candy canes, semi-sweet chocolate morsels, sweetened condensed milk, baking chocolate, cream of tartar]",tart
Italian-Almond-Tart-639825,Italian Almond Tart,3,3600.0,,,"[dough, unsalted butter, almond paste, sugar, eggs, all purpose unbleached flour, raspberries, sliced almonds]",tart
The-champion-Bakewell-tart-992268,The champion Bakewell tart,3,5100.0,"[Afternoon Tea, Desserts]",,"[plain flour, powdered sugar, unsalted butter, large free range egg, milk, golden caster sugar, ground almonds, lemon, strawberry jam, sliced almonds]",tart
Mocha-Tart-1373098,Mocha Tart,4,4200.0,[Desserts],,"[all-purpose flour, cocoa powder, icing, butter, egg yolks, caster sugar, eggs, dark chocolate, vanilla extract, instant coffee]",tart
Fresh-Blueberry-Tarts-499489,Fresh Blueberry Tarts,4,2100.0,[Desserts],,"[all-purpose flour, bran cereal, sugar, salt, unsalted butter, fresh blueberries, corn starch, grated lemon zest, fresh lemon juice]",tart
Ricotta-Spinach-Tarts-1197143,Ricotta Spinach Tarts,4,2400.0,,,"[spinach, ricotta, grated parmesan cheese, salt, eggs, shredded mozzarella cheese]",tart
Tarte-Tatin-1378052,Tarte Tatin,3,3900.0,[Desserts],[French],"[flour, confectioners sugar, salt, butter, ice water, egg yolks, sugar, apples, lemon, vanilla, honey]",tart
Coffin-Pop-Tarts-1354645,Coffin Pop Tarts,4,2400.0,[Desserts],,"[pie crust, jelly, vanilla frosting, sandwiches, cookies]",tart
Marshmallow-Lemon-Tart-986259,Marshmallow Lemon Tart,4,1500.0,[Desserts],,"[graham cracker crumbs, sugar, butter, lemon curd, marshmallow creme]",tart
Chewy-Soft-Snickerdoodles-1378374,Chewy Soft Snickerdoodles,4,3300.0,[Desserts],,"[butter, granulated sugar, light brown sugar, large eggs, vanilla extract, all-purpose flour, cream of tartar, baking soda, salt, chips, ground cinnamon]",tart
Fig-and-Pear-Tart-1349950,Fig and Pear Tart,4,1500.0,[Desserts],,"[puff pastry sheets, pears, butter, brown sugar, lemon juice, beaten eggs, demerara sugar]",tart
Apple-Chutney-1363430,Apple Chutney,4,3600.0,[Condiments and Sauces],,"[butter, tart apples, shallots, lemon juice, dried cherry, brown sugar, cinnamon, allspice, apple cider, apple cider vinegar]",tart
Butterscotch-Tarts-Martha-Stewart-191383,Butterscotch Tarts,3,4800.0,[Desserts],,"[tart shells, large eggs, dark brown sugar, all-purpose flour, salt, milk, unsalted butter, granulated sugar]",tart
Pear-Tart-1352422,Pear Tart,4,,,,"[unsalted butter, sugar, almond extract, pure vanilla extract, fine sea salt, all purpose unbleached flour, almonds, crème fraîche, large eggs, honey, flour, pears, confectioners sugar]",tart
Peach-Tart-1219238,Peach Tart,4,2100.0,[Desserts],,"[puff pastry, sugar, nutmeg, cinnamon, vanilla, peach slices]",tart
Rustic-Blueberry-Tart-1373454,Rustic Blueberry Tart,4,1800.0,[Desserts],,"[all-purpose flour, instant oats, brown sugar, butter, milk, sugar, vanilla, egg yolks, corn starch]",tart
Tarte-Au-Citron-761647,Tarte Au Citron,3,10800.0,[Desserts],[French],"[plain flour, butter, powdered sugar, egg yolks, cold water, free range egg, double cream, caster sugar, lemon juice]",tart
Cherry-Tomato-Tart-1346619,Cherry Tomato Tart,4,2700.0,,,"[tart crust, whole milk ricotta cheese, grated parmesan cheese, eggs, basil leaves, sea salt, pepper, cherry tomatoes]",tart
Raspberry-Orange-Mascarpone-Tarts-1364522,Raspberry Orange Mascarpone Tarts,4,3600.0,[Desserts],,"[wheat flour, unsweetened cocoa powder, ground cinnamon, salt, unsalted butter, eggs, granulated sugar, instant espresso granules, vanilla extract, white chocolate, heavy cream, mascarpone, orange extract, raspberries]",tart
Rustic-Onion-Tart-Simply-Recipes-43113,Rustic Onion Tart,5,4800.0,,,"[pie crust, tart, pâte brisée, purple onion, olive oil, butter, salt, balsamic vinegar, swiss cheese]",tart
Lebni-tart-345211,Lebni Tart,5,3900.0,[Desserts],,"[unsalted butter, granulated sugar, pure vanilla extract, salt, all-purpose flour, large eggs, sugar, egg yolks]",tart
Swedish-Sugar-Cookies-1376173,Swedish Sugar Cookies,3,2400.0,[Desserts],[Swedish],"[sugar, butter, large eggs, vanilla, cream of tartar, baking soda, flour]",tart
Kiwi-Cream-Tarts-1319865,Kiwi Cream Tarts,4,3600.0,[Desserts],,"[cream cheese, butter, all-purpose flour, sugar, heavy whipping cream, powdered sugar, kiwi]",tart
Pumpkin-Orange-Tart-1380690,Pumpkin Orange Tart,4,7200.0,[Desserts],,"[almonds, all-purpose flour, sugar, salt, olive oil, water, large egg yolks, pure pumpkin, evaporated milk, honey, cinnamon, ground ginger, clove, orange zest, large eggs, heavy whipping cream, granulated sugar, vanilla extract]",tart
Apple-tarts-333925,Apple Tarts,5,2100.0,[Desserts],,"[tart apples, lemon, puff pastry, honey]",tart
Creme-Brulee-Tart-1057280,Creme Brulee Tart,4,4800.0,[Desserts],[French],"[tart crust, heavy cream, whole milk, large egg yolks, sugar, pure vanilla extract, fresh raspberries, light brown sugar]",tart
Bakewell-Tart-1103928,Bakewell Tart,3,5400.0,"[Afternoon Tea, Desserts]",,"[plain flour, butter, cold water, raspberry jam, caster sugar, ground almonds, free-range eggs, almond extract, sliced almonds, powdered sugar]",tart
No-Bake-Lemon-Cheesecake-Tarts-1314900,No Bake Lemon Cheesecake Tarts,4,,,,"[cream cheese, unsalted butter, powdered sugar, vanilla extract, lemon, lemon juice, tart shells]",tart
Lemon-Tartlets-1011196,Lemon Tartlets,4,1500.0,[Desserts],,"[large eggs, superfine sugar, unsalted butter, lemon, heavy cream, confectioners sugar]",tart
Peach-tart-326916,Peach Tart,5,4200.0,[Desserts],,"[all-purpose flour, kosher salt, sugar, vegetable oil, olive oil, whole milk, almond extract, unsalted butter, peaches]",tart
Caramelised-Apple-Tarts-1353275,Caramelised Apple Tarts,4,5400.0,"[Desserts, Afternoon Tea]",,"[plain flour, unsalted butter, sugar, large eggs, granny smith apples, caster sugar, lemon, powdered sugar]",tart
Apple-Frangipane-Tart-1367041,Apple Frangipane Tart,4,4500.0,[Desserts],,"[pie crust, almond paste, sugar, all-purpose flour, butter, large eggs, almond extract, unsweetened applesauce, apples, lemon, sliced almonds]",tart
Gluten-free-tart-crust-345370,Gluten Free Tart Crust,5,1500.0,[Desserts],,"[blanched almond flour, sea salt, coconut oil, eggs]",tart
Paleo-Raspberry-Pop-Tarts-1370643,Paleo Raspberry Pop Tarts,4,5100.0,[Desserts],,"[water, ghee, maple syrup, vanilla, sea salt, tapioca flour, bananas, coconut flour, fresh raspberries]",tart
Rainier-Cherry-Almond-Tart-1223975,Rainier Cherry Almond Tart,3,3300.0,"[Afternoon Tea, Desserts]",,"[tart, unsalted butter, sugar, eggs, almond extract, almond flour, all-purpose flour, cherries]",tart
Tart-Cherry-Crumble-450412,Tart Cherry Crumble,5,4500.0,[Desserts],,"[tart cherries, sugar, flour, crystallized ginger, cinnamon, salt, unsalted butter, baking powder, large eggs]",tart
Easy-Summer-Tart-1020278,Easy Summer Tart,5,2400.0,[Desserts],,"[puff pastry sheets, stone fruit, honey, lemon juice, eggs]",tart
Lemon-Tart-459692,Lemon Tart,5,2700.0,[Desserts],,"[dough, corn starch, water, eggs, grated lemon zest, fresh lemon juice, sugar, unsalted butter, whipped cream]",tart
Turtle-Tart-from-Flour-Bakery-1070407,Turtle Tart from Flour Bakery,4,2400.0,[Desserts],,"[tart, graham crackers, granulated sugar, unsalted butter, salt, bittersweet chocolate, chopped pecans, whipping cream, vanilla extract, milk chocolate]",tart
Snickerdoodles-Cookie-1377567,Snickerdoodles Cookie,4,2280.0,[Desserts],,"[all-purpose flour, cream of tartar, baking soda, salt, ground cinnamon, granulated sugar, butter, large eggs]",tart
Mushroom-Tart-1262709,Mushroom Tart,3,4500.0,,,"[wheat, mushrooms, eggs, whole milk, gruyere cheese, parmesan cheese]",tart
Pecan-Tassies-1372104,Pecan Tassies,4,3600.0,[Desserts],,"[crust, butter, cream cheese, all-purpose flour, firmly packed brown sugar, large eggs, vanilla extract, salt, toasted pecans]",tart
Shallot-Tarte-Tatin-1364303,Shallot Tarte Tatin,4,2400.0,,[French],"[shallots, olive oil, unsalted butter, thyme, port, balsamic vinegar, sugar, frozen pastry puff sheets, all-purpose flour, eggs, blue cheese, arugula]",tart
Old-Fashioned-Pound-Cake-1369221,Old Fashioned Pound Cake,4,6300.0,[Desserts],,"[eggs, flour, baking soda, sugar, butter, lemon juice, vanilla extract, salt, cream of tartar]",tart
Lime-Tart-1047941,Lime Tart,3,3300.0,[Desserts],,"[heavy cream, lime curd, unsalted butter, large egg yolks, granulated sugar, fresh lime juice, lime, salt, crust, sugar, all-purpose flour, lime zest]",tart
Pecan-Pie-Tart-1180572,Pecan Pie Tart,3,3300.0,[Desserts],,"[eggs, sugar, corn syrup, unsalted butter, salt, vanilla extract, pecans, all-purpose flour, water, oil]",tart
Rhubarb-Tart-474708,Rhubarb Tart,4,4200.0,[Desserts],,"[beaten eggs, sugar, flour, rhubarb, pie shell]",tart
Cranberry-Curd-Pie-1367859,Cranberry Curd Pie,4,2700.0,[Desserts],,"[speculaas cookies, melted butter, fresh cranberries, white sugar, water, salt, egg yolks, corn starch, heavy whipping cream, powdered sugar]",tart
Caprese-Tarts-1206426,Caprese Tarts,4,1500.0,,,"[frozen pastry puff sheets, cherry tomatoes, chees fresh mozzarella, fresh basil leaves, salt, pepper, balsamic vinegar]",tart
Toasted-Marshmallow-Smore-Tart-1380408,Toasted Marshmallow S’more Tart,4,4200.0,[Desserts],,"[graham cracker pie crust, coconut milk, unsweetened chocolate, butter, maple syrup, brewed coffee, egg whites, raw honey, cold water, vanilla extract, vanilla bean seeds]",tart
Pecan-Turtle-Tart-1336421,Pecan Turtle Tart,4,1500.0,[Desserts],,"[prepared pie crusts, caramels, heavy whipping cream, pecan halves, semi-sweet chocolate morsels]",tart
Homemade-Berry-Pop-Tarts-1367435,Homemade Berry Pop-Tarts,4,5100.0,[Desserts],,"[all-purpose flour, sugar, salt, salted butter, large eggs, non dairy milk, jam, cold water, corn starch, powdered sugar, vanilla extract, sprinkles]",tart
Peach-Tart-1214845,Peach Tart,4,2700.0,[Desserts],,"[puff pastry, peach slices, sugar, flour, vanilla, honey]",tart
Raspberry-Cheesecake-Tart-1185624,Raspberry Cheesecake Tart,4,3300.0,[Desserts],,"[tart crust, cream cheese, sugar, eggs, fresh raspberries, powdered sugar]",tart
Slow-Cooker-Apple-Pecan-Bread-Pudding-_SundaySupper-1377004,Slow Cooker Apple Pecan Bread Pudding #SundaySupper,4,15300.0,[Desserts],,"[bread, tart apples, chopped pecans, sugar, ground cinnamon, ground nutmeg, eggs, half & half, apple cider, vanilla, salt, butter]",tart
Homemade-Pop-Tarts-482664,Homemade Pop-Tarts,4,5100.0,[Breakfast and Brunch],,"[all-purpose flour, granulated sugar, salt, unsalted butter, eggs, milk, light brown sugar, ground cinnamon, strawberry jam, corn starch, water]",tart
Tropical-Fruit-Tart-1380777,Tropical Fruit Tart,4,,[Desserts],,"[flour, powdered sugar, ground ginger, salt, butter, egg yolks, water, whole milk, fresh ginger, vanilla beans, sugar, corn starch, apricot preserves, cognac, kiwi, mango, fresh pineapple, raspberries]",tart
Bacon_-Egg_-and-Cheese-Quiche-1356926,"Bacon, Egg, and Cheese Quiche",4,3900.0,[Breakfast and Brunch],,"[quiche dough, bacon, eggs, skim milk, heavy cream, shredded cheese]",tart
Basic-Tart-Dough-456413,Basic Tart Dough,5,,[Desserts],,"[egg yolks, cold water, vanilla extract, all purpose unbleached flour, sugar, salt, unsalted butter]",tart
Our-Favorite-Apple-Pie-1377803,Our Favorite Apple Pie,4,6300.0,[Desserts],,"[butter, tart apples, corn starch, apple cider, light brown sugar, granulated sugar, ground cinnamon, ground nutmeg, salt, unsalted butter, eggs]",tart
Custard-Tarts-1000552,Custard Tarts,4,4200.0,[Desserts],,"[pastry, plain flour, unsalted butter, brown sugar, egg yolks, cold water, custard, cream, vanilla beans, caster sugar, nutmeg]",tart
Oh_-You-Tart_-1232806,"Oh, You Tart!",4,2100.0,[Desserts],,"[eggs, egg yolks, lemon juice, caster sugar, double cream, pastry, forest fruit, powdered sugar]",tart
FRENCH-ONION-TARTE-1004216,FRENCH ONION TARTE,4,10800.0,,[French],"[tart shells, unsalted butter, all purpose unbleached flour, salt, cold water, tart, olive oil, onions, eggs, dijon mustard, thyme sprigs, Niçoise olives]",tart
Chocolate-Salted-Caramel-Tart-985672,Chocolate Salted Caramel Tart,3,6300.0,[Desserts],,"[dutch cocoa, plain flour, unsalted butter, powdered sugar, egg yolks, water, sea salt flakes, cream, white sugar, dark chocolate]",tart
Snickerdoodle-Skillet-Biscuits-1378896,Snickerdoodle Skillet Biscuits,4,1800.0,[Breads],,"[flour, baking powder, salt, sugar, cream of tartar, milk, eggs, butter, cinnamon, biscuits]",tart
Nightcap-Tart-1120961,Nightcap Tart,4,3300.0,[Desserts],,"[chocolate wafer cookies, unsalted butter, salt, bittersweet chocolate, heavy cream, sugar, large eggs, coffee liqueur]",tart
Easy-Veggie-Pizza-Tarts-Appetizer-1377176,Easy Veggie Pizza Tarts Appetizer,4,1500.0,[Appetizers],,"[crescent rolls, cream cheese, light mayonnaise, plain yogurt, dill, garlic, vinegar, sugar, salt, orange bell pepper, olives, broccoli, colby jack cheese, english cucumber, grape tomatoes]",tart
Chocolate-_-Orange-Ganache-Tart-930548,Chocolate & Orange Ganache Tart,4,4500.0,[Desserts],,"[milk chocolate, double cream, unsalted butter, orange]",tart
Mock-Apple-Strudel-1376805,Mock Apple Strudel,4,2400.0,[Desserts],,"[all-purpose flour, baking powder, sugar, salt, unsalted butter, milk, tart apples, ground cinnamon, confectioners sugar, vanilla extract]",tart
Raspberry-Tart-Recipe-_-Video-780322,Raspberry Tart Recipe & Video,4,1500.0,,,"[all-purpose flour, salt, granulated white sugar, unsalted butter, ice water, fresh raspberries]",tart
Berry-Tart-1006422,Berry Tart,4,6300.0,[Desserts],,"[all-purpose flour, ground almonds, sugar, salt, unsalted butter, almond extract, cold water, mascarpone, heavy cream, raspberries, blueberries, strawberries, orange marmalade, liqueur, tart]",tart
La-tarte-_vanilla-rum-custard_-336157,La Tarte (Vanilla-Rum Custard),5,3000.0,[Desserts],,"[sugar, kosher salt, eggs, vanilla bean seeds, heavy cream, light rum]",tart
Cinnamon-Sugar-Pop-Tarts-1366038,Cinnamon Sugar Pop-Tarts,3,2100.0,"[Desserts, Breakfast and Brunch]",,"[flour, sugar, salt, butter, large eggs, milk, brown sugar, ground cinnamon, powdered sugar, cinnamon]",tart
Snickerdoodle-Cookie-Recipe-and-Red-Ape-Organic-Cinnamon-Giveaway_-1371538,Snickerdoodle Cookie Recipe and Red Ape Organic Cinnamon Giveaway!,4,3300.0,[Desserts],,"[butter, sucanat, eggs, vanilla, baking soda, cream of tartar, whole wheat flour, cinnamon]",tart
Snickerdoodle-Cookies-1378835,Snickerdoodle Cookies,4,1800.0,[Desserts],,"[butter, sugar, large eggs, flour, cream of tartar, baking soda, salt, cinnamon]",tart
Caramelised-Onion-Tart-With-Goats_-Cheese-And-Thyme-968600,Caramelised Onion Tart With Goats' Cheese And Thyme,3,6300.0,[Main Dishes],,"[onions, shortcrust pastry, goat cheese, thyme sprigs, parmesan cheese, butter, white wine vinegar, light brown sugar, dijon mustard, tart]",tart
Maple-Walnut-Cream-Tart-1368860,Maple Walnut Cream Tart,4,3600.0,[Desserts],,"[maple sugar, cane sugar, large egg whites, salt, maple syrup, chopped walnuts, soda crackers, baking powder, walnut halves, heavy whipping cream]",tart
Sand-Tarts-489796,Sand Tarts,4,2700.0,"[Desserts, Afternoon Tea]",,"[unsalted butter, confectioners sugar, vanilla extract, all-purpose flour, salt, chopped pecans]",tart
Onion-and-Bacon-Tart-683157,Onion and Bacon Tart,5,4200.0,,,"[slab bacon, unsalted butter, yellow onion, flour, dry mustard, milk, eggs]",tart
Easy-Jam-Tarts-1352910,Easy Jam Tarts,4,2520.0,[Desserts],,"[shortcrust pastry, apricot jam, raspberry jam, cassis jam, eggs]",tart
Banana-Tartes-Tatin-1206277,Banana Tartes Tatin,4,1800.0,[Desserts],,"[unsalted butter, light brown sugar, bananas, puff pastry]",tart
Custard-Tart-or-1-2-3-tart-630264,Custard Tart or 1-2-3 tart,3,4500.0,[Desserts],,"[unsalted butter, milk, all-purpose flour, sugar, large eggs]",tart
Banana-Cream-Tart-1369787,Banana Cream Tart,4,5400.0,[Desserts],,"[semisweet chocolate, bananas, confectioners sugar, all-purpose flour, granulated sugar, salt, unsalted butter, ice water, whole almonds, coarse salt, large eggs, almond extract, dark rum]",tart
Salted-Pecan-Pie-Tarts-1355171,Salted Pecan Pie Tarts,4,4500.0,[Desserts],,"[pie dough, unsalted butter, dark brown sugar, large eggs, vanilla extract, ground nutmeg, ground cinnamon, chopped pecans, coarse salt]",tart
Treacle-Tart-644083,Treacle Tart,3,7200.0,[Desserts],,"[plain flour, butter, free range egg, golden syrup, bread crumb fresh, ground ginger, juice, lemon zest, clotted cream]",tart
White-Chocolate-and-Balsamic-Tart-1306120,White Chocolate and Balsamic Tart,4,4200.0,[Desserts],,"[tart shells, cream, white chocolate, strawberries, brown sugar, balsamic vinegar]",tart
Vanilla-Apple-Tarts-1327916,Vanilla Apple Tarts,4,2400.0,[Desserts],,"[puff pastry, brown sugar, vanilla beans, lemon, salt, apples, Land O Lakes® Butter, caramel sauce]",tart
Pumpkin-Pie-Pop-Tarts-1369104,Pumpkin Pie Pop Tarts,4,3000.0,[Desserts],,"[pie crust, pumpkin purée, eggs, cinnamon, nutmeg, salt, brown sugar, glaze, milk, powdered sugar]",tart
Lemon-Blackberry-Tarts-1263111,Lemon Blackberry Tarts,4,3900.0,[Desserts],,"[tart, cream cheese, butter, all-purpose flour, sugar, lemon pie filling, heavy whipping cream, powdered sugar, lemon curd, blackberries, mint leaves]",tart
Lemon-Curd-Tart-459436,Lemon Curd Tart,5,,[Desserts],[American],"[rolls, eggs, sugar, fresh lemon juice, grated lemon zest, unsalted butter, cream sweeten whip]",tart
Savory-Paleo-Tomato-Tart-1164958,Savory Paleo Tomato Tart,4,3300.0,,,"[coconut flour, minced garlic, italian seasoning, salt, coconut oil, eggs, tomatoes, paleo mayonnaise, pepper, fresh basil leaves, chiffonade, avocado]",tart
Carrot-Ginger-Tart-_Raw_-Vegan_-Paleo_-1362828,"Carrot Ginger Tart (Raw, Vegan, Paleo)",4,2400.0,[Desserts],,"[golden raisins, pecans, unsweetened shredded dried coconut, ground cinnamon, coconut sugar, sea salt, water, raw cashews, maple syrup, coconut oil, coconut butter, carrot juice, fresh ginger]",tart
Spiralized-Fruit-Tarts-1341016,Spiralized Fruit Tarts,4,2100.0,[Desserts],,"[dates, walnut halves, kosher salt, agave nectar, tart apples, ground cinnamon, ground nutmeg, lemon juice]",tart
Chocolate-Fig-Tarts-1376383,Chocolate Fig Tarts,4,3600.0,[Desserts],,"[almond flour, sea salt, baking soda, honey, coconut oil, figs, dark chocolate, coconut milk]",tart
Milk-Tart-1192508,Milk Tart,4,3000.0,[Desserts],,"[butter, sugar, egg yolks, flour, baking powder, fat free milk, eggs, cold water, corn flour, vanilla extract, cinnamon]",tart
Foolproof-Lemon-Meringue-Pie-1360846,Foolproof Lemon Meringue Pie,4,4200.0,[Desserts],,"[water, granulated sugar, corn starch, salt, large egg yolks, grated lemon zest, fresh lemon juice, unsalted butter, large egg whites, vanilla extract, cream of tartar]",tart
Treacle-Tart-1342935,Treacle Tart,4,1500.0,[Desserts],,"[pie crust, lemon juice, black treacle, golden syrup, bread crumbs, ground ginger]",tart
Basic-Tart-Dough-1200975,Basic Tart Dough,4,1320.0,[Desserts],,"[softened butter, cream cheese, flour, sugar]",tart
Easy-Jam-Tart-450575,Easy Jam Tart,5,,,,"[unsalted butter, sugar, large eggs, large egg yolks, almond extract, flour, stone-ground cornmeal, sea salt, baking powder, apricots, tart, demerara sugar, raw sugar]",tart
Egg-Custard-Tarts-768596,Egg Custard Tarts,3,7200.0,[Desserts],,"[plain flour, ground almonds, unsalted butter, caster sugar, free-range eggs, whole milk, egg yolks, ground nutmeg]",tart
Macaroon-cherry-tart-308863,Macaroon Cherry Tart,5,3900.0,[Desserts],,"[cherries, whole wheat flour, shredded coconut, brown sugar, fine sea salt, unsalted butter, large egg whites]",tart
Sweet-Snickerdoodle-Bars-1375700,Sweet Snickerdoodle Bars,4,2700.0,[Desserts],,"[margarine, egg whites, splenda, sucanat, vanilla extract, flour, cream of tartar, cinnamon]",tart
A-Raw-Vegan-Chocolate-Tart-Recipe-That-Will-Rock-Your-World-1294236,A Raw Vegan Chocolate Tart Recipe That Will Rock Your World,3,1500.0,[Desserts],,"[raw almond, raw cashews, cacao nibs, dates, coconut oil, salt, raw cacao powder, agave nectar]",tart
Chicken-Pot-Pie-Pop-Tarts-1368362,Chicken Pot Pie Pop Tarts,4,3600.0,,,"[olive oil, shallots, garlic cloves, celery ribs, carrots, kosher salt, unsalted butter, all purpose unbleached flour, chicken broth, cooked chicken, frozen peas, frozen corn, freshly ground black pepper, pie dough, large eggs]",tart
Strawberry-Topped-Chocolate-Tart_ChocolateParty-1182708,Strawberry Topped Chocolate Tart…#ChocolateParty,4,1200.0,[Desserts],,"[tart shells, semisweet chocolate, heavy cream, vanilla, strawberries, red currant jelly]",tart
5-Ingredient-Peach-Tart-1253396,5-Ingredient Peach Tart,4,1620.0,[Desserts],,"[frozen pastry puff sheets, peaches, fresh lemon juice, large eggs, confectioners sugar]",tart
Fruity-Vanilla-Creme-Tart-Savour-the-Senses-58272,Fruity Vanilla Creme Tart,5,4200.0,[Desserts],,"[tart crust, half & half, sugar, salt, large egg yolks, corn starch, unsalted butter, vanilla extract, kiwi, fresh raspberries, strawberries, gala apples]",tart
Basil-Tart-1314230,Basil Tart,3,3900.0,,,"[refrigerated piecrusts, shredded mozzarella cheese, roma tomatoes, parmesan cheese, mayonnaise, white pepper, garlic, fresh basil]",tart
Cheddar-Garlic-Biscuits-1369622,Cheddar Garlic Biscuits,3,2280.0,[Breads],,"[bread flour, baking powder, sugar, cream of tartar, salt, cayenne pepper, garlic powder, butter, sharp cheddar cheese, sour cream, milk, parsley]",tart
Cranberry-pecan-frangipane-tart-307086,Cranberry Pecan Frangipane Tart,5,2400.0,[Desserts],,"[chopped pecans, all-purpose flour, granulated sugar, unsalted butter, large eggs, large egg whites, brandy, grated orange, fresh cranberries, tart shells, powdered sugar]",tart
Peppermint-Cheesecake-Cookies-1376322,Peppermint Cheesecake Cookies,4,3000.0,[Desserts],,"[butter, sugar, large eggs, vanilla, instant pudding mix, flour, salt, baking powder, baking soda, cream of tartar, baking chips]",tart
Berry-Oat-Almond-Tart-1380176,Berry Oat Almond Tart,4,3600.0,[Desserts],,"[crust, rolled oats, almonds, flour, sucanat, baking powder, salt, shortening, melted butter, almond extract, eggs, frosting, yogurt cheese, maple syrup, fruit topping, berries, honey, arrowroot starch]",tart
Mini-Pecan-Pies-1372887,Mini Pecan Pies,4,3900.0,[Desserts],,"[chopped pecans, sugar, dark corn syrup, large eggs, melted butter, vanilla extract, salt, tart shells]",tart
Lemon-Meringue-Tart-1363266,Lemon Meringue Tart,4,4500.0,[Desserts],,"[all-purpose flour, sugar, butter, salt, lemon zest, egg yolks, cold water, lemon, eggs, heavy cream, large egg whites, cream of tartar, vanilla extract]",tart
Magical-Apple-Flower-Tarts-1103234,Magical Apple Flower Tarts,4,750.0,[Desserts],,"[red apples, tap water, lemon, jam, puff pastry, plain flour, rolls, butter, oil, cinnamon, powdered sugar]",tart
Lemon-Tart-1232811,Lemon Tart,4,4800.0,[Desserts],,"[all-purpose flour, salt, butter, sugar, eggs, lemon juice, lemon, granulated sugar, unsalted butter, large eggs, large egg yolks]",tart
Strawberry-Tart-Martha-Stewart,Strawberry Tart,4,9000.0,[Desserts],,"[all-purpose flour, unsalted butter, sugar, salt, cream cheese, soften, strawberries, red currant jelly]",tart
Quick-and-Easy-Apple-Tart-The-Pioneer-Woman-Cooks-_-Ree-Drummond-41348,Quick and Easy Apple Tart,5,2400.0,[Desserts],,"[puff pastry, apples, brown sugar, salt]",tart
Cookies-and-Cream-Fudge-Tart-1370271,Cookies and Cream Fudge Tart,4,3900.0,[Desserts],,"[cream filled chocolate sandwich cookies, butter, dark chocolate, eggs, heavy cream, sugar, vanilla, salt, cool whip, colored sprinkles]",tart
Gluten-Free-Lemon-Poppy-Seed-Angel-Food-Cake-1366616,Gluten Free Lemon Poppy Seed Angel Food Cake,4,1800.0,[Desserts],,"[egg whites, gluten free all purpose flour, sugar, poppy seeds, lemon juice, lemon zest, vanilla extract, cream of tartar, powdered sugar]",tart
Apple-Cider-Coffee-Cake-1365458,Apple Cider Coffee Cake,4,3900.0,[Breads],,"[whole wheat white flour, all-purpose flour, baking soda, baking powder, salt, cinnamon, nutmeg, allspice, butter, sugar, eggs, vanilla extract, apple cider, tart apples, brown sugar, confectioners sugar]",tart
Salmon-and-Green-Apple-Tartare-1373527,Salmon and Green Apple Tartare,4,1800.0,,,"[salmon fillets, granny smith apples, cilantro leaves, olive oil, fresh lemon juice, Tabasco Pepper Sauce, whole grain mustard, sea salt, cracked black pepper, arugula]",tart
Sugar-Cookie-Pumpkin-Tart-1361717,Sugar Cookie Pumpkin Tart,4,3300.0,[Desserts],,"[tart, crust, all-purpose flour, baking powder, salt, unsalted butter, granulated sugar, large eggs, vanilla extract, pumpkin, pumpkin pie filling, confectioners sugar, cream cheese, cinnamon, clove, nutmeg]",tart
Milk-Tart-1093303,Milk Tart,4,1200.0,[Desserts],,"[Marie biscuits, softened butter, milk, butter, eggs, dessert, vanilla, sugar]",tart
Caprese-Tarts-607794,Caprese Tarts,3,1500.0,,,"[pastry dough, roma tomatoes, mozzarella cheese, balsamic vinegar, fresh basil]",tart
Fresh-Berry-Tart-with-Vanilla-Pastry-Cream-1369776,Fresh Berry Tart with Vanilla Pastry Cream,4,5400.0,[Desserts],,"[unsalted butter, powdered sugar, kosher salt, all-purpose flour, large eggs, vanilla extract, half & half, corn starch, sugar, water, large egg yolks, pure vanilla extract]",tart
Pear-Cranberry-Tart-in-Gluten-Free-Butter-Pie-Crust-1357455,Pear Cranberry Tart in Gluten Free Butter Pie Crust,4,2400.0,[Desserts],,"[unsalted butter, whole grain gluten-free flour mix, gluten-free flour, psyllium husks, salt, sugar, ice water, almond meal, brown sugar, bartlett pears, frozen cranberries, white sugar, water]",tart
Classic-No-Bake-Coconut-Lemon-Tart-_Vegan_-Gluten-Free_-1366564,"Classic No-Bake Coconut Lemon Tart [Vegan, Gluten-Free]",3,2700.0,[Desserts],,"[dates, pecans, almonds, unsweetened shredded dried coconut, coconut cream, fresh lemon juice, maple syrup, lemon zest, agar, corn starch, water]",tart
PEACH-TART-1277918,PEACH TART,4,3900.0,[Desserts],,"[all-purpose flour, kosher salt, sugar, extra-virgin olive oil, whole milk, almond extract, unsalted butter, peaches]",tart
Lazy-Mary_s-Lemon-Tart-625249,Lazy Mary's Lemon Tart,3,3000.0,[Desserts],,"[meyer lemon, superfine sugar, butter, vanilla, eggs, tart shells]",tart
Strawberry-Tarts-1049059,Strawberry Tarts,3,6300.0,[Desserts],,"[plain flour, caster sugar, butter, water, large eggs, sugar, vanilla bean paste, heavy whipping cream, egg whites, double cream, strawberries]",tart
Greek-Yogurt-Fruit-Tart-1055231,Greek Yogurt Fruit Tart,4,1500.0,[Desserts],[Greek],"[medjool date, greek yogurt, sliced fresh fruit]",tart
Ganache-Glazed-Peanut-Butter-Tart-1370680,Ganache-Glazed Peanut Butter Tart,3,1800.0,[Desserts],,"[chocolate wafer cookies, sugar, butter, light cream, all-purpose flour, salt, egg yolks, creamy peanut butter, vanilla, bittersweet chocolate, light corn syrup]",tart
Strawberry-Cream-Cheese-Crumble-Tart-Serious-Eats-41881,Strawberry Cream Cheese Crumble Tart,5,5100.0,[Desserts],,"[tart crust, all-purpose flour, sugar, baking powder, blanched almonds, ground cinnamon, salt, unsalted butter, cream cheese, soften, confectioners sugar, grated lemon zest, vanilla extract, strawberries]",tart
Tarte-Tatin-1379366,Tarte Tatin,3,6300.0,[Desserts],[French],"[all-purpose flour, sea salt, unsalted butter, ice water, vanilla sugar, apples]",tart
Classic-Lemon-Tart-753725,Classic Lemon Tart,3,4800.0,[Desserts],,"[plain flour, butter, powdered sugar, large eggs, water, double cream, caster sugar, lemon]",tart
Snickerdoodles-1297957,Snickerdoodles,4,1200.0,[Desserts],,"[salted butter, granulated sugar, large eggs, wheat, cream of tartar, baking soda, salt, cinnamon]",tart
Spring-Tarts-1352426,Spring Tarts,4,2700.0,,,"[puff pastry, asparagus, ricotta, thyme leaves, lemon, salt, pepper, eggs, frozen peas, Balsamico Bianco, olive oil, mint leaves, parmesan cheese]",tart
Peppermint-Fridge-Tart-1083528,Peppermint Fridge Tart,4,1800.0,[Desserts],,"[whipped topping, caramels, sugar, peppermint, peppermint extract, biscuits]",tart
Pink-Strawberry-Pop-Tarts-1322310,Pink Strawberry Pop Tarts,4,3300.0,[Desserts],,"[puff pastry sheets, strawberry jam, egg whites, icing, unsalted butter, powdered sugar, vanilla extract, salt, milk]",tart
Lemon-Tart-Simply-Recipes-42838,Lemon Tart,5,,[Desserts],,"[lemon zest, sugar, flour, salt, unsalted butter, large eggs, almond extract, lemon juice, crème fraîche, large egg yolks, fresh lemon juice, tart, pastry, boiler]",tart
Chocolate-Cherry-Tarts-1362205,Chocolate Cherry Tarts,4,3300.0,[Desserts],,"[almond flour, toasted sesame seeds, sugar, all-purpose flour, ground cinnamon, salt, lemon zest, unsalted butter, large eggs, extract, cherries, corn starch, almond extract, vanilla extract, chocolate]",tart
Tart-Frozen-Yogurt-1019825,Tart Frozen Yogurt,5,1800.0,[Desserts],,"[whole milk yoghurt, sugar, fruit]",tart
Dutch-Apple-Pie-Bars-1346077,Dutch Apple Pie Bars,4,3600.0,[Desserts],,"[flour, sugar, butter, ground cinnamon, ground nutmeg, tart apples]",tart
Chocolate-chip-clouds-352055,Chocolate Chip Clouds,5,3300.0,[Desserts],,"[egg whites, cream of tartar, sugar, vanilla extract, unsweetened cocoa powder, chocolate chips]",tart
Pioneer-Womans-Quiche-1336479,Pioneer Woman’s Quiche,4,5100.0,[Main Dishes],,"[peppered bacon, butter, onions, white mushrooms, artichoke hearts, pie crust, eggs, heavy cream, swiss cheese, salt, pepper, fresh chives, fresh parsley]",tart
Salted-Caramel-Pear-Phyllo-Tart-1327995,Salted Caramel Pear Phyllo Tart,4,6000.0,[Desserts],,"[Athens Fillo Dough, unsalted butter, bosc pears, granulated sugar, sea salt, heavy cream]",tart
Emily-Dickinson_s-Coconut-Cake-1340116,Emily Dickinson's Coconut Cake,4,5100.0,[Desserts],,"[flour, cream of tartar, baking soda, sugar, unsalted butter, eggs, milk, shredded coconut]",tart
Bakewell-Tart-1351146,Bakewell Tart,4,3900.0,[Desserts],,"[shortcrust pastry, butter, caster sugar, ground almonds, large eggs, almond extract, raspberry jam, sliced almonds, powdered sugar, cold water]",tart
Apple-Tart-763206,Apple Tart,3,1800.0,[Desserts],,"[frozen pastry puff sheets, all-purpose flour, granny smith apples, sugar]",tart
Raw-Lime-Tart-with-a-Cacao-Base-1376644,Raw Lime Tart with a Cacao Base,4,2700.0,[Desserts],,"[base, seeds, raw buckwheat groats, macadamia nuts, dry coconut, cacao powder, coconut oil, avocado, lime juice, maple syrup, lime]",tart
Caramel-Apple-Bread-1356768,Caramel Apple Bread,4,4200.0,[Breads],,"[flour, baking soda, baking powder, fine salt, apple pie spice, sugar, dark brown sugar, greek yogurt, eggs, vanilla, green apples, unsalted butter, brown sugar, heavy cream]",tart
Lemon-Tart-with-Strawberries-1230568,Lemon Tart with Strawberries,4,2400.0,[Desserts],,"[refrigerated piecrusts, lemon, strawberries, powdered sugar]",tart
Carmel-Brownie-Tarts-571685,Carmel Brownie Tarts,5,2100.0,[Desserts],,"[large egg whites, sugar, brownies, caramels]",tart
Crostata-_Italian-tart_-1081935,Crostata (Italian tart),4,3000.0,[Desserts],,"[flour, sugar, baking powder, eggs, butter, jam]",tart
Raw-Fig-And-Blackberry-Tart-1356776,Raw Fig And Blackberry Tart,4,1800.0,[Desserts],,"[almonds, dates, sea salt, vanilla essence, vanilla pods, agave nectar, figs, blackberries]",tart
How-To-Bake-The-Perfect-Flourless-Chocolate-Cake-1379266,How To Bake The Perfect Flourless Chocolate Cake,3,4200.0,[Desserts],,"[dark chocolate, butter, strong black coffee, eggs, light brown sugar, golden caster sugar, cocoa powder, salt, cocoa]",tart
Summer-Berry-and-Custard-Tarts-1235267,Summer Berry and Custard Tarts,4,9000.0,,,"[plain flour, caster sugar, unsalted butter, medium eggs, whole milk, egg yolks, vanilla extract, strawberries]",tart
Apple-Toffee-Tartlets-1347062,Apple-Toffee Tartlets,3,2580.0,[Desserts],,"[piecrust, baking apples, toffee pieces, brown sugar, butter, salt, powdered sugar]",tart
No-Bake-Chocolate-Orange-Greek-Yogurt-Cheesecake-1378169,No Bake Chocolate Orange Greek Yogurt Cheesecake,4,43200.0,[Desserts],,"[chocolate graham cracker crumbs, unsalted butter, unflavored gelatin, cold water, cream cheese, greek yogurt, coconut sugar, orange zest, orange juice, vanilla bean paste, water, white sugar, orange, bittersweet chocolate]",tart
Custard-Tart-Cookies-1327227,Custard Tart Cookies,4,4200.0,[Desserts],,"[large egg yolks, caster sugar, vanilla extract, unsalted butter, all-purpose flour, baking powder, salt, egg yolks]",tart
Apple-Tarte-Tatin-for-Two-1339216,Apple Tarte Tatin for Two,4,,,,"[puff pastry, apples, granulated sugar, salt, unsalted butter, fresh lemon juice, brown sugar, whipped cream]",tart
Plum-Tart-441999,Plum Tart,5,3000.0,[Desserts],,"[unsalted butter, flour, sugar, baking powder, kosher salt, milk, vanilla extract, eggs, plums, ground cinnamon]",tart
Treacle-Tart-440929,Treacle Tart,5,5400.0,[Desserts],,"[flour, unsalted butter, kosher salt, golden syrup, bread crumbs, heavy cream, eggs, lemon, whipped cream]",tart
Rustic-Blueberry-Tart-1359490,Rustic Blueberry Tart,4,1800.0,[Desserts],,"[all-purpose flour, instant oats, brown sugar, butter, milk, sugar, vanilla, egg yolks, corn starch]",tart
Grannys-Sugar-Cookies-1368174,Granny’s Sugar Cookies,4,900.0,[Desserts],,"[sugar, butter, large eggs, vanilla extract, all-purpose flour, salt, baking soda, cream of tartar, powdered sugar, food colouring, colored sprinkles]",tart
Raisin-Butter-Tarts-Allrecipes,Raisin Butter Tarts,4,2400.0,[Desserts],,"[tart shells, eggs, brown sugar, butter, lemon juice, ground nutmeg, raisins]",tart
Sweet-Tart-Kale-Salad-1360574,Sweet-Tart Kale Salad,4,900.0,[Salads],,"[olive oil, fresh lemon juice, salt, garlic cloves, kale, dried cherry, chopped pecans]",tart
Pumpkin-Chocolate-Strata-Pie-1373528,Pumpkin Chocolate Strata Pie,4,4200.0,[Desserts],,"[graham cracker crumbs, melted butter, chocolate chips, heavy cream, coffee creamer, egg whites, cream of tartar, sugar]",tart
Coconut-Tarts-1346488,Coconut Tarts,4,2700.0,[Desserts],,"[butter, powdered sugar, milk, eggs, all-purpose flour, salt, dry coconut, heavy cream, custard powder, vanilla extract, baking powder]",tart
Triple-Tart-Cranberry-Butter-442750,Triple-Tart Cranberry Butter,5,4200.0,,,"[dried tart cherries, apples, fresh cranberries, pomegranate seeds, sugar, kosher salt]",tart
Free-Form-Harvest-Apple-Tart-1374220,Free-Form Harvest Apple Tart,3,8100.0,[Desserts],,"[flour, butter, Philadelphia Cream Cheese, lemon, golden delicious apples, corn starch, ground cinnamon, Planters Sliced Almonds]",tart
Lemon-Souffle-1372565,Lemon Soufflé,4,1800.0,[Desserts],,"[large eggs, cream of tartar, granulated sugar, salt, lemon, juice, zest, all purpose unbleached flour, unsalted butter, confectioners sugar]",tart
Candy-Corn-Popcorn-Balls-1376246,Candy Corn Popcorn Balls,4,1500.0,[Desserts],,"[sugar, corn syrup, cream of tartar, butter, baking soda, popped popcorn, candy corn]",tart
Raspberry-Crumble-Tart-577347,Raspberry Crumble Tart,4,5400.0,[Desserts],,"[all-purpose flour, light brown sugar, granulated sugar, salt, ground cinnamon, unsalted butter, preserv raspberri seedless, fresh raspberries]",tart
Skillet-Apple-Pie-with-Salted-Caramel-Whipped-Topping-1368394,Skillet Apple Pie with Salted Caramel Whipped Topping,4,,[Desserts],,"[pie dough, apples, granulated sugar, cinnamon, nutmeg, lemon juice, butter, brown sugar, corn starch, turbinado, heavy whipping cream, cream of tartar, yoghurt]",tart
Easy-Greens-Tart-with-Feta-Cheese-1317633,Easy Greens Tart with Feta Cheese,4,3600.0,,,"[unbaked pie crusts, greens, feta cheese crumbles, eggs, heavy cream, freshly ground pepper, salt]",tart
Almond-And-Coffee-Cream-Mini-Tarts-1376422,Almond And Coffee Cream Mini Tarts,3,5400.0,[Desserts],,"[all-purpose flour, sugar, kosher salt, butter, egg yolks, ice water, milk, instant espresso powder, large egg yolks, corn starch, almond extract, heavy cream, sliced almonds]",tart
Big-Puffy-Heart-Tarts-1312230,Big Puffy Heart Tarts,4,2700.0,[Desserts],,"[puff pastry, jam, water, demerara sugar]",tart
Chez-Panisse-Almond-Tart-511356,Chez Panisse Almond Tart,5,,,,"[flour, sugar, unsalted butter, ice water, vanilla extract, almond extract]",tart
Coconut-Cream-Tarts-1306308,Coconut Cream Tarts,4,4500.0,[Desserts],,"[flour, sugar, salt, butter, egg yolks, tart, whole milk, cream of coconut, sweetened coconut flakes, vanilla beans, large egg yolks, corn starch, whipping cream]",tart
Raspberry-Chocolate-Tart-941415,Raspberry Chocolate Tart,4,4200.0,[Desserts],,"[all-purpose flour, confectioners sugar, salt, unsalted butter, large eggs, bittersweet chocolate, cream, vanilla, butter, fresh raspberries, powdered sugar]",tart
Favorite-Apple-Salad-1376399,Favorite Apple Salad,4,1800.0,[Salads],,"[pineapple chunks, butter, sugar, lemon juice, corn starch, cold water, mayonnaise, tart apples, green grape, poppy seeds, chopped pecans]",tart
Caramel-Apple-Tart-1283941,Caramel Apple Tart,4,3300.0,[Desserts],,"[pie crust, baking apples, fat, eggs, sugar]",tart
Lemon-tart-347814,Lemon Tart,0,4800.0,"[Afternoon Tea, Desserts]",,"[lemon, blanched almonds, flour, granulated sugar, salt, unsalted butter, large eggs, almond extract, confectioners sugar]",tart
Homemade-Pop-Tarts-495070,Homemade Pop Tarts,4,14400.0,"[Breakfast and Brunch, Desserts, Lunch and Snacks]",[American],"[flour, salt, sugar, unsalted butter, ice water, peach preserves, peaches, eggs, water]",tart
Polenta-Crust-Tomato-Tart-573701,Polenta Crust Tomato Tart,4,6000.0,,,"[roma tomatoes, thyme, cracked black pepper, all-purpose flour, instant polenta, butter, water, salt, reduced fat cream cheese, eggs, basil leaves, grated parmesan cheese]",tart
Banbury-Tarts-Allrecipes_1,Banbury Tarts,5,5400.0,[Desserts],[English],"[dried fig, eggs, brown sugar, citron, raisins, chopped walnuts, tart shells]",tart
Mini-Apple-Tarts-1319298,Mini Apple Tarts,4,4500.0,[Desserts],,"[pie dough, apples, light brown sugar, all-purpose flour, ground cinnamon, salt, unsalted butter]",tart
Chocolate-Caramel-Pecan-Tart-1283273,Chocolate-Caramel Pecan Tart,3,4800.0,[Desserts],,"[pecans, dough, all-purpose flour, sugar, light corn syrup, heavy cream, bourbon whiskey, bittersweet chocolate, unsalted butter, kosher salt, sea salt flakes, tart]",tart
Leek-And-Feta-Tart-1029041,Leek And Feta Tart,3,3300.0,,,"[shortcrust pastry, butter, leeks, feta cheese, double cream, whole milk, large free range egg]",tart
Chocolate-Chip-Meringue-Kisses-1351976,Chocolate Chip Meringue Kisses,3,7500.0,[Desserts],,"[large egg whites, cream of tartar, sugar, semi-sweet chocolate morsels]",tart
Blackberry-Crumble-Tart-1359447,Blackberry Crumble Tart,4,3600.0,[Desserts],,"[plain flour, unsalted butter, ground cinnamon, salt, lemon juice, water, large eggs, egg whites, blackberries, corn flour, granulated sugar, lemon, brown sugar, cinnamon, ground nutmeg]",tart
Turtle-Tart-1296721,Turtle Tart,3,11700.0,[Desserts],,"[Betty Crocker™ oatmeal cookie mix, butter, water, eggs, chopped pecans, caramels, whipping cream, milk chocolate chips]",tart
Grape-Tart-Martha-Stewart,Grape Tart,5,12000.0,[Desserts],[American],"[all-purpose flour, sugar, salt, unsalted butter, rolled oats, pastry cream, green grape]",tart
Peach-Crumb-Tart-1268258,Peach Crumb Tart,4,,,,"[crust, all-purpose flour, salt, sugar, unsalted butter, buttermilk, peaches, lemon juice]",tart
Egg-Tart-_-Green-Salad-w_-Walnuts-and-Honey-Mustard-Dressing-1379545,Egg Tart & Green Salad w/ Walnuts and Honey Mustard Dressing,3,2100.0,[Salads],,"[pastry, shredded cheese, bacon, large eggs, egg whites, chives, salt, pepper, salad, walnuts, feta cheese, dijon mustard, mustard seeds, wasabi, honey, balsamic vinegar, olive oil, garlic]",tart
Breakfast-Tart-456789,Breakfast Tart,5,2700.0,[Breakfast and Brunch],,"[pastry dough, eggs, crème fraîche, gruyere cheese, freshly ground pepper, salt, bacon slices, fresh chives]",tart
Hazelnut-Honey-Toffee-Tart-1345683,Hazelnut Honey Toffee Tart,4,3000.0,[Desserts],,"[hazelnuts, unsalted butter, sugar, honey, cream, grated lemon peel, extract]",tart
Vegan-Whole-Wheat-Apple-Pie-1377756,Vegan Whole Wheat Apple Pie,4,5700.0,[Desserts],,"[pie crust, granny smith apples, whole wheat flour, sucanat, cinnamon, allspice, nutmeg, salt]",tart
Classic-Apple-Tart-1348276,Classic Apple Tart,3,4500.0,[Desserts],,"[apples, sucralose, cinnamon, nutmeg, pie crust, unsalted butter]",tart
Grape-and-Almond-Tart-1361529,Grape and Almond Tart,4,2700.0,[Desserts],,"[flour, ground almonds, sugar, butter, eggs, milk, vanilla essence, black grapes, powdered sugar]",tart
Chocolate-caramel-tart-_-345221,Chocolate Caramel Tart (!?!),5,5400.0,[Desserts],,"[unsalted butter, confectioners sugar, large egg yolks, pure vanilla extract, all-purpose flour, Dutch-processed cocoa powder, water, granulated sugar, light corn syrup, heavy cream, crème fraîche, bittersweet chocolate]",tart
Red-Pepper-and-Goat-Cheese-Tartine-1369763,Red Pepper and Goat Cheese Tartine,4,2100.0,,,"[extra-virgin olive oil, yellow onion, red bell pepper, yellow bell pepper, garlic cloves, fresh thyme, white wine, bread, fresh parsley, freshly ground black pepper]",tart
Egg-Tart-1253047,Egg Tart,4,2700.0,[Desserts],,"[flour, powdered milk, powdered sugar, butter, egg yolks, egg whites, vanilla essence, eggs, milk, sugar]",tart
Strawberry-Tart-1007605,Strawberry Tart,4,6300.0,"[Afternoon Tea, Desserts]",,"[all-purpose flour, unsalted butter, sugar, ice water, eggs, salt, strawberries, apricot jam, large egg yolks, milk, corn starch, heavy cream, pure vanilla extract]",tart
White-Chocolate-Cranberry-Tart-1358320,White Chocolate Cranberry Tart,4,3600.0,[Desserts],,"[cranberries, sugar, water, tart, all-purpose flour, baking powder, salt, butter, eggs, beans, white chocolate chips, whipping cream, pistachios, fresh cranberries]",tart
Tart-Cherry-Sauce-638632,Tart Cherry Sauce,3,900.0,[Condiments and Sauces],,"[sugar, corn starch, water, tart cherries, orange liqueur, red food coloring]",tart
The-great-unshrinkable-sweet-tart-shell-307079,The Great Unshrinkable Sweet Tart Shell,5,4200.0,[Desserts],,"[all-purpose flour, confectioners sugar, salt, unsalted butter, large eggs]",tart
Bonfire-Weekend-Hazelnut-Pie-Or-Hazelnut-Tart_-1366646,Bonfire Weekend – Hazelnut Pie Or Hazelnut Tart?,4,3600.0,[Desserts],,"[plain flour, butter, salt, eggs, cold water, treacle, golden syrup, unsalted butter, brown sugar, caster sugar, hazelnuts, flour, pies]",tart
Pluot-tart-346596,Pluot Tart,3,1200.0,[Desserts],,"[pluots, puff pastry, sugar, sliced almonds, ground ginger, butter]",tart
Loaded-Oatmeal-Cookies-1364067,Loaded Oatmeal Cookies,4,720.0,[Desserts],,"[slivered almonds, semi-sweet chocolate morsels, dried tart cherries, flour, baking powder, baking soda, salt, bittersweet chocolate, butter, sugar, dark brown sugar, vanilla extract, eggs, old-fashioned oats]",tart
Fudgy-Nut-Tart-1334997,Fudgy Nut Tart,4,2400.0,[Desserts],,"[unsalted butter, firmly packed light brown sugar, all-purpose flour, salt, sweetened condensed milk, bittersweet chocolate, salted mixed nuts]",tart
Homemade-Angel-Food-Cake-1356862,Homemade Angel Food Cake,4,2100.0,[Desserts],,"[cake flour, granulated sugar, cream of tartar, salt, eggs, vanilla]",tart
Browned-Butter-Snickerdoodles-1379583,Browned Butter Snickerdoodles,3,3900.0,[Desserts],,"[unsalted butter, all purpose unbleached flour, cream of tartar, baking soda, cinnamon, salt, large eggs, whole milk, granulated sugar, light brown sugar]",tart
Pear-Tart-Simply-Recipes-42474,Pear Tart,5,4800.0,[Desserts],,"[crust, almond paste, sugar, unsalted butter, flour, eggs, kosher salt, almond extract, bosc pears, lemon juice, apricot jam, vanilla extract, lemon peel, water]",tart
Beet-Tart-With-Tomatillo-1315810,Beet Tart With Tomatillo,4,3600.0,,,"[puff pastry, beets, tomatillos, salad greens, feta cheese, chopped walnuts, extra-virgin olive oil, salt, ground pepper, dried oregano, basil]",tart
Black-Bottom-Pie-1377862,Black Bottom Pie,3,5100.0,[Desserts],,"[sugar, butter, graham cracker crumbs, unflavored gelatin, cold water, whole milk, corn starch, large eggs, bittersweet chocolate, pure vanilla extract, dark rum, cream of tartar, kosher salt, heavy cream, confectioners sugar]",tart
Betty-Tarts-AllRecipes-38909,Betty Tarts,4,2400.0,[Desserts],,"[tart shells, golden brown sugar, butter, light corn syrup, eggs, salt]",tart
Tiny-Pecan-Tarts-Allrecipes,Tiny Pecan Tarts,5,3300.0,[Desserts],,"[butter, cream cheese, all-purpose flour, eggs, brown sugar, melted butter, salt, vanilla extract, chopped pecans]",tart
Peppered-Sour-Cherry-_-Goat-Cheese-Tarts-1372573,Peppered Sour Cherry & Goat Cheese Tarts,4,2040.0,[Appetizers],,"[puff pastry, goat cheese, sour cherries, red wine, sugar, freshly ground black pepper, fresh thyme, corn starch, cold water]",tart
Double-Chocolate-Ganache-Pie-1356627,Double Chocolate Ganache Pie,4,7800.0,[Desserts],,"[crust, OREO® Cookies, butter, pies, semisweet chocolate, heavy whipping cream, sugar, vanilla]",tart
Roasted-Berry-Breakfast-Tarts-1228168,Roasted Berry Breakfast Tarts,4,1800.0,[Breakfast and Brunch],,"[frozen pastry puff sheets, fresh blueberries, olive oil, goat cheese, honey, turbinado]",tart
BUTTERMILK-CHEDDAR-BISCUITS-1379299,BUTTERMILK CHEDDAR BISCUITS,4,2100.0,[Breads],,"[all-purpose flour, cream of tartar, baking powder, kosher salt, cayenne pepper, sweet paprika, sugar, unsalted butter, buttermilk, white cheddar cheese, biscuits]",tart
Lovely-Lemon-Curd-Tarts-1357297,Lovely Lemon Curd Tarts,4,3000.0,[Desserts],,"[almond meal, sugar substitute, xanthan gum, salt, butter, fresh lemon juice, lemon, large egg yolks]",tart
The-perfect-tarte-Tatin-1334458,The perfect tarte Tatin,3,1200.0,[Desserts],[French],"[water, caster sugar, unsalted butter, salt, apples, puff pastry]",tart
Apple-Cinnamon-Monkey-Bread-1376572,Apple-Cinnamon Monkey Bread,3,4200.0,[Breads],,"[sugar, ground cinnamon, buttermilk biscuits, tart apples, chopped pecans, caramel topping, vanilla]",tart
Homemade-Sweet-Tarts-1128322,Homemade Sweet Tarts,4,2100.0,[Desserts],,"[soda, gelatin, powdered sugar, citric acid, extract, food colouring, lemon zest, flavoring, lemon, zest]",tart
Pumpkin-Chocolate-Spiderweb-Tart-749436,Pumpkin Chocolate Spiderweb Tart,4,6300.0,[Desserts],,"[all-purpose flour, granulated sugar, unsweetened cocoa powder, salt, ground cinnamon, ground cloves, unsalted butter, large eggs, semisweet chocolate, pumpkin purée, light brown sugar, sour cream, ground ginger, grated nutmeg]",tart
Gluten-free-Angel-Food-Cake-_-Rachelle_-Footloose-and-Gluten-Free-1376283,"Gluten free Angel Food Cake | Rachelle, Footloose and Gluten Free",4,4800.0,[Desserts],,"[eggs, sugar, corn starch, white rice flour, tapioca flour, potato starch, cream of tartar, salt, pure vanilla extract, almond extract]",tart
Ricotta-Lime-Tart-1358269,Ricotta Lime Tart,4,9000.0,[Desserts],,"[all-purpose flour, sugar, butter, egg yolks, lime, water, Sargento® Whole Milk Ricotta Cheese, eggs, egg whites, ground almonds, sliced almonds, powdered sugar]",tart
Coconut-Lime-Tarts-1094960,Coconut Lime Tarts,4,2100.0,[Desserts],,"[tart shells, large eggs, granulated sugar, fresh lime juice, lime, unsalted butter, coconut cream, toasted coconut, lime zest]",tart
Lemon-Raspberry-Mascarpone-Tart-1357087,Lemon Raspberry Mascarpone Tart,4,4500.0,[Desserts],,"[pie shell, mascarpone, sugar, heavy cream, fresh lemon juice, vanilla extract, lemon zest, raspberries, superfine sugar]",tart
Pop-Tarts-1056753,Pop-Tarts,4,4500.0,"[Afternoon Tea, Desserts]",,"[all purpose unbleached flour, granulated sugar, salt, unsalted butter, egg yolks, cold milk, eggs, confectioners sugar, pure vanilla extract, water, rainbow sprinkles]",tart
Apricot-Glazed-Pear-_-Almond-Tart-1366914,Apricot-Glazed Pear & Almond Tart,3,5700.0,[Desserts],,"[all-purpose flour, confectioners sugar, salt, unsalted butter, large egg yolks, slivered almonds, granulated sugar, large eggs, large egg whites, almond extract, pears, lemon, apricot preserves, bourbon whiskey, rosemary sprigs, fresh raspberries]",tart
Tart-Cherry-Sauce-1336024,Tart Cherry Sauce,3,1500.0,[Condiments and Sauces],,"[sugar, corn starch, water, tart cherries, orange, red food coloring]",tart
5-Minute-Raw-Chocolate-Tart-_Vegan_-Gluten-Free_-1371861,"5 Minute Raw Chocolate Tart [Vegan, Gluten-Free]",3,1200.0,[Desserts],,"[almonds, coconut oil, agave nectar, dates, cacao powder, cashew nuts, water, vanilla, salt, raw cacao powder, carob powder, goji berries]",tart
Milk-Tart-Allrecipes,Milk Tart,5,3000.0,[Desserts],,"[butter, white sugar, eggs, all-purpose flour, baking powder, salt, milk, vanilla extract, corn starch, ground cinnamon]",tart
Rustic-Strawberry-Peach-Tart-970202,Rustic Strawberry Peach Tart,4,6300.0,[Desserts],,"[all-purpose flour, salt, sugar, unsalted butter, water, peaches, strawberries]",tart
Caramelized-Meyer-Lemon-Tart-_-Giveaway_-_Webisode-_60-____-1021448,Caramelized Meyer Lemon Tart & Giveaway! {Webisode #60 (!)},5,4200.0,[Desserts],,"[all-purpose flour, sugar, salt, unsalted butter, large egg yolks, ice water, meyer lemon, granulated sugar]",tart
Salted-Butter-Tart-1345187,Salted Butter Tart,3,5400.0,[Desserts],,"[whole wheat white flour, salt, unsalted butter, large eggs, caster sugar, sea salt, heavy cream]",tart
Quick-_-Easy-Apple-Tart-484671,Quick & Easy Apple Tart,4,2400.0,[Desserts],,"[puff pastry, apples, brown sugar, cinnamon, nutmeg, salt]",tart
Snickerdoodle-Cookies-1338918,Snickerdoodle Cookies,4,1800.0,[Desserts],,"[all-purpose flour, baking soda, cream of tartar, salt, ground cinnamon, butter, vegetable oil, powdered sugar, granulated sugar, vanilla extract, large eggs]",tart
French-tomato-tart-310741,French Tomato Tart,5,,,,"[dough, dijon mustard, tomatoes, olive oil, salt, freshly ground pepper, chopped fresh herbs, goat cheese, honey]",tart
Raspberry-and-Chocolate-Tartlets-459822,Raspberry and Chocolate Tartlets,5,2700.0,,,"[dough, semisweet chocolate, unsalted butter, light corn syrup, raspberry jam, raspberries]",tart
Fudgy-Chocolate-Tart-1274086,Fudgy Chocolate Tart,4,3300.0,[Desserts],,"[semisweet baking chocolate, butter, granulated sugar, large eggs, pie crust, graham cracker crumbs, whipped cream, cream of tartar, salt, water, egg whites, vanilla extract]",tart
Sweet-_-Savory-Brie-Tart-1367516,Sweet & Savory Brie Tart,3,2400.0,[Appetizers],,"[piecrust, french bread, granny smith apples, dates, walnuts, butter, sauvignon blanc, fresh thyme leaves, apricot preserves, brie cheese]",tart
Blueberry-Cheesecake-1371784,Blueberry Cheesecake,4,7200.0,[Desserts],,"[unsalted butter, graham crackers, granulated sugar, fresh blueberries, arrowroot, cream cheese, free range egg, pure vanilla extract, sour cream, mascarpone, plain whole-milk yogurt, sugar, vanilla extract]",tart
Soft-Lemon-Cookies-1364983,Soft Lemon Cookies,4,3000.0,[Desserts],,"[flour, baking powder, cream of tartar, salt, sugar, butter, eggs, honey, grated lemon zest, grated orange, fresh lemon juice]",tart
Brown-Sugar-Butternut-Squash-Tart-1367122,Brown Sugar Butternut Squash Tart,4,3720.0,[Desserts],,"[all-purpose flour, granulated sugar, butter, egg yolks, ice water, unsalted butter, light brown sugar, salt, ground nutmeg, butternut squash, turbinado, shredded mozzarella cheese, whipping cream]",tart
Strawberry-PopTarts-1078864,Strawberry PopTarts,4,4500.0,[Desserts],,"[all-purpose flour, salt, granulated sugar, butter, water, strawberry preserves, confectioners sugar]",tart
Dark-Chocolate-Shortbread-Tart-1363267,Dark Chocolate Shortbread Tart,4,4500.0,[Desserts],,"[shortbread cookies, sugar, salt, unsalted butter, heavy cream, whole milk, dark chocolate, milk chocolate, large eggs, all-purpose flour, vanilla extract, whipping cream, confectioners sugar]",tart
Pecan-Tassies-1373070,Pecan Tassies,4,1800.0,[Desserts],,"[butter, cream cheese, all-purpose flour, brown sugar, eggs, vanilla, pecan halves, powdered sugar]",tart
Key-Lime-Pie-1377641,Key Lime Pie,4,4500.0,[Desserts],,"[pie crust, eggs, sweetened condensed milk, lime peel, water, lime juice, color food green, vanilla, cream of tartar, sugar, key lime]",tart
Egg-Tarts-1088112,Egg Tarts,4,3900.0,[Desserts],,"[large eggs, sugar, evaporated milk, water, cake flour, butter, powdered sugar, large egg yolks]",tart
Filled-Cookies-1369122,Filled Cookies,4,4500.0,[Desserts],,"[coconut oil, sugar, eggs, vanilla extract, gluten-free flour, baking soda, cream of tartar, coconut milk, golden raisins, crushed pineapples in juice, starch, tapioca, water]",tart
Berry-Tartlet-1074826,Berry Tartlet,4,1200.0,[Desserts],,"[tartlet shells, sweetened condensed milk, lemon juice, sour cream, berries]",tart
Salted-Caramel-Chocolate-Tartlets-1331996,Salted Caramel Chocolate Tartlets,4,7200.0,[Desserts],,"[unsalted butter, granulated sugar, eggs, all-purpose flour, sea salt, heavy cream, bittersweet chocolate chips]",tart
Grinch-Cookies-1378488,Grinch Cookies,4,4800.0,[Desserts],,"[butter, sugar, eggs, flour, cream of tartar, baking soda, red food coloring, sprinkles]",tart
Fresh-Apple-Pie-1367204,Fresh Apple Pie,4,5100.0,[Desserts],,"[all-purpose flour, kosher salt, granulated sugar, unsalted butter, eggs, apples, water, ground cinnamon, granny smith apples, sugar, maple syrup]",tart
Caramel-Nut-Tart-950239,Caramel Nut Tart,5,4800.0,[Desserts],,"[all-purpose flour, sugar, ground cinnamon, ground nutmeg, salt, unsalted butter, vanilla extract, ice water, water, whipping cream, honey, walnuts, pecans, blanched almonds, whipped cream, tart]",tart
Mini-Pumpkin-Tarts-1354529,Mini Pumpkin Tarts,3,6300.0,[Desserts],,"[all-purpose flour, firmly packed brown sugar, chop fine pecan, Land O Lakes® Butter, cream cheese, sweetened condensed milk, cooked pumpkin, eggs, pumpkin pie spice, Land O Lakes Heavy Whipping Cream]",tart
Lemon-Chess-Tartlets-489875,Lemon Chess Tartlets,4,3900.0,[Desserts],,"[cream cheese, unsalted butter, all-purpose flour, large eggs, granulated sugar, lemon juice]",tart
Caramelized-Onion-Tart-with-Gorgonzola-and-Brie-Simply-Recipes-200885,Caramelized Onion Tart with Gorgonzola and Brie,5,3600.0,[Appetizers],,"[olive oil, onions, brown sugar, balsamic vinegar, salt, pepper, frozen pastry puff sheets, brie cheese, gorgonzola, fresh tarragon]",tart
10-Minute-Apple-Pie-Oatmeal-1354917,10-Minute Apple Pie Oatmeal,4,2100.0,[Breakfast and Brunch],,"[nonfat milk, water, quick oats, lady apples, unsweetened applesauce, dried cranberries, chopped pecans, brown sugar, cinnamon, salt, vanilla]",tart
Easy-Egg-Tarts-Allrecipes,Easy Egg Tarts,4,1800.0,[Desserts],[Kid-Friendly],"[tart shells, eggs, white sugar, water]",tart
Salted-Caramel-Tarte-Tartin-1078818,Salted Caramel Tarte Tartin,3,4200.0,[Desserts],,"[Braeburn Apple, golden caster sugar, unsalted butter, sea salt flakes, puff pastry, plain flour]",tart
Breakfast-Tarts-1095813,Breakfast Tarts,4,2100.0,[Breakfast and Brunch],,"[puff pastry, bacon, shredded cheese, eggs, baby spinach, salt, pepper]",tart
Lemon-Raspberry-Tarts-625406,Lemon Raspberry Tarts,3,3000.0,[Desserts],,"[tart shells, butter, granulated sugar, all-purpose flour, salt, egg yolks, vanilla extract, cream cheese, soften, powdered sugar, fresh lemon juice, lemon zest, frozen whipped topping, fresh raspberries]",tart
Medieval-Poached-Pear-Tart-1059405,Medieval Poached Pear Tart,4,3900.0,[Desserts],,"[tart shells, unsalted butter, sugar, salt, all-purpose flour, poached pears, pears, water, honey, cinnamon, butter, quick-cooking oats, flour, brown sugar]",tart
Chocolate-Mousse-Cake-1371762,Chocolate Mousse Cake,3,2400.0,[Desserts],,"[dried Black Mission figs, pumpkin seeds, cacao nibs, Himalayan salt, water, avocado, bananas, agave nectar, cacao powder, raspberries]",tart
Nanaimo-Bars-1338974,Nanaimo Bars,4,5100.0,[Desserts],,"[unsalted butter, granulated sugar, unsweetened cocoa powder, eggs, vanilla extract, graham cracker crumbs, sweetened coconut flakes, chopped nuts, heavy cream, custard powder, confectioners sugar, semisweet chocolate]",tart
Nutella-Brownie-Tart-Topped-with-Coffee-Salt-1362574,Nutella Brownie Tart Topped with Coffee Salt,4,2400.0,[Desserts],,"[unsalted butter, Nutella, dark chocolate, granulated sugar, coarse kosher salt, pure vanilla extract, large eggs, all-purpose flour, coffee beans, sea salt flakes]",tart
Vegan-Whole-Wheat-Apple-Pie-1373427,Vegan Whole Wheat Apple Pie,4,5700.0,[Desserts],,"[pie crust, granny smith apples, whole wheat flour, sucanat, cinnamon, allspice, nutmeg, salt]",tart
Easy-Fruit-Tart-Recipe-_-Video-511759,Easy Fruit Tart Recipe & Video,4,900.0,,,"[all-purpose flour, powdered sugar, salt, unsalted butter, heavy whipping cream, granulated white sugar, pure vanilla extract, fruit, mascarpone]",tart
Spiced-Pear-and-Early-Grey-Tartlets-1365377,Spiced Pear and Early Grey Tartlets,4,2400.0,[Desserts],,"[pears, puff pastry, tea leaves, ground cinnamon, sugar, apricot jam, water, sliced almonds]",tart
Raspberry-Lemonade-1134773,Raspberry Lemonade,4,600.0,[Beverages],,"[raspberries, coconut water, lemon juice, sugar, ice, lemon wedge]",tart
5-Ingredient-Slow-Cooker-Cranberry-Sauce-1370114,5 Ingredient Slow Cooker Cranberry Sauce,4,11400.0,[Condiments and Sauces],,"[frozen cranberries, orange, lemon, fresh orange juice, maple syrup, cinnamon sticks]",tart
Bacon-Potato-Tart-1380312,Bacon Potato Tart,3,6300.0,,,"[bacon slices, fully cooked ham, baking potatoes, yellow onion, olive oil, pepper, fresh parsley leaves, refrigerated piecrusts, gruyere cheese, half & half, large eggs, rosemary, salt]",tart
Mini-Pumpkin-Pie-Tarts-1365832,Mini Pumpkin Pie Tarts,4,4020.0,[Desserts],,"[all-purpose flour, salt, shortening, water, pumpkin, granulated sugar, ground cinnamon, ground ginger, ground nutmeg, eggs, evaporated milk, milk]",tart
Chocolate-Pretzel-Crust-Tart-998933,Chocolate Pretzel Crust Tart,4,3900.0,[Desserts],,"[crust, juice, pluots, whipped cream, large eggs, soy milk, tart, crumbs, ricotta, almonds, sugar, pareve margarine, semi-sweet chocolate morsels, salt, min, pretzels]",tart
5-Ingredient-No-Bake-Strawberry-Tart-998418,5-Ingredient No Bake Strawberry Tart,4,900.0,[Desserts],,"[dates, rolled oats, walnuts, yoghurt, strawberries]",tart
Chocolate-Glazed-Chocolate-Tart-1030143,Chocolate Glazed Chocolate Tart,3,9900.0,[Desserts],,"[chocolate graham crackers, unsalted butter, sugar, heavy cream, bittersweet chocolate, large eggs, pure vanilla extract, salt, light corn syrup, warm water]",tart
Lime-Tart-TasteOfHome,Lime Tart,4,1200.0,[Desserts],[American],"[graham cracker crumbs, sugar, butter, corn starch, whipping cream, lime juice, lime peel, sour cream, confectioners sugar, vanilla extract]",tart
Rhubarb-Streusel-Tart-1356893,Rhubarb Streusel Tart,4,6300.0,[Desserts],,"[all-purpose flour, granulated sugar, salt, butter, egg yolks, heavy cream, sliced almonds, brown sugar, cinnamon, rhubarb, lemon]",tart
Easy-Three-Cheese-Souffle-1363437,Easy Three-Cheese Soufflé,3,3900.0,,,"[Kraft Grated Parmesan Cheese, eggs, milk, Philadelphia Cream Cheese, KRAFT Shredded Sharp Cheddar Cheese, cream of tartar]",tart
Simple-Apple-Crumble-Tart-768809,Simple Apple Crumble Tart,4,3900.0,[Desserts],,"[pie crust, granny smith apples, light brown sugar, cinnamon, salt, butter, flour]",tart
Pomegranate-spritzer-346037,Pomegranate Spritzer,5,900.0,[Beverages],,"[pomegranate juice, sugar, club soda]",tart
Queijadas-1378273,Queijadas,3,4500.0,[Desserts],,"[all-purpose flour, salt, butter, warm water, cottage cheese, goat cheese, sugar, egg yolks, cinnamon]",tart
Strawberry-Tart-442826,Strawberry Tart,5,5100.0,[Desserts],,"[flour, salt, sugar, butter, strawberries, milk, vanilla beans, egg yolks]",tart
Traditional-Treacle-Tart-1110843,Traditional Treacle Tart,4,4500.0,[Desserts],,"[golden syrup, treacle, bread crumbs, lemon juice, plain flour, unsalted butter, cold water, eggs]",tart
Paleo-Pecan-Tart-Crust-1318839,Paleo Pecan Tart Crust,4,1800.0,[Desserts],,"[pecans, large eggs, coconut flour, sea salt]",tart
Cantonese-Egg-Tarts--1059033,Cantonese Egg Tarts 港式蛋塔,4,3000.0,[Desserts],,"[plain flour, butter, powdered sugar, eggs, vanilla extract, caster sugar, hot water, evaporated milk]",tart
Asparagus-Tart-1080558,Asparagus Tart,4,3000.0,,,"[asparagus, puff pastry, grated Gruyère cheese, grated parmesan cheese, olive oil, lemon juice]",tart
Raspberry-and-Chocolate-Mini-Tarts-571605,Raspberry and Chocolate Mini Tarts,5,2700.0,[Desserts],,"[raspberries, cassis, grenadine, heavy cream, confectioners sugar, tart shells, chocolate]",tart
Pecan-Meringue-Kiss-Cookies-1349163,Pecan Meringue Kiss Cookies,4,3600.0,[Desserts],,"[egg whites, cream of tartar, sugar, almond extract, chopped pecans]",tart
Really-Raspberry-Coconut-Tart-_from-Alice-Medrich_-1021276,Really Raspberry Coconut Tart (from Alice Medrich),5,4800.0,[Desserts],,"[unsweetened shredded dried coconut, sugar, unsalted butter, pure vanilla extract, salt, all-purpose flour, raspberries, powdered sugar]",tart
Chocolate-Tarts-1033355,Chocolate Tarts,4,2700.0,[Desserts],,"[chopped walnuts, pastry dough, tart shells, plain flour, salted butter, baking powder, powdered sugar, cold water, icing, butter, cocoa, vanilla essence, chocolate, cream]",tart
Fruity-Pebbles-Macarons-1368674,Fruity Pebbles Macarons,4,3600.0,[Desserts],[French],"[almond flour, fine sea salt, confectioners sugar, granulated sugar, cream of tartar, egg whites, food gel, unsalted butter, cereal]",tart
Light-Lemon-Curd-Tart-1358247,Light Lemon Curd Tart,4,28800.0,[Desserts],,"[whole almonds, pecans, graham crackers, butter, eggs, lemon juice, lemon, sugar, heavy cream]",tart
Cherry-Cheesecake-Tarts-1108870,Cherry Cheesecake Tarts,4,3000.0,[Desserts],,"[cream cheese, sugar, pure vanilla extract, eggs, vanilla wafers, cherry pie filling]",tart
Santiago-Tart-632188,Santiago Tart,4,2700.0,[Desserts],,"[eggs, sugar, raw almond, lemon, ground cinnamon, powdered sugar]",tart
Old-Fashioned-Coconut-Cream-Tart-1015807,Old Fashioned Coconut Cream Tart,4,,,,"[OREO® Cookies, melted butter, half & half, eggs, sugar, flour, salt, toasted coconut, vanilla, whipped topping, crust]",tart
Raspberry-walnut-tart-305060,Raspberry Walnut Tart,5,6300.0,[Desserts],,"[flour, powdered sugar, butter, chopped walnuts, fresh raspberries, eggs, granulated sugar, baking powder, salt, vanilla]",tart
Vegan-Sunshine-Tart-1230773,Vegan Sunshine Tart,4,8400.0,[Desserts],,"[tart crust, almond flour, maple syrup, salt, water, tart filling, cashew nuts, lemon, coconut oil, vanilla, tumeric, tapioca flour]",tart
Cheddar-And-Onion-Tart-1200225,Cheddar And Onion Tart,4,4500.0,,,"[pastry shell, butter, large free range egg, yellow onion, mature cheddar, sea salt, eggs]",tart
Sand-Tarts-Allrecipes,Sand Tarts,5,6000.0,"[Lunch and Snacks, Desserts]",[American],"[unsalted butter, confectioners sugar, vanilla extract, all-purpose flour, chopped walnuts]",tart
Tarte-Flambee-783031,Tarte Flambée,4,3300.0,,,"[flour, dry yeast, water, salt, oil, crème fraîche, leeks, onions, rosemary, parsley, pepper]",tart
Mom_s-Buttermilk-Biscuits-1376975,Mom's Buttermilk Biscuits,4,1800.0,[Breads],,"[flour, baking powder, baking soda, salt, sugar, cream of tartar, butter, buttermilk]",tart
Salted-Caramel-Apple-Tartlets-1006955,Salted Caramel Apple Tartlets,4,5400.0,[Desserts],,"[pastry dough, unsalted butter, pastry flour, sugar, large eggs, vanilla extract, almond extract, salt, apples, lemon, caramel sauce]",tart
Caramelized-Pecan-Tart-850108,Caramelized Pecan Tart,4,3600.0,[Desserts],,"[all-purpose flour, granulated sugar, salt, butter, ice water, unsalted butter, dark brown sugar, large eggs, vanilla extract, pecans, tart, dough]",tart
Individual-Pomegranate-Tarts-517910,Individual Pomegranate Tarts,4,4800.0,,,"[pie crust, pomegranate juice, sugar, lime juice, corn starch, pomegranate seeds, all-purpose flour, salt, margarine, egg yolks, ice water]",tart
Savory-Squash-Quiche-1374292,Savory Squash Quiche,4,9000.0,,,"[all-purpose flour, cornmeal, granulated sugar, kosher salt, unsalted butter, ice water, large eggs, fresh chevre, whole milk, squash, chopped fresh thyme, freshly ground black pepper, ground nutmeg]",tart
Caramel-Chocolate-Tart-1348721,Caramel Chocolate Tart,4,3900.0,[Desserts],,"[all-purpose flour, unsalted butter, sugar, salt, bittersweet chocolate, heavy cream, whole milk, large eggs, pure vanilla extract, sea salt, caramel sauce]",tart
Nutella-Pop-Tarts-1106971,Nutella Pop Tarts,3,2400.0,[Desserts],,"[pie crust, Nutella, sea salt flakes, eggs, sugar]",tart
Tart-Filling-1166817,Tart Filling,4,1200.0,[Desserts],,"[cream cheese, unsalted butter, confectioners sugar, almond extract]",tart
Plum-Frangipani-Tart-623337,Plum Frangipani Tart,3,4200.0,[Desserts],,"[almonds, caster sugar, butter, eggs, plums, vanilla sugar]",tart
Strawberry-Mini-Tarts-Pasticcini-alle-Fragole-1320429,Strawberry Mini Tarts – Pasticcini alle Fragole,4,4800.0,[Desserts],,"[flour, sugar, salt, eggs, butter, vanilla essence, milk, lemon, strawberries, apricot jam, powdered sugar, tart]",tart
Chocolate-and-Banana-Tart-with-Lime-Zest-confit-1339317,Chocolate and Banana Tart with Lime Zest confit,4,3000.0,[Desserts],,"[base, ginger nuts, cocoa powder, unsalted butter, ganache, gelatin, dark chocolate, cream, sugar, bananas, confit, lime, water]",tart
Easy-Strawberry-Nutella-Tart-1272004,Easy Strawberry Nutella Tart,3,1200.0,[Desserts],,"[puff pastry, strawberries, Nutella, confectioners sugar]",tart
Bing-Cherry-and-Almond-Tart-1306747,Bing Cherry and Almond Tart,4,3900.0,[Desserts],,"[tart crust, whole almonds, bing cherries, granulated sugar, unsalted butter, vanilla beans, confectioners sugar, all-purpose flour, large eggs, almond extract, cream sweeten whip]",tart
Strawberry-Tart-1186306,Strawberry Tart,4,2100.0,[Desserts],,"[puff pastry, strawberries, balsamic vinegar, honey]",tart
