id,recipeName,rating,totalTimeInSeconds,course,cuisine,ingredients
Dry-Brined-Turkey-1379071,Dry-Brined Turkey,4,600.0,[Main Dishes],,"[turkey, kosher salt, herbs, melted butter]"
Turkey-Nachos-1373621,Turkey Nachos,4,600.0,[Appetizers],,"[corn tortilla chips, turkey, colby jack cheese, chopped tomatoes, white onion, green onions, jalapeno chilies, Sriracha, taco seasoning]"
Leftover-Turkey-Soup-1375163,Leftover Turkey Soup,4,2850.0,[Soups],,"[chicken broth, water, sliced carrots, chopped celery, chopped onion, noodles, cooked turkey, fresh thyme, kosher salt, pepper, garlic powder]"
Smoked-Turkey-Corn-Quesadilla-Slider-1294692,Smoked Turkey Corn Quesadilla Slider,3,1200.0,[Lunch and Snacks],,"[Mission® Extra Thin Yellow Corn Tortillas, pepper jack, roma tomato slices, turkey breast, alfalfa sprouts, avocado slices, sandwiches]"
Roast-Turkey-1378259,Roast Turkey,3,19800.0,[Main Dishes],,"[turkey, butter]"
Super-Moist-Turkey-782531,Super Moist Turkey,4,6300.0,[Main Dishes],,"[turkey, butter, dry white wine, chicken, fresh sage, fresh rosemary, fresh thyme, lemon, garlic, sea salt]"
Best-Turkey-Meatballs-1361494,Best Turkey Meatballs,4,3000.0,,,"[lean ground turkey, garlic cloves, onions, parsley, salt, pepper, oregano, eggs, dry bread crumbs]"
Roast-Turkey-1336268,Roast Turkey,4,18000.0,[Main Dishes],,"[turkey, sage, onions, garlic, fresh parsley, olive oil, salt]"
Savory-Cornbread-with-Turkey-and-Cheese-1369149,Savory Cornbread with Turkey and Cheese,4,2400.0,[Breads],,"[all-purpose flour, cornmeal, baking powder, salt, baking soda, smoked turkey breast, cheese, frozen corn, buttermilk, light brown sugar, large eggs, unsalted butter]"
Turkey-Gravy-Without-the-Drippings-1373083,Turkey Gravy Without the Drippings,4,1500.0,,,"[turkey broth, butter, all-purpose flour, salt, pepper]"
Turkey-and-Dumplings-1378002,Turkey and Dumplings,4,2700.0,,,"[chicken stock, water, turkey, cajun seasoning, milk, bisquick]"
Thanksgiving-Leftovers-Party-Tips-and-a-Turkey-_-Sweet-Potato-RITZwich-1378373,Thanksgiving Leftovers Party Tips and a Turkey & Sweet Potato RITZwich,4,900.0,,,"[Ritz Crackers, sweet potatoes, roasted turkey breast, whole cranberry sauce]"
Garlic-Parmesan-Turkey-Meatballs-1368750,Garlic Parmesan Turkey Meatballs,4,2700.0,,,"[ground turkey, eggs, parmesan cheese, bread crumbs, minced garlic, dried parsley, salt, pepper]"
Cordon-Bleu-Turkey-Sliders-1368584,Cordon Bleu Turkey Sliders,4,1800.0,[Lunch and Snacks],,"[slider buns, swiss cheese, smoked turkey breast, black forest ham, purple onion, mustard, sour cream, mayonnaise, salt]"
Baked-Turkey-_-Cranberry-Sliders-1380517,Baked Turkey & Cranberry Sliders,4,2400.0,,,"[dinner rolls, turkey, provolone cheese, chutney, cranberries, butter, prosciutto, sage leaves]"
Herbed-Mayonnaise-Roast-Turkey-1380380,Herbed Mayonnaise Roast Turkey,4,14400.0,[Main Dishes],,"[turkey, mayonnaise, orange zest, fresh rosemary, fresh thyme, fresh sage, orange juice, kosher salt, pepper, orange]"
15-Bean-Turkey-Soup-1378516,15 Bean Turkey Soup,4,4800.0,[Soups],,"[onions, butter, garlic powder, chicken broth, bean soup, turkey wings]"
Perfect-Turkey-1375582,Perfect Turkey,4,16200.0,[Main Dishes],,"[turkey neck, kosher salt, butter, onions, carrots, celery, fresh thyme, bay leaf, dry white wine]"
Basic-Roast-Turkey-1373348,Basic Roast Turkey,3,4200.0,[Main Dishes],,"[turkey, chicken broth, olive oil, poultry seasoning, black pepper]"
Cornbread-Dressing-1372861,Cornbread Dressing,3,3600.0,[Side Dishes],,"[vegetable oil, yellow onion, chopped celery, cornbread, white bread, chicken broth, unsalted butter, chopped fresh sage, finely chopped fresh parsley, salt, ground black pepper, large eggs]"
Slow-Cooker-Herbed-Turkey-Breast-1373132,Slow Cooker Herbed Turkey Breast,4,18600.0,[Main Dishes],,"[turkey breast, unsalted butter, fresh rosemary, chopped fresh thyme, chopped fresh sage, kosher salt, freshly ground black pepper, garlic, seasoning]"
Slow-Cooker-Turkey-Tenderloin-1358693,Slow Cooker Turkey Tenderloin,4,2100.0,[Main Dishes],,"[turkey tenderloins, orange juice, cranberries, onion soup mix]"
Slow-Cooker-Turkey-Breasts-1364035,Slow Cooker Turkey Breasts,4,15000.0,[Main Dishes],,"[turkey, seasoning mix]"
Turkey_-Cilantro-Sliders-with-Curried-Mayonaise-1377428,"Turkey, Cilantro Sliders with Curried Mayonaise",3,900.0,[Lunch and Snacks],,"[ciabatta, mayonnaise, curry powder, sliced turkey, purple onion, lettuce leaves, cilantro leaves]"
Turkey-Parmesan-Baked-Rotini-1378625,Turkey Parmesan Baked Rotini,4,5400.0,[Main Dishes],,"[whole milk, turkey stock, butter, flour, black pepper, sea salt, summer savory, dijon mustard, rotini, cooked turkey, grated parmesan cheese, low-fat mozzarella cheese, button mushrooms, roasted red peppers, bacon]"
Turkey-and-Stuffing-Casserole-1379639,Turkey and Stuffing Casserole,4,2700.0,[Main Dishes],,"[stuffing, cooked turkey, green beans, cream of mushroom soup, french fried onions]"
Turkey-Cranberry-Spinach-and-Artichoke-Turnovers-1362870,Turkey Cranberry Spinach and Artichoke Turnovers,4,1500.0,,,"[frozen pastry puff sheets, artichokes, cranberry sauce, cooked turkey, eggs]"
New-England-Roast-Turkey-1378418,New England Roast Turkey,3,5100.0,[Main Dishes],,"[turkey, kosher salt, white sugar, bay leaves, black peppercorns, fresh rosemary, yellow onion, rib, carrots]"
Smoked-Turkey-1365827,Smoked Turkey,3,5400.0,[Main Dishes],,"[water, firmly packed brown sugar, navel oranges, rosemary, kosher salt, yellow onion, garlic, turkey, lemon, thyme, sage, chopped potatoes, olive oil, freshly ground black pepper, garlic powder]"
Roast-Spatchcock-Turkey-1373706,Roast Spatchcock Turkey,4,6300.0,[Main Dishes],,"[turkey, olive oil, salt, chopped fresh sage, fresh thyme leaves, fresh rosemary, cracked black pepper]"
Citrus-Rosemary-Turkey-1373733,Citrus Rosemary Turkey,4,2700.0,[Main Dishes],,"[turkey, orange, lemon, rosemary, olive oil, salt, pepper]"
Perfect-Turkey-Allrecipes,Perfect Turkey,5,61200.0,[Main Dishes],,"[turkey, kosher salt, butter, onions, carrots, celery, fresh thyme, bay leaf, dry white wine]"
Simple-Roast-Turkey-1264656,Simple Roast Turkey,4,600.0,,,"[butter, parsley, thyme, rosemary, kosher salt, freshly ground pepper, turkey, onions, celery, carrots, garlic]"
Open-Faced-Turkey-Cranberry-Enchilada-Melt-1365561,Open Faced Turkey Cranberry Enchilada Melt,4,900.0,[Lunch and Snacks],,"[rolls, butter, swiss cheese, turkey, black beans, salsa, sour cream, green onions, chopped cilantro, cumin, salt, pepper, cranberry sauce, white cheddar cheese]"
Gluten-Free-CranberryTurkey-Enchiladas-1378587,Gluten Free Cranberry Turkey Enchiladas,4,2400.0,[Main Dishes],,"[turkey, gluten, green chile, gluten free corn tortillas, cranberry sauce, jack]"
Crockpot-Turkey-Breast-1375027,Crockpot Turkey Breast,4,29400.0,[Main Dishes],,"[bone-in turkey breast, celery, yellow onion, baby carrots, chicken broth, butter, dried minced garlic, seasoning salt, paprika, pepper, italian seasoning, dried parsley, dried sage, dried thyme]"
Bacon-_-Sage-Roasted-Turkey-1328594,Bacon & Sage Roasted Turkey,4,,,,"[turkey, unsalted butter, sage leaves, kosher salt, black pepper, olive oil, thick-cut bacon]"
Evil-Turkey-Allrecipes,Evil Turkey,5,14400.0,[Main Dishes],,"[onions, roast red peppers, drain, whiskey, minced garlic, turkey, chipotle chile, adobo sauce]"
Bacon-Wrapped-Turkey-Meat-Loaf-1375465,Bacon Wrapped Turkey Meat Loaf,4,4800.0,[Main Dishes],,"[red bell pepper, carrots, onions, garlic cloves, ground turkey, panko breadcrumbs, eggs, salt, worcestershire sauce, ketchup, bacon]"
Uptown-Red-Beans-and-Rice-with-Turkey-Sausage-1356432,Uptown Red Beans and Rice with Turkey Sausage,3,2100.0,[Main Dishes],,"[vegetable oil, turkey sausage, red beans, water]"
Turkey-and-Herbed-Dumplings-1380425,Turkey and Herbed Dumplings,4,2100.0,[Main Dishes],,"[butter, all-purpose flour, chicken stock, cooked turkey, onions, celery, potatoes, carrots, peas, poultry seasoning, onion powder, garlic powder, salt and ground black pepper, baking powder, salt, herbs, milk]"
Mom_s-Turkey-_-Dressing-1367821,Mom's Turkey & Dressing,4,4200.0,,,"[cornbread, onions, celery, cream of chicken soup, chicken stock, cream of mushroom soup, wheat bread, salt, pepper, sage, bone-in turkey breast]"
Slow-Cooker-Turkey-Breast-1380301,Slow-Cooker Turkey Breast,3,26400.0,[Main Dishes],,"[red potato, carrots, onions, bone-in turkey breast]"
Turkey-Enchiladas-1378810,Turkey Enchiladas,3,3600.0,[Main Dishes],,"[enchilada sauce, cooked turkey, KRAFT Mexican Style Finely Shredded Four Cheese, green onions, corn tortillas, large tomato, chopped cilantro fresh, KRAFT Zesty Italian Dressing]"
Leftover-Turkey-Casserole-1370967,Leftover Turkey Casserole,4,4200.0,[Main Dishes],,"[stuffing, boneless skinless turkey breasts, Hellmann's® Real Mayonnaise, whole cranberry sauce, mashed potatoes, shredded low-fat mozzarella cheese]"
Spicy-Sage-Slow-Cooker-Turkey-1370352,Spicy Sage Slow Cooker Turkey,4,29100.0,[Main Dishes],,"[turkey, chicken broth, butter, garlic powder, sage, crushed red pepper flakes, onions]"
Roasted-Turkey-Breast-1378694,Roasted Turkey Breast,4,4200.0,[Main Dishes],,"[turkey, water, white wine, low sodium chicken stock, carrots, celery, garlic cloves, minced onion, fresh thyme, fresh rosemary, sage leaves, flat leaf parsley, bay leaves, black peppercorns, ground black pepper, salt substitute]"
Brined-Turkey-1373114,Brined Turkey,3,1500.0,[Main Dishes],,"[water, kosher salt, dried rosemary, dried thyme, marjoram, celery seed, pepper, turkey]"
Smoked-Turkey-511726,Smoked Turkey,5,16200.0,[Main Dishes],[American],"[brine, turkey, kosher salt, cracked black pepper]"
Mojo-Turkey-1372327,Mojo Turkey,3,6300.0,[Main Dishes],,"[turkey, garlic, ground cumin, kosher salt, black pepper, fresh orange juice, sour orange juice, fresh lime juice, extra-virgin olive oil, fresh oregano leaves, orange, lime, small yellow onion]"
Creamed-Turkey-792855,Creamed Turkey,3,1800.0,,,"[butter, fresh mushrooms, flour, milk, chicken broth, pimentos, frozen peas, cooked turkey, salt, pepper]"
Turkey-turnovers-299324,Turkey Turnovers,4,1620.0,"[Lunch and Snacks, Main Dishes]",[American],"[turkey, shredded cheddar cheese, broccoli, hellmann' or best food real mayonnais, salt, ground black pepper, refrigerated crescent rolls]"
Cranberry-Pecan-Turkey-Salad-1356293,Cranberry Pecan Turkey Salad,4,600.0,[Salads],,"[turkey breast, chopped pecans, chopped celery, dried cranberries, mayonnaise, salt, pepper]"
Turkey-Goulash-1363185,Turkey Goulash,4,6300.0,[Main Dishes],,"[turkey, crushed tomatoes, turkey stock, dry red wine, garlic, yukon gold potatoes, white onion, red bell pepper, vegetable oil, worcestershire sauce, tomato paste, paprika, dried oregano, cumin, coriander, red pepper flakes, kosher salt, freshly ground pepper]"
Thanksgiving-Soup-with-Turkey_-Sweet-Potatoes-and-Cranberries-1380538,"Thanksgiving Soup with Turkey, Sweet Potatoes and Cranberries",4,3000.0,[Soups],,"[butter oil, onions, celery ribs, garlic, sweet potatoes, poultry seasoning, dried sage, turkey broth, dried cranberries, cooked turkey, turkey gravy, salt]"
Smoked-Thanksgiving-Turkey-1364755,Smoked Thanksgiving Turkey,4,6300.0,[Main Dishes],,"[turkey, lemon, garlic, fresh tarragon, fresh parsley, fresh rosemary, kosher salt, pepper, olive oil, butter]"
Turkey-1280089,Turkey,3,1800.0,[Main Dishes],,"[uncle bens, ground turkey, turkey kielbasa, yellow squash, zucchini, baby spinach, diced tomatoes, tomato sauce, kidney beans, light kidney beans, low sodium taco seasoning, sour cream, tortilla chips, Mexican cheese]"
Perfect-Spatchcock-Turkey-1372175,Perfect Spatchcock Turkey,4,6300.0,[Main Dishes],,"[turkey, kosher salt, freshly ground pepper, extra-virgin olive oil, paprika]"
Turkey-Meatloaf-1379283,Turkey Meatloaf,3,3000.0,[Main Dishes],,"[ground turkey, large eggs, onion soup mix, sea salt, black pepper, spinach, shredded carrots, flat leaf parsley, roma tomatoes, shredded parmesan cheese, shredded mozzarella cheese, panko breadcrumbs, ketchup]"
Roasting-a-Turkey-1304113,Roasting a Turkey,4,5400.0,[Main Dishes],,"[butter, turkey, herbs, chicken broth, salt, pepper]"
Bacon-Turkey-Bites-1374480,Bacon-Turkey Bites,3,4200.0,[Appetizers],,"[jellied cranberry sauce, honey mustard dressing, ground mustard, chopped fresh chives, turkey breast tenderloins, bacon]"
White-Bean-Soup-with-Sausage-1377677,White Bean Soup with Sausage,4,29400.0,[Soups],,"[great northern beans, diced tomatoes, smoked turkey sausage, chicken broth, carrots, chopped onion, garlic, salt, dried thyme, pepper, bay leaf, grated parmesan cheese]"
Turkey_-Swiss-and-Cranberry-Mayo-Roll-Ups-1380602,"Turkey, Swiss and Cranberry Mayo Roll-Ups",4,300.0,,,"[whole wheat flatbreads, mayonnaise, sliced turkey, swiss cheese]"
Pumpkin_-Black-Rice_-Turkey-Crock-Chopped-Chili-1375721,"Pumpkin, Black Rice, Turkey Crock Chopped “Chili”",4,26400.0,[Main Dishes],,"[olives, butternut squash, yellow onion, zucchini, green beans, chopped celery, garlic cloves, brown mushroom, ground turkey, dried thyme, ground cumin, smoked paprika, cayenne pepper, dried sage, chili powder, kosher salt, black beans, white beans, broth, chicken, brown rice, black rice, pie filling, pumpkin purée, apple cider vinegar, cream style corn]"
Dry-Brined-Turkey-1346696,Dry-Brined Turkey,3,6300.0,[Main Dishes],,"[brine, giblet, turkey, onions, garlic, herbs, unsalted butter, low sodium chicken broth]"
Turkey-Kiev-1051387,Turkey Kiev,4,2100.0,,,"[turkey, fresh parsley, fresh tarragon, butter, panko breadcrumbs, large eggs, all-purpose flour, cooking spray]"
Leftover-Thanksgiving-Turkey-Pesto-Panini-1375722,Leftover Thanksgiving Turkey Pesto Panini,4,900.0,[Lunch and Snacks],,"[olive oil, Equal Sweetener, french bread, pesto, mozzarella cheese, turkey, roma tomatoes, avocado]"
Turkey_-Cranberry-and-Cream-Cheese-Sandwich-1353312,"Turkey, Cranberry and Cream Cheese Sandwich",3,900.0,[Lunch and Snacks],,"[roast turkey, light cream cheese, jelly, mixed greens, sandwich thins]"
Turkey-Apple-Brie-Panini-1362612,Turkey Apple Brie Panini,4,1200.0,[Lunch and Snacks],,"[multigrain bread, unsalted butter, brie cheese, apple slice, sliced turkey, baby arugula, mayonnaise, honey mustard, pure maple syrup]"
Roast-Turkey-460287,Roast Turkey,5,,[Main Dishes],,"[turkey, kosher salt, yellow onion, carrots, celery, fresh thyme, parsley sprigs, unsalted butter]"
Turkey-reuben-310139,Turkey Reuben,5,1800.0,[Lunch and Snacks],[Kid-Friendly],"[mayonnaise, ketchup, mustard, worcestershire sauce, salt, pepper, rye bread, butter, turkey, swiss cheese, sauerkraut]"
The-Perfect-Brined-Turkey-1358697,The Perfect Brined Turkey,4,6300.0,[Main Dishes],,"[turkey, cold water, kosher salt, brown sugar, tea bags, lime, fresh mint, olive oil, chicken stock, honey, Mrs. Dash, black pepper, dried rosemary, rosemary sprigs, sauce, leeks]"
Seriously_-The-Best-Healthy-Turkey-Chili-1367635,"Seriously, The Best Healthy Turkey Chili",4,3300.0,[Main Dishes],,"[olive oil, yellow onion, garlic cloves, red bell pepper, lean ground turkey, chili powder, ground cumin, dried oregano, cayenne pepper, salt, crushed tomatoes, chicken broth, red kidney beans, sweet corn, sour cream, tortilla chips, cilantro, avocado, cheese]"
Easy-Grilled-Whole-Turkey-1372685,Easy Grilled Whole Turkey,4,38700.0,[Main Dishes],[Barbecue],"[turkey, brown sugar, smoked paprika, kosher salt, ground cumin, dried oregano, dried sage, dry mustard, dried thyme, cilantro]"
Tandoori-Turkey-Breast-1363477,Tandoori Turkey Breast,4,6000.0,[Main Dishes],[Indian],"[plain yogurt, lime, garam masala, cumin, coriander seeds, garlic powder, ground ginger, ground cinnamon, salt, tumeric, cayenne pepper, ground black pepper, fennel seeds, ground cloves, ground cardamom, turkey breast]"
Maple-Bacon-Roasted-Thanksgiving-Turkey-1364109,Maple Bacon Roasted Thanksgiving Turkey,4,600.0,[Main Dishes],,"[turkey, maple syrup, fresh sage, bacon, chicken stock, kosher salt, freshly ground black pepper]"
Turkey-Turnover-1370184,Turkey Turnover,4,3300.0,,,"[turkey, poultry, ham, onions, mayonnaise, dijon mustard, worcestershire sauce, thyme leaves, cayenne pepper, gruyere cheese, swiss cheese, frozen pastry puff sheets]"
Turkey-Bacon-Avocado-Panini-1380385,Turkey Bacon Avocado Panini,4,600.0,[Lunch and Snacks],,"[french bread, provolone cheese, sliced turkey, avocado, sliced tomatoes, crispy bacon, pesto]"
The-Ultimate-Roast-Turkey-1359304,The Ultimate Roast Turkey,4,15600.0,[Main Dishes],,"[turkey, onions, garlic, clove, lemon, orange, rub, curry powder, sage, salt, pepper]"
Classic-Roast-Turkey-766757,Classic Roast Turkey,3,5100.0,[Main Dishes],,"[turkey, olive oil, freshly ground pepper, salt, unsalted butter]"
Lean-Turkey-Lasagna-Meal-Prep-1356774,Lean Turkey Lasagna Meal Prep,3,2400.0,[Main Dishes],,"[ground turkey, marinara sauce, zucchini, cottage cheese lowfat, large egg whites]"
Roasted-Thanksgiving-Turkey-793867,Roasted Thanksgiving Turkey,4,18600.0,[Main Dishes],,"[turkey, butter, orange, rosemary sprigs, salt, black pepper]"
Torrisi-Turkey-1196616,Torrisi Turkey,3,14400.0,[Main Dishes],,"[kosher salt, sugar, turkey, garlic, extra-virgin olive oil, honey, pepper, thyme leaves]"
Turkey-Roulade-with-Bread-Stuffing-1372000,Turkey Roulade with Bread Stuffing,4,5100.0,[Main Dishes],,"[boneless turkey breast, stuffing, olive oil, salt, pepper, unsalted butter]"
Spatchcocked-Turkey-786747,Spatchcocked Turkey,4,5700.0,[Main Dishes],,"[turkey, olive oil, salt, pepper]"
Turkey-Cannelloni-1364720,Turkey Cannelloni,3,5400.0,[Main Dishes],,"[olive oil, ground turkey, yellow onion, carrots, garlic, fresh thyme leaves, nutmeg, parmigiano reggiano cheese, eggs, pasta sheets, sauce, tomato sauce]"
Turkey-Divan-792917,Turkey Divan,3,22200.0,,,"[butter, flour, milk, egg yolks, dry mustard, salt, ground black pepper, shredded cheddar cheese, frozen broccoli, cooked turkey, grated parmesan cheese]"
Super-Healthy-Pumpkin-Turkey-Chili-1376688,Super Healthy Pumpkin Turkey Chili,4,2400.0,[Main Dishes],,"[olive oil, ground turkey, chicken, vegetables, pumpkin purée, beans, chili powder, salt]"
Thanksgiving-Leftovers-Turkey-Shepherd_s-Pie-1378558,Thanksgiving Leftovers Turkey Shepherd's Pie,4,1800.0,[Main Dishes],,"[butter, onions, turkey, carrots, green beans, frozen peas, stuffing, mashed potatoes]"
Ultimate-Turkey-Panini-1359227,Ultimate Turkey Panini,4,1500.0,[Lunch and Snacks],,"[sourdough bread, olive oil, butter, turkey breast deli meat, bacon, sliced tomatoes, shredded mozzarella cheese, shredded cheddar cheese, mayonnaise, dried basil, salt, pepper]"
30-Minute-Lighter-Stovetop-Turkey-Tetrazzini-1380515,30 Minute Lighter Stovetop Turkey Tetrazzini,4,1800.0,[Main Dishes],,"[vegetable oil, chopped onion, white button mushrooms, low sodium chicken broth, low-fat milk, whole wheat spaghetti, turkey, non-fat sour cream, butter, parmesan cheese, flat leaf parsley]"
Juicy-Thanksgiving-Turkey-Allrecipes,Juicy Thanksgiving Turkey,5,12000.0,[Main Dishes],,"[dried parsley, dried rosemary, dried sage, dri leav thyme, lemon pepper, salt, turkey, celery, orange, onions, carrots, chicken broth, champagne]"
Jerk-Style-Turkey-Necks-1347440,Jerk Style Turkey Necks,4,6000.0,[Main Dishes],,"[turkey neck, white vinegar, olive oil, tomato paste, jerk seasoning, garlic, lime juice, kosher salt, water, onions]"
Perfect-Turkey-Gravy-1028188,Perfect Turkey Gravy,4,900.0,[Condiments and Sauces],,"[butter, black pepper, all-purpose flour, pan drippings]"
Herb-Roasted-Turkey-1359538,Herb Roasted Turkey,4,6300.0,[Main Dishes],,"[turkey, fresh rosemary, chopped fresh sage, chopped fresh thyme, kosher salt, pepper, canola oil, turkey broth]"
Easy-Roast-Turkey-1361753,Easy Roast Turkey,4,11400.0,[Main Dishes],,"[turkey, butter, dried rosemary, dried basil, dried oregano, dried thyme, salt, chicken broth]"
Barbecue-SpiceBrined-Grilled-Turkey-1367691,Barbecue Spice–Brined Grilled Turkey,3,6300.0,[Main Dishes],[Barbecue],"[hot smoked paprika, savory, ground cumin, mustard powder, cayenne pepper, light brown sugar, kosher salt, turkey, vegetable oil, chips]"
Crockpot-Turkey-Breast-1341260,Crockpot Turkey Breast,4,4200.0,[Main Dishes],,"[bone-in turkey breast, onion soup mix, celery, chicken broth, black pepper]"
Perfect-Roast-Turkey-1373587,Perfect Roast Turkey,4,12000.0,[Main Dishes],,"[turkey, celery, onions, carrots, garlic, apples, chicken broth, butter, molasses, dijon mustard, granulated garlic, black pepper, kosher salt]"
Turkey-Stroganoff-1289055,Turkey Stroganoff,4,1800.0,[Main Dishes],,"[egg noodles, vegetable oil, ground turkey, worcestershire sauce, onions, cream of mushroom soup, milk, garlic powder, salt, pepper, sour cream]"
Thanksgiving-roast-turkey-328340,Thanksgiving Roast Turkey,0,1200.0,,,"[turkey, unsalted butter, olive oil, shallots, garlic, chopped parsley, sage, chives, thyme, tarragon, onions, celery ribs, garlic cloves]"
The-World_s-Best-Turkey-Allrecipes,The World's Best Turkey,5,15000.0,[Main Dishes],,"[turkey, butter, apples, garlic powder, salt, pepper, champagne]"
Costco-Turkey-Provolone-Pesto-Sandwich-Melt-1376460,Costco Turkey Provolone Pesto Sandwich Melt,4,900.0,[Lunch and Snacks],,"[sandwich rolls, pesto, mayonnaise, turkey breast, large tomato, purple onion, provolone cheese]"
Asian-Noodles-With-Turkey-1367326,Asian Noodles With Turkey,4,1200.0,[Main Dishes],,"[turkey, noodles, sauce, oil, scallions, pepper, chips]"
Turkey-Chili-1321313,Turkey Chili,4,3300.0,[Main Dishes],,"[olive oil, green bell pepper, yellow onion, garlic, lean ground turkey, ground black pepper, salt, diced tomatoes and green chilies, tomato sauce, low sodium chicken broth, chili powder, ancho powder, ground cumin, ground paprika, ground coriander, red kidney beans, light sour cream, low-fat cheddar cheese, cayenne pepper, green onions]"
Turkey-Chili-1352225,Turkey Chili,3,3300.0,[Main Dishes],,"[olive oil, turkey meat, onions, chopped garlic, red bell pepper, chopped celery, jalapeno chilies, fresh oregano, bay leaves, chili powder, ground cumin, diced tomatoes, chicken broth, salt, freshly ground pepper, red kidney beans, shredded cheddar cheese, sour cream, lime]"
Slow-Cooker-Thanksgiving-Turkey-and-Mashed-Potato-Chowder-1380511,Slow Cooker Thanksgiving Turkey and Mashed Potato Chowder,4,15000.0,[Soups],,"[turkey, onions, carrots, potatoes, corn, peas, green beans, garlic, salt, ground black pepper, thyme, mashed potatoes, chicken broth, heavy cream, flour, stuffing]"
Boneless-Seasoned-Turkey-1038186,Boneless Seasoned Turkey,3,4200.0,[Main Dishes],,"[boneless turkey breast, olive oil, seasoning salt, paprika, garlic powder, parsley flakes, dried basil, pepper]"
Slow-Smoked-and-Spice-Brined-Turkey-1377121,Slow-Smoked and Spice-Brined Turkey,3,,,,"[Shaoxing wine, honey, kosher salt, coriander seeds, szechwan peppercorns, black peppercorns, anise seed, fennel seeds, star anise, brown cardamom, cinnamon, ginger, cold water, turkey, freshly ground black pepper, chips, vegetable oil]"
_Old-Fashioned_-Roast-Turkey-1377276,"""Old Fashioned"" Roast Turkey",3,5400.0,[Main Dishes],,"[turkey neck, kosher salt, navel oranges, onions, fresh thyme, cinnamon sticks, unsalted butter, bourbon whiskey, bitters, pure maple syrup, clove]"
Healthy-Turkey-_-Cucumber-Lettuce-Wrap-580227,Healthy Turkey & Cucumber Lettuce Wrap,3,900.0,[Lunch and Snacks],,"[iceberg lettuce, roast turkey, cucumber, hummus, paprika]"
Turkey-Cucumber-Roll-Ups-1359891,Turkey Cucumber Roll Ups,4,1200.0,,,"[deli lunch meat, tomatoes, shredded carrots, shredded lettuce, paleo mayonnaise]"
French-Herb-Roasted-Turkey-1376212,French Herb Roasted Turkey,4,8100.0,[Main Dishes],,"[turkey, onions, celery, sage leaves, thyme sprigs, rosemary sprigs, salt, pepper]"
Roasted-Turkey-Martha-Stewart,Roasted Turkey,5,13500.0,[Main Dishes],"[Southern & Soul Food, American]","[whole turkey, celery, bay leaves, carrots, onions, butter, poultry seasoning, coarse salt, ground pepper]"
Roast-Turkey-442537,Roast Turkey,3,3900.0,[Main Dishes],,"[turkey, ground black pepper, salt, softened butter]"
Turkey-_or-Chicken_-Cordon-Bleu-Pasta-1373542,Turkey (or Chicken) Cordon Bleu Pasta,4,,,,"[pasta, flour, skim milk, dijon mustard, shredded cheddar cheese, turkey, frozen peas, diced ham, kosher salt, black pepper]"
Italian-Turkey-Crock-Pot-Stew-1365639,Italian Turkey Crock Pot Stew,4,21600.0,[Main Dishes],[Italian],"[ground turkey, onions, crushed tomatoes, tomato sauce, spinach, pasta, mozzarella cheese, grated parmesan cheese]"
Spanish-Spiced-Turkey-1371624,Spanish Spiced Turkey,4,18000.0,[Main Dishes],,"[turkey, water, salt, sugar, carrots, onions, fresh thyme, orange juice, small yellow onion, garlic, honey, chicken stock, prunes, pinenuts, dried apricot, fennel seeds, cumin seed, spanish paprika, ground white pepper, mustard seeds, chili flakes]"
Stovetop-Ground-Turkey-with-Pasta-1331325,Stovetop Ground Turkey with Pasta,4,2100.0,[Main Dishes],,"[olive oil, ground turkey, garlic, fresh parsley, allspice, black pepper, sea salt, ketchup, lime juice, tomato sauce, diced tomatoes, hot sauce, pasta]"
Turkey-Sandwich-With-Cream-Cheese-and-Bacon-1380026,Turkey Sandwich With Cream Cheese and Bacon,3,600.0,[Lunch and Snacks],,"[bacon, bread, cream cheese, roast turkey]"
How-to-Roast-a-Thanksgiving-Turkey-922332,How to Roast a Thanksgiving Turkey,4,4200.0,[Main Dishes],,"[turkey, butter, fresh parsley, fresh rosemary, fresh oregano, kosher salt, ground black pepper, liquid]"
Next-Day-Turkey-Sandwiches-1380027,Next Day Turkey Sandwiches,3,900.0,"[Lunch and Snacks, Main Dishes]",,"[roast turkey, cranberry sauce, stuffing, crusty country bread, salt, freshly ground black pepper, mayonnaise, lettuce]"
Clean-Eating-Turkey-Bolognese-1360143,Clean Eating Turkey Bolognese,4,2700.0,[Main Dishes],,"[noodles, carrots, zucchini, extra-virgin olive oil, purple onion, red bell pepper, garlic, celery, lean ground turkey, fresh basil, fresh oregano, salt, cracked black pepper, diced tomatoes, parmesan cheese, fresh parsley]"
Mayonnaise-Roasted-Turkey-897022,Mayonnaise Roasted Turkey,4,7800.0,[Main Dishes],,"[whole turkey, sage leaves, fresh thyme, rosemary, oregano, mayonnaise, coarse salt, pepper, celery, onions, butter]"
Leftover-Turkey-Soup-1374077,Leftover Turkey Soup,3,7200.0,[Soups],,"[meat bones, water, salt, carrots, yellow onion, kale, egg noodles, baguette, grated parmesan cheese, turkey]"
Easy-Turkey-Gravy-1375583,Easy Turkey Gravy,4,2700.0,[Condiments and Sauces],,"[turkey neck, vegetables, pan drippings, white wine, unsalted butter, all-purpose flour, chicken stock, chopped fresh herbs, kosher salt, freshly ground black pepper]"
Grilled-Turkey_-Bacon_-Radicchio_-and-Blue-Cheese-Sandwiches-1349633,"Grilled Turkey, Bacon, Radicchio, and Blue Cheese Sandwiches",3,1500.0,[Lunch and Snacks],,"[applewood smoked bacon, mayonnaise, blue cheese, country white bread, radicchio, cooked turkey, butter]"
Garlic-and-Lemon-Roasted-Turkey-Breast-1320342,Garlic and Lemon Roasted Turkey Breast,3,13500.0,[Main Dishes],,"[garlic, grated lemon peel, fresh parsley, salt, pepper, turkey breast, butter]"
Make-Ahead-Turkey-1362547,Make-Ahead Turkey,4,5400.0,[Main Dishes],,[turkey]
Turkey-Dumplings-Allrecipes,Turkey Dumplings,4,4200.0,[Main Dishes],[American],"[turkey meat, water, pepper, salt, all-purpose flour, biscuit dough]"
Turkey-Picadillo-1325897,Turkey Picadillo,4,1500.0,[Main Dishes],,"[olive oil, ground turkey, yellow onion, red bell pepper, garlic, bay leaves, white wine, tomato sauce, brine, pimento stuffed green olives, raisins, canned black beans, capers, cumin, cayenne, salt, pepper]"
Turkey-Picatta-489026,Turkey Picatta,4,2400.0,[Main Dishes],,"[turkey breast, kosher salt, ground black pepper, all-purpose flour, olive oil, unsalted butter, shallots, white wine, lemon juice, parsley leaves]"
Turkey-Chili-1346123,Turkey Chili,4,4500.0,[Main Dishes],,"[tomato sauce, chili beans, Del Monte Diced Tomatoes, diced tomatoes and green chilies, Del Monte Fiesta Corn, ground turkey]"
Oven-Roasted-Turkey-Breast-1346085,Oven Roasted Turkey Breast,4,11100.0,[Main Dishes],,"[turkey breast, salt, pepper, butter, olive oil]"
Turkey-Taco-Pie-1354954,Turkey Taco Pie,4,2100.0,[Main Dishes],,"[dough, ground turkey breast, chunky salsa, taco seasoning, shredded cheddar cheese, cilantro, lime]"
Turkey-Dumplings-1321773,Turkey Dumplings,3,900.0,,,"[turkey meat, water, all-purpose flour, biscuit dough, salt, pepper]"
Holiday-roasted-turkey-304484,Holiday Roasted Turkey,4,10200.0,[Main Dishes],,"[turkey, Country Crock® Spread, lemon juice, dri leav rosemari, salt, ground black pepper, grated lemon peel]"
Classic-Roast-Turkey-1359262,Classic Roast Turkey,4,6300.0,[Main Dishes],,"[young turkey, kosher salt, light brown sugar, vegetable stock, black peppercorns, allspice berries, whole cloves, ground ginger, water, apples, onions, cinnamon sticks, sage, fresh thyme, fresh marjoram, rosemary, garlic, extra-virgin olive oil, stock]"
Vegetable-Turkey-Stew-1369266,Vegetable-Turkey Stew,3,15600.0,[Main Dishes],,"[baby carrots, russet potatoes, celery, onions, turkey thigh, turkey gravy]"
Turkey-In-A-Smoker-Allrecipes,Turkey in a Smoker,5,37200.0,[Main Dishes],,"[turkey, garlic, seasoning salt, butter, cola-flavored carbonated beverage, apples, onions, garlic powder, salt, ground black pepper]"
Spiced-Turkey-Meatballs-1374895,Spiced Turkey Meatballs,3,2400.0,"[Appetizers, Main Dishes]",,"[turkey mince, garlic, ginger root, curry powder, soy sauce, salt, mint, coriander, zucchini, lemon juice]"
Wrap-Sandwich-with-Turkey-_-Cukes-1325943,Wrap Sandwich with Turkey & Cukes,3,900.0,[Lunch and Snacks],,"[shells, cream cheese spread, cucumber, turkey]"
Healthy-Turkey-Club-Wrap-1221097,Healthy Turkey Club Wrap,3,300.0,[Lunch and Snacks],,"[tortilla wraps, bacon, turkey breast deli meat, cheddar cheese, lettuce, tomatoes, ranch dressing]"
Southwestern-Turkey-Soup-1359619,Southwestern Turkey Soup,4,1800.0,[Soups],[Southwestern],"[onions, carrots, garlic, jalapeno chilies, olive oil, chili powder, cumin, coriander, oregano, turkey stock, cooked turkey, chili beans, diced tomatoes, frozen corn, sour cream, avocado, grating cheese, tortilla chips, lime juice, fresh cilantro]"
Cream-of-Turkey-and-Wild-Rice-Soup-1366058,Cream of Turkey and Wild Rice Soup,4,3900.0,[Soups],,"[bone broth, water, turkey, wild rice, carrots, celery, vidalia onion, flour, butter, parsley, salt, pepper]"
Chard-and-Prosciutto-Stuffed-Turkey-Breast-1377679,Chard and Prosciutto Stuffed Turkey Breast,4,5400.0,[Main Dishes],,"[turkey breast, kosher salt, pinenuts, chard, prosciutto, olive oil, purple onion, garlic, melted butter, pepper]"
Spicy-Turkey-Chili-1335911,Spicy Turkey Chili,4,3600.0,[Main Dishes],,"[olive oil, onions, garlic, jalapeno chilies, poblano peppers, ground turkey, chipotles in adobo, diced tomatoes, kidney beans, chili powder, ancho powder, dried oregano, salt, ground pepper]"
A-Simple-Holiday-Turkey-Breast-1378559,A Simple Holiday Turkey Breast,4,12000.0,[Main Dishes],,"[bone-in turkey breast, salted butter, poultry seasoning, mostarda, mustard, slider rolls]"
Maple-Sage-Glazed-Turkey-Legs-1363756,Maple Sage Glazed Turkey Legs,4,5100.0,[Main Dishes],,"[turkey legs, butter, maple syrup, salt, fresh sage]"
Turkey-Club-Wrap-1366152,Turkey Club Wrap,4,1200.0,[Lunch and Snacks],,"[whole wheat tortillas, turkey, mayonnaise, mustard, cheddar cheese, bacon, romaine lettuce, tomatoes, avocado]"
Turkey-Croquettes-or-Patties-1375026,Turkey Croquettes or Patties,4,2100.0,[Main Dishes],,"[ground turkey, celery, dried minced onion, parsley flakes, rubbed sage, thyme leaves, eggs, bread crumbs, oil, flour, chicken stock, salt, pepper]"
Turkey-Tetrazzini-1295108,Turkey Tetrazzini,4,3600.0,[Main Dishes],,"[thin spaghetti, butter, garlic, white mushrooms, salt, white wine, flour, turkey, cream cheese, black olives, frozen peas, bacon, grated jack cheese, grated parmesan cheese, pepper, broth, panko breadcrumbs]"
Flavorful-Turkey-Breast-In-The-Crockpot_-1366766,Flavorful Turkey Breast In The Crockpot!,3,2100.0,[Main Dishes],,"[turkey breast, onion soup mix, cranberry sauce]"
Italian-Style-Turkey-Minestrone-Soup-1378718,Italian-Style Turkey Minestrone Soup,4,,[Soups],[Italian],"[bone broth, diced tomatoes in juice, celery, onions, garlic powder, ground black pepper, oregano leaves, turkey meat, frozen green beans]"
Turkey-Croquettes-1380388,Turkey Croquettes,3,3300.0,[Main Dishes],,"[bread crumbs, large eggs, water, mashed potatoes, stuffing, cooked turkey, olive oil, cranberry sauce, turkey gravy]"
Turkey-and-Hummus-Club-Sandwich-1376686,Turkey and Hummus Club Sandwich,4,1200.0,[Lunch and Snacks],,"[hummus, sweet chili sauce, mayonnaise, paprika, arugula, turkey meat, multigrain bread]"
Turkey-Croquettes-1380307,Turkey Croquettes,3,3300.0,[Main Dishes],,"[bread crumbs, large eggs, water, mashed potatoes, stuffing, cooked turkey, olive oil, cranberry sauce, turkey gravy]"
Juicy-Smoked-Paprika-Turkey-1378427,Juicy Smoked Paprika Turkey,4,2700.0,[Main Dishes],,"[water, kosher salt, light brown sugar, dried sage, black peppercorns, rosemary leaves, thyme, marjoram, ice water, turkey, smoked paprika, black pepper, table salt, onion powder, garlic powder]"
Turkey-Stracciatella-Soup-1360139,Turkey Stracciatella Soup,4,1800.0,[Soups],,"[pasta, chicken stock, cooked turkey, eggs, salt, grated parmesan cheese, flat leaf parsley]"
Turkey-Croquettes-1380066,Turkey Croquettes,3,3300.0,[Main Dishes],,"[bread crumbs, large eggs, water, mashed potatoes, stuffing, cooked turkey, olive oil, cranberry sauce, turkey gravy]"
Turkey-In-A-Bag-Allrecipes,Turkey in a Bag,5,12000.0,[Main Dishes],,"[whole turkey, pepper, salt, all-purpose flour, celery, onions]"
Cheesy-Turkey-Stromboli-1327376,Cheesy Turkey Stromboli,3,3300.0,[Main Dishes],,"[refrigerated pizza dough, Kraft Big Slice Colby Jack Cheese Slices, smoked turkey breast, roasted red peppers, basil dried leaves, eggs, water]"
Easy-Turkey-Brine-1372344,Easy Turkey Brine,4,20400.0,[Main Dishes],,"[turkey, wish-bone, chicken broth]"
Thanksgiving-Turkey-Cupcakes-1358352,Thanksgiving Turkey Cupcakes,4,4200.0,[Desserts],,"[cupcakes, flour, sugar, cocoa, baking soda, baking powder, salt, eggs, whole milk, canola oil, vanilla, boiling water, frosting, unsalted butter, cocoa powder, powdered sugar, heavy cream, icing, egg whites, cream of tartar, food gel, turkey, fudge, OREO® Cookies, candy corn, M&M's Candy]"
Orange-_-Sage-Spatchcocked-Turkey-1364103,Orange & Sage Spatchcocked Turkey,4,6600.0,[Main Dishes],,"[whole turkey, water, onions, sage leaves, butter, zest, fresh sage, black pepper, salt, all-purpose flour]"
Turkey-Brine-Recipe-_-Holiday-Menu-Planning-1373734,Turkey Brine Recipe & Holiday Menu Planning,4,900.0,,,"[vegetable broth, water, fresh herbs, kosher salt, granulated sugar, orange, onions, black peppercorns, juniper berries, ice water, turkey]"
Pomegranate-Molasses-Glazed-Turkey-1373619,Pomegranate Molasses Glazed Turkey,4,8400.0,[Main Dishes],,"[turkey, unsalted butter, salt, pepper, low sodium chicken broth, pomegranate molasses, horseradish, dijon mustard, kosher salt, black pepper]"
Healthy-Turkey-Salad-with-Grapes_-Apples-_-Walnuts-1377104,"Healthy Turkey Salad with Grapes, Apples & Walnuts",4,600.0,[Salads],,"[turkey breast, apples, grapes, chopped onion, chopped celery, chopped walnuts, low-fat mayonnaise, plain greek yogurt, kosher salt, freshly ground black pepper]"
Roasted-Vegetable-Turkey-Sage-Soup-1378503,Roasted Vegetable Turkey Sage Soup,4,4800.0,[Soups],,"[carrots, parsnips, turnips, diced onions, garlic, celery, olive oil, tomatoes, chopped fresh sage, turkey stock, salt, pepper, baby spinach leaves, roast turkey]"
Glazed-and-Lacquered-Roast-Turkey-1378361,Glazed and Lacquered Roast Turkey,3,,[Main Dishes],,"[turkey neck, bay leaves, black peppercorns, allspice berries, kosher salt, dried sage, brown sugar, sherry vinegar, soy sauce, unsalted butter, vegetable oil spray, spices]"
New-England-Roast-Turkey-1357437,New England Roast Turkey,3,5100.0,[Main Dishes],,"[turkey, kosher salt, white sugar, bay leaves, black peppercorns, fresh rosemary, yellow onion, rib, carrots]"
Turkey-burger-326342,Turkey Burger,3,1800.0,[Main Dishes],[Kid-Friendly],"[turkey, sweet onion, roasted garlic, olive oil, sea salt, black pepper]"
Crock-Pot-Turkey-Breast-1360638,Crock Pot Turkey Breast,4,87300.0,[Main Dishes],,"[turkey breast, kosher salt, sugar, soy sauce, worcestershire sauce, celery seed, herb mix, poultry seasoning]"
Turkey-White-Bean-Pumpkin-Chili-Updated-1360461,Turkey White Bean Pumpkin Chili – Updated,4,2100.0,[Main Dishes],,"[cooking spray, ground turkey, olive oil, onions, garlic, cumin, chili powder, oregano, white beans, green chile, chicken broth, pumpkin purée, bay leaves, salt, pepper, cheese, greek yogurt]"
Thanksgiving-Turkey_-Cranberry-_-Brie-Biscuit-Sandwiches-1366733,"Thanksgiving Turkey, Cranberry & Brie Biscuit Sandwiches",4,900.0,[Lunch and Snacks],,"[biscuits, roast turkey, cranberry sauce, brie cheese, gravy]"
Slow-Cooker-Lasagna-Soup-1375138,Slow Cooker Lasagna Soup,4,4200.0,"[Soups, Main Dishes]",,"[italian sausage, minced garlic, olive oil, pasta sauce, beef broth, onion powder, parsley, basil, grated parmesan cheese, lasagna noodles, mozzarella cheese, water, milk]"
Warm-_-Comforting-Turkey-and-Stufflins-1380548,Warm & Comforting Turkey and Stufflins’,4,2700.0,[Main Dishes],,"[chicken stock, sweet cream butter, extra-virgin olive oil, sweet onion, celery ribs, carrots, garlic, brown rice flour, fresh thyme leaves, herbes de provence, kosher salt, freshly ground black pepper, veggies, turkey meat, stuffing]"
Turkey-Goulash-StephWeyandt-40876,Turkey Goulash,4,2700.0,[Main Dishes],,"[lean ground turkey, diced tomatoes, garlic, tomato sauce, white sugar, dried basil, bow-tie pasta]"
Jamaican-Jerk-Turkey-1366762,Jamaican Jerk Turkey,3,6300.0,[Main Dishes],,"[olive oil, light brown sugar, scallions, black pepper, salt, dried thyme, ground cinnamon, onion powder, grated nutmeg, ground cloves, lime juice, soy sauce, garlic, pepper, ginger, unsalted butter, turkey]"
Turkey-Bolognese-1159838,Turkey Bolognese,3,3000.0,[Main Dishes],,"[olive oil, onions, celery, garlic, dried thyme, dried oregano, cinnamon, kosher salt, pepper, lean ground turkey, marinara sauce, whole wheat linguine, ground nutmeg, fresh basil, grated parmesan cheese]"
Bacon-Wrapped-Roast-Turkey-1069268,Bacon Wrapped Roast Turkey,4,6300.0,[Main Dishes],,"[turkey, bacon, pepper, thyme, sage]"
Easy-Roasted-Turkey-484637,Easy Roasted Turkey,4,2880.0,[Main Dishes],,"[turkey, fresh thyme, onions, unsalted butter, kosher salt, carrots, celery, low sodium chicken broth]"
Thanksgiving-Roasted-Turkey-Recipe-_Brine-Method_-_-18-Tips-for-Success-1379234,Thanksgiving Roasted Turkey Recipe (Brine Method) + 18 Tips for Success,3,61200.0,[Main Dishes],,"[turkey, baby carrots, onions, lemon, water, kosher salt, bay leaves, garlic powder, onion powder, black peppercorns, allspice, greens]"
Crock-Pot-Rosemary-Turkey-Breasts_-Tender-and-Juicy_-1372837,"Crock Pot Rosemary Turkey Breasts, Tender and Juicy!",4,17100.0,[Main Dishes],,"[turkey breast halves, dried sage, dried thyme, ground pepper, onions, garlic cloves, reduced sodium chicken broth, fresh lemon juice, fresh rosemary, lemon slices, cranberries, frozen cranberries, sugar]"
Healthier-Turkey-Hash-1294134,Healthier Turkey Hash,3,1500.0,,,"[olive oil, lean ground turkey, chopped onion, chopped green bell pepper, medium potatoes, dried oregano, garlic powder, salt and ground black pepper]"
Easy-Turkey-Gravy-767543,Easy Turkey Gravy,3,1200.0,[Condiments and Sauces],,"[base, milk, turkey stock, pan drippings, sherry]"
Easy-Thanksgiving-Turkey-Meatloaf-1370314,Easy Thanksgiving Turkey Meatloaf,4,3600.0,[Main Dishes],,"[butter, onions, celery, ground turkey, large eggs, plain breadcrumbs, poultry seasoning, cinnamon, dri leav thyme, parsley flakes, honey, chop fine pecan, turkey gravy]"
White-Turkey-Chili-1378471,White Turkey Chili,4,900.0,[Main Dishes],,"[ground turkey, olive oil, salt, freshly ground black pepper, ground cumin, ground coriander, cayenne pepper, onions, garlic, tomatillos, low sodium chicken broth, poblano peppers, cannellini beans, cream, lime juice, fresh cilantro, scallions, shredded Monterey Jack cheese, sour cream]"
Turkey_-Bacon-And-Cream-Cheese-Sandwich-1371132,"Turkey, Bacon And Cream Cheese Sandwich",4,1200.0,[Lunch and Snacks],,"[bacon, bread, cream cheese, roast turkey]"
Apres-Turkey-1363351,Après-Turkey,3,900.0,[Beverages],,"[applejack, simple syrup, cinnamon, nutmeg, cinnamon sticks]"
Turkey-Gravy-1046781,Turkey Gravy,4,1800.0,[Condiments and Sauces],,"[butter, black pepper, all-purpose flour, turkey drippings]"
Easy-Turkey-Meatballs-1327787,Easy Turkey Meatballs,4,1800.0,[Main Dishes],,"[plain breadcrumbs, eggs, feta cheese, tomato paste, basil, clove, salt, ground black pepper, olive oil, ground turkey, tomato sauce]"
Super-moist-roasted-turkey-299952,Super Moist Roasted Turkey,4,12900.0,[Main Dishes],,"[turkey, hellmann' or best food real mayonnais, shallots, crushed sage leaves, knorr roasted turkey gravy mix]"
Cheesy-Ground-Turkey-Enchiladas-1348579,Cheesy Ground Turkey Enchiladas,3,2700.0,[Main Dishes],[Mexican],"[turkey meat, olive oil, yellow onion, garlic, diced green chilies, taco seasoning, water, flour tortillas, enchilada sauce, shredded cheese]"
How-to-Make-a-Test-Run-Turkey-for-Thanksgiving-1374496,How to Make a Test Run Turkey for Thanksgiving,4,300.0,[Main Dishes],,"[turkey legs, honey, ground chipotle chile pepper, garlic powder, parsley flakes, salt, pepper]"
Herbed-Roasted-Turkey-Martha-Stewart-197286,Herbed Roasted Turkey,4,18000.0,[Main Dishes],[American],"[turkey, chopped parsley, fresh rosemary, sage leaves, fresh thyme leaves, garlic, olive oil, coarse salt, ground pepper, lemon, apple cider]"
Butter_-Herb-And-Garlic-Roasted-Turkey-1366757,"Butter, Herb And Garlic Roasted Turkey",3,6300.0,[Main Dishes],,"[butter, poultry seasoning, garlic herb mix sauc, onion powder, minced garlic, celery stick, onions, low sodium chicken broth, turkey, kosher salt, ground black pepper, herbs, lemon, orange]"
Post-Thanksgiving-Turkey-Empanadas-1361680,Post-Thanksgiving Turkey Empanadas,4,3000.0,[Appetizers],,"[olive oil, finely chopped onion, roast turkey, cumin, kosher salt, chipotles in adobo, fresh lime juice, fresh cilantro, sharp cheddar cheese, refrigerated piecrusts, eggs]"
Turkey-meatloaf-351965,Turkey Meatloaf,5,4800.0,[Main Dishes],,"[ketchup, worcestershire sauce, onions, olive oil, lean ground turkey, seasoned bread crumbs, eggs, marjoram, salt]"
Apple-Cider_-Rosemary-_-Ginger-Roast-Turkey-1378542,"Apple Cider, Rosemary & Ginger Roast Turkey",4,18000.0,[Main Dishes],,"[turkey, apple cider, fresh rosemary, ground ginger, granny smith apples, sage leaves, kosher salt, freshly ground black pepper, unsalted butter]"
Candied-Sweet-Potato-Casserole-1372919,Candied Sweet Potato Casserole,4,3900.0,[Side Dishes],,"[sweet potatoes, orange juice, honey, unsalted butter, orange, salt, chopped pecans, ground cinnamon, brown sugar]"
Turkey-Pot-Pie-Stromboli-1353591,Turkey Pot Pie Stromboli,3,3600.0,[Main Dishes],,"[unsalted butter, yellow onion, celery, salt, pepper, garlic, all-purpose flour, low sodium chicken broth, heavy cream, frozen peas, turkey meat, shredded cheese, frozen pastry puff sheets, eggs]"
Maple-Orange-Glazed-Turkey-Breast-1379125,Maple-Orange Glazed Turkey Breast,4,3900.0,[Main Dishes],,"[olive oil spray, bone-in turkey breast, kosher salt, freshly ground pepper, dried thyme, dried sage, dried parsley, marjoram, pure maple syrup, coconut oil, orange marmalade, orange juice]"
Best-Turkey-Meatballs-1236406,Best Turkey Meatballs,4,3000.0,,,"[lean ground turkey, garlic cloves, onions, parsley, salt, pepper, oregano, eggs, dry bread crumbs]"
Roast-Turkey-1200851,Roast Turkey,3,21600.0,[Main Dishes],,"[turkey, kosher salt, ground black pepper, unsalted butter, lemon zest, rosemary leaves, sage leaves, fresh thyme, onions, orange, lemon]"
Orange-Glazed-Turkey-1361818,Orange Glazed Turkey,4,10800.0,[Main Dishes],,"[turkey, sage, sea salt, chopped parsley, onion powder, butter, orange marmalade, orange juice concentrate, orange, honey, stuffing]"
Crock-Pot-Make-Ahead-Turkey-1360007,Crock Pot Make Ahead Turkey,4,3600.0,[Main Dishes],,"[turkey, butter, salt, pepper, chicken broth]"
Turkey-and-Hummus-Club-Sandwich-1376085,Turkey and Hummus Club Sandwich,4,1200.0,[Lunch and Snacks],,"[hummus, sweet chili sauce, mayonnaise, paprika, arugula, turkey meat, multigrain bread]"
Easy-Homemade-Turkey-Stock-1378645,Easy Homemade Turkey Stock,4,6300.0,[Soups],,"[giblet, turkey carcass, fat, onions, carrots, celery, leeks, fresh thyme, flat leaf parsley, bay leaf, peppercorns]"
Low-Calorie_-High-Fiber-Buffalo-Turkey-Chili-1350913,"Low Calorie, High Fiber Buffalo Turkey Chili",4,2400.0,[Main Dishes],,"[fat free ground turkey breast, olive oil, onions, celery, carrots, garlic, light beer, diced tomatoes, cannellini beans, cumin, paprika, Frank's® RedHot® Original Cayenne Pepper Sauce, blue cheese, romaine lettuce]"
Turkey-Meatloaf-1351808,Turkey Meatloaf,4,4200.0,[Main Dishes],,"[large eggs, garlic cloves, onions, black pepper, salt, coconut aminos, celery ribs, red bell pepper, ground turkey]"
Turkey-Mercedes-Allrecipes,Turkey Mercedes,5,49200.0,[Main Dishes],,"[garlic, black pepper, ground cumin, dried oregano, salt, fresh lemon juice, dry white wine, frozen orange juice concentrate, turkey]"
How-to-Roast-Turkey-1042434,How to Roast Turkey,3,15840.0,[Main Dishes],,"[whole turkey, kosher salt, unsalted butter, onions, baby carrots, celery, fresh thyme, bay leaf, dry white wine]"
Turkey-Pho-Dip-1363305,Turkey Pho Dip,3,2700.0,[Appetizers],,"[turkey carcass, scallions, ginger, star anise, cinnamon sticks, fish sauce, sugar, coriander seeds, fennel seeds, kosher salt, mayonnaise, hot chili paste, turkey, ciabatta, hoisin sauce, mung bean sprouts, lime wedges, jalapeno chilies, leaves]"
Smart-turkey-waldorf-pitas-304305,Smart Turkey Waldorf Pitas,4,600.0,[Lunch and Snacks],,"[hellmann' or best food light mayonnais, pita bread, turkey, apples, cranberries, shredded lettuce]"
Turkey-stuffed-zucchini-352552,Turkey Stuffed Zucchini,5,4800.0,[Main Dishes],,"[zucchini, butter, onions, shallots, garlic, white wine, ground turkey, large egg whites, grated parmesan cheese, fat-free chicken broth, whole wheat seasoned breadcrumbs, paprika, rosemary, garlic powder, marjoram, dried basil, salt, pepper]"
One-Pot-Healthy-Turkey-Skillet-1347185,One-Pot Healthy Turkey Skillet,4,1500.0,[Main Dishes],,"[extra-virgin olive oil, ground turkey, green bell pepper, sweet onion, roma tomatoes, whole wheat elbow macaroni, kidney beans, cumin, chili powder, salt]"
My-Mamas-Green-Chili-Turkey-1380541,My Mama’s Green Chili Turkey,4,2400.0,[Main Dishes],,"[onions, green bell pepper, slice, large garlic cloves, flour, water, vegetable bouillon cube, green chilies, turkey, salt, red pepper flakes]"
Moms-Ground-Turkey-and-Peppers-532952,Mom’s Ground Turkey and Peppers,5,1800.0,[Main Dishes],,"[olive oil, yellow onion, bell pepper, garlic, kosher salt, ground turkey, ground chipotle chile pepper, fresh parsley]"
Lightened-Up-Turkey-or-Chicken-Pot-Pie-_dairy-free_-1380521,Lightened Up Turkey or Chicken Pot Pie {dairy-free},4,3900.0,[Main Dishes],,"[avocado oil, potatoes, diced celery, carrots, onions, turkey broth, fresh thyme, arrowroot powder, turkey, frozen peas, salt, freshly ground pepper, phyllo dough, cooking spray]"
Turkey_-Brie-_-Cranberry-Quesadilla-530840,"Turkey, Brie & Cranberry Quesadilla",4,1500.0,"[Appetizers, Lunch and Snacks]",[Kid-Friendly],"[whole wheat tortillas, turkey, cranberry sauce, brie cheese]"
Turkey-Snacker-477270,Turkey Snacker,4,300.0,[Appetizers],,"[cheddar cheese, sliced turkey, dried cranberries, New York Style Sea Salt & Cracked Pepper Bagel Crisps®]"
Turkey-Tamale-Pie-_SundaySupper-1357568,Turkey Tamale Pie #SundaySupper,4,3600.0,[Main Dishes],,"[milk, eggs, cream style corn, cayenne pepper, taco seasoning, corn mix muffin, green chile, enchilada sauce, turkey, cheddar cheese, cilantro]"
Roasting-a-Heritage-Breed-Turkey-1362318,Roasting a Heritage Breed Turkey,4,5400.0,[Main Dishes],,"[heritage turkey, rub, celery, carrots, onions, turkey stock, olive oil, salt, pepper]"
Basic-Turkey-Meatloaf-512698,Basic Turkey Meatloaf,5,4200.0,[Main Dishes],,"[ground turkey, seasoned bread crumbs, onions, ketchup, dijon mustard, eggs, pepper, salt, milk]"
Oven-Roasted-Turkey-1353583,Oven-Roasted Turkey,3,12000.0,[Main Dishes],,"[turkey, water, kosher salt, onions, brown sugar, rosemary, thyme, bay leaves, black peppercorns, ice water, oil]"
Turkey-waldorf-pitas-299330,Turkey Waldorf Pitas,4,600.0,[Lunch and Snacks],,"[hellmann' or best food real mayonnais, pita bread, turkey, apples, cranberries, shredded lettuce]"
Smoked-Turkey-Allrecipes,Smoked Turkey,4,27000.0,[Main Dishes],"[Barbecue, Kid-Friendly]","[turkey, chips]"
Turkey-Curry-791971,Turkey Curry,3,1800.0,[Main Dishes],,"[olive oil, onions, turkey tenderloins, garlic, curry powder, salt, ground turmeric, ground cumin, ground cayenne pepper, chicken broth, tomato paste, golden raisins, light cream, green onions]"
Asian-turkey-352965,Asian Turkey,5,,[Main Dishes],[Asian],"[turkey, mayonnaise, chile sauce, ground ginger, garlic powder, salt, thai basil, lemongrass, scallions, fresh ginger]"
Turkey-burritos-298048,Turkey Burritos,4,1200.0,"[Lunch and Snacks, Main Dishes]","[Mexican, Southwestern]","[vegetable oil, red bell pepper, sliced, onions, turkey, hellmann' or best food real mayonnais, prepar salsa, flour tortillas, shredded cheddar cheese]"
Persian-turkey-kofta-kebabs-352179,Persian Turkey Kofta Kebabs,5,3300.0,,[Barbecue],"[lean ground turkey, onions, garlic, fresh parsley, bread crumbs, allspice, coriander, paprika, chili powder, salt, pepper]"
Turkey-Stroganoff-Simply-Recipes-42896,Turkey Stroganoff,5,1500.0,[Main Dishes],,"[cremini mushrooms, butter, finely chopped onion, turkey meat, turkey gravy, nutmeg, chopped fresh thyme, sour cream, salt, black pepper, egg noodles]"
Ina-Gartens-Herb-Roasted-Turkey-Breast-1370198,Ina Garten’s Herb Roasted Turkey Breast,4,4500.0,[Main Dishes],,"[bone-in turkey breast, minced garlic, dry mustard, rosemary leaves, sage leaves, fresh thyme leaves, kosher salt, freshly ground black pepper, olive oil, lemon juice, dry white wine]"
Herb-Roasted-Turkey-1369173,Herb Roasted Turkey,4,6300.0,[Main Dishes],,"[turkey, unsalted butter, lemon, flat leaf parsley, fresh thyme leaves, sage leaves, coarse salt, freshly ground pepper, turkey drippings, chicken stock, butter, flour]"
Slow-Roasted-Turkey-1370510,Slow-Roasted Turkey,3,5400.0,[Main Dishes],,"[turkey, softened butter, lemon, rosemary, thyme, sage, freshly ground black pepper, kosher salt, white wine]"
Turkey-and-Cranberry-BBQ-Sauce-Pizza-1367455,Turkey and Cranberry BBQ Sauce Pizza,4,1500.0,[Main Dishes],,"[pizza doughs, cranberry sauce, bbq sauce, turkey, monterey jack, purple onion, cilantro]"
Kapow_-Turkey-1323052,Kapow! Turkey,3,600.0,[Lunch and Snacks],,"[mayonnaise, ketchup, fresh lemon juice, sweet paprika, Colman's Mustard Powder, cayenne, whole grain bread, spicy mayonnaise, sliced turkey, pepper jack, iceberg lettuce, beefsteak tomatoes, kosher salt, ground black pepper, dill pickles, chips]"
Simplified-Turkey-Muffuletta-1354086,Simplified Turkey Muffuletta,4,420.0,[Lunch and Snacks],,"[shallots, salad, provolone cheese, turkey breast deli meat]"
No-Drippings-Turkey-Gravy-1344247,No-Drippings Turkey Gravy,4,900.0,[Condiments and Sauces],,"[unsalted butter, all-purpose flour, onion powder, sea salt, ground pepper, stock]"
Wine-Basted-Roasted-Turkey-1359617,Wine-Basted Roasted Turkey,4,4800.0,[Main Dishes],,"[turkey, carrots, celery, onions, garlic, apples, fresh thyme, sage, butter, red wine, salt, pepper]"
Green-Chile-Turkey-Tetrazzini-1380695,Green Chile Turkey Tetrazzini,4,3900.0,[Main Dishes],,"[olive oil, celery, yellow onion, mushrooms, red bell pepper, poblano peppers, minced garlic, butter, flour, milk, dry white wine, chicken broth, cream cheese, turkey, green chile, grated parmesan cheese, shredded pepper jack cheese, cilantro, spaghetti, salt, pepper, panko breadcrumbs]"
Classic-Roasted-Turkey-1087502,Classic Roasted Turkey,4,1800.0,[Main Dishes],,"[whole turkey, butter, rubbed sage, mixed spice, pepper, salt, apples, yellow onion, orange]"
Bbq-Turkey-Allrecipes,BBQ Turkey,5,20700.0,,[Barbecue],"[butter, turkey, chicken soup base, sweet onion, apples, minced garlic, dry white wine]"
Rotisserie-Injection-Brined-Turkey-1236708,Rotisserie Injection Brined Turkey,4,2400.0,[Main Dishes],,"[turkey, water, kosher salt, sugar, soy sauce, spanish paprika]"
Easy-Roast-Chicken-1375083,Easy Roast Chicken,4,4800.0,[Main Dishes],,"[chicken, butter, italian seasoning, fresh parsley, garlic, salt, pepper]"
Turkey-Pasta-Skillet-1372883,Turkey Pasta Skillet,3,2400.0,[Main Dishes],,"[fettucine, chopped onion, chopped celery, garlic, canola oil, mushrooms, fat free milk, salt free seasoning, salt, corn starch, half & half, grated parmesan cheese, cooked turkey, shredded mozzarella cheese]"
Citrus-and-Herb-Butter-Roasted-Turkey-1359751,Citrus and Herb Butter Roasted Turkey,4,5400.0,[Main Dishes],,"[navel oranges, lemon, garlic, chopped fresh sage, fresh rosemary, chopped fresh thyme, salt, pepper, unsalted butter, turkey, orange, granny smith apples, sage, rosemary, thyme, kosher salt, ground pepper]"
Classic-Roast-Turkey-781946,Classic Roast Turkey,3,6300.0,[Main Dishes],,"[turkey, softened butter, salt, pepper, fresh basil leaves, rubbed sage, thyme, chicken broth]"
Foolproof-Turkey-Gravy-1032192,Foolproof Turkey Gravy,3,600.0,,,"[turkey drippings, Gold Medal All Purpose Flour, liquid, sauce, salt, pepper]"
Herbed-Turkey-Burger-Simply-Recipes-42544,Herbed Turkey Burger,5,2100.0,[Main Dishes],[Barbecue],"[olive oil, purple onion, garlic cloves, turkey meat, kosher salt, black pepper, chopped parsley, fresh rosemary, fresh sage, chopped fresh thyme]"
Easy-turkey-wraps-303596,Easy Turkey Wraps,4,900.0,[Lunch and Snacks],,"[hellmann' or best food light mayonnais, flour tortillas, turkey breast deli meat, purple onion, mixed greens, ragu old world style pasta sauc]"
Turkey-Shepherd_s-Pie-1338616,Turkey Shepherd's Pie,4,3000.0,[Main Dishes],,"[turkey, olive oil, garlic, carrots, celery ribs, onions, ground turkey, dried thyme, ketchup, worcestershire sauce, beef broth, all-purpose flour, milk, frozen peas, diced tomatoes, salt, pepper, red potato, butter, shredded sharp cheddar cheese, scallions, ground black pepper]"
Moist-_-Tender-Turkey-Breast-1372183,Moist & Tender Turkey Breast,3,15000.0,[Main Dishes],,"[bone-in turkey breast, rosemary sprigs, garlic cloves, water, brown sugar, ground pepper, salt]"
Amazingly-Delicious-Turkey-Barley-and-Sweet-Potato-Soup-1377137,Amazingly Delicious Turkey Barley and Sweet Potato Soup,4,4200.0,[Soups],,"[reduced sodium chicken broth, pearl barley, olive oil, garlic, carrots, celery, onions, sweet potatoes, turkey breast, ground pepper]"
Bruschetta-Turkey-Burger-1367768,Bruschetta Turkey Burger,4,4200.0,[Main Dishes],[Barbecue],"[ground turkey breast, basil, worcestershire sauce, balsamic vinegar, garlic powder, mozzarella cheese, salt, pepper, cherry tomatoes, garlic, shredded basil, olive oil, Ciabatta rolls]"
Super-Moist-Roast-Turkey-Breast-967581,Super Moist Roast Turkey Breast,4,5400.0,[Main Dishes],,"[bone-in turkey breast, onion soup mix, garlic powder, celery salt, dried thyme, dried basil, chicken broth]"
Baked-turkey-croquettes-351914,Baked Turkey Croquettes,5,3000.0,"[Appetizers, Main Dishes]",,"[turkey breast, potatoes, fat-free chicken broth, olive oil, garlic, onions, parsley, salt, pepper, whole wheat breadcrumbs, eggs, olive oil spray]"
Best-Turkey-Meatballs-1164594,Best Turkey Meatballs,4,3000.0,,,"[lean ground turkey, garlic cloves, onions, parsley, salt, pepper, oregano, eggs, dry bread crumbs]"
Lets-Talk-Turkey-1345949,Let’s Talk Turkey,4,4800.0,[Main Dishes],,"[turkey, red apples, onions, cinnamon sticks, water, rosemary, sage, canola oil]"
Ground-Turkey-Casserole-Allrecipes,Ground Turkey Casserole,4,3900.0,[Main Dishes],[Kid-Friendly],"[ground turkey, tomato sauce, white sugar, sour cream, cream cheese, egg noodles, shredded cheddar cheese]"
Creamy-Turkey-Burritos-1232380,Creamy Turkey Burritos,3,1200.0,[Main Dishes],,"[cooked turkey, non-fat sour cream, Old El Paso™ taco seasoning mix, reduced fat sharp cheddar cheese, Old El Paso Flour Tortillas]"
Breakfast-Turkey-Sausage-1338286,Breakfast Turkey Sausage,4,1500.0,[Breakfast and Brunch],,"[ground turkey, dried sage, dried rosemary, maple syrup, sea salt, ground black pepper, olive oil]"
Spaghetti-Squash-Lasagna-with-Turkey-Meat-Sauce-1373723,Spaghetti Squash Lasagna with Turkey Meat Sauce,4,3000.0,[Main Dishes],,"[marinara sauce, lean ground turkey, spaghetti squash, part-skim ricotta cheese, eggs, italian seasoning, parmesan cheese, shredded mozzarella cheese]"
Crock-Pot-Turkey-Breast-1365196,Crock Pot Turkey Breast,4,22200.0,[Main Dishes],,"[turkey breast, cooking spray, water, carrots, celery, onions, seasoning salt, pan drippings, poultry seasoning, butter, all-purpose flour, turkey broth]"
New-England-Roast-Turkey-1357306,New England Roast Turkey,3,5100.0,[Main Dishes],,"[turkey, kosher salt, white sugar, bay leaves, black peppercorns, fresh rosemary, yellow onion, rib, carrots]"
How-To-Make-Jerk-Turkey-476740,How To Make Jerk Turkey,5,6300.0,[Main Dishes],[Barbecue],"[turkey, jerk sauce, thyme, lemon]"
Easy-Turkey-_-Three-Bean-Chili-1350830,Easy Turkey & Three Bean Chili,4,1800.0,[Main Dishes],,"[lean ground turkey, garlic powder, tomato sauce, tomato juice, beans, salsa, chili powder, salt, pepper]"
Roasted-Turkey-Stock-1367818,Roasted Turkey Stock,3,4800.0,[Soups],,"[roast turkey, onions, carrots, celery ribs, white wine, garlic cloves, fresh thyme, bay leaves, black peppercorns, dried red chile peppers, kosher salt]"
Turkey-Breakfast-Sausage-1357688,Turkey Breakfast Sausage,4,1200.0,[Breakfast and Brunch],,"[ground turkey, brown sugar, salt, ground black pepper, ground sage, ground thyme, marjoram, red pepper flakes]"
Herb-Roasted-Turkey-Breast-1042440,Herb Roasted Turkey Breast,4,9300.0,[Main Dishes],,"[boneless turkey breast, sage leaves, thyme, olive oil, kosher salt, black pepper]"
Turkey-picadillo-352288,Turkey Picadillo,5,,[Main Dishes],"[Cuban, Mexican, Spanish]","[ground turkey, tomato sauce, kosher salt, ground pepper, ground cumin, bay leaves, capers, onions, minced garlic, tomatoes, bell pepper, cilantro]"
Turkey-Reuben-Martha-Stewart-192277,Turkey Reuben,3,1200.0,"[Lunch and Snacks, Main Dishes]",,"[unsalted butter, rye bread, dress russian, swiss cheese, cooked turkey, slaw, sandwiches]"
Apres-Turkey-1360872,Après-Turkey,3,900.0,[Beverages],,"[applejack, simple syrup, cinnamon, nutmeg, cinnamon sticks]"
Turkey-Caprese-Panini-1274867,Turkey Caprese Panini,4,600.0,[Lunch and Snacks],,"[bread, turkey breast deli meat, grape tomatoes, kosher salt, black pepper, fresh mozzarella balls, fresh basil leaves]"
Herb-Roasted-Turkey-Breast-1364300,Herb-Roasted Turkey Breast,4,4200.0,[Main Dishes],,"[bone-in turkey breast, minced garlic, dry mustard, rosemary leaves, sage leaves, fresh thyme leaves, sea salt, freshly ground black pepper, olive oil, lemon, dry white wine]"
Spicy-Turkey-Sausage-Gravy-1357611,Spicy Turkey Sausage Gravy,4,1200.0,[Breakfast and Brunch],,"[turkey sausage, italian seasoning, jalapeno chilies, black pepper, salt, buffalo sauce, dried sage, 2% reduced-fat milk, flour, biscuits]"
Tasty-Turkey-Meatloaf-1313483,Tasty Turkey Meatloaf,4,3300.0,[Main Dishes],,"[ground turkey, salsa, eggs, garlic powder, pepper]"
Turkey-And-Cheese-Panini-My-Recipes,Turkey and Cheese Panini,4,1500.0,"[Lunch and Snacks, Main Dishes]","[Italian, American]","[fat-free mayonnaise, basil pesto sauce, sourdough bread, turkey breast, provolone cheese, tomatoes, cooking spray]"
Dry-Brined-Turkey-with-Extra-Crispy-Skin-985629,Dry Brined Turkey with Extra Crispy Skin,4,3600.0,[Main Dishes],,"[kosher salt, organic turkey, butter, fresh rosemary, olive oil, celery ribs, onions, carrots, turkey]"
Thyme_-Rosemary-_-Yogurt-Marinated-Turkey-Breast-1366796,"Thyme, Rosemary & Yogurt Marinated Turkey Breast",4,3300.0,[Main Dishes],,"[turkey breast, fat, orange, lime, zest, fresh thyme, rosemary, kosher salt, freshly ground black pepper, garlic cloves]"
Crockpot-Turkey-Chili-1342436,Crockpot Turkey Chili,3,1200.0,[Main Dishes],,"[lean ground turkey, green pepper, garlic, yellow onion, diced tomatoes, tomato sauce, chili powder]"
Crock-Pot-Leftover-Turkey-Bolognese-1367306,Crock Pot Leftover Turkey Bolognese,4,2400.0,[Main Dishes],,"[olive oil, onions, red bell pepper, carrots, garlic cloves, tomato paste, red wine, crushed tomatoes, turkey, honey, dried oregano, pasta, basil, grated parmesan cheese]"
Grandpas-Perfect-Thanksgiving-Turkey-1300823,Grandpa’s Perfect Thanksgiving Turkey,4,,[Main Dishes],,"[young turkey, garlic, salt, black pepper, olive oil, butter, carrots, celery, onions]"
Turkey-fettuccine-skillet-370097,Turkey Fettuccine Skillet,5,1800.0,[Main Dishes],,"[fettucine, chopped onion, chopped celery, garlic cloves, fresh mushrooms, fat free milk, seasoning, salt, corn starch, and fat free half half, grated parmesan cheese, turkey breast, part-skim mozzarella cheese, chopped parsley]"
Turkey-Ranch-Club-Wraps-1237287,Turkey Ranch Club Wraps,4,600.0,[Lunch and Snacks],,"[large flour tortillas, ranch dressing, sliced turkey, cooked bacon, american cheese slices, romaine lettuce, sliced tomatoes]"
Oven-Roasted-Turkey-791911,Oven Roasted Turkey,4,10200.0,,,"[turkey, unsalted butter, lemon, fresh thyme leaves, fresh rosemary, salt, ground pepper, fresh thyme, yellow onion, garlic]"
Ranch-Turkey-Pinwheels-1296847,Ranch Turkey Pinwheels,4,900.0,,,"[spinach tortilla, whipped cream cheese, ranch dressing, sliced turkey, lettuce, mozzarella cheese]"
Apple-Sage-Turkey-Meatloaf-1363820,Apple Sage Turkey Meatloaf,3,3600.0,[Main Dishes],,"[onions, celery stick, apples, garlic cloves, extra-virgin olive oil, oats, applesauce, eggs, sage, pumpkin pie spice, lean ground turkey, salt, pepper, ketchup]"
Beanless-and-Easy-Turkey-Sausage-Chili-1343178,Beanless and Easy Turkey Sausage Chili,4,,,,"[turkey sausage patties, crushed tomatoes, chili seasoning, chopped garlic, beer, water, oil]"
Crockpot-Turkey-_-Rice-Casserole-1366768,Crockpot Turkey + Rice Casserole,3,23100.0,[Main Dishes],,"[bacon, turkey breast tenderloins, carrots, onions, celery, wild rice, condensed cream of chicken soup, water, soy sauce, sliced carrots, marjoram leaves, pepper]"
Turkey-Meatloaf-1341498,Turkey Meatloaf,4,3900.0,[Main Dishes],,"[ground turkey, large eggs, green onions, onions, bbq sauce, oat flour, garlic, olive oil, fresh thyme, black pepper, red pepper flakes, salt, cooking spray, pimentos]"
Roasted-Turkey-Stock-1375580,Roasted Turkey Stock,3,4800.0,[Soups],,"[roast turkey, onions, carrots, celery ribs, white wine, garlic cloves, fresh thyme, bay leaves, black peppercorns, dried red chile peppers, kosher salt]"
Turkey-Meatballs-1064775,Turkey Meatballs,4,2700.0,[Main Dishes],,"[ground turkey, onions, garlic cloves, carrots, fresh parsley, seasoned bread crumbs, chili sauce, eggs, thick-cut bacon]"
Easy-Turkey-Bolognese-1212493,Easy Turkey Bolognese,4,2400.0,[Main Dishes],,"[turkey meat, yellow onion, carrots, zucchini, garlic cloves, crushed red pepper flakes, pasta sauce, olive oil, salt, pepper]"
Homemade-Turkey-Injection-1372832,Homemade Turkey Injection,4,180.0,,,"[beer, worcestershire sauce, honey, hot sauce, salt]"
Curried-Turkey-for-those-Leftovers_-1359483,Curried Turkey for those Leftovers!,4,1200.0,[Main Dishes],,"[milk, chicken stock cubes, chopped onion, cooking oil, all-purpose flour, curry powder, salt, pepper, lemon juice, cooked turkey]"
Homemade-Turkey-Broth-MyRecipes-211984,Homemade Turkey Broth,3,4200.0,[Soups],,"[canola oil, turkey wings, turkey, chopped onion, chopped celery, water]"
Spicy-Turkey-Burgers-550682,Spicy Turkey Burgers,3,3900.0,[Main Dishes],[Barbecue],"[turkey thigh, minced onion, chopped cilantro fresh, garlic cloves, jalapeno chilies, ground coriander, ground cumin, paprika, ground black pepper, kosher salt]"
Orange_-Anise-and-Thyme-Roasted-Turkey-1369565,"Orange, Anise and Thyme Roasted Turkey",4,16800.0,[Main Dishes],,"[turkey, orange, garlic, fresh thyme leaves, kosher salt, anise seed, dark brown sugar, black pepper, butter, purple onion, star anise, fresh thyme, gravy, orange slices]"
Turkey-Tortilla-Pie-1322633,Turkey Tortilla Pie,3,1920.0,[Main Dishes],,"[ricotta cheese, grated jack cheese, salt, pepper, flour tortillas, mild salsa, cooked turkey, corn niblets, chopped cilantro]"
Light-And-Creamy-Gravy-1375725,Light And Creamy Gravy,3,300.0,,,"[turkey drippings, corn starch, salt, pepper, chicken broth, milk]"
Best-Ever-Juicy-Burgers-551596,Best Ever Juicy Burgers,4,1200.0,,,"[Hellmann's® Real Mayonnaise, plain dry bread crumb, Lipton® Recipe Secrets® Onion Soup Mix, ground beef, hamburger buns]"
Ground-turkey-with-potatoes-and-spring-peas-351947,Ground Turkey with Potatoes and Spring Peas,5,,[Main Dishes],,"[tomatoes, garlic, fresh cilantro, ground turkey, scallions, fresh peas, potatoes, sauce, water, cumin, salt, bay leaf]"
Turkey-Pho-Dip-1363397,Turkey Pho Dip,3,2700.0,[Appetizers],,"[turkey carcass, scallions, ginger, star anise, cinnamon sticks, fish sauce, sugar, coriander seeds, fennel seeds, kosher salt, mayonnaise, hot chili paste, turkey, ciabatta, hoisin sauce, mung bean sprouts, lime wedges, jalapeno chilies, leaves]"
Egg-_-Turkey-Cups-490258,Egg & Turkey Cups,0,1980.0,,,"[low sodium turkey breast, low fat old cheddar cheese, green onions, eggs, ground pepper]"
Turkey-Wonton-Soup-1377274,Turkey Wonton Soup,3,1200.0,[Soups],,"[wonton wrappers, chicken stock, scallions, baby spinach, salt, cooked turkey, carrots, garlic, ginger, nutmeg, eggs]"
Turkey-Pretzel-Sliders-1064640,Turkey-Pretzel Sliders,5,2100.0,,,"[butter, worcestershire sauce, sandwich rolls, Oscar Mayer Selects Slow Roasted Turkey Breast, Kraft Big Slice Sharp Cheddar Cheese Slices, Philadelphia Neufchatel Cheese, Grey Poupon Country Dijon Mustard]"
Turkey-Tarragon-Soup-1351863,Turkey Tarragon Soup,4,5400.0,[Soups],,"[turkey carcass, canola oil, celery, carrots, purple onion, water, fresh tarragon, parsley, pasta, kosher salt, ground black pepper]"
A-Simple-Roast-Turkey-1363095,A Simple Roast Turkey,3,5400.0,[Main Dishes],,"[turkey, kosher salt, freshly ground black pepper, onions, celery ribs, unsalted butter, reduced sodium soy sauce, mirin, rosemary]"
Turkey-casserole-299799,Turkey Casserole,4,3300.0,[Main Dishes],,"[stuffing, cooked turkey, hellmann' or best food real mayonnais, whole cranberry sauce, mashed potatoes, mozzarella cheese]"
Turkey-turnovers-343331,Turkey Turnovers,3,1620.0,,,"[cooked turkey, shredded cheddar cheese, broccoli, mayonnaise, salt, pepper, refrigerated crescent rolls]"
Turkey-Soup-Provencal-1085350,Turkey Soup Provençal,3,1800.0,[Soups],,"[ground turkey breast, herbes de provence, cannellini beans, fat free less sodium chicken broth, diced tomatoes with garlic and onion, fresh spinach]"
Roast-Citrus-Turkey-459763,Roast Citrus Turkey,5,9600.0,,,"[turkey stock, fresh orange juice, orange zest, lemon zest, kosher salt, light brown sugar, turkey, fresh sage, unsalted butter, freshly ground pepper, salt, base, milk]"
Rachael-Ray_s-Whiskey-Brined-Turkey-1369998,Rachael Ray's Whiskey-Brined Turkey,3,9000.0,[Main Dishes],,"[turkey, apple cider, dark brown sugar, kosher salt, ice, chicken stock, bourbon whiskey, rosemary, thyme, flat leaf parsley, sage, bay leaves, cinnamon sticks, black peppercorns, allspice berries, olive oil, butter, honey, turkey stock, worcestershire sauce]"
Turkey-_-Apricot-Sliders-1279661,Turkey & Apricot Sliders,4,2100.0,[Lunch and Snacks],,"[apricot preserves, mayonnaise, dijon mustard, cooked turkey, green onions, chopped pecans, provolone cheese, dinner rolls]"
Spiral-Stuffed-Turkey-Breast-With-Cider-Gravy-1374136,Spiral Stuffed Turkey Breast With Cider Gravy,3,6300.0,[Main Dishes],,"[extra-virgin olive oil, finely chopped onion, chopped celery, garlic, whole wheat breadcrumbs, fresh parsley, chopped fresh thyme, chopped fresh sage, salt, freshly ground pepper, boneless turkey breast, apple cider, reduced sodium chicken broth, onions, fresh thyme, corn starch, water, reduced-fat sour cream, dijon mustard, lemon juice]"
Herbed-Turkey-Gravy-1372423,Herbed Turkey Gravy,3,1200.0,,,"[turkey drippings, chicken broth, all-purpose flour, dried thyme, rubbed sage, pepper]"
Chili-1368417,Chili,4,4800.0,[Main Dishes],,"[hamburger, red kidney beans, crushed tomatoes, water, onions, garlic, chili powder, salt, black pepper, ground cumin, cinnamon, cayenne pepper, red wine vinegar, worcestershire sauce, chocolate chips]"
Turkey-Curry-My-Recipes,Turkey Curry,3,,[Main Dishes],,"[canola oil, chopped onion, all-purpose flour, curry powder, fat free less sodium chicken broth, cooked turkey, salt, chopped cilantro fresh]"
Best-Ever-Grilled-Turkey-Burgers-1203449,Best Ever Grilled Turkey Burgers,4,600.0,[Main Dishes],"[Barbecue, Kid-Friendly]","[mayonnaise, bread crumbs, onion soup mix, ground turkey, hamburger buns]"
Brown-bag-turkey-350838,Brown Bag Turkey,5,2700.0,,[American],"[browning, turkey, onions, carrots, celery, olive oil, kosher salt, pepper]"
Southwest-Turkey-Soup-1339443,Southwest Turkey Soup,4,2400.0,[Soups],,"[olive oil, ground turkey, kosher salt, pepper, kidney beans, chicken broth, frozen corn, salsa, chopped green chilies]"
Garrigue-Roasted-Turkey-Breast-1376043,Garrigue Roasted Turkey Breast,4,7500.0,[Main Dishes],,"[garlic, butter, rosemary, sage leaves, thyme, salt, pepper, boneless turkey breast, shallots, chicken stock, lemon peel, lavender]"
Roasted-Turkey-Breast-1233464,Roasted Turkey Breast,4,4200.0,[Main Dishes],,"[olive oil spray, turkey breast halves, extra-virgin olive oil, kosher salt, ground black pepper, garlic powder, dry mustard, paprika, dried sage, dried thyme]"
Turkey-Scaloppine-MyRecipes-214482,Turkey Scaloppine,4,1800.0,[Main Dishes],,"[all-purpose flour, cajun seasoning, turkey breast cutlets, olive oil, dry white wine]"
Quick-Make-Ahead-Turkey-Dumplings-1336899,Quick Make-Ahead Turkey Dumplings,3,4800.0,,[Asian],"[eggs, reduced sodium soy sauce, ground turkey, green onions, wonton wrappers]"
Pizzadillas-1361148,Pizzadillas,4,1200.0,,,"[whole wheat tortillas, mozzarella cheese, pepperoni slices, green bell pepper, slice, sliced olives, purple onion, pizza sauce]"
Clean-Eating-Turkey-Bolognese-1359978,Clean Eating Turkey Bolognese,4,2700.0,[Main Dishes],,"[noodles, carrots, zucchini, extra-virgin olive oil, purple onion, red bell pepper, garlic, celery, lean ground turkey, fresh basil, fresh oregano, salt, cracked black pepper, diced tomatoes, parmesan cheese, fresh parsley]"
3-Ingredient-Slow-Cooker-Turkey-Breast-1309846,3 Ingredient Slow Cooker Turkey Breast,4,36300.0,[Main Dishes],,"[turkey breast, onion soup mix, butter]"
Whiskey-Brined-Spatchcock-Turkey-1375130,Whiskey-Brined Spatchcock Turkey,3,6300.0,[Main Dishes],,"[turkey, apple cider, dark brown sugar, kosher salt, ice, chicken stock, bourbon whiskey, sage, parsley, thyme, rosemary, bay leaves, cinnamon sticks, black peppercorns, allspice berries, olive oil, butter, honey, turkey stock, worcestershire sauce, pepper, flour, whiskey]"
Organic-Herb-Roasted-Turkey-466849,Organic Herb Roasted Turkey,4,12000.0,[Main Dishes],,"[butter, Simply Organic Rosemary, sea salt, Simply Organic Black pepper, Simply Organic Parsley, lemon, turkey]"
Easy-Herb-Roasted-Turkey-Breast-1039021,Easy Herb Roasted Turkey Breast,4,5100.0,[Main Dishes],,"[butter, dried thyme, turkey breast, salt, pepper]"
Italian-Turkey-Sandwich-with-Marinated-Zucchini-and-Onion-1365214,Italian Turkey Sandwich with Marinated Zucchini and Onion,4,2100.0,[Lunch and Snacks],,"[medium zucchini, onions, italian salad dressing, red bell pepper, turkey, sub rolls, provolone cheese, basil leaves, olive oil, butter]"
Cannelloni-with-Homemade-Turkey-Sausage-1364042,Cannelloni with Homemade Turkey Sausage,4,3000.0,[Main Dishes],,"[cannelloni shells, pasta sauce, lean ground turkey, garlic powder, freshly ground black pepper, dried sage, crushed red pepper flakes, fennel seeds, dried oregano, sea salt, black pepper, basil leaves]"
Skinny-Turkey-Sausage-Gravy-1350075,Skinny Turkey Sausage Gravy,4,1500.0,[Breakfast and Brunch],,"[seasoning salt, ground black pepper, Italian turkey sausage, whole wheat white flour, unsweetened almond milk]"
Crispy-Turkey-Bacon-Simply-Recipes-42617,Crispy Turkey Bacon,5,2100.0,,,"[turkey, salt, pepper]"
Apple-Cider-Glazed-Turkey-Breast-1368709,Apple Cider Glazed Turkey Breast,4,10500.0,[Main Dishes],,"[turkey breast, sage leaves, butter, salt, pepper, onions, garlic, apple cider, honey, gravy, flour, apple cider vinegar, milk]"
Leftover-Turkey-Panini-1322392,Leftover Turkey Panini,4,900.0,[Lunch and Snacks],,"[bread, butter, mayonnaise, turkey, stuffing, cranberry sauce, cheddar cheese]"
Turkey-Avocado-Sandwich-1292614,Turkey Avocado Sandwich,4,900.0,[Lunch and Snacks],,"[whole wheat bread, turkey, avocado, balsamic vinegar]"
Turkey-Confit-460743,Turkey Confit,4,6300.0,[Main Dishes],,"[turkey, duck fat, thyme sprigs, bay leaves, bacon slices, canola oil]"
Grilled-Turkey-Allrecipes,Grilled Turkey,5,14400.0,[Main Dishes],[Barbecue],"[onions, red wine, pepper, salt, whole turkey]"
Simple-Turkey-Chili-Allrecipes,Simple Turkey Chili,5,3600.0,,,"[olive oil, ground turkey, onions, water, crushed tomatoes, kidney beans, garlic, chili powder, paprika, dried oregano, ground cayenne pepper, ground cumin, salt, ground black pepper]"
Turkey-Ma-Po-Tofu-1347341,Turkey Ma Po Tofu,4,1800.0,[Main Dishes],[Asian],"[garlic chili sauce, black bean garlic sauce, chinese rice wine, reduced sodium soy sauce, water, canola oil, lean ground turkey, cremini mushrooms, scallions, fresh ginger, corn starch]"
Simple-Turkey-Meatballs-1072691,Simple Turkey Meatballs,4,900.0,,,"[lean ground turkey, panko breadcrumbs, garlic powder, black pepper, italian seasoning]"
Slow-Cooker-Sausage_-Kale_-and-Tortellini-Soup-1299189,"Slow Cooker Sausage, Kale, and Tortellini Soup",4,15300.0,[Soups],,"[turkey sausage, onions, garlic, crushed tomatoes, chicken broth, water, wine, cheese tortellini, kale, fresh basil]"
Turkey-Tenders-MyRecipes-264946,Turkey Tenders,4,1800.0,[Main Dishes],[Kid-Friendly],"[turkey tenderloins, all-purpose flour, egg substitute, panko, grated parmesan cheese, garlic salt, black pepper, canola oil]"
Shortcut-Turkey-Stroganoff-1224334,Shortcut Turkey Stroganoff,4,1200.0,[Main Dishes],,"[olive oil, sliced mushrooms, ground turkey, onions, black pepper, chopped parsley, egg noodles]"
Roasted-Turkey-with-Brown-Sugar-Brine-460741,Roasted Turkey with Brown Sugar Brine,5,5400.0,[Main Dishes],,"[kosher salt, light brown sugar, peppercorns, water, ice water, turkey, unsalted butter]"
Turkey-Breast-in-Fire-Roasted-Tomato-and-Basil-Sauce-1362341,Turkey Breast in Fire Roasted Tomato and Basil Sauce,4,2100.0,[Main Dishes],,"[olive oil, turkey breast, salt, pepper, garlic, basil leaves, roasted tomatoes, heavy cream]"
Slow-Cooker-Turkey-Keema-1352054,Slow Cooker Turkey Keema,4,30600.0,[Main Dishes],,"[sunflower oil, garlic, red chili peppers, ginger, onions, turkey mince, dessert, chopped tomatoes, spinach, frozen peas, salt, black pepper]"
Turkey-and-Rice-With-Veggies-1379445,Turkey and Rice With Veggies,3,420.0,[Main Dishes],,"[rice, lean ground turkey, diced tomatoes, garlic, basil, oregano]"
Turkey-Delight-Allrecipes,Turkey Delight,5,4500.0,[Main Dishes],[Kid-Friendly],"[turkey meat, stuffing mix, potatoes, turkey gravy]"
Stuffed-Turkey-Breast-1374181,Stuffed Turkey Breast,4,5700.0,[Main Dishes],,"[Italian bread, olive oil, shallots, celery, salt, pepper, mild Italian sausage, dried cranberries, dried thyme, chicken broth, pinenuts, fresh parsley, boneless turkey breast, sausages, stuffing, butter]"
Turkey-Meatballs-With-Tomato-Sauce-1378489,Turkey Meatballs With Tomato Sauce,3,1800.0,[Main Dishes],,"[meatballs, ground turkey breast, eggs, worcestershire sauce, tomato paste, italian seasoning, bread crumbs, garlic, onions, salt, pepper, tomato sauce, garlic cloves, dried oregano, olive oil, sugar, tomato purée]"
Perfect-Roast-Turkey-1356543,Perfect Roast Turkey,4,,[Main Dishes],,"[turkey, celery, onions, carrots, garlic, apples, chicken broth, butter, molasses, dijon mustard, granulated garlic, black pepper, kosher salt]"
Healthy-Buffalo-Turkey-Meatballs-_paleo_-GF_-1292055,"Healthy Buffalo Turkey Meatballs (paleo, GF)",4,1200.0,,,"[lean ground turkey, almond flour, hot sauce, salt, garlic powder, ground black pepper, onion powder, chili powder, eggs]"
Turkey-Reuben-962513,Turkey Reuben,3,1140.0,[Lunch and Snacks],,"[shredded cabbage, italian salad dressing, thousand island dressing, rye bread, turkey breast, provolone cheese, tomatoes, cucumber]"
Turkey-Enchiladas-1266839,Turkey Enchiladas,3,3600.0,[Main Dishes],,"[enchilada sauce, cooked turkey, KRAFT Mexican Style Finely Shredded Four Cheese, green onions, corn tortillas, large tomato, chopped cilantro fresh, KRAFT Zesty Italian Dressing]"
Chard-and-Prosciutto-Stuffed-Turkey-Breast-1375245,Chard and Prosciutto Stuffed Turkey Breast,4,5400.0,[Main Dishes],,"[turkey breast, kosher salt, pinenuts, chard, prosciutto, olive oil, purple onion, garlic, melted butter, pepper]"
Tabbouleh-Spiced-Turkey-Breast-1380702,Tabbouleh-Spiced Turkey Breast,4,5400.0,[Main Dishes],,"[turkey breast, fresh parsley, fresh mint, lemon, olive oil, shallots, allspice, crushed red pepper flakes, kosher salt, cracked black pepper, ground coriander, cinnamon, cumin, clove, ground cardamom]"
Brined-and-Roasted-Turkey-779787,Brined and Roasted Turkey,3,5100.0,[Main Dishes],,"[sage leaves, kosher salt, sugar, turkey, unsalted butter, garlic, ground black pepper]"
Turkey-Bolognese-Spaghetti-Squash-with-Broccoli-1369325,Turkey Bolognese Spaghetti Squash with Broccoli,4,3600.0,[Main Dishes],,"[spaghetti squash, ground turkey, olive oil, onions, minced garlic, carrots, marinara sauce, soy sauce, broccoli florets, parmesan cheese]"
Vegetable-and-Turkey-Meatloaf-1315638,Vegetable and Turkey Meatloaf,4,5700.0,[Main Dishes],,"[ground turkey, yellow onion, zucchini, celery ribs, carrots, red bell pepper, mushrooms, garlic cloves, rolled oats, unsweetened applesauce, tomato paste, fresh parsley, liquid egg substitute, paprika, salt, black pepper]"
Make-Ahead-Roast-Turkey-1375045,Make-Ahead Roast Turkey,3,,[Main Dishes],,"[freshly ground black pepper, kosher salt, fresh thyme leaves, lemon, turkey, yellow onion, fresh thyme, unsalted butter, sage, turkey gravy]"
The-Best-Ugly-Turkey-Allrecipes,The Best Ugly Turkey,5,14400.0,,,"[turkey, extra-virgin olive oil, salt, apples]"
Turkey-Manicotti-1095073,Turkey Manicotti,4,5400.0,[Main Dishes],,"[olive oil, garlic cloves, mushrooms, diced tomatoes, red pepper flakes, salt, dried oregano, black pepper, dried basil, ground turkey, chicken stock, milk, all-purpose flour, onion powder, thyme, curry powder, noodles, cottage cheese, shredded parmesan cheese, shredded mozzarella cheese]"
Sichuan-Spiced-Dry-Brined-Turkey-1360792,Sichuan-Spiced Dry-Brined Turkey,3,7200.0,[Main Dishes],,"[coriander seeds, fennel seeds, kosher salt, turkey, carrots, yellow onion, chicken stock, turkey drippings, unsalted butter, all-purpose flour, heavy cream, salt, pepper]"
Turkey-Tacos-21-Day-Fix-Approved-1230471,Turkey Tacos 21 Day Fix Approved,4,1200.0,[Main Dishes],,"[zucchini, mild green chiles, ground turkey, taco seasoning mix, water, pico de gallo, guacamole, lettuce, avocado oil, salsa]"
Best-Ever-Turkey-Meatloaf-1087309,Best Ever Turkey Meatloaf,3,5400.0,[Main Dishes],,"[butter, chopped onion, garlic, lean ground turkey, bread crumb fresh, egg substitute, ketchup, worcestershire sauce, ground black pepper, salt, barbecue sauce]"
Turkey-Tenderloin-With-Whiskey-Cherry-Sauce-1374130,Turkey Tenderloin With Whiskey-Cherry Sauce,3,2400.0,[Main Dishes],,"[extra-virgin olive oil, turkey tenderloins, salt, freshly ground pepper, chopped onion, garlic, frozen cherries, cranberry juice, whiskey, chopped fresh thyme, dry mustard, corn starch]"
Turkey-Dumpling-Soup-1366545,Turkey Dumpling Soup,4,2700.0,[Soups],,"[butter, garlic cloves, carrots, celery ribs, all-purpose flour, chicken stock, rub, dried thyme, salt, pepper, bay leaves, cooked turkey, frozen corn, heavy cream, dumplings, baking powder, sugar, skim milk]"
Chocolate-Fudge-Turkeys-1379772,Chocolate Fudge Turkeys,4,2700.0,[Desserts],,"[butter, cocoa powder, Rodelle Vanilla Extract, milk, powdered sugar, York Peppermint Pattie, M&M's Candy, candy corn, mini candy button eyes, chocolate]"
Leftover-Turkey-Casserole-1323690,Leftover Turkey Casserole,4,3900.0,[Main Dishes],,"[stuffing, skinless turkey breast, mayonnaise, whole cranberry sauce, mashed potatoes, shredded low-fat mozzarella cheese]"
Turkey-and-Southern-Cornbread-Dressing-1380520,Turkey and Southern Cornbread Dressing,4,3600.0,[Main Dishes],[Southern & Soul Food],"[onions, celery, butter, salt, egg bread, cream of chicken soup, chicken broth, black pepper, poultry seasoning, eggs, biscuits, saltines, bread crumbs, white cornmeal, baking powder, buttermilk, cooking oil, whole turkey, softened butter, pepper]"
Roasting-a-Turkey-for-Two---Roasted-Turkey-Breast-with-an-Apple-Cider-Brine-1370112,Roasting a Turkey for Two - Roasted Turkey Breast with an Apple Cider Brine,4,5100.0,[Main Dishes],,"[turkey breast, apple cider, kosher salt, brown sugar, peppercorns, allspice berries, fresh ginger, clove, bay leaves, thyme sprigs, butter, fresh thyme leaves, sage leaves, freshly ground black pepper]"
Balsamic-Roasted-Turkey-with-Apple-Stuffing-792935,Balsamic Roasted Turkey with Apple Stuffing,4,5400.0,[Main Dishes],,"[turkey, grapeseed oil, balsamic vinegar, sea salt, apples, rosemary]"
Turkey-Club-Wonton-Cupcakes-1337551,Turkey Club Wonton Cupcakes,4,2400.0,,,"[center cut bacon, turkey breast, laughing cow, yellow mustard, wonton wrappers, shredded sharp cheddar cheese, shredded lettuce, grape tomatoes, avocado]"
Turkey-Confit-442989,Turkey Confit,5,4500.0,,,"[turkey, rubbed sage, dried thyme, bay leaves, ground black pepper, kosher salt, rendered duck fat]"
Cute-but-Nutty-Thanksgiving-Turkey-1374814,Cute but Nutty Thanksgiving Turkey,4,2700.0,[Desserts],,"[Nutter Butter Cookies, mini candy button eyes, M&M's Candy, egg whites, powdered sugar, cream of tartar, food gel]"
Eggnog-Truffle-Filled-Chocolate-Turkey-1367971,Eggnog Truffle Filled Chocolate Turkey,4,2100.0,,,"[truffles, turkey]"
Turkey_-Cranberry-and-Sweet-Potato-Pie-1378992,"Turkey, Cranberry and Sweet Potato Pie",4,4500.0,[Main Dishes],,"[ground sausage, turkey, fresh cranberries, sweet potatoes, flour, salt, vegetable shortening, milk, water, sage]"
