id,recipeName,rating,totalTimeInSeconds,course,cuisine,ingredients,dish
Spicy-Maple-Chicken-Wings-1360271,Spicy Maple Chicken Wings,4,4500.0,[Appetizers],,"[maple syrup, sauce, fresh chives, low sodium soy sauce, ground mustard, cayenne pepper, chicken wings]",wings
Wings-1172591,Wings,4,17400.0,[Appetizers],,"[chicken wings, thyme, salt, onion powder, garlic powder, smoked paprika, white pepper, cayenne pepper, bouillon powder]",wings
Crispy-Buffalo-Wings-1350569,Crispy Buffalo Wings,4,2700.0,[Appetizers],,"[chicken wings, baking powder, salt, garlic powder, chili powder, olive oil]",wings
Honey-Glazed-Chicken-Wings-1378568,Honey Glazed Chicken Wings,3,900.0,[Appetizers],,"[chicken wings, lemon juice, black pepper, fresh thyme, honey]",wings
Baked-Chicken-Wings-1367538,Baked Chicken Wings,4,8400.0,[Appetizers],,"[chicken wings, salt, pepper, hot sauce, vegetable oil, Gold Medal All Purpose Flour, cayenne pepper, garlic powder, melted butter]",wings
Baked-Korean-Chili-Wings-1369584,Baked Korean Chili Wings,3,3300.0,[Appetizers],,"[chicken wings, garlic, ginger, light soy sauce, toasted sesame oil, Gochujang base, honey]",wings
Honey-Terriyaki-Chicken-Wings-1351609,Honey Terriyaki Chicken Wings,4,3600.0,[Appetizers],,"[chicken wings, baking powder, salt, Japanese soy sauce, mirin, raw honey, fresh ginger, corn starch]",wings
Baked-Buffalo-Wings-1373029,Baked Buffalo Wings,4,3600.0,[Appetizers],,"[chicken wings, garlic powder, paprika, chili powder, black pepper, olive oil, hot sauce, blue cheese dressing]",wings
Grill-Master-Chicken-Wings-1363586,Grill Master Chicken Wings,4,3300.0,,[Barbecue],"[soy sauce, salad dressing, chicken wings, butter, hot pepper sauce]",wings
Teriyaki-Chicken-Wings-1377252,Teriyaki Chicken Wings,4,4500.0,[Appetizers],,"[chicken wings, garlic, ginger, salt, toasted sesame seeds, green onions, soy sauce, sugar, pineapple juice]",wings
Hot_-Wings-1368852,Hot! Wings,4,1500.0,,,"[creole seasoning, chicken wings, milk, ground beef, hamburger buns, pickles, shredded lettuce, sliced tomatoes, ketchup, mustard, chili powder, onions, garlic powder, salt]",wings
The-Best-Crockpot-Barbecue-Chicken-Wings-1378526,The Best Crockpot Barbecue Chicken Wings,3,14700.0,[Appetizers],,"[chicken wings, barbecue sauce, brown sugar, sweet paprika, dry mustard, ground cumin, garlic powder, onion powder, cayenne pepper, salt, pepper, vegetable oil spray]",wings
Cherry-Honey-Glazed-Chicken-Wings-1378566,Cherry Honey Glazed Chicken Wings,3,4200.0,,,"[chicken wings, brown sugar, dried cherry, honey, teriyaki sauce]",wings
How-To-Make-the-Crispiest-Chicken-Wings-1322532,How To Make the Crispiest Chicken Wings,4,2100.0,[Appetizers],,"[chicken wings, olive oil, paprika, sea salt, cracked black pepper]",wings
Snappy-chicken-wings-299505,Snappy Chicken Wings,4,4200.0,[Appetizers],,"[chicken wings, cayenne pepper sauce, I Can't Believe It's Not Butter!® Spread, ground cayenne pepper, wish bone chunki blue chees dress]",wings
Baked-Buffalo-Hot-Wings-1330751,Baked Buffalo Hot Wings,4,4200.0,[Appetizers],,"[chicken wing drummettes, salt, black pepper, garlic powder, sauce, butter, buffalo sauce]",wings
Cajun-Wings-1335820,Cajun Wings,4,3000.0,[Appetizers],[Cajun & Creole],"[chicken wings, butter, cajun seasoning, sour cream, buttermilk, dill]",wings
Crock-Pot-Chicken-Wings-1373964,Crock Pot Chicken Wings,4,3300.0,,,"[frozen chicken wings, salt, pepper, bbq sauce, pineapple preserves, hot sauce]",wings
Honey-Garlic-Chicken-Wings-1372547,Honey Garlic Chicken Wings,4,3000.0,[Appetizers],,"[chicken wings, all-purpose flour, vegetable oil, honey, water, lemon juice, ketchup, garlic powder, garlic, salt]",wings
Old-bay-chicken-wings-309161,Old Bay Chicken Wings,5,2700.0,[Appetizers],,"[chicken wings, unsalted butter, old bay seasoning, lemon juice, cocktail sauce]",wings
Teriyaki-Chicken-Wings-685901,Teriyaki Chicken Wings,4,4200.0,[Appetizers],,"[chicken wings, soy sauce, water, brown sugar, dry mustard, ground ginger, garlic cloves]",wings
Cauliflower-Wings-1033377,Cauliflower Wings,4,2100.0,,,"[cauliflower, buffalo sauce, almond milk, chickpea flour, garlic powder, onion powder, curry powder, nutritional yeast]",wings
Broiled-Buffalo-Wings-1358546,Broiled Buffalo Wings,3,600.0,[Appetizers],,"[chicken wings, cayenne pepper sauce, lemon juice, low sodium chicken broth, celery ribs]",wings
Heroin-Wings-1172320,Heroin Wings,3,4200.0,[Appetizers],,"[chicken wings, grated parmesan cheese, dried parsley, dried oregano, paprika, salt, pepper, butter]",wings
Fajita-Chicken-Wings-1331801,Fajita Chicken Wings,3,18000.0,[Appetizers],,"[chicken wings, lime juice, vegetable oil, chopped cilantro fresh, ground cumin, salt, dried leaves oregano, crushed red pepper flakes, garlic]",wings
Easy-Slow-Cooker-BBQ-Chicken-Wings-1370398,Easy Slow Cooker BBQ Chicken Wings,4,9000.0,[Appetizers],,"[chicken wings, KC Masterpiece® Original Barbecue Sauce, honey, mustard, worcestershire sauce, celery, ranch dip]",wings
Lemon-Pepper-Chicken-Wings-1332328,Lemon Pepper Chicken Wings,4,2400.0,[Appetizers],,"[chicken wings, lemon juice, old bay seasoning, garlic powder, onion powder, lemon pepper, all-purpose flour, parsley flakes, oil]",wings
Buffalo-Wings-1020678,Buffalo Wings,4,3300.0,[Appetizers],,"[chicken wings, oil, butter, hot sauce, black pepper, garlic powder, flour, paprika, cayenne pepper, salt]",wings
Lollipop-Wings-1363976,Lollipop Wings,4,3600.0,[Appetizers],,"[chicken wings, eggs, chili, salt, ground black pepper, garlic powder, bread crumbs, canola oil]",wings
Sesame-Chicken-Wings-751386,Sesame Chicken Wings,4,4200.0,[Appetizers],,"[chicken wings, soy sauce, garlic cloves, sesame oil, rice wine, honey, sesame seeds]",wings
Buttery-Garlic-Parmesan-Chicken-Wings-1370861,Buttery Garlic Parmesan Chicken Wings,4,2100.0,[Appetizers],,"[chicken wings, all-purpose flour, corn starch, garlic powder, parmesan cheese, red pepper flakes, seasoning salt, ground black pepper, canola oil, sweet cream butter, garlic, parsley]",wings
Buffalo-Chicken-Wings-1326586,Buffalo Chicken Wings,4,4200.0,[Appetizers],,"[chicken wings, rub, cornmeal, buffalo sauce, butter, oil, seasoning, black pepper, garlic salt]",wings
Coca-Cola-Chicken-Wings-1182364,Coca Cola Chicken Wings,3,2700.0,[Appetizers],,"[chicken wings, soy sauce, sherry vinegar, coca-cola, green onions, toasted sesame seeds, vegetable oil]",wings
Elsa_s-wings-320681,Elsa's Wings,4,4200.0,[Appetizers],,"[chicken wings, flour, curry powder, paprika, salt, black pepper, garlic powder]",wings
Sweet-_-Savory-Wings-1035380,Sweet & Savory Wings,4,3300.0,[Appetizers],,"[pineapple juice, soy sauce, chicken wings, gelatin, poppy seeds]",wings
Honey-BBQ-Chicken-Wings-1352005,Honey BBQ Chicken Wings,4,3600.0,,,"[chicken wings, flour, salt, pepper, bbq sauce, honey]",wings
Vietnamese-Chicken-Wings-1283984,Vietnamese Chicken Wings,4,2100.0,[Appetizers],,"[chicken wings, sweet soy sauce, chili paste, worcestershire sauce, cilantro]",wings
Winger_s-Copycat-Wings-1225505,Winger's Copycat Wings,4,1800.0,[Appetizers],,"[flour, cayenne pepper, salt, chicken wings, oil, Franks Hot Sauce, brown sugar, water]",wings
Chipotle-Wings-375112,Chipotle Wings,5,,"[Appetizers, Main Dishes]",,"[canola oil, chicken wings, unsalted butter, adobo, fresh lime juice, crema]",wings
Chinese-chicken-wings-320504,Chinese Chicken Wings,3,3600.0,[Appetizers],,"[chicken wings, soy sauce, honey, lemon juice, garlic powder]",wings
Vietnamese-style-caramel-chicken-wings-351701,Vietnamese Style Caramel Chicken Wings,5,2400.0,[Appetizers],,"[water, sugar, fish sauce, lime juice, chili sauce, garlic, chicken wings]",wings
How-To-Make-the-Crispiest-Chicken-Wings-1165912,How To Make the Crispiest Chicken Wings,4,2100.0,[Appetizers],,"[chicken wings, olive oil, paprika, sea salt, cracked black pepper]",wings
Irresistible-Fried-Chicken-Wings-1359579,Irresistible Fried Chicken Wings,4,2100.0,[Appetizers],,"[chicken wings, salt, onion powder, garlic powder, cayenne pepper, flour, eggs, evaporated milk, vegetable oil]",wings
Spicy-and-Sweet-Baked-Chipotle-Chicken-Wings-1362468,Spicy and Sweet Baked Chipotle Chicken Wings,4,3600.0,[Main Dishes],,"[chicken wings, cumin, kosher salt, smoked paprika, baking powder, coca-cola, chipotle, onions, garlic powder, brown sugar, soy sauce, corn starch, cilantro, lime wedges]",wings
Teriyaki-Chicken-Wings-1358139,Teriyaki Chicken Wings,4,17400.0,[Appetizers],,"[low sodium soy sauce, pineapple juice, vegetable oil, brown sugar, garlic, fresh ginger, crushed red pepper flakes, onion powder, green onions, chicken wings, marinade, corn starch, water, butter, toasted sesame seeds]",wings
Maple-Chicken-Wings-1168401,Maple Chicken Wings,3,3300.0,,,"[chicken wings, maple syrup, chili sauce, onions, dijon mustard, worcestershire sauce, red pepper flakes]",wings
Buffalo-Wings-440719,Buffalo Wings,5,2700.0,[Appetizers],,"[peanut oil, chicken wings, margarine, hot sauce, blue cheese dressing, celery]",wings
Baked-buffalo-chicken-wings-365272,Baked Buffalo Chicken Wings,4,3000.0,[Appetizers],,"[chicken wings, buffalo, butter, salt, pepper]",wings
Mahogany-Baked-Chicken-Wings-for-_SundaySupper-1354981,Mahogany Baked Chicken Wings for #SundaySupper,4,5100.0,[Appetizers],,"[chicken wings, balsamic vinegar, honey, molasses, chili sauce, ground ginger, garlic cloves, salt, sesame seeds, green onions]",wings
Garlic-Parmesan-chicken-Wings-1176186,Garlic Parmesan chicken Wings,4,3300.0,[Appetizers],,"[chicken wings, dried oregano, garlic powder, ground cumin, salt, extra-virgin olive oil, parmesan cheese, seasoning salt, fresh basil]",wings
Crispy-Baked-Chicken-Wings-with-Sweet-Asian-Hot-Wing-Sauce-1313441,Crispy Baked Chicken Wings with Sweet Asian Hot Wing Sauce,4,3000.0,[Appetizers],,"[chicken wings, baking soda, black pepper, hot sauce, brown sugar, soy sauce, garlic]",wings
Sticky-Sweet-Chili-Chicken-Wings-1349576,Sticky Sweet Chili Chicken Wings,4,2700.0,[Appetizers],[Asian],"[vegetable oil, corn starch, salt, chicken wings, rice vinegar, water, sugar, garlic, chili paste]",wings
Crispy-Chicken-Wings-1375762,Crispy Chicken Wings,3,2700.0,[Appetizers],,"[chicken wings, corn starch, vegetable oil, sea salt, chinese five-spice powder, chili flakes, hot chili sauce]",wings
Magic-Wings-1286196,Magic Wings,4,3300.0,[Appetizers],,"[chicken wings, mushroom powder, fish sauce, ghee, lime]",wings
Buffalo-Chicken-Wings-1231944,Buffalo Chicken Wings,4,16500.0,[Appetizers],,"[hot pepper sauce, white distilled vinegar, chicken wings, salt, pepper, blue cheese dressing]",wings
Honey-Sriracha-Chicken-Wings-779030,Honey Sriracha Chicken Wings,4,2700.0,[Appetizers],,"[nonstick spray, honey, Sriracha, vegetable oil, salt, chicken wings, white sesame seeds]",wings
Basic-Buffalo-Wings-510066,Basic Buffalo Wings,5,6300.0,[Appetizers],,"[all-purpose flour, cayenne pepper, garlic powder, salt, chicken wings, melted butter, sauce]",wings
Classic-Buffalo-Wings-482962,Classic Buffalo Wings,4,4200.0,[Appetizers],,"[chicken wings, Frank's® RedHot® Original Cayenne Pepper Sauce, unsalted butter, habanero]",wings
Linda_s-Crockpot-Chicken-Wings-781052,Linda's Crockpot Chicken Wings,3,22500.0,[Appetizers],,"[chicken wings, soy sauce, ground ginger, garlic, green onions, honey, vegetable oil, onion tops]",wings
Crispy-Baked-Chicken-Wings-1356474,Crispy Baked Chicken Wings,4,3900.0,,,"[chicken wings, baking powder, salt, cooking oil]",wings
Bake-Easy-Chicken-Wings-643924,Bake Easy Chicken Wings,3,4200.0,[Appetizers],,"[chicken wings, brown sugar, sherry, dijon mustard, garlic powder, soy sauce]",wings
Salt-and-Pepper-Chicken-Wings-1168102,Salt and Pepper Chicken Wings,3,3000.0,[Appetizers],,"[chicken wings, coarse sea salt, canola oil, corn starch, pepper, garlic, dipping sauces]",wings
Tabasco-Chicken-Wings-514296,Tabasco Chicken Wings,5,9000.0,[Appetizers],,"[unsalted butter, Tabasco Pepper Sauce, brown sugar, chili sauce, balsamic vinegar, salt, paprika, cayenne pepper, flour, chicken wings, vegetable oil]",wings
Baked-Garlic-Butter-Chicken-Wings-1330760,Baked Garlic Butter Chicken Wings,4,4200.0,[Appetizers],,"[chicken wing drummettes, salt, black pepper, garlic powder, sauce, butter, honey]",wings
Paleo-Buffalo-Wings-1356486,Paleo Buffalo Wings,4,4800.0,[Appetizers],,"[chicken wings, hot sauce, ghee, garlic powder, paprika, lemon juice, apple cider vinegar, salt, pepper]",wings
Buffalo-Chicken-Wings-1351637,Buffalo Chicken Wings,4,720.0,[Appetizers],,"[chicken wings, Louisiana Hot Sauce, butter, white vinegar, worcestershire sauce, cayenne pepper, garlic powder, wondra, oil]",wings
Buffalo-Chicken-Wings-1330767,Buffalo Chicken Wings,4,2520.0,[Appetizers],,"[chicken, self rising flour, salt, black pepper, garlic powder, chicken wings, peanut oil, sauce, butter, buffalo sauce]",wings
Cola-Glazed-Chicken-Wings-496748,Cola Glazed Chicken Wings,4,16800.0,"[Appetizers, Main Dishes]",,"[soy sauce, apple cider vinegar, garlic, fresh ginger, ground black pepper, chicken wing drummettes, canola oil, cola, sherry, green onions, sesame seeds]",wings
Perfectly-Crisp-Baked-Chicken-Wings-1200897,Perfectly Crisp Baked Chicken Wings,3,2400.0,,,"[chicken wings, butter, baking soda, baking powder, salt]",wings
Kyochon-Korean-Fried-Chicken-Wings-1337685,Kyochon Korean Fried Chicken Wings,4,2400.0,[Appetizers],,"[flour, corn starch, water, chicken wings]",wings
Baked-Sriracha-Buffalo-Wings-1191703,Baked Sriracha Buffalo Wings,4,2700.0,[Appetizers],,"[chicken wings, oil, sea salt, cracked black pepper, butter, Sriracha, cilantro]",wings
Sriracha-Honey-Chicken-Wings-1258907,Sriracha Honey Chicken Wings,4,3600.0,[Appetizers],,"[buttermilk, hot sauce, chicken wings, salt, black pepper, unsalted butter, Sriracha, honey, soy sauce, garlic powder, chopped cilantro, sesame seeds]",wings
Teriyaki-Wings-1287663,Teriyaki Wings,4,2400.0,[Appetizers],,"[chicken wings, marinade, hot red pepper flakes, Sriracha, sesame seeds, chopped cilantro]",wings
Buffalo-Chicken-Wings-1112911,Buffalo Chicken Wings,4,3600.0,[Appetizers],,"[chicken wings, olive oil, salt, ground black pepper, unsalted butter, buffalo sauce]",wings
Herbed-Grilled-Chicken-Wings-1207369,Herbed Grilled Chicken Wings,3,3600.0,[Appetizers],[Barbecue],"[garlic cloves, fresh oregano, fresh rosemary, olive oil, freshly ground pepper, kosher salt, chicken wings]",wings
Smoked-Bayou-Chicken-Wings-1365374,Smoked Bayou Chicken Wings,4,,,,"[chicken wings, rub, unsalted butter, Louisiana Hot Sauce, coarse salt, sweet paprika, freshly ground black pepper, ground white pepper, dried thyme, dried oregano, onion powder, granulated garlic, bay leaf, cayenne pepper]",wings
Baked-Chicken-Wings-1221096,Baked Chicken Wings,4,2100.0,[Appetizers],,"[chicken wings, butter, sea salt, smoked paprika, cumin seed, ground black pepper, ground cumin, garlic powder, cayenne pepper]",wings
Hot-and-Spicy-Chicken-Wings-1311142,Hot and Spicy Chicken Wings,3,18300.0,[Appetizers],,"[cayenne pepper sauce, garlic salt, chicken wing drummettes, butter, Bisquick Baking Mix, onion salt, pepper, cayenne pepper, blue cheese dressing]",wings
Buffalo-style-wings-297603,Buffalo-style Wings,4,3300.0,[Appetizers],,"[chicken wings, Country Crock® Spread, hot pepper sauce, sesame seeds, salt]",wings
Pok-Pok-Wings-496843,Pok Pok Wings,4,1800.0,[Appetizers],,"[fish sauce, superfine sugar, garlic, chicken wings, vegetable oil, corn starch, chopped cilantro, mint]",wings
Parmesan-Herb-Chicken-Wings-1254842,Parmesan Herb Chicken Wings,3,3600.0,[Appetizers],,"[chicken wings, shredded parmesan cheese, parsley, paprika, oregano, salt, pepper, butter]",wings
Jar-Doo-Chicken-Wings-Allrecipes,Jar Doo Chicken Wings,4,3900.0,[Appetizers],,"[soy sauce, fresh ginger root, dry gin, water, white sugar, salt, chicken wings, vegetable oil]",wings
Salt-and-Vinegar-Chicken-Wings-981215,Salt and Vinegar Chicken Wings,4,3600.0,[Appetizers],,"[chicken wings, white distilled vinegar, old bay seasoning, salt]",wings
Sticky-Asian-Garlic-Wings-1038340,Sticky Asian Garlic Wings,4,3300.0,[Appetizers],,"[chicken wings, light brown sugar, soy sauce, garlic, ground ginger]",wings
Emeril_s-Chicken-Wings-966276,Emeril's Chicken Wings,3,1500.0,[Appetizers],,"[chicken wings, all-purpose flour, salt, freshly ground pepper, cayenne pepper, wing sauce, dipping sauces]",wings
Buffalo-Chicken-Wings-I-Allrecipes,Buffalo Chicken Wings I,5,1500.0,[Appetizers],,"[vegetable oil, chicken wings, butter, white vinegar, hot pepper sauce, salt, pepper]",wings
Baked-Chicken-Wings-Allrecipes,Baked Chicken Wings,5,4200.0,[Appetizers],,"[olive oil, garlic, chili powder, garlic powder, salt and ground black pepper, chicken wings]",wings
The-Best-Butter-and-Garlic-Chicken-Wings-1048244,The Best Butter and Garlic Chicken Wings,4,2400.0,[Appetizers],,"[chicken wings, butter, salt, garlic cloves, flour]",wings
Honey-Sriracha-Chicken-Wings-1227489,Honey Sriracha Chicken Wings,4,1200.0,[Appetizers],,"[chicken wings, flour, oil, onions, garlic cloves, rice vinegar, Sriracha, honey]",wings
Takeout-Fried-Chicken-Wings-1095538,Takeout Fried Chicken Wings,4,9000.0,[Appetizers],,"[chicken wings, black pepper, white pepper, garlic powder, salt, sugar, soy sauce, Shaoxing wine, sesame oil, eggs, corn starch, flour, oil]",wings
Western-wings-296467,Western Wings,4,5100.0,"[Appetizers, Main Dishes]",[Southwestern],"[chicken wings, wish bone western dress]",wings
Jerry_s-Wings-Allrecipes,Jerry's Wings,4,1020.0,[Appetizers],,"[vegetable oil, chicken wings, butter, hot pepper sauce]",wings
Baked-Garlic-Parmesan-Chicken-Wings-1218239,Baked Garlic Parmesan Chicken Wings,4,1800.0,[Appetizers],,"[chicken wings, grated parmesan cheese, parsley, granulated garlic, melted butter]",wings
Sweet-and-Spicy-Baked-Chicken-Wings-1225495,Sweet and Spicy Baked Chicken Wings,5,4200.0,[Appetizers],,"[chicken wings, freshly ground pepper, honey, butter, Frank's® RedHot® Original Cayenne Pepper Sauce, Sriracha, cayenne pepper, garlic powder]",wings
Crispy-Buffalo-Wings-1263642,Crispy Buffalo Wings,4,9000.0,[Appetizers],,"[chicken wings, buttermilk, all-purpose flour, seasoning salt, paprika, black pepper, garlic powder, wing sauce, salted butter]",wings
Marinated-Chicken-Wings-TasteOfHome,Marinated Chicken Wings,5,11100.0,[Appetizers],,"[chicken wings, reduced sodium soy sauce, white wine, canola oil, sugar, garlic cloves, ground ginger]",wings
Harissa-Honey-Chicken-Wings-518637,Harissa Honey Chicken Wings,4,5400.0,[Appetizers],,"[chicken wings, ground cumin, ground coriander, granulated garlic, cayenne pepper, kosher salt, black pepper, salted butter, harissa, honey]",wings
Ranch-Chicken-Wings-988372,Ranch Chicken Wings,4,3000.0,[Appetizers],,"[chicken wings, all-purpose flour, ranch dressing, minced garlic, salt, pepper, oil]",wings
Classic-Buffalo-Baked-Chicken-Wings-1009716,Classic Buffalo Baked Chicken Wings,4,3300.0,[Appetizers],,"[chicken wings, paprika, garlic powder, chili powder, ground cinnamon, canola oil, buffalo sauce, coconut oil]",wings
Sweet-and-Tangy-Baked-Wings-1378255,Sweet and Tangy Baked Wings,4,3900.0,,,"[chicken wings, kosher salt, honey, garlic cloves, poultry seasoning, water, cooking spray, cilantro leaves, lemon wedge, Dr. Pepper®, ketchup, worcestershire sauce, smoked paprika, steak sauce, onion powder, garlic powder, black pepper]",wings
Sticky-Honey-Soy-Chicken-Wings-1328071,Sticky Honey-Soy Chicken Wings,3,3000.0,[Appetizers],,"[chicken wings, low sodium soy sauce, fresh ginger, cilantro leaves, garlic, lemon, ground black pepper, kosher salt, extra-virgin olive oil, butter, honey, sesame seeds]",wings
Peppery-Chicken-Wings-513209,Peppery Chicken Wings,5,8100.0,[Appetizers],,"[chicken wings, ground black pepper, salt, sweet paprika, ground allspice, cayenne, ground cloves, garlic cloves, olive oil]",wings
Fried-Hot-Wings-686046,Fried Hot Wings,4,3000.0,[Appetizers],,"[chicken wings, all-purpose flour, sea salt, black pepper, garlic powder, paprika, oil, Franks Hot Sauce, Cholula Hot Sauce, butter]",wings
Skinny-buffalo-wings-352024,Skinny Buffalo Wings,5,3000.0,[Appetizers],,"[chicken wings, Franks Hot Sauce, white vinegar, oregano, paprika, garlic powder, chili powder, salt, pepper, celery ribs, carrots, low-fat blue cheese dressing]",wings
Sweet-and-hot-wings-321321,Sweet and Hot Wings,3,3600.0,[Appetizers],,"[chicken wings, ketchup, soy sauce, hot sauce, honey, pepper]",wings
Sriracha-Honey-Wings-513917,Sriracha-Honey Wings,5,2700.0,[Appetizers],,"[chicken wings, hot chili sauce, honey, rice vinegar, unsalted butter, kosher salt, vegetable oil]",wings
Smoked-Chicken-Wings-624652,Smoked Chicken Wings,3,3000.0,[Appetizers],[Barbecue],"[chicken wings, dry rub]",wings
Bat-Wings-1261021,Bat Wings,4,3600.0,[Appetizers],,"[chicken wings, soy sauce, black bean sauce, tamarind paste, brown sugar, garlic chili sauce, black food coloring]",wings
Oven-Baked-Garlic-Parmesan-Wings-1368929,Oven Baked Garlic Parmesan Wings,4,3900.0,[Appetizers],,"[chicken wings, salt, pepper, olive oil, butter, garlic, chopped parsley, parmesan cheese]",wings
Sriracha-Garlic-Wings-1004562,Sriracha Garlic Wings,4,3000.0,[Appetizers],,"[chicken wings, garlic, Sriracha, ketchup, soy sauce, honey, sesame oil, scallions, peanuts]",wings
Tamarind-Chicken-Wings-989084,Tamarind Chicken Wings,4,1800.0,[Appetizers],,"[chicken wings, base, garlic powder, salt, pepper, oil]",wings
Baked-Chicken-Wings-1351189,Baked Chicken Wings,4,5100.0,,,"[chicken wings, salt, tamarind juice, flour, baking powder, garlic, ketchup, oil, soy sauce, sugar, honey, vinegar, water]",wings
Fiery-Asian-Chicken-Wings-1214301,Fiery Asian Chicken Wings,4,4200.0,[Appetizers],,"[chicken wings, chili sauce, bbq sauce, Sriracha, salt, pepper]",wings
Honey-garlic-chicken-wings-365453,Honey Garlic Chicken Wings,5,3000.0,[Appetizers],,"[chicken wings, water, molasses, honey, garlic cloves, onion powder, salt, pepper, brown sugar]",wings
Chili-Lime-Crispy-Sticky-Chicken-Wings-1365592,Chili Lime Crispy Sticky Chicken Wings,4,1620.0,[Appetizers],,"[chicken wings, flour, grated nutmeg, cayenne pepper, kosher salt, freshly ground black pepper, ground ginger, eggs, milk, minced garlic, olive oil, honey, lime, chili paste, salt, black pepper]",wings
Roasted-Pepper-Hot-Wings-1275644,Roasted Pepper Hot Wings,4,5700.0,[Appetizers],,"[hot sauce, butter, cayenne pepper, salt, garlic, chicken wings, baking powder]",wings
Harissa-Hot-Wings-441458,Harissa Hot Wings,5,2100.0,[Appetizers],,"[canola oil, chicken wings, harissa, unsalted butter, lemon, yoghurt]",wings
Honey-Garlic-Chicken-Wings-575591,Honey-Garlic Chicken Wings,4,3600.0,[Appetizers],,"[chicken wings, honey, lemon juice, water, coconut aminos, apple cider vinegar, garlic powder, ground ginger]",wings
Buffalo-Wings-758498,Buffalo Wings,3,3300.0,[Appetizers],,"[chicken wings, butter, garlic cloves, hot sauce, salt, chili powder]",wings
Grill-Master-Chicken-Wings-AllRecipes,Grill Master Chicken Wings,5,1800.0,,[Barbecue],"[soy sauce, salad dressing, chicken wings, butter, hot pepper sauce]",wings
Salt-and-Pepper-Chicken-Wings-1334294,Salt and Pepper Chicken Wings,4,2400.0,[Appetizers],,"[flour, corn starch, water, chicken wing drummettes, vegetable oil, garlic, olive oil, scallions, crushed red pepper flakes, white pepper, black pepper, salt, msg]",wings
Crispy-Oven-Baked-Chicken-Wings-997372,Crispy Oven Baked Chicken Wings,4,3900.0,"[Appetizers, Main Dishes]",,"[chicken wings, salt, garlic powder, pepper, paprika, cayenne, rice flour, corn starch, olive oil spray]",wings
Chinese-Fried-Chicken-Wings-1115230,Chinese Fried Chicken Wings,4,1500.0,[Appetizers],[Chinese],"[chicken wings, soy sauce, dry sherry, ginger, garlic, honey, peanut oil]",wings
Dr-Pepper-Hot-Wings-1361199,Dr Pepper Hot Wings,4,5400.0,,,"[frozen chicken wings, baking powder, salt, Dr. Pepper®, buffalo sauce, dark brown sugar, butter, corn starch]",wings
Chicken-Wings-Galore-AllRecipes,Chicken Wings Galore,4,3300.0,[Appetizers],,"[chicken wings, Kikkoman Soy Sauce, balsamic vinegar, garlic powder, basil dried leaves, olive oil]",wings
When-Pigs-Fly-Wings-513710,When Pigs Fly Wings,5,2700.0,[Appetizers],,"[pork rind, large eggs, butter, chicken wings]",wings
Empress-Chicken-Wings-1117204,Empress Chicken Wings,4,5100.0,[Main Dishes],,"[chicken wings, soy sauce, fresh ginger, garlic, corn starch, vegetable oil, water, brown sugar, green onions]",wings
_Coca-Cola-Chicken-Wings-or-Ribs-Recipe___mobile___Coca-Cola-Chicken-Wings-or-Ribs-Recipe___-class____-Coca-Cola-Chicken-Wings-or-Ribs-1225515,"""Coca-Cola Chicken Wings or Ribs Recipe"",""mobile"":""Coca-Cola Chicken Wings or Ribs Recipe""}' class=""""> Coca-Cola Chicken Wings or Ribs",3,8100.0,[Main Dishes],,"[brown sugar, coca-cola, onions, garlic, soy sauce, chicken wings]",wings
Barbecued-Chicken-Wings-Martha-Stewart,Barbecued Chicken Wings,3,2400.0,[Appetizers],[American],"[chicken wings, olive oil, freshly ground pepper, coarse salt, barbecue sauce]",wings
Hellfire-Wings-1173584,Hellfire Wings,4,5100.0,[Appetizers],,"[chicken wings, butter, hot sauce, flour, cayenne pepper, garlic powder, salt]",wings
Baked-Buffalo-Hot-Wings-997857,Baked Buffalo Hot Wings,4,4200.0,[Appetizers],,"[chicken wing drummettes, salt, black pepper, garlic powder, sauce, butter, buffalo sauce]",wings
Southern-Fried-Chicken-Wings-518656,Southern Fried Chicken Wings,4,3600.0,[Appetizers],[Southern & Soul Food],"[chicken wings, all-purpose flour, grated parmesan cheese, paprika, dry mustard, dried oregano, salt, ground black pepper, milk, peanut oil]",wings
Lemon-Dijon-Wings-Allrecipes,Lemon Dijon Wings,5,9300.0,[Appetizers],[Barbecue],"[olive oil, fresh lemon juice, dijon mustard, garlic, salt, ground black pepper, chicken wings]",wings
Right-wings-337107,Right Wings,4,4500.0,[Appetizers],,"[all-purpose flour, salt, paprika, ground red pepper, chicken wings, vegetable oil, sauce]",wings
Salt-and-Pepper-Chicken-Wings-1052130,Salt and Pepper Chicken Wings,4,900.0,[Appetizers],,"[chicken wings, salt, oil, ground pepper, spices, spring onions]",wings
Sizzling-sesame-wings-348967,Sizzling Sesame Wings,5,2400.0,[Appetizers],,"[chicken wings, vegetable oil, salt, flour, sesame seeds, soy sauce, honey, sesame oil]",wings
Gochujang-Hot-Wings-1061196,Gochujang Hot Wings,4,3300.0,[Appetizers],,"[chicken wings, baking powder, kosher salt, Gochujang base, butter, green onions]",wings
Classic-bufffalo-wings-348230,Classic Bufffalo Wings,5,2400.0,[Appetizers],,"[chicken wings, vegetable oil, salt, flour, butter, hot sauce, celery stick, blue cheese dressing]",wings
Coca-Cola-Chicken-Wings-593849,Coca-Cola Chicken Wings,4,2700.0,[Appetizers],,"[chicken wings, soy sauce, canola oil, dry sherry, coca-cola, scallions, ground black pepper]",wings
Buffalo-Chicken-Wings-1176179,Buffalo Chicken Wings,4,2100.0,[Appetizers],,"[chicken wings, chili powder, all-purpose flour, paprika, butter, hot sauce, black pepper, salt, garlic powder, cooking oil]",wings
Grilled-Apricot-and-Peach-Chicken-Wings-1365871,Grilled Apricot and Peach Chicken Wings,4,3000.0,[Appetizers],[Barbecue],"[spicy barbecue sauce, garlic cloves, peaches, salt, black pepper, chicken wings, apricot preserves, apple cider vinegar, hot sauce]",wings
Crispy-Herbed-Chicken-Wings-1305899,Crispy Herbed Chicken Wings,4,2400.0,[Appetizers],,"[chicken wings, grapeseed oil, salt, garlic, dried basil, dried oregano, fresh basil]",wings
Honey-Wings-with-Turmeric-497041,Honey Wings with Turmeric,0,3900.0,[Appetizers],,"[chicken wings, honey, soy sauce, salt, ground turmeric, chili powder, ginger]",wings
Chinese-Chicken-Wings-AllRecipes,Chinese Chicken Wings,5,34200.0,[Appetizers],[Asian],"[soy sauce, brown sugar, garlic powder, chicken wings]",wings
Crispy-Baked-Asian-Chicken-Wings-493713,Crispy Baked Asian Chicken Wings,4,3600.0,[Appetizers],[Asian],"[chicken wings, vegetable oil, chinese five-spice powder, hoisin sauce, blackberry jam]",wings
Baked-Buffalo-Wings-Allrecipes,Baked Buffalo Wings,5,7200.0,[Appetizers],,"[all-purpose flour, cayenne pepper, garlic powder, salt, chicken wings, melted butter, hot pepper sauce]",wings
Crispy-Baked-Teriyaki-Wings-1370568,Crispy Baked Teriyaki Wings,4,3600.0,[Appetizers],,"[chicken wings, baking powder, salt, ground pepper, cooking oil, toasted sesame seeds, green onions, lower sodium soy sauce, rice vinegar, hoisin sauce, sesame oil, brown sugar, ground ginger, garlic]",wings
Crispy-Hot-Wings-1105101,Crispy Hot Wings,4,1800.0,[Appetizers],,"[plain flour, chili powder, garlic salt, black pepper, salt, butter, chicken wings, chili flakes]",wings
Crispy-Taco-Wings-497900,Crispy Taco Wings,4,3600.0,[Appetizers],,"[pepper, salt, chicken wings, flour, taco seasoning, butter, corn chips, cooking spray]",wings
Bourbon-Glazed-Wings-1339520,Bourbon Glazed Wings,4,3900.0,[Appetizers],,"[bourbon whiskey, ketchup, hot pepper sauce, tomato paste, brown sugar, onion powder, garlic powder, salt, pepper, chicken wing drummettes]",wings
Crispy-Baked-Maple-Sriracha-Glazed-Chicken-Wings-486092,Crispy Baked Maple Sriracha Glazed Chicken Wings,4,4800.0,"[Appetizers, Main Dishes]",,"[chicken wings, flour, cayenne pepper, ground ginger, salt, pure maple syrup, Sriracha, eggs, water]",wings
Honey-Garlic-Chicken-Wings-600318,Honey Garlic Chicken Wings,3,5100.0,[Appetizers],,"[chicken wings, butter, honey, all-purpose flour, garlic cloves, onion powder, water, low sodium soy sauce, Sriracha]",wings
Baked-Buffalo-Wings-484786,Baked Buffalo Wings,5,5100.0,[Appetizers],,"[all-purpose flour, cayenne pepper, garlic powder, salt, chicken wings, melted butter, hot pepper sauce, dressing, ranch dressing, celery stick]",wings
Sweet-and-Sour-Chicken-Wings-Martha-Stewart-192215,Sweet-and-Sour Chicken Wings,4,2700.0,[Appetizers],[American],"[soy sauce, white vinegar, wildflower honey, garlic cloves, peeled fresh ginger, chicken wings, sesame seeds, chopped fresh chives]",wings
Chicken-Wings-with-Garlic-and-Paprika-513639,Chicken Wings with Garlic and Paprika,4,9000.0,[Appetizers],,"[chicken wings, smoked sweet Spanish paprika, sea salt, lemon juice, olive oil, garlic cloves, brandy, ground black pepper]",wings
Baked-Hot-Wings-1031761,Baked Hot Wings,4,6300.0,[Appetizers],,"[chicken wings, extra-virgin olive oil, white wine vinegar, smoked paprika, garlic powder, cumin, hot sauce, sea salt, butter]",wings
Hoisin-Honey-Chicken-Wings-1208231,Hoisin Honey Chicken Wings,3,1800.0,[Appetizers],[Asian],"[chicken wings, hoisin sauce, soy sauce, sesame oil, honey, ginger, salt, pepper, toasted sesame seeds, green onions]",wings
Chicken-Wings-987094,Chicken Wings,4,4500.0,[Appetizers],,"[chicken wings, soy sauce, honey, molasses, hot sauce, minced garlic, pepper, garlic salt]",wings
Crispy-Baked-Chicken-Wings-1225274,Crispy Baked Chicken Wings,4,5700.0,[Appetizers],,"[chicken wings, baking powder, salt, oil]",wings
Soy-Sauce-Chicken-Wings-1230931,Soy Sauce Chicken Wings,3,3900.0,,,"[chicken wings, Kikkoman Soy Sauce, vegetable oil, fresh ginger, water, sugar, green onions]",wings
Jammin_-Chicken-Wings-489178,Jammin' Chicken Wings,4,2700.0,[Appetizers],,"[chicken wings, olive oil, salt, pepper, garlic cloves, jam, rice vinegar, Sriracha]",wings
Smoky-Sweet-Spicy-Wings-513844,Smoky Sweet Spicy Wings,5,1800.0,[Appetizers],,"[apple juice, tomato paste, firmly packed brown sugar, unsweetened cocoa powder, garlic salt, ground chipotle chile pepper, ground cinnamon, chicken wings]",wings
Japanese-Chicken-Wings-Allrecipes,Japanese Chicken Wings,5,3600.0,[Appetizers],"[Asian, Japanese, Kid-Friendly]","[chicken wings, eggs, all-purpose flour, butter, sauce, soy sauce, water, white sugar, white vinegar, garlic powder, salt]",wings
Crispy-Baked-Chicken-Wings-771656,Crispy Baked Chicken Wings,4,4500.0,[Appetizers],,"[chicken wings, baking powder, salt, Franks Hot Sauce, brown sugar, water]",wings
Sesame-Chicken-Wings-1171648,Sesame Chicken Wings,3,3300.0,[Appetizers],,"[chicken, soy sauce, water, sugar, sesame oil, green onions, onions, garlic cloves, sesame seeds, pepper, chicken wings]",wings
Shanghai-Chicken-Wings-630239,Shanghai Chicken Wings,3,2100.0,[Appetizers],[Asian],"[hoisin sauce, rice vinegar, garlic, chili flakes, chinese five-spice powder, peanut oil, chicken wings, kosher salt]",wings
Original-Buffalo-Wings-Allrecipes,Original Buffalo Wings,3,1800.0,[Appetizers],,"[chicken wings, salt, pepper, vegetable oil, butter, hot pepper sauce, white vinegar]",wings
Brown-Sugar-Curry-Chicken-Wings-1308154,Brown Sugar Curry Chicken Wings,4,1500.0,[Appetizers],,"[chicken wings, baking powder, salt, brown sugar, curry powder]",wings
Hoisin-Chicken-Wings-1245879,Hoisin Chicken Wings,4,3600.0,[Appetizers],,"[chicken wings, flour, oil, hoisin sauce, brown sugar, soy sauce, worcestershire sauce, crushed red pepper flakes, green onions]",wings
Baked-Parmesan-Garlic-Chicken-Wings-512628,Baked Parmesan Garlic Chicken Wings,5,2100.0,[Appetizers],,"[dried oregano, dried rosemary, ground cumin, sea salt, chicken wings, extra-virgin olive oil, fresh basil, garlic cloves, grated parmesan cheese, seasoning salt, blue cheese dressing, dijon mustard]",wings
Adobo-wings-321155,Adobo Wings,3,4800.0,[Appetizers],,"[white vinegar, soy sauce, black peppercorns, brown sugar, garlic, bay leaf, chicken wings]",wings
Orange_glazed-Chicken-Wings-TasteOfHome,Orange-Glazed Chicken Wings,4,4500.0,[Appetizers],,"[chicken wings, soy sauce, orange juice, garlic powder]",wings
Balsamic-Chicken-Wings-1082198,Balsamic Chicken Wings,3,3300.0,[Appetizers],,"[chicken wings, balsamic vinegar, honey, brown sugar, ginger, garlic cloves, lemon, salt, pepper]",wings
Five-Spice-Chicken-Wings-1345391,Five-Spice Chicken Wings,3,4200.0,[Appetizers],,"[chicken wings, plum sauce, butter, chinese five-spice powder, green onions]",wings
Cilantro-Lime-Chicken-Wings-1304328,Cilantro Lime Chicken Wings,4,4200.0,[Appetizers],,"[jalapeno chilies, garlic cloves, fresh cilantro, lime, lime juice, soy sauce, olive oil, raw honey, chicken wings]",wings
Spicy-Chicken-Wings-761586,Spicy Chicken Wings,4,1800.0,[Appetizers],,"[chicken wings, butter, ketchup, Tabasco Pepper Sauce, celery]",wings
Lightened-up-Sweet-and-Spicy-Chicken-Wings-1354978,Lightened-up Sweet and Spicy Chicken Wings,4,3300.0,[Appetizers],[Asian],"[ground coriander, smoked paprika, chinese five-spice powder, cayenne pepper, salt, red pepper flakes, sesame oil, garlic, ginger, green onions, reduced sodium soy sauce, honey, chicken wings]",wings
Sweet-chili-chicken-wings-320507,Sweet Chili Chicken Wings,3,2700.0,[Appetizers],,"[chicken wings, soy sauce, sweet chili sauce, rice vinegar, honey, sesame oil, chili oil, Sriracha, garlic cloves, kosher salt, paprika, chinese five-spice powder, scallions]",wings
Crack-wings-320596,Crack Wings,4,3600.0,[Appetizers],,"[chicken wings, olive oil, jalapeno chilies, garlic, grated pecorino]",wings
Pineapple-Chicken-Wings-1354538,Pineapple Chicken Wings,4,5400.0,[Main Dishes],,"[chicken wings, pineapple, brown sugar, corn starch, water, soy sauce, sugar, salt, pepper]",wings
Ginger-Soy-Wings-1225521,Ginger Soy Wings,3,16200.0,[Appetizers],,"[chicken wings, marinade, dressing, soy, oil, sesame seeds, spring onions]",wings
Raspberry-Maple-Chicken-Wings-1070757,Raspberry Maple Chicken Wings,4,2700.0,[Appetizers],,"[chicken wings, olive oil, salt, pepper, garlic cloves, raspberry syrup, maple syrup, soy sauce, green onions]",wings
Sweet-_-Savory-Chicken-Wings-477081,Sweet & Savory Chicken Wings,5,3600.0,[Appetizers],,"[pineapple juice, soy sauce, chicken wings, gelatin, poppy seeds]",wings
Snappy-chicken-wings-353972,Snappy Chicken Wings,4,4200.0,,,"[chicken wings, cayenne pepper sauce, I Can't Believe It's Not Butter!® Spread, ground red pepper, wish bone chunki blue chees dress]",wings
Buffalo-Chicken-Wings-Iii-Allrecipes,Buffalo Chicken Wings III,4,3900.0,[Appetizers],,"[chicken wings, butter, pepper sauce, tomato sauce, chili powder, cayenne pepper]",wings
Classic-Buffalo-Wings-1057259,Classic Buffalo Wings,4,3000.0,[Appetizers],,"[chicken wings, vegetable oil, franks, melted butter, cumin, cayenne, bbq sauce, celery stick, blue cheese dressing]",wings
Adobo-Chicken-Wings-1232032,Adobo Chicken Wings,3,4200.0,[Appetizers],,"[marinade, soy sauce, cider vinegar, garlic, bay leaves, black pepper, splenda, molasses, chillies, chicken wings]",wings
Crispy-Baked-Orange-Chicken-Wings-1230258,Crispy Baked Orange Chicken Wings,4,3600.0,[Appetizers],,"[chicken wings, vegetable oil, salt, black pepper, sesame oil, olive oil, garlic, fresh ginger, crushed red pepper flakes, orange marmalade, hoisin sauce]",wings
Lemon-Garlic-Chicken-Wings-992509,Lemon Garlic Chicken Wings,4,2100.0,[Appetizers],,"[chicken wing drummettes, lemon, garlic, chicken stock, ground black pepper, sea salt, olive oil]",wings
Honey-Garlic-Chicken-Wings-623985,Honey Garlic Chicken Wings,3,4800.0,[Appetizers],,"[garlic, extra-virgin olive oil, honey, lemon, chicken wings, sea salt]",wings
Chicken-Wings-in-Teriyaki-Sauce-Crock-Pot-1311112,Chicken Wings in Teriyaki Sauce Crock Pot,4,3000.0,[Appetizers],,"[chicken wings, onions, brown sugar, low sodium soy sauce, dry sherry, ground ginger, honey, garlic]",wings
No-Fry-Buffalo-Wings-1309355,No Fry Buffalo Wings,4,3600.0,[Appetizers],,"[chicken wings, salt, Frank's® RedHot® Original Cayenne Pepper Sauce, melted butter, italian salad dressing]",wings
Broiled-Buffalo-Wings-511991,Broiled Buffalo Wings,5,2400.0,[Appetizers],,"[chicken wings, cayenne pepper sauce, fresh lemon juice, homemade chicken stock, celery, cheese dip]",wings
Cajun-Ranch-Chicken-Wings-1097409,Cajun Ranch Chicken Wings,4,1800.0,[Appetizers],[Cajun & Creole],"[chicken wings, ranch dressing, cajun seasoning]",wings
Cauliflower-Buffalo-Wings-1331803,Cauliflower Buffalo Wings,4,2400.0,,,"[cauliflower, almond milk, almond flour, garlic powder, buffalo sauce, butter oil, cooking spray]",wings
Crispy-Curry-Spiced-Chicken-Wings-1225506,Crispy Curry-Spiced Chicken Wings,5,2400.0,[Appetizers],,"[chicken wings, black pepper, sea salt, coconut milk, curry powder, honey, fish sauce, garlic chili sauce]",wings
Ginger-Soy-Chicken-Wings-1098130,Ginger Soy Chicken Wings,4,3300.0,[Appetizers],,"[chicken wings, soy sauce, sugar, salt, pepper, ginger]",wings
Jerk-Chicken-Wings-761699,Jerk Chicken Wings,4,2700.0,[Appetizers],,"[brown sugar, salt, garlic powder, ground allspice, black pepper, cayenne pepper, vegetable oil, apple cider vinegar, chicken wings, scallions]",wings
Garlic-Miso-Chicken-Wings-564583,Garlic Miso Chicken Wings,4,1800.0,"[Appetizers, Main Dishes]",[Japanese],"[chicken wings, garlic, miso, soy sauce, mirin]",wings
Jeera-Chicken-Wings-1105100,Jeera Chicken Wings,4,3000.0,[Main Dishes],,"[chicken wings, oil, cumin seed, garlic, ginger, salt, green chilies, coriander seeds, chili powder, lemon, fresh coriander]",wings
Sticky-Chicken-Wings-Martha-Stewart,Sticky Chicken Wings,4,6300.0,[Appetizers],[Asian],"[light brown sugar, fish sauce, fresh lemon juice, soy sauce, fresh ginger, serrano chile, chicken wings]",wings
Sticky-thai-chicken-wings-333394,Sticky Thai Chicken Wings,5,3900.0,[Appetizers],,"[chicken wings, olive oil, salt, pepper, sweet chili sauce, rice vinegar, coconut milk, brown sugar, garlic cloves, creamy peanut butter, ginger, lime, soy sauce, peanuts, fresh cilantro, green onions]",wings
Korean-Style-Spicy-Wings-1251902,Korean-Style Spicy Wings,4,5100.0,[Appetizers],,"[soy sauce, sesame oil, garlic powder, onion powder, ground ginger, salt, pepper, chicken wings, kochujang, red wine vinegar, brown sugar]",wings
Clean-Eating-Orange-Chicken-Wings-1165591,Clean Eating Orange Chicken Wings,4,21000.0,[Appetizers],,"[chicken wings, Franks Hot Sauce, orange, paprika, black pepper]",wings
Crispy-Baked-Parmesan-Chicken-Wings-1272829,Crispy Baked Parmesan Chicken Wings,4,3000.0,[Appetizers],,"[chicken wings, salt, pepper, garlic powder, parmesan cheese, chopped parsley, chili flakes]",wings
Sesame-Oil-Chicken-Wings-Allrecipes,Sesame Oil Chicken Wings,4,2700.0,[Appetizers],,"[chicken wings, water, dark soy sauce, light soy sauce, crushed garlic, green onions, sesame oil]",wings
Detroit-Hot-Honey-Wings-Allrecipes,Detroit Hot Honey Wings,5,2100.0,,[Barbecue],"[chicken wings, cayenne pepper, salt and ground black pepper, honey, butter, hot sauce]",wings
Buffalo-Wings-1274323,Buffalo Wings,4,900.0,[Appetizers],,"[chicken wings, Frank's® RedHot® Original Cayenne Pepper Sauce, butter, white vinegar, worcestershire sauce, vegetable oil]",wings
Sesame-Chicken-Wings-459137,Sesame Chicken Wings,5,1800.0,[Appetizers],,"[chicken wings, sesame oil, soy sauce, rice vinegar, garlic, peeled fresh ginger, sesame seeds]",wings
Grilled-Buffalo-Wings-758474,Grilled Buffalo Wings,3,2100.0,[Appetizers],[Barbecue],"[chicken wings, hot sauce, worcestershire sauce, minced garlic, cayenne pepper, salt]",wings
Slapilicious-Smoke-and-Fried-Chicken-Wings-696189,Slapilicious Smoke and Fried Chicken Wings,3,2700.0,[Appetizers],,"[chicken wings, buttermilk, rub, cayenne pepper, black pepper]",wings
Hot-mustard-wings-347460,Hot Mustard Wings,4,2700.0,[Appetizers],,"[chicken wings, yellow mustard, soy sauce, sesame oil, rice vinegar, sugar]",wings
Salt-and-Vinegar-Wings-1355310,Salt and Vinegar Wings,4,3600.0,,,"[drum, creole seasoning, white distilled vinegar, table salt]",wings
Spicy-Middle-Eastern-Chicken-Wings-498497,Spicy Middle Eastern Chicken Wings,4,24300.0,[Appetizers],,"[chicken wings, extra-virgin olive oil, cumin, paprika, cayenne pepper, tumeric, allspice, salt, pepper, sauce]",wings
Party-wings-316651,Party Wings,3,3600.0,[Appetizers],,"[chicken wings, fermented black beans, soy sauce, toasted sesame oil, rice vinegar, brown sugar, molasses, hoisin sauce, horseradish, dijon mustard, minced garlic, ketchup]",wings
Honey-Baked-Teriyaki-Chicken-Wings-965185,Honey Baked Teriyaki Chicken Wings,4,3600.0,[Appetizers],,"[garlic cloves, honey, Sriracha, marinade, chicken wings, teriyaki baste, sesame seeds]",wings
Crunchy-farina-chicken-wings-346306,Crunchy Farina Chicken Wings,3,300.0,[Appetizers],,"[cooking spray, farina, onion salt, cayenne pepper, chicken wings]",wings
Sweet-Thai-Chicken-Wings-771058,Sweet Thai Chicken Wings,4,3000.0,[Appetizers],,"[chicken wings, franks, soy sauce, rice vinegar, ginger, garlic, mustard, freshly ground pepper, vegetable oil]",wings
Zesty-Grilled-Wings-1205565,Zesty Grilled Wings,4,2700.0,[Appetizers],[Barbecue],"[KRAFT Zesty Italian Dressing, chicken wings, barbecue sauce]",wings
Asian-Chicken-Wings-1302752,Asian Chicken Wings,4,4200.0,[Appetizers],[Asian],"[garlic pepper seasoning, salt, cayenne pepper, chicken wing drummettes, hoisin sauce, light soy sauce, ketchup, brown sugar, dry sherry, fresh ginger root, garlic, sesame seeds, green onions]",wings
BBQ-Chicken-WingsRecipe-1354115,BBQ Chicken Wings Recipe,3,4200.0,"[Appetizers, Main Dishes]",,"[chicken wings, barbecue rub, bbq sauce, paprika, chili powder, garlic powder, onion powder, cumin, rosemary, sea salt, ground black pepper, ketchup, white onion, garlic, cooking fat, white wine vinegar, worcestershire sauce, cayenne pepper, raw honey]",wings
Wuxi-Chicken-Wings-1252180,Wuxi Chicken Wings,4,4500.0,[Appetizers],[Chinese],"[chicken wings, light soy sauce, shaoxing, oil, scallions, ginger, water, black vinegar, dark soy sauce, sesame oil, salt, rock sugar, star anise]",wings
Whiskey-Wings-1190706,Whiskey Wings,4,4500.0,[Appetizers],,"[chicken wings, flour, seasoning, salt, vegetable oil, garlic, canola oil, water, brown sugar, pineapple juice, teriyaki sauce, whiskey, cayenne pepper, corn starch]",wings
Sous-Vide-Chicken-Wings-1084180,Sous Vide Chicken Wings,4,21600.0,[Appetizers],,"[chicken wings, salt, pepper, peanut oil]",wings
Coca-Cola-BBQ-Chicken-Wings-1352354,Coca Cola BBQ Chicken Wings,4,6300.0,[Appetizers],,"[ketchup, chili sauce, butter, worcestershire sauce, onion powder, garlic powder, salt, pepper, cider vinegar, ground red pepper, liquid smoke, coca-cola, bbq sauce, chicken wings]",wings
Spicy-Chicken-Wings-1270622,Spicy Chicken Wings,3,2700.0,[Appetizers],,"[chicken wings, chili flakes, red chili peppers, black peppercorns, salt, soy sauce, rice wine, plain flour, corn flour, oil, lemon wedge]",wings
Ginger-Soy-Chicken-Wings-770237,Ginger Soy Chicken Wings,3,16200.0,[Appetizers],,"[chicken wings, marinade, dressing, soy, oil, sesame seeds, spring onions]",wings
SWEET-AND-SPICY-PINEAPPLE-WINGS-1349585,SWEET AND SPICY PINEAPPLE WINGS,4,4500.0,[Appetizers],,"[chicken wings, salt, black pepper, onion powder, garlic powder, pineapple juice, sweet chili sauce, soy sauce, light brown sugar]",wings
Candied-Garlic-Chicken-Wings-Allrecipes,Candied Garlic Chicken Wings,5,5100.0,[Appetizers],,"[honey, soy sauce, garlic, chicken wings]",wings
Balsamic-Chicken-Wings-997725,Balsamic Chicken Wings,3,3300.0,[Appetizers],,"[chicken wings, honey, brown sugar, balsamic vinegar, fresh ginger, garlic, lemon, ground black pepper, salt, lemon zest]",wings
Spicy-Baked-Chicken-Wings-994785,Spicy Baked Chicken Wings,4,3600.0,[Appetizers],,"[vegetable oil, salt, chicken wings, vinegar, cheese dip]",wings
Crockpot-Honey-Sriracha-Chicken-Wings-1270020,Crockpot Honey Sriracha Chicken Wings,4,3000.0,[Appetizers],,"[butter, honey, Sriracha, soy sauce, balsamic vinegar, ground ginger, garlic, chicken wings, sesame seeds, scallion greens]",wings
Malaysian-Barbecue-Chicken-Wings-Allrecipes,Malaysian Barbecue Chicken Wings,5,1800.0,[Appetizers],[Barbecue],"[chicken wings, soy sauce, dark soy sauce, sesame oil, oyster sauce, garlic powder, onion powder, ground black pepper, dried basil]",wings
Easy-3-Ingredient-Chicken-Wings-with-Herbs-and-Honey-1280943,Easy 3-Ingredient Chicken Wings with Herbs and Honey,4,1680.0,,,"[frozen chicken wings, italian seasoning, honey]",wings
Low-Carb-Cheesy-Garlic-Wings-1348364,Low Carb Cheesy Garlic Wings,4,3000.0,[Appetizers],,"[chicken wing drummettes, grated parmesan cheese, garlic, oregano, paprika, onion powder, garlic powder, butter, kosher salt, crushed red pepper flakes, freshly ground pepper, chopped cilantro fresh]",wings
Crispy_-Sweet-and-Spicy-Chicken-Wings-_ChickenDotCA-1225511,"Crispy, Sweet and Spicy Chicken Wings #ChickenDotCA",4,3900.0,[Appetizers],,"[chicken wings, peach jam, chili paste, lime juice, greens]",wings
Rosemary-Garlic-Wings-1031158,Rosemary Garlic Wings,4,4200.0,[Appetizers],,"[chicken wings, rosemary, garlic cloves, seasoning salt, olive oil]",wings
Parmesan-Mustard-Chicken-Wings-Epicurious,Parmesan Mustard Chicken Wings,4,3300.0,[Appetizers],,"[unsalted butter, dijon style mustard, cayenne, dry bread crumbs, freshly grated parmesan, ground cumin, chicken wings]",wings
Cajun-Buffalo-Wings-1214347,Cajun Buffalo Wings,4,2100.0,[Appetizers],,"[chicken wings, buffalo sauce, ketchup, mixed spice]",wings
Wings-In-Cola-Allrecipes_1,Wings In Cola,4,,[Appetizers],[Kid-Friendly],"[chicken wings, garlic salt, onion powder, cola-flavored carbonated beverage, light brown sugar, soy sauce]",wings
Sweet-_-Spicy-Four-Ingredient-Chicken-Wings-1129891,Sweet & Spicy Four Ingredient Chicken Wings,4,3600.0,[Appetizers],,"[chicken wings, salted butter, Sriracha, orange marmalade]",wings
Oven-Baked-Chicken-Wings-1343109,Oven Baked Chicken Wings,4,,,,"[chicken wings, pure maple syrup, black pepper, smoked sea salt, dried thyme, paprika, dried oregano, red pepper]",wings
SWEET-CHILI-GLAZED-CHICKEN-WINGS-1349586,SWEET CHILI-GLAZED CHICKEN WINGS,4,4500.0,"[Appetizers, Main Dishes]",[Asian],"[chicken wings, peanut oil, chopped cilantro, soy sauce, minced garlic, minced ginger, crushed red pepper flakes, rice flour, oil, rice vinegar, granulated sugar, water, garlic chili sauce, sliced green onions]",wings
Sweet-Spicy-Wings-Allrecipes,Sweet Spicy Wings,5,2700.0,[Appetizers],[Barbecue],"[chicken wings, Louisiana Hot Sauce, butter, honey, garlic salt, ground black pepper, cayenne pepper]",wings
Twice-fried-chicken-wings-346315,Twice-Fried Chicken Wings,5,2400.0,[Appetizers],,"[chicken broth, garlic, hoisin sauce, fresh ginger, soy sauce, honey, pepper, vegetable oil, chicken wings, sesame seeds]",wings
Baked-Thai-Coconut-Curry-Chicken-Wings-1347698,Baked Thai Coconut Curry Chicken Wings,4,4200.0,[Appetizers],,"[curry, coconut milk, dark soy sauce, agave nectar, oil, butter, garlic powder, chicken wings]",wings
Asian-Sticky-Wings-1300232,Asian Sticky Wings,4,,,,"[chicken wings, hoisin sauce, rice vinegar, honey, garlic, low sodium soy sauce, sesame oil, ground ginger, Sriracha, sliced green onions, toasted sesame seeds]",wings
Sweet-chili-chicken-wings-318059,Sweet Chili Chicken Wings,3,4500.0,[Appetizers],,"[vegetable oil, seasoned rice wine vinegar, soy sauce, garlic cloves, ginger, hot red pepper flakes, chicken wings, sweet chili sauce, Sriracha]",wings
Hoisin-Stout-Chicken-Wings-541241,Hoisin Stout Chicken Wings,3,2700.0,[Appetizers],,"[olive oil, shallots, garlic, beer, hoisin sauce, low sodium soy sauce, chili sauce, chicken wings]",wings
Honey-Garlic-Chicken-Wings-in-the-Crock-Pot-977399,Honey Garlic Chicken Wings in the Crock Pot,4,1800.0,,,"[chicken wings, raw honey, minced garlic, olive oil, sea salt, pepper]",wings
39-Hot-Wing-Recipes-1362378,39 Hot Wing Recipes,4,,,,"[cooking spray, all-purpose flour, cayenne pepper, garlic powder, salt, chicken wing drummettes, butter, Frank's® RedHot® Original Cayenne Pepper Sauce, honey, soy sauce]",wings
Brazilian-Style-Chicken-Wings-1193454,Brazilian Style Chicken Wings,4,3000.0,[Appetizers],,"[chicken wings, lime, garlic cloves, olive oil, flour, red pepper flakes, salt, pepper, chopped parsley, lime wedges, vegetable oil]",wings
Honey-Soy-Chicken-Wings-1118203,Honey Soy Chicken Wings,4,3000.0,[Appetizers],,"[chicken wings, sesame, soy sauce, sake, sesame oil, scallions, black pepper, ginger, honey, mirin]",wings
Salt-and-Pepper-Chicken-Wings-1082943,Salt and Pepper Chicken Wings,4,2700.0,[Appetizers],,"[chicken wings, coarse sea salt, cracked black pepper, thai chile, canola oil, corn starch, garlic, lime]",wings
Spicy-honey-roasted-wings-298017,Spicy Honey-roasted Wings,3,4200.0,[Appetizers],,"[chicken wings, Country Crock® Spread, hot pepper sauce, salt, honey]",wings
Crock-Pot-Honey-Garlic-Chicken-Wings-1029485,Crock-Pot Honey Garlic Chicken Wings,4,22200.0,[Main Dishes],,"[chicken wings, salt, pepper, honey, soy sauce, oil, minced garlic]",wings
Raven-wings-332593,Raven Wings,3,4500.0,[Appetizers],,"[chicken wings, low sodium soy sauce, brown sugar, scallions, sesame oil, garlic paste, fresh ginger, Sriracha, honey, food colouring]",wings
Maple-Garlic-Chicken-Wings-1238924,Maple Garlic Chicken Wings,4,3600.0,,,"[chicken wings, soy sauce, maple syrup, minced garlic, cinnamon, pepper, black pepper]",wings
Fried-Chicken-Wings-Satay-1359928,Fried Chicken Wings Satay,4,,,,"[chicken wings, soy sauce, granulated sugar, lemon juice, curry powder, satay dip, cooking oil, red bell pepper, vegetable oil, sliced shallots, coconut cream, chunky peanut butter, sugar]",wings
Spicy-dry-rub-wings-325478,Spicy Dry Rub Wings,3,5100.0,[Appetizers],,"[chicken wings, old bay seasoning, cayenne pepper, all-purpose flour, vegetable oil]",wings
Adobo-Fried-Chicken-Wings-1191776,Adobo Fried Chicken Wings,4,2100.0,[Appetizers],,"[chicken wings, vinegar, soy sauce, garlic, bay leaf, freshly ground pepper, water, vegetable oil]",wings
Vietnamese-style-chicken-wings-365583,Vietnamese Style Chicken Wings,5,3000.0,[Appetizers],,"[water, sugar, fish sauce, lime juice, chili sauce, minced garlic, chicken wings]",wings
Slow-Cooker-Sticky-Chicken-Wings-1248761,Slow Cooker Sticky Chicken Wings,4,3600.0,[Appetizers],,"[chicken wings, low sodium soy sauce, red wine vinegar, brown sugar, honey, garlic, hot sauce, ground ginger, onion powder, black pepper, corn starch, water, sesame seeds]",wings
Grilled-Coke-BBQ-Wings-1170640,Grilled Coke BBQ Wings,3,2100.0,[Appetizers],[Barbecue],"[chicken wings, hickory smoke, honey, bbq sauce, coke, soy sauce]",wings
Baked-Buffalo-Wings-1288215,Baked Buffalo Wings,4,4200.0,[Appetizers],,"[chicken wing drummettes, franks, butter, dressing, ranch dressing, celery stick]",wings
Sesame-Chicken-Wings-971072,Sesame Chicken Wings,3,3300.0,[Appetizers],,"[chicken wings, soy sauce, sesame seeds, clove, wine, brown sugar, ginger]",wings
Balinese-Chicken-Wings-Allrecipes,Balinese Chicken Wings,5,6600.0,[Appetizers],,"[garlic, red chili peppers, shallots, turmeric root, kosher salt, brown sugar, olive oil, chicken wings]",wings
Mahogany-Glazed-Chicken-Wings-533056,Mahogany-Glazed Chicken Wings,5,4800.0,[Appetizers],,"[hoisin sauce, soy sauce, honey, chinese plum sauce, dry sherry, cider vinegar, large garlic cloves, chicken wings]",wings
Game-Day-Wings-995663,Game-Day Wings,4,2700.0,[Appetizers],,"[sweet chili sauce, hot sauce, soy sauce, worcestershire sauce, garlic powder, chicken wings, cilantro]",wings
Sticky-Barbecue-Chicken-Wings-And-Drumsticks-608495,Sticky Barbecue Chicken Wings And Drumsticks,3,1800.0,"[Lunch and Snacks, Appetizers, Main Dishes]",,"[chicken drumsticks, chicken wings, clear honey, fresh ginger, garlic cloves, chinese five-spice powder, soy sauce, orange marmalade, grated orange, sesame oil]",wings
Hot-Fiery-Chicken-Wings-1086484,Hot Fiery Chicken Wings,4,3000.0,[Appetizers],,"[chicken wings, vegetable oil, salt, red chili peppers, hot chili powder, chili flakes, garam masala, lemon, fresh coriander]",wings
Sriracha-Chicken-Wings-995597,Sriracha Chicken Wings,3,4500.0,[Appetizers],,"[soy sauce, rice vinegar, Sriracha, garlic, sugar, ginger paste, sesame oil, chicken wings]",wings
Mochiko-Chicken-Wings-Allrecipes,Mochiko Chicken Wings,5,30900.0,[Appetizers],[Asian],"[eggs, soy sauce, white sugar, Hawaiian salt, green onions, garlic, all-purpose flour, corn starch, mochiko, chicken wings, oil]",wings
Baked-spicy-yogurt-wings-346936,Baked Spicy Yogurt Wings,5,600.0,[Appetizers],,"[chicken wings, yoghurt, hot sauce, crumbled blue cheese]",wings
Buffalo-Honey-Hot-Wings-and-Traditional-Buffalo-Hot-Wings-973323,Buffalo Honey Hot Wings and Traditional Buffalo Hot Wings,4,4200.0,[Appetizers],,"[chicken wings, rub, baking powder, brown sugar, salt, black pepper, garlic powder, onion powder, smoked paprika, chili powder, ground cumin, celery seed, sauce, buffalo, hot sauce, molasses, butter, honey]",wings
Chicken-Wings-with-Angry-Sauce-1277878,Chicken Wings with Angry Sauce,4,3600.0,[Appetizers],,"[chicken wings, canola oil, kosher salt, freshly ground pepper, Gochujang base, chile powder, sugar, toasted sesame oil, water, rice vinegar, soy sauce, peeled fresh ginger, minced garlic, scallions, sesame seeds]",wings
Baked-Buffalo-Wings-600296,Baked Buffalo Wings,3,3000.0,[Appetizers],,"[chicken wings, salt, pepper, butter, hot sauce, cayenne pepper, sour cream, blue cheese, mayonnaise, lemon juice, green onions]",wings
Black-Pepper-Garlic-Chicken-Wings-994157,Black Pepper Garlic Chicken Wings,4,2100.0,[Appetizers],,"[low sodium soy sauce, brown sugar, honey, garlic cloves, ground black pepper, chicken wings, green onions, ranch dip]",wings
Quick-and-Easy-Chicken-Wings-1051527,Quick and Easy Chicken Wings,3,3600.0,[Appetizers],,"[chicken wings, saffron, vinegar, sea salt, black pepper]",wings
Sweet-Chile-Hot-Wings-597020,Sweet Chile Hot Wings,4,3300.0,[Appetizers],,"[soy sauce, honey, Sriracha, chicken wings, cilantro, greek yogurt, salt]",wings
Crispy-Chicken-Wings-with-Four-Pepper-Jelly-1240852,Crispy Chicken Wings with Four Pepper Jelly,4,7500.0,[Appetizers],,"[chicken wings, baking powder, jelly]",wings
Honey-Maple-BBQ-Wings-989169,Honey Maple BBQ Wings,4,3300.0,[Appetizers],,"[chicken wings, honey, mustard, maple syrup, barbecue sauce, cayenne pepper, garlic powder]",wings
Baked-Chicken-Wings-with-Green-Onions-1092131,Baked Chicken Wings with Green Onions,4,2700.0,[Appetizers],,"[chicken wings, green onions, soy sauce, sugar, sesame oil, white pepper, Shaoxing wine]",wings
Maple-Chicken-Wings-792724,Maple Chicken Wings,3,6300.0,[Appetizers],,"[chicken wings, maple syrup, brown sugar, garlic, green onions, reduced sodium soy sauce, teriyaki sauce, ground black pepper, cayenne pepper, cilantro, sesame seeds, honey, buffalo]",wings
Sweet-and-Spicy-Chicken-Wings-AllRecipes,Sweet and Spicy Chicken Wings,5,3900.0,[Appetizers],,"[pace picante sauce, honey, ground ginger, chicken wings]",wings
Crunchy-Chicken-Wings-Inspired-by-KFC-1217124,Crunchy Chicken Wings Inspired by KFC,3,900.0,[Appetizers],,"[shortening, chicken wings, eggs, milk, all-purpose flour, salt, pepper, msg, paprika, garlic powder]",wings
One-Pot-Sticky-Chicken-Wings-1175103,One-Pot Sticky Chicken Wings,3,2400.0,[Appetizers],[Asian],"[chicken wings, fresh ginger, red chili peppers, star anise, cinnamon sticks, soy sauce, sake, oyster sauce, mirin, sugar, water, scallions]",wings
Easy-Crock-Pot-Buffalo-Wings-1335424,Easy Crock Pot Buffalo Wings,4,2100.0,[Appetizers],,"[chicken wings, hot sauce, butter]",wings
Grilled-Chicken-Wings-1329165,Grilled Chicken Wings,4,4500.0,[Appetizers],[Barbecue],"[chicken wings, neutral oil, kosher salt, black pepper, blue cheese dressing, scallions, onions, habanero pepper, peeled fresh ginger, garlic, dried thyme, dried allspice berries, honey, lime juice, salt, pepper]",wings
Hot-_-sweet-chicken-wings-297272,Hot & Sweet Chicken Wings,4,4200.0,"[Appetizers, Lunch and Snacks]",,"[chicken wings, hellmann' or best food real mayonnais, apricot preserves, jalapeno chilies, garlic]",wings
Slow-Cooker-Buffalo-Barbecue-Chicken-Wings-993491,Slow-Cooker Buffalo-Barbecue Chicken Wings,3,11700.0,,,"[chicken wingettes, barbecue sauce, buffalo sauce, sliced green onions, lime wedges]",wings
The-Original-Hot-Wing-997867,The Original Hot Wing,4,3300.0,[Appetizers],,"[chicken wings, vegetable oil, salt, flour, butter, cider vinegar, cayenne pepper, garlic powder, hot sauce, celery stick, blue cheese dressing]",wings
Crispy-Maple-Hot-Wings-1326557,Crispy Maple Hot Wings,4,2400.0,[Appetizers],,"[chicken wings, salt, ground black pepper, corn starch, hot sauce, worcestershire sauce, butter, pure maple syrup, oil]",wings
Crispy-Lemon-Chicken-Wings-1232836,Crispy Lemon Chicken Wings,4,3300.0,[Appetizers],,"[chicken wings, kosher salt, honey, garlic cloves, bay leaf, fresh rosemary, lemon, black peppercorns, water, cooking spray, lemon wedge, ranch dip]",wings
Sweet-and-Crispy-Chicken-Wings-502054,Sweet and Crispy Chicken Wings,5,,,,"[flour, corn starch, large eggs, salt, red chili peppers, chicken wings, frying oil]",wings
Buffalo-Chicken-Wings-596023,Buffalo Chicken Wings,4,2400.0,[Appetizers],,"[chicken wings, garlic, salt, pepper, chicken bouillon, hot sauce]",wings
Five-Spice-Chicken-Wings-973204,Five-Spice Chicken Wings,3,1200.0,[Appetizers],,"[chicken wings, plum sauce, butter, chinese five-spice powder, green onions]",wings
Sweet-Chili-Lollipop-Chicken-Wings-1352723,Sweet Chili Lollipop Chicken Wings,4,5100.0,"[Appetizers, Main Dishes]",,"[lollipop, apple cider vinegar, dried chile, paprika, herbs, chicken wings, chili, coriander, water, honey, salt, olive oil]",wings
Bhut-Jolokia-Wings-510668,Bhut Jolokia Wings,5,1800.0,[Appetizers],,"[chicken wings, kosher salt, canola oil, clarified butter, chili sauce, hot sauce]",wings
Lemon-Pesto-Chicken-Wings-1108057,Lemon-Pesto Chicken Wings,3,2400.0,[Appetizers],,"[chicken wings, basil pesto sauce, crushed red pepper flakes, lemon]",wings
The-Ultimate-Extra-Crispy-Double-Fried-Confit-Buffalo-Wings-Serious-Eats-200347,The Ultimate Extra-Crispy Double Fried Confit Buffalo Wings,5,5100.0,[Appetizers],,"[peanut oil, chicken wings, unsalted butter, sauce, blue cheese dressing, celery stick]",wings
Caution-flag-chicken-wings-with-maple-bourbon-glaze-297536,Caution Flag Chicken Wings With Maple Bourbon Glaze,4,1500.0,[Appetizers],,"[chicken wings, vegetable oil, onions, pure maple syrup, ketchup, bourbon whiskey, hot pepper sauce, hellmann' or best food real mayonnais]",wings
Wings-In-Lemon-And-Sweet-Chili-1355712,Wings In Lemon And Sweet Chili,4,3600.0,[Appetizers],,"[chicken wings, chili, lemon juice, sweet paprika, garlic cloves, cilantro]",wings
Sweet-Mesquite-Glazed-Wings-1005947,Sweet Mesquite Glazed Wings,3,1560.0,[Appetizers],,"[chicken wings, vegetable oil, mesquite seasoning, pancake syrup, lemon juice]",wings
Maple-bourbon-glazed-chicken-wings-303217,Maple-bourbon Glazed Chicken Wings,4,1500.0,"[Appetizers, Main Dishes]",,"[chicken wings, vegetable oil, onions, pure maple syrup, ketchup, bourbon whiskey, hot pepper sauce, hellmann' or best food real mayonnais]",wings
Smoked-whiskey-wings-372366,Smoked Whiskey Wings,5,6300.0,[Appetizers],[Barbecue],"[chicken wings, freshly ground pepper, kosher salt, sauce, whiskey, sugar, dijon mustard]",wings
Touchdown-Teriyaki-Chicken-Wings-1153106,Touchdown Teriyaki Chicken Wings,3,7800.0,[Appetizers],[Barbecue],"[sesame seeds, soy sauce, grapefruit juice, hoisin sauce, ketchup, rice vinegar, brown sugar, garlic, ginger, chicken wings]",wings
Dad_s-Chinese-Chicken-Wings-Epicurious-50531,Dad's Chinese Chicken Wings,5,4200.0,[Appetizers],"[Chinese, Asian]","[soy sauce, rice wine, water, scallions, garlic, fresh ginger, chicken wings]",wings
No-Fry-Buffalo-Wings-1310737,No Fry Buffalo Wings,4,3600.0,[Appetizers],,"[chicken wings, salt, Frank's® RedHot® Original Cayenne Pepper Sauce, melted butter, italian salad dressing]",wings
Slow-Cooker-Buffalo-Wings-989164,Slow Cooker Buffalo Wings,4,3300.0,[Appetizers],,"[chicken wings, cinnamon hot candy, salted butter, blue cheese dressing, carrot sticks, celery stick]",wings
_Coca-Cola-Ribs-or-Chicken-Wings-Recipe___mobile___Coca-Cola-Ribs-or-Chicken-Wings-Recipe___-class____-Coca-Cola-Ribs-or-Chicken-Wings-1169262,"""Coca-Cola Ribs or Chicken Wings Recipe"",""mobile"":""Coca-Cola Ribs or Chicken Wings Recipe""}' class=""""> Coca-Cola Ribs or Chicken Wings",3,8100.0,[Main Dishes],,"[brown sugar, coca-cola, onions, garlic, soy sauce, chicken wings]",wings
Aloha-Barbecue-Chicken-Wings-993261,Aloha Barbecue Chicken Wings,4,2700.0,[Appetizers],[Barbecue],"[chicken wings, chicken wing drummettes, salt, pepper, KRAFT Original Barbecue Sauce, pineapple preserves, hot sauce]",wings
Teba-Shio-_Salted-Chicken-Wings_-1264243,Teba Shio (Salted Chicken Wings),4,1800.0,[Appetizers],,"[chicken wings, sake, sea salt, ground black pepper, shichimi togarashi, lemon wedge]",wings
Jerk-Chicken-Wings-Classic-Jamaican-Super-Bowl-Food-564590,Jerk Chicken Wings – Classic Jamaican Super Bowl Food,4,2400.0,[Appetizers],,"[chicken wings, yellow onion, garlic, green onions, chili pepper, thyme leaves, kosher salt, black pepper, ground allspice, dried thyme, cinnamon, cumin, grated nutmeg, vegetable oil, soy sauce, brown sugar, fresh lime juice]",wings
Sticky-Orange-Ponzu-Wings-1103683,Sticky Orange Ponzu Wings,4,2580.0,[Appetizers],,"[chicken wings, ponzu, orange marmalade, oil, ginger paste, garlic powder]",wings
Shanghai-Chicken-Wings-532843,Shanghai Chicken Wings,4,2400.0,[Appetizers],[Asian],"[hoisin sauce, rice vinegar, garlic cloves, chili flakes, chinese five-spice powder, peanut oil, chicken wings, kosher salt, celery]",wings
Honey-Sesame-Wings-1296177,Honey Sesame Wings,3,900.0,[Appetizers],,"[honey, sesame oil, reduced sodium soy sauce, fresh ginger, garlic, chicken wings, sesame seeds, scallions]",wings
Korean-Chicken-Wings-514078,Korean Chicken Wings,4,3600.0,[Appetizers],,"[large egg whites, baking soda, fine sea salt, chicken wings, tamari soy sauce, apple juice, honey, rice vinegar, toasted sesame oil, crushed red pepper flakes, toasted sesame seeds, garlic cloves, ginger, scallions]",wings
Spicy-Peanut-Butter-and-Jelly-Chicken-Wings-1347261,Spicy Peanut Butter and Jelly Chicken Wings,3,1800.0,[Appetizers],,"[chicken wings, Gold Medal All Purpose Flour, neutral oil, fruit spread, creamy peanut butter, water, soy sauce, Sriracha, roasted peanuts]",wings
Bat-Wings-Martha-Stewart-192539,Bat Wings,4,,[Appetizers],[Kid-Friendly],"[soy sauce, oyster sauce, light brown sugar, black bean sauce, food colouring, chicken wings]",wings
Buffalo-Chicken-Wings-Epicurious-50536,Buffalo Chicken Wings,4,4500.0,[Appetizers],,"[mayonnaise, plain yogurt, crumbled blue cheese, celery ribs, chicken wings, vegetable oil, unsalted butter, hot sauce, cider vinegar]",wings
Saucy-Slow-Cooker-Party-Wings-1266749,Saucy Slow-Cooker Party Wings,3,21600.0,,,"[chicken wings, spicy barbecue sauce, orange juice, honey]",wings
Hawaiian-Pupu-Chicken-Wings-1252163,Hawaiian Pupu Chicken Wings,4,3900.0,[Appetizers],,"[soy sauce, oil, rice vinegar, lemon, sugar, toasted sesame seeds, garlic cloves, green onions, crushed red pepper flakes, chicken wings, all-purpose flour, coconut oil]",wings
Honey-Garlic-Wings-_Oven-Baked_-966297,Honey Garlic Wings (Oven Baked),4,3900.0,[Appetizers],,"[chicken wings, flour, pepper, salt, olive oil, honey, soy sauce, large garlic cloves, ginger, chili flakes, water]",wings
Five-Spice-Ginger--Soy-Glaze-Chicken-Wings-1290230,Five Spice Ginger- Soy Glaze Chicken Wings,4,1800.0,[Appetizers],,"[chicken wings, soy sauce, garlic cloves, chinese five-spice powder, ginger, olive oil, agave nectar]",wings
Honey-Hoisin-Glazed-Wings-1329242,Honey Hoisin Glazed Wings,3,2400.0,[Appetizers],,"[chicken wings, vegetable oil, toasted sesame oil, kosher salt, cracked black pepper, rice vinegar, crushed red pepper, honey, hoisin sauce, soy sauce, scallions, white sesame seeds]",wings
Orange-Chicken-Wings-1126487,Orange Chicken Wings,4,4200.0,[Appetizers],,"[chicken wings, scallions, orange juice, granulated white sugar, vinegar, light soy sauce, garlic, ginger, Sriracha, corn starch]",wings
Simple-marinated-chicken-wings-310431,Simple Marinated Chicken Wings,5,11100.0,[Appetizers],,"[soy sauce, brown sugar, dry sherry, yellow mustard, garlic powder, chicken wings]",wings
Thai-Curry-Chicken-Wings-1065076,Thai Curry Chicken Wings,4,3000.0,[Appetizers],,"[chicken wings, extra-virgin olive oil, ground black pepper, kosher salt, unsalted butter, red curry paste, lime, Sriracha, honey, soy sauce, cilantro leaves]",wings
Crispy-Chicken-Wings-1344659,Crispy Chicken Wings,3,2700.0,[Appetizers],,"[chicken wings, corn starch, vegetable oil, sea salt, chinese five-spice powder, chili flakes, hot chili sauce]",wings
Mighty-Mustard-Wings-510442,Mighty Mustard Wings,5,12900.0,[Appetizers],,"[butter, yellow mustard, apple cider vinegar, onion powder, hot pepper sauce, chicken wings]",wings
Zesty-latino-buffalo-wings-303112,Zesty Latino Buffalo Wings,4,4200.0,[Appetizers],,"[olive oil, chicken wing drummettes, avocado, sour cream, lime juice, chopped cilantro fresh, Knorr Onion Minicubes, knorr garlic minicub, hoisin sauce, hellmann' or best food real mayonnais]",wings
Paleo-Huli-Huli-Chicken-Wings-1275136,Paleo Huli Huli Chicken Wings,4,3000.0,[Appetizers],,"[coconut aminos, pineapple chunks, honey, tomato paste, rice vinegar, fresh ginger, garlic, ground black pepper, worcestershire sauce, chicken wings]",wings
Coca-cola-wings-365389,Coca Cola Wings,5,2100.0,[Appetizers],,"[chicken wings, coca-cola, soy sauce, red wine, honey, salt, pepper, basil, chili powder]",wings
Jamaican-Jerk-Chicken-Wings-994834,Jamaican Jerk Chicken Wings,4,3300.0,[Appetizers],,"[chicken wings, baking powder, salt, jerk sauce]",wings
Bbq-Chicken-Wings-Allrecipes,BBQ Chicken Wings,5,32400.0,,[Barbecue],"[teriyaki sauce, oyster sauce, soy sauce, ketchup, garlic powder, gin, flavoring, white sugar, chicken wings, honey]",wings
Crock-Pot-Marinated-Chicken-Wings-986156,Crock Pot Marinated Chicken Wings,4,2700.0,[Appetizers],,"[chicken wings, reduced sodium soy sauce, white wine, canola oil, sugar, garlic cloves, ground ginger]",wings
Crispy-Chicken-Wings-1009009,Crispy Chicken Wings,3,4200.0,[Appetizers],[Asian],"[chicken wings, corn flour, clove, fish sauce, sugar, red chili peppers, cilantro leaves, green chilies, black pepper]",wings
Buffalo-Chicken-Wings-758472,Buffalo Chicken Wings,3,1800.0,[Appetizers],,"[chicken wings, butter, hot pepper sauce, vegetable oil, dipping sauces, blue cheese, mayonnaise, sour cream, lemon juice, wine vinegar]",wings
Honey-Teriyaki-Hot-Wings-601409,Honey Teriyaki Hot Wings,3,3900.0,[Appetizers],,"[chicken wings, corn starch, soy sauce, cooking wine, honey, garlic, ginger, Sriracha]",wings
Honey-Chipotle-Sticky-Wings-1303274,Honey-Chipotle Sticky Wings,4,2700.0,[Appetizers],,"[chicken wings, honey, prepared mustard, chipotle, fresh parsley, salt, pepper]",wings
Pastrami-Chicken-Wings-AllRecipes-201255,Pastrami Chicken Wings,5,3300.0,[Appetizers],,"[chicken wings, vegetable oil, white pepper, ground black pepper, ground coriander, smoked paprika, cayenne pepper, kosher salt, all-purpose flour]",wings
Grilled-Buffalo-Wings-Allrecipes,Grilled Buffalo Wings,5,3900.0,[Appetizers],[Barbecue],"[chicken wings, Louisiana Hot Sauce, cola-flavored carbonated beverage, cayenne pepper, ground black pepper, soy sauce]",wings
Air-Fried-Chicken-Wings-997159,Air-Fried Chicken Wings,4,2400.0,[Appetizers],,"[drummettes, chicken wings, wing sauce]",wings
Smoked-Chicken-Wings-1001289,Smoked Chicken Wings,4,3900.0,[Appetizers],,"[franks, butter, honey, worcestershire sauce, granulated garlic, black pepper, chicken wings, rub, olive oil cooking spray]",wings
Honeyed-sriracha-wings-328410,Honeyed Sriracha Wings,3,3900.0,[Appetizers],,"[chicken wings, peanuts, butter, granulated garlic, kosher salt, ground black pepper, Sriracha, runny honey, dark soy sauce, fresh lime juice]",wings
Chili-Tex-Mex-Fried-Chicken-Wings-1056728,Chili Tex-Mex Fried Chicken Wings,3,2100.0,[Appetizers],,"[coarse salt, ground coriander, ground cumin, cracked black pepper, chili powder, paprika, dried oregano, garlic and herb seasoning, chicken wings, all-purpose flour, canola oil]",wings
Fish-Sauce-Wings-Pok-Pok-Wings-611464,Fish Sauce Wings Pok Pok Wings,3,3000.0,[Appetizers],,"[vietnamese fish sauce, superfine sugar, garlic cloves, chicken wings, vegetable oil, corn starch, chopped cilantro, mint]",wings
Restaurant-Style-Buffalo-Chicken-Wings-939211,Restaurant-Style Buffalo Chicken Wings,4,7200.0,[Appetizers],,"[all-purpose flour, paprika, cayenne pepper, salt, chicken wings, oil, butter, hot sauce, ground black pepper, garlic powder]",wings
Roasted-Citrus-Soy-Chicken-Wings-1226979,Roasted Citrus-Soy Chicken Wings,4,2100.0,[Appetizers],,"[chicken wings, orange juice, soy sauce, garlic, Sriracha, rice vinegar, sesame oil]",wings
Baked-Thai-Chicken-Wings-931952,Baked Thai Chicken Wings,4,6600.0,[Appetizers],,"[chicken wings, cracked black pepper, sea salt, ground ginger, garlic powder, sweet chili sauce, Sriracha, rice vinegar, green onions]",wings
Dad_s-Asian-Chicken-Wings-1121237,Dad's Asian Chicken Wings,4,5400.0,[Appetizers],[Asian],"[chicken wings, cooking wine, low sodium soy sauce, white sugar, star anise, garlic, ginger, dried basil, white pepper, sauce, chinese five-spice powder, vinegar, dried chile]",wings
Saffron-Chicken-Wings-576486,Saffron Chicken Wings,4,3600.0,[Appetizers],,"[chicken wings, butter, saffron, lime, pepper, salt, cooking spray]",wings
Fried-Chicken-Wings-1210173,Fried Chicken Wings,3,2400.0,[Appetizers],,"[chicken wings, maida flour, corn flour, oil, garlic paste, soy sauce, oyster sauce, black pepper, salt]",wings
4-ingredient-Sweet-_-Spicy-Wings-1225519,4 ingredient Sweet & Spicy Wings,4,2700.0,[Appetizers],,"[chicken wings, salted butter, Sriracha, orange marmalade, sesame seeds]",wings
Crispy-Baked-Chicken-Wings-1309098,Crispy Baked Chicken Wings,4,6300.0,[Appetizers],,"[chicken wings, baking powder, salt, oil]",wings
Herb-grilled-chicken-wings-372426,Herb Grilled Chicken Wings,4,3600.0,[Appetizers],[Barbecue],"[garlic cloves, fresh oregano, fresh rosemary, olive oil, freshly ground pepper, kosher salt, chicken wings]",wings
Chipotle-Butter-Beer-Wings-1093542,Chipotle Butter Beer Wings,4,4500.0,,,"[olive oil spray, chicken wings, Mexican beer, chipotles in adobo, unsalted butter, honey]",wings
Honey-mustard-chicken-wings-345997,Honey Mustard Chicken Wings,5,3600.0,[Appetizers],,"[chicken wings, sea salt, cracked black pepper, mustard, water, honey, apple cider vinegar, tomato paste, soy sauce, cayenne pepper]",wings
Baked-Bourbon-Maple-Chicken-Wings-1043778,Baked Bourbon Maple Chicken Wings,4,5700.0,,,"[chicken wings, maple syrup, bourbon whiskey, ketchup, worcestershire sauce, Tabasco Pepper Sauce, brown sugar, apple cider vinegar]",wings
Pomegranate-Jalapeno-Chicken-Wings-1320514,Pomegranate Jalapeno Chicken Wings,4,4200.0,[Appetizers],,"[chicken wings, pomegranate juice, lemon juice, jalapeno chilies, honey, pomegranate seeds]",wings
Caribbean-Chicken-Wings-997724,Caribbean Chicken Wings,3,3600.0,[Appetizers],,"[habanero, soy sauce, honey, brown sugar, sugar, fennel seeds, cayenne pepper, allspice, dried thyme, ground ginger, garlic cloves, green onions, apple cider vinegar, lime juice, orange juice, chicken wings]",wings
Grilled-Chicken-Wings-530308,Grilled Chicken Wings,4,,[Appetizers],,"[chicken bouillon, garlic cloves, lemon juice, chile pepper, paprika, chicken wings]",wings
Sriracha-Buffalo-Wings-1026082,Sriracha Buffalo Wings,4,1800.0,[Appetizers],,"[chicken wings, butter, Sriracha, minced garlic, honey]",wings
Beer-and-Sriracha-Buffalo-Wings-1233276,Beer and Sriracha Buffalo Wings,4,4200.0,[Appetizers],[Barbecue],"[chicken wings, Bell's Oberon Ale, kosher salt, ground black pepper, paprika, brown sugar, butter, garlic, flat leaf parsley, Sriracha]",wings
Baked-Honey-Sriracha-Chicken-Wings-485199,Baked Honey-Sriracha Chicken Wings,5,3900.0,[Appetizers],,"[nonstick spray, chicken wings, unsalted butter, vegetable oil, garlic powder, kosher salt, freshly ground pepper, flour, honey, Sriracha, soy sauce, lime, fresh cilantro, sesame seeds, lime wedges]",wings
